version,battery_id,policy,model,variant,method,t80,status,p,a
q3_full_v1,2,3_6C-80PER_3_6C,P0_persistence,raw,stitched_power_start_1,,not_applicable_constant,,
q3_full_v1,2,3_6C-80PER_3_6C,P0_persistence,projected,stitched_power_start_1,,not_applicable_constant,,
q3_full_v1,2,3_6C-80PER_3_6C,P1_linear,raw,stitched_power_start_1,1249.415274653273,finite_scenario,2.282608695652174,1.6949731635071307e-08
q3_full_v1,2,3_6C-80PER_3_6C,P1_linear,raw,stitched_power_start_51,,beyond_5000,1.0869565217391304,1.3332595991307537e-05
q3_full_v1,2,3_6C-80PER_3_6C,P1_linear,raw,stitched_power_start_101,,beyond_5000,1.0869565217391304,1.3456611648084753e-05
q3_full_v1,2,3_6C-80PER_3_6C,P1_linear,raw,stitched_power_low_p_start_1,3594.605183644638,finite_scenario,1.4456521739130435,1.4395237471460926e-06
q3_full_v1,2,3_6C-80PER_3_6C,P1_linear,raw,stitched_power_low_p_start_51,,beyond_5000,1.0869565217391304,1.3332595991307537e-05
q3_full_v1,2,3_6C-80PER_3_6C,P1_linear,raw,stitched_power_low_p_start_101,,beyond_5000,1.0869565217391304,1.3456611648084753e-05
q3_full_v1,2,3_6C-80PER_3_6C,P1_linear,raw,stitched_power_high_p_start_1,1249.415274653273,finite_scenario,2.282608695652174,1.6949731635071307e-08
q3_full_v1,2,3_6C-80PER_3_6C,P1_linear,raw,stitched_power_high_p_start_51,,beyond_5000,1.0869565217391304,1.3332595991307537e-05
q3_full_v1,2,3_6C-80PER_3_6C,P1_linear,raw,stitched_power_high_p_start_101,,beyond_5000,1.0869565217391304,1.3456611648084753e-05
q3_full_v1,2,3_6C-80PER_3_6C,P1_linear,projected,stitched_power_start_1,1249.415274653273,finite_scenario,2.282608695652174,1.6949731635071307e-08
q3_full_v1,2,3_6C-80PER_3_6C,P1_linear,projected,stitched_power_start_51,,beyond_5000,1.0869565217391304,1.3332595991307537e-05
q3_full_v1,2,3_6C-80PER_3_6C,P1_linear,projected,stitched_power_start_101,,beyond_5000,1.0869565217391304,1.3456611648084753e-05
q3_full_v1,2,3_6C-80PER_3_6C,P1_linear,projected,stitched_power_low_p_start_1,3594.605183644638,finite_scenario,1.4456521739130435,1.4395237471460926e-06
q3_full_v1,2,3_6C-80PER_3_6C,P1_linear,projected,stitched_power_low_p_start_51,,beyond_5000,1.0869565217391304,1.3332595991307537e-05
q3_full_v1,2,3_6C-80PER_3_6C,P1_linear,projected,stitched_power_low_p_start_101,,beyond_5000,1.0869565217391304,1.3456611648084753e-05
q3_full_v1,2,3_6C-80PER_3_6C,P1_linear,projected,stitched_power_high_p_start_1,1249.415274653273,finite_scenario,2.282608695652174,1.6949731635071307e-08
q3_full_v1,2,3_6C-80PER_3_6C,P1_linear,projected,stitched_power_high_p_start_51,,beyond_5000,1.0869565217391304,1.3332595991307537e-05
q3_full_v1,2,3_6C-80PER_3_6C,P1_linear,projected,stitched_power_high_p_start_101,,beyond_5000,1.0869565217391304,1.3456611648084753e-05
q3_full_v1,2,3_6C-80PER_3_6C,P1_linear,raw,native_prefix_linear,,beyond_5000,,
q3_full_v1,2,3_6C-80PER_3_6C,A_power,raw,stitched_power_start_1,712.5127091848286,finite_scenario,3.0,5.487112764178921e-10
q3_full_v1,2,3_6C-80PER_3_6C,A_power,raw,stitched_power_start_51,887.9084438458553,finite_scenario,2.5217391304347827,7.301929289411879e-09
q3_full_v1,2,3_6C-80PER_3_6C,A_power,raw,stitched_power_start_101,715.2283070225348,finite_scenario,3.0,5.423844456664567e-10
q3_full_v1,2,3_6C-80PER_3_6C,A_power,raw,stitched_power_low_p_start_1,2853.6995459069135,finite_scenario,1.4456521739130435,2.0130133307832623e-06
q3_full_v1,2,3_6C-80PER_3_6C,A_power,raw,stitched_power_low_p_start_51,2449.9389789990764,finite_scenario,1.4456521739130435,2.5192672178791725e-06
q3_full_v1,2,3_6C-80PER_3_6C,A_power,raw,stitched_power_low_p_start_101,2243.5088020248336,finite_scenario,1.4456521739130435,2.8693969245454272e-06
q3_full_v1,2,3_6C-80PER_3_6C,A_power,raw,stitched_power_high_p_start_1,712.5127091848286,finite_scenario,3.0,5.487112764178921e-10
q3_full_v1,2,3_6C-80PER_3_6C,A_power,raw,stitched_power_high_p_start_51,887.9084438458553,finite_scenario,2.5217391304347827,7.301929289411879e-09
q3_full_v1,2,3_6C-80PER_3_6C,A_power,raw,stitched_power_high_p_start_101,715.2283070225348,finite_scenario,3.0,5.423844456664567e-10
q3_full_v1,2,3_6C-80PER_3_6C,A_power,projected,stitched_power_start_1,712.5127091848286,finite_scenario,3.0,5.487112764178921e-10
q3_full_v1,2,3_6C-80PER_3_6C,A_power,projected,stitched_power_start_51,887.9084438458553,finite_scenario,2.5217391304347827,7.301929289411879e-09
q3_full_v1,2,3_6C-80PER_3_6C,A_power,projected,stitched_power_start_101,715.2283070225348,finite_scenario,3.0,5.423844456664567e-10
q3_full_v1,2,3_6C-80PER_3_6C,A_power,projected,stitched_power_low_p_start_1,2853.6995459069135,finite_scenario,1.4456521739130435,2.0130133307832623e-06
q3_full_v1,2,3_6C-80PER_3_6C,A_power,projected,stitched_power_low_p_start_51,2449.9389789990764,finite_scenario,1.4456521739130435,2.5192672178791725e-06
q3_full_v1,2,3_6C-80PER_3_6C,A_power,projected,stitched_power_low_p_start_101,2243.5088020248336,finite_scenario,1.4456521739130435,2.8693969245454272e-06
q3_full_v1,2,3_6C-80PER_3_6C,A_power,projected,stitched_power_high_p_start_1,712.5127091848286,finite_scenario,3.0,5.487112764178921e-10
q3_full_v1,2,3_6C-80PER_3_6C,A_power,projected,stitched_power_high_p_start_51,887.9084438458553,finite_scenario,2.5217391304347827,7.301929289411879e-09
q3_full_v1,2,3_6C-80PER_3_6C,A_power,projected,stitched_power_high_p_start_101,715.2283070225348,finite_scenario,3.0,5.423844456664567e-10
q3_full_v1,2,3_6C-80PER_3_6C,A_power,raw,native_prefix_power,711.6588820301655,finite_scenario,3.0,5.507155782215386e-10
q3_full_v1,2,3_6C-80PER_3_6C,B_strategy,raw,stitched_power_start_1,685.7110779588215,finite_scenario,3.0,6.157430050818685e-10
q3_full_v1,2,3_6C-80PER_3_6C,B_strategy,raw,stitched_power_start_51,795.6229859393121,finite_scenario,2.641304347826087,4.333622245542636e-09
q3_full_v1,2,3_6C-80PER_3_6C,B_strategy,raw,stitched_power_start_101,682.9689207532011,finite_scenario,3.0,6.233020144689044e-10
q3_full_v1,2,3_6C-80PER_3_6C,B_strategy,raw,stitched_power_low_p_start_1,2641.3459406422526,finite_scenario,1.4456521739130435,2.252461183936162e-06
q3_full_v1,2,3_6C-80PER_3_6C,B_strategy,raw,stitched_power_low_p_start_51,2263.4725772498264,finite_scenario,1.4456521739130435,2.8279037930958945e-06
q3_full_v1,2,3_6C-80PER_3_6C,B_strategy,raw,stitched_power_low_p_start_101,2037.7190414680401,finite_scenario,1.4456521739130435,3.3046981782702673e-06
q3_full_v1,2,3_6C-80PER_3_6C,B_strategy,raw,stitched_power_high_p_start_1,685.7110779588215,finite_scenario,3.0,6.157430050818685e-10
q3_full_v1,2,3_6C-80PER_3_6C,B_strategy,raw,stitched_power_high_p_start_51,795.6229859393121,finite_scenario,2.641304347826087,4.333622245542636e-09
q3_full_v1,2,3_6C-80PER_3_6C,B_strategy,raw,stitched_power_high_p_start_101,682.9689207532011,finite_scenario,3.0,6.233020144689044e-10
q3_full_v1,2,3_6C-80PER_3_6C,B_strategy,projected,stitched_power_start_1,570.8756623514613,finite_scenario,3.0,1.0695235509473893e-09
q3_full_v1,2,3_6C-80PER_3_6C,B_strategy,projected,stitched_power_start_51,559.3148121694204,finite_scenario,3.0,1.1392372548577673e-09
q3_full_v1,2,3_6C-80PER_3_6C,B_strategy,projected,stitched_power_start_101,544.2111097940372,finite_scenario,3.0,1.2400962006117992e-09
q3_full_v1,2,3_6C-80PER_3_6C,B_strategy,projected,stitched_power_low_p_start_1,1844.011394842092,finite_scenario,1.4456521739130435,3.803398423735262e-06
q3_full_v1,2,3_6C-80PER_3_6C,B_strategy,projected,stitched_power_low_p_start_51,1556.177484073934,finite_scenario,1.4456521739130435,4.901228941782676e-06
q3_full_v1,2,3_6C-80PER_3_6C,B_strategy,projected,stitched_power_low_p_start_101,1287.5145591737848,finite_scenario,1.4456521739130435,6.5317154392329e-06
q3_full_v1,2,3_6C-80PER_3_6C,B_strategy,projected,stitched_power_high_p_start_1,570.8756623514613,finite_scenario,3.0,1.0695235509473893e-09
q3_full_v1,2,3_6C-80PER_3_6C,B_strategy,projected,stitched_power_high_p_start_51,559.3148121694204,finite_scenario,3.0,1.1392372548577673e-09
q3_full_v1,2,3_6C-80PER_3_6C,B_strategy,projected,stitched_power_high_p_start_101,544.2111097940372,finite_scenario,3.0,1.2400962006117992e-09
q3_full_v1,2,3_6C-80PER_3_6C,C_ridge,raw,stitched_power_start_1,773.9547642258822,finite_scenario,2.880434782608696,9.48276844809483e-10
q3_full_v1,2,3_6C-80PER_3_6C,C_ridge,raw,stitched_power_start_51,1070.4559012932345,finite_scenario,2.282608695652174,2.416929857671631e-08
q3_full_v1,2,3_6C-80PER_3_6C,C_ridge,raw,stitched_power_start_101,782.0006729182868,finite_scenario,2.880434782608696,9.200561416191757e-10
q3_full_v1,2,3_6C-80PER_3_6C,C_ridge,raw,stitched_power_low_p_start_1,3009.407500381023,finite_scenario,1.4456521739130435,1.8634051513756913e-06
q3_full_v1,2,3_6C-80PER_3_6C,C_ridge,raw,stitched_power_low_p_start_51,2592.760819258802,finite_scenario,1.4456521739130435,2.319266344546942e-06
q3_full_v1,2,3_6C-80PER_3_6C,C_ridge,raw,stitched_power_low_p_start_101,2426.1088962281374,finite_scenario,1.4456521739130435,2.558100408357611e-06
q3_full_v1,2,3_6C-80PER_3_6C,C_ridge,raw,stitched_power_high_p_start_1,773.9547642258822,finite_scenario,2.880434782608696,9.48276844809483e-10
q3_full_v1,2,3_6C-80PER_3_6C,C_ridge,raw,stitched_power_high_p_start_51,1070.4559012932345,finite_scenario,2.282608695652174,2.416929857671631e-08
q3_full_v1,2,3_6C-80PER_3_6C,C_ridge,raw,stitched_power_high_p_start_101,782.0006729182868,finite_scenario,2.880434782608696,9.200561416191757e-10
q3_full_v1,2,3_6C-80PER_3_6C,C_ridge,projected,stitched_power_start_1,773.0759136195453,finite_scenario,2.880434782608696,9.51392539932871e-10
q3_full_v1,2,3_6C-80PER_3_6C,C_ridge,projected,stitched_power_start_51,1068.8671392057588,finite_scenario,2.282608695652174,2.4251780661236552e-08
q3_full_v1,2,3_6C-80PER_3_6C,C_ridge,projected,stitched_power_start_101,780.8039062486313,finite_scenario,2.880434782608696,9.241436912687865e-10
q3_full_v1,2,3_6C-80PER_3_6C,C_ridge,projected,stitched_power_low_p_start_1,3002.960097407962,finite_scenario,1.4456521739130435,1.8692207623258235e-06
q3_full_v1,2,3_6C-80PER_3_6C,C_ridge,projected,stitched_power_low_p_start_51,2586.92214923054,finite_scenario,1.4456521739130435,2.326905993559292e-06
q3_full_v1,2,3_6C-80PER_3_6C,C_ridge,projected,stitched_power_low_p_start_101,2418.7839878895775,finite_scenario,1.4456521739130435,2.5694610886311632e-06
q3_full_v1,2,3_6C-80PER_3_6C,C_ridge,projected,stitched_power_high_p_start_1,773.0759136195453,finite_scenario,2.880434782608696,9.51392539932871e-10
q3_full_v1,2,3_6C-80PER_3_6C,C_ridge,projected,stitched_power_high_p_start_51,1068.8671392057588,finite_scenario,2.282608695652174,2.4251780661236552e-08
q3_full_v1,2,3_6C-80PER_3_6C,C_ridge,projected,stitched_power_high_p_start_101,780.8039062486313,finite_scenario,2.880434782608696,9.241436912687865e-10
q3_full_v1,2,3_6C-80PER_3_6C,D_ensemble,raw,stitched_power_start_1,722.2810258797924,finite_scenario,3.0,5.266766798552175e-10
q3_full_v1,2,3_6C-80PER_3_6C,D_ensemble,raw,stitched_power_start_51,1049.9050895489056,finite_scenario,2.282608695652174,2.5268191961814084e-08
q3_full_v1,2,3_6C-80PER_3_6C,D_ensemble,raw,stitched_power_start_101,766.7236675620192,finite_scenario,2.880434782608696,9.741215538041937e-10
q3_full_v1,2,3_6C-80PER_3_6C,D_ensemble,raw,stitched_power_low_p_start_1,2925.856038613708,finite_scenario,1.4456521739130435,1.94121635788775e-06
q3_full_v1,2,3_6C-80PER_3_6C,D_ensemble,raw,stitched_power_low_p_start_51,2517.5764544253007,finite_scenario,1.4456521739130435,2.420993834256749e-06
q3_full_v1,2,3_6C-80PER_3_6C,D_ensemble,raw,stitched_power_low_p_start_101,2333.998788414545,finite_scenario,1.4456521739130435,2.7074199623400294e-06
q3_full_v1,2,3_6C-80PER_3_6C,D_ensemble,raw,stitched_power_high_p_start_1,722.2810258797924,finite_scenario,3.0,5.266766798552175e-10
q3_full_v1,2,3_6C-80PER_3_6C,D_ensemble,raw,stitched_power_high_p_start_51,1049.9050895489056,finite_scenario,2.282608695652174,2.5268191961814084e-08
q3_full_v1,2,3_6C-80PER_3_6C,D_ensemble,raw,stitched_power_high_p_start_101,766.7236675620192,finite_scenario,2.880434782608696,9.741215538041937e-10
q3_full_v1,2,3_6C-80PER_3_6C,D_ensemble,projected,stitched_power_start_1,694.8490152312188,finite_scenario,3.0,5.917287564170801e-10
q3_full_v1,2,3_6C-80PER_3_6C,D_ensemble,projected,stitched_power_start_51,807.7352844074841,finite_scenario,2.641304347826087,4.1635241434851575e-09
q3_full_v1,2,3_6C-80PER_3_6C,D_ensemble,projected,stitched_power_start_101,764.3247281389599,finite_scenario,2.7608695652173916,2.1771086231921448e-09
q3_full_v1,2,3_6C-80PER_3_6C,D_ensemble,projected,stitched_power_low_p_start_1,2712.6051158962387,finite_scenario,1.4456521739130435,2.1669960649483037e-06
q3_full_v1,2,3_6C-80PER_3_6C,D_ensemble,projected,stitched_power_low_p_start_51,2324.3932080345508,finite_scenario,1.4456521739130435,2.720395089911905e-06
q3_full_v1,2,3_6C-80PER_3_6C,D_ensemble,projected,stitched_power_low_p_start_101,2099.1118078395057,finite_scenario,1.4456521739130435,3.1638825463564796e-06
q3_full_v1,2,3_6C-80PER_3_6C,D_ensemble,projected,stitched_power_high_p_start_1,694.8490152312188,finite_scenario,3.0,5.917287564170801e-10
q3_full_v1,2,3_6C-80PER_3_6C,D_ensemble,projected,stitched_power_high_p_start_51,807.7352844074841,finite_scenario,2.641304347826087,4.1635241434851575e-09
q3_full_v1,2,3_6C-80PER_3_6C,D_ensemble,projected,stitched_power_high_p_start_101,764.3247281389599,finite_scenario,2.7608695652173916,2.1771086231921448e-09
q3_full_v1,5,80PER_3_6C,P0_persistence,raw,stitched_power_start_1,,not_applicable_constant,,
q3_full_v1,5,80PER_3_6C,P0_persistence,projected,stitched_power_start_1,,not_applicable_constant,,
q3_full_v1,5,80PER_3_6C,P1_linear,raw,stitched_power_start_1,895.5396040414001,finite_scenario,2.4021739130434785,1.6203401237756022e-08
q3_full_v1,5,80PER_3_6C,P1_linear,raw,stitched_power_start_51,1393.8755156739746,finite_scenario,1.8043478260869565,4.259671667747675e-07
q3_full_v1,5,80PER_3_6C,P1_linear,raw,stitched_power_start_101,4899.297727563012,finite_scenario,0.9673913043478262,5.495205349931837e-05
q3_full_v1,5,80PER_3_6C,P1_linear,raw,stitched_power_low_p_start_1,2404.3231617995484,finite_scenario,1.4456521739130435,2.5985069415213978e-06
q3_full_v1,5,80PER_3_6C,P1_linear,raw,stitched_power_low_p_start_51,2146.748232722003,finite_scenario,1.4456521739130435,3.0718325178537775e-06
q3_full_v1,5,80PER_3_6C,P1_linear,raw,stitched_power_low_p_start_101,4899.297727563012,finite_scenario,0.9673913043478262,5.495205349931837e-05
q3_full_v1,5,80PER_3_6C,P1_linear,raw,stitched_power_high_p_start_1,895.5396040414001,finite_scenario,2.4021739130434785,1.6203401237756022e-08
q3_full_v1,5,80PER_3_6C,P1_linear,raw,stitched_power_high_p_start_51,1393.8755156739746,finite_scenario,1.8043478260869565,4.259671667747675e-07
q3_full_v1,5,80PER_3_6C,P1_linear,raw,stitched_power_high_p_start_101,4899.297727563012,finite_scenario,0.9673913043478262,5.495205349931837e-05
q3_full_v1,5,80PER_3_6C,P1_linear,projected,stitched_power_start_1,895.5396040414001,finite_scenario,2.4021739130434785,1.6203401237756022e-08
q3_full_v1,5,80PER_3_6C,P1_linear,projected,stitched_power_start_51,1393.8755156739746,finite_scenario,1.8043478260869565,4.259671667747675e-07
q3_full_v1,5,80PER_3_6C,P1_linear,projected,stitched_power_start_101,4899.297727563012,finite_scenario,0.9673913043478262,5.495205349931837e-05
q3_full_v1,5,80PER_3_6C,P1_linear,projected,stitched_power_low_p_start_1,2404.3231617995484,finite_scenario,1.4456521739130435,2.5985069415213978e-06
q3_full_v1,5,80PER_3_6C,P1_linear,projected,stitched_power_low_p_start_51,2146.748232722003,finite_scenario,1.4456521739130435,3.0718325178537775e-06
q3_full_v1,5,80PER_3_6C,P1_linear,projected,stitched_power_low_p_start_101,4899.297727563012,finite_scenario,0.9673913043478262,5.495205349931837e-05
q3_full_v1,5,80PER_3_6C,P1_linear,projected,stitched_power_high_p_start_1,895.5396040414001,finite_scenario,2.4021739130434785,1.6203401237756022e-08
q3_full_v1,5,80PER_3_6C,P1_linear,projected,stitched_power_high_p_start_51,1393.8755156739746,finite_scenario,1.8043478260869565,4.259671667747675e-07
q3_full_v1,5,80PER_3_6C,P1_linear,projected,stitched_power_high_p_start_101,4899.297727563012,finite_scenario,0.9673913043478262,5.495205349931837e-05
q3_full_v1,5,80PER_3_6C,P1_linear,raw,native_prefix_linear,4734.265454551906,finite_scenario,,
q3_full_v1,5,80PER_3_6C,A_power,raw,stitched_power_start_1,617.0873780905174,finite_scenario,3.0,8.508543859042842e-10
q3_full_v1,5,80PER_3_6C,A_power,raw,stitched_power_start_51,642.2930103861025,finite_scenario,2.880434782608696,1.6358015809726927e-09
q3_full_v1,5,80PER_3_6C,A_power,raw,stitched_power_start_101,642.5736379351648,finite_scenario,2.880434782608696,1.6337128444807679e-09
q3_full_v1,5,80PER_3_6C,A_power,raw,stitched_power_low_p_start_1,2109.019613640913,finite_scenario,1.4456521739130435,3.1456334895396064e-06
q3_full_v1,5,80PER_3_6C,A_power,raw,stitched_power_low_p_start_51,1851.093792181283,finite_scenario,1.4456521739130435,3.81756038054295e-06
q3_full_v1,5,80PER_3_6C,A_power,raw,stitched_power_low_p_start_101,1648.4947048208874,finite_scenario,1.4456521739130435,4.540543003174496e-06
q3_full_v1,5,80PER_3_6C,A_power,raw,stitched_power_high_p_start_1,617.0873780905174,finite_scenario,3.0,8.508543859042842e-10
q3_full_v1,5,80PER_3_6C,A_power,raw,stitched_power_high_p_start_51,642.2930103861025,finite_scenario,2.880434782608696,1.6358015809726927e-09
q3_full_v1,5,80PER_3_6C,A_power,raw,stitched_power_high_p_start_101,642.5736379351648,finite_scenario,2.880434782608696,1.6337128444807679e-09
q3_full_v1,5,80PER_3_6C,A_power,projected,stitched_power_start_1,617.086366051751,finite_scenario,3.0,8.508584449989777e-10
q3_full_v1,5,80PER_3_6C,A_power,projected,stitched_power_start_51,642.2926588563449,finite_scenario,2.880434782608696,1.635803791967865e-09
q3_full_v1,5,80PER_3_6C,A_power,projected,stitched_power_start_101,642.5763433298816,finite_scenario,2.880434782608696,1.6336921284803145e-09
q3_full_v1,5,80PER_3_6C,A_power,projected,stitched_power_low_p_start_1,2109.0051386061746,finite_scenario,1.4456521739130435,3.1456645885576887e-06
q3_full_v1,5,80PER_3_6C,A_power,projected,stitched_power_low_p_start_51,1851.0859609082559,finite_scenario,1.4456521739130435,3.817583358250476e-06
q3_full_v1,5,80PER_3_6C,A_power,projected,stitched_power_low_p_start_101,1648.5034169375483,finite_scenario,1.4456521739130435,4.5405056387716854e-06
q3_full_v1,5,80PER_3_6C,A_power,projected,stitched_power_high_p_start_1,617.086366051751,finite_scenario,3.0,8.508584449989777e-10
q3_full_v1,5,80PER_3_6C,A_power,projected,stitched_power_high_p_start_51,642.2926588563449,finite_scenario,2.880434782608696,1.635803791967865e-09
q3_full_v1,5,80PER_3_6C,A_power,projected,stitched_power_high_p_start_101,642.5763433298816,finite_scenario,2.880434782608696,1.6336921284803145e-09
q3_full_v1,5,80PER_3_6C,A_power,raw,native_prefix_power,616.6242262218684,finite_scenario,3.0,8.528130222488955e-10
q3_full_v1,5,80PER_3_6C,B_strategy,raw,stitched_power_start_1,758.2971285873658,finite_scenario,2.641304347826087,4.947846216899492e-09
q3_full_v1,5,80PER_3_6C,B_strategy,raw,stitched_power_start_51,991.5682687159825,finite_scenario,2.1630434782608696,6.62027812706062e-08
q3_full_v1,5,80PER_3_6C,B_strategy,raw,stitched_power_start_101,1436.5184906892666,finite_scenario,1.6847826086956523,9.659921922633794e-07
q3_full_v1,5,80PER_3_6C,B_strategy,raw,stitched_power_low_p_start_1,2288.994589696998,finite_scenario,1.4456521739130435,2.7914850551626976e-06
q3_full_v1,5,80PER_3_6C,B_strategy,raw,stitched_power_low_p_start_51,2029.7899421873078,finite_scenario,1.4456521739130435,3.334631979831972e-06
q3_full_v1,5,80PER_3_6C,B_strategy,raw,stitched_power_low_p_start_101,1875.3312766808142,finite_scenario,1.4456521739130435,3.7515512773435087e-06
q3_full_v1,5,80PER_3_6C,B_strategy,raw,stitched_power_high_p_start_1,758.2971285873658,finite_scenario,2.641304347826087,4.947846216899492e-09
q3_full_v1,5,80PER_3_6C,B_strategy,raw,stitched_power_high_p_start_51,991.5682687159825,finite_scenario,2.1630434782608696,6.62027812706062e-08
q3_full_v1,5,80PER_3_6C,B_strategy,raw,stitched_power_high_p_start_101,1436.5184906892666,finite_scenario,1.6847826086956523,9.659921922633794e-07
q3_full_v1,5,80PER_3_6C,B_strategy,projected,stitched_power_start_1,744.1284340114091,finite_scenario,2.641304347826087,5.201055342710446e-09
q3_full_v1,5,80PER_3_6C,B_strategy,projected,stitched_power_start_51,968.260213562161,finite_scenario,2.1630434782608696,6.971615190885888e-08
q3_full_v1,5,80PER_3_6C,B_strategy,projected,stitched_power_start_101,2115.4433067487407,finite_scenario,1.3260869565217392,7.899963268744243e-06
q3_full_v1,5,80PER_3_6C,B_strategy,projected,stitched_power_low_p_start_1,2210.6656609704146,finite_scenario,1.4456521739130435,2.9365006901825376e-06
q3_full_v1,5,80PER_3_6C,B_strategy,projected,stitched_power_low_p_start_51,1958.472256627164,finite_scenario,1.4456521739130435,3.5135713433406996e-06
q3_full_v1,5,80PER_3_6C,B_strategy,projected,stitched_power_low_p_start_101,2115.4433067487407,finite_scenario,1.3260869565217392,7.899963268744243e-06
q3_full_v1,5,80PER_3_6C,B_strategy,projected,stitched_power_high_p_start_1,744.1284340114091,finite_scenario,2.641304347826087,5.201055342710446e-09
q3_full_v1,5,80PER_3_6C,B_strategy,projected,stitched_power_high_p_start_51,968.260213562161,finite_scenario,2.1630434782608696,6.971615190885888e-08
q3_full_v1,5,80PER_3_6C,B_strategy,projected,stitched_power_high_p_start_101,2115.4433067487407,finite_scenario,1.3260869565217392,7.899963268744243e-06
q3_full_v1,5,80PER_3_6C,C_ridge,raw,stitched_power_start_1,698.6564552264998,finite_scenario,2.7608695652173916,2.807380973226446e-09
q3_full_v1,5,80PER_3_6C,C_ridge,raw,stitched_power_start_51,828.1507647599063,finite_scenario,2.4021739130434785,1.9586380056200473e-08
q3_full_v1,5,80PER_3_6C,C_ridge,raw,stitched_power_start_101,1112.8339504300286,finite_scenario,1.923913043478261,2.771064111117542e-07
q3_full_v1,5,80PER_3_6C,C_ridge,raw,stitched_power_low_p_start_1,2195.2239571338637,finite_scenario,1.4456521739130435,2.966898373362562e-06
q3_full_v1,5,80PER_3_6C,C_ridge,raw,stitched_power_low_p_start_51,1938.8700066844099,finite_scenario,1.4456521739130435,3.566225403235818e-06
q3_full_v1,5,80PER_3_6C,C_ridge,raw,stitched_power_low_p_start_101,1765.6574837684586,finite_scenario,1.4456521739130435,4.100598920361658e-06
q3_full_v1,5,80PER_3_6C,C_ridge,raw,stitched_power_high_p_start_1,698.6564552264998,finite_scenario,2.7608695652173916,2.807380973226446e-09
q3_full_v1,5,80PER_3_6C,C_ridge,raw,stitched_power_high_p_start_51,828.1507647599063,finite_scenario,2.4021739130434785,1.9586380056200473e-08
q3_full_v1,5,80PER_3_6C,C_ridge,raw,stitched_power_high_p_start_101,1112.8339504300286,finite_scenario,1.923913043478261,2.771064111117542e-07
q3_full_v1,5,80PER_3_6C,C_ridge,projected,stitched_power_start_1,697.5328847506046,finite_scenario,2.7608695652173916,2.8199300502853904e-09
q3_full_v1,5,80PER_3_6C,C_ridge,projected,stitched_power_start_51,826.5223022412009,finite_scenario,2.4021739130434785,1.96798365697731e-08
q3_full_v1,5,80PER_3_6C,C_ridge,projected,stitched_power_start_101,1109.4761359783931,finite_scenario,1.923913043478261,2.787457108027238e-07
q3_full_v1,5,80PER_3_6C,C_ridge,projected,stitched_power_low_p_start_1,2188.8592806482548,finite_scenario,1.4456521739130435,2.979476385295242e-06
q3_full_v1,5,80PER_3_6C,C_ridge,projected,stitched_power_low_p_start_51,1932.7876252939466,finite_scenario,1.4456521739130435,3.582683344200108e-06
q3_full_v1,5,80PER_3_6C,C_ridge,projected,stitched_power_low_p_start_101,1758.6329944548816,finite_scenario,1.4456521739130435,4.124812472955998e-06
q3_full_v1,5,80PER_3_6C,C_ridge,projected,stitched_power_high_p_start_1,697.5328847506046,finite_scenario,2.7608695652173916,2.8199300502853904e-09
q3_full_v1,5,80PER_3_6C,C_ridge,projected,stitched_power_high_p_start_51,826.5223022412009,finite_scenario,2.4021739130434785,1.96798365697731e-08
q3_full_v1,5,80PER_3_6C,C_ridge,projected,stitched_power_high_p_start_101,1109.4761359783931,finite_scenario,1.923913043478261,2.787457108027238e-07
q3_full_v1,5,80PER_3_6C,D_ensemble,raw,stitched_power_start_1,701.8762447483235,finite_scenario,2.7608695652173916,2.7718266985591814e-09
q3_full_v1,5,80PER_3_6C,D_ensemble,raw,stitched_power_start_51,893.9335499525296,finite_scenario,2.282608695652174,3.675309664525382e-08
q3_full_v1,5,80PER_3_6C,D_ensemble,raw,stitched_power_start_101,1122.7401136708395,finite_scenario,1.923913043478261,2.72352157091166e-07
q3_full_v1,5,80PER_3_6C,D_ensemble,raw,stitched_power_low_p_start_1,2213.216253403663,finite_scenario,1.4456521739130435,2.9318157097226247e-06
q3_full_v1,5,80PER_3_6C,D_ensemble,raw,stitched_power_low_p_start_51,1956.2407080977366,finite_scenario,1.4456521739130435,3.5199067185549827e-06
q3_full_v1,5,80PER_3_6C,D_ensemble,raw,stitched_power_low_p_start_101,1786.298428223551,finite_scenario,1.4456521739130435,4.030789391758044e-06
q3_full_v1,5,80PER_3_6C,D_ensemble,raw,stitched_power_high_p_start_1,701.8762447483235,finite_scenario,2.7608695652173916,2.7718266985591814e-09
q3_full_v1,5,80PER_3_6C,D_ensemble,raw,stitched_power_high_p_start_51,893.9335499525296,finite_scenario,2.282608695652174,3.675309664525382e-08
q3_full_v1,5,80PER_3_6C,D_ensemble,raw,stitched_power_high_p_start_101,1122.7401136708395,finite_scenario,1.923913043478261,2.72352157091166e-07
q3_full_v1,5,80PER_3_6C,D_ensemble,projected,stitched_power_start_1,699.9185230004801,finite_scenario,2.7608695652173916,2.7933393128684322e-09
q3_full_v1,5,80PER_3_6C,D_ensemble,projected,stitched_power_start_51,890.7852138757315,finite_scenario,2.282608695652174,3.7052004795536594e-08
q3_full_v1,5,80PER_3_6C,D_ensemble,projected,stitched_power_start_101,1117.3785042945497,finite_scenario,1.923913043478261,2.749020761018493e-07
q3_full_v1,5,80PER_3_6C,D_ensemble,projected,stitched_power_low_p_start_1,2201.6476517066653,finite_scenario,1.4456521739130435,2.954268426475691e-06
q3_full_v1,5,80PER_3_6C,D_ensemble,projected,stitched_power_low_p_start_51,1945.5048539281393,finite_scenario,1.4456521739130435,3.5483685876323053e-06
q3_full_v1,5,80PER_3_6C,D_ensemble,projected,stitched_power_low_p_start_101,1774.9002952749845,finite_scenario,1.4456521739130435,4.0689801344811025e-06
q3_full_v1,5,80PER_3_6C,D_ensemble,projected,stitched_power_high_p_start_1,699.9185230004801,finite_scenario,2.7608695652173916,2.7933393128684322e-09
q3_full_v1,5,80PER_3_6C,D_ensemble,projected,stitched_power_high_p_start_51,890.7852138757315,finite_scenario,2.282608695652174,3.7052004795536594e-08
q3_full_v1,5,80PER_3_6C,D_ensemble,projected,stitched_power_high_p_start_101,1117.3785042945497,finite_scenario,1.923913043478261,2.749020761018493e-07
q3_full_v1,9,4_8C_80PER_4_8C,P0_persistence,raw,stitched_power_start_1,,not_applicable_constant,,
q3_full_v1,9,4_8C_80PER_4_8C,P0_persistence,projected,stitched_power_start_1,,not_applicable_constant,,
q3_full_v1,9,4_8C_80PER_4_8C,P1_linear,raw,stitched_power_start_1,706.0108036383112,finite_scenario,1.923913043478261,6.62820236661977e-07
q3_full_v1,9,4_8C_80PER_4_8C,P1_linear,raw,stitched_power_start_51,1001.7696782329641,finite_scenario,1.4456521739130435,9.325771008990098e-06
q3_full_v1,9,4_8C_80PER_4_8C,P1_linear,raw,stitched_power_start_101,1735.6169932325406,finite_scenario,0.9673913043478262,0.0001539502609507842
q3_full_v1,9,4_8C_80PER_4_8C,P1_linear,raw,stitched_power_low_p_start_1,1059.4741851511976,finite_scenario,1.4456521739130435,8.55124572075097e-06
q3_full_v1,9,4_8C_80PER_4_8C,P1_linear,raw,stitched_power_low_p_start_51,1001.7696782329641,finite_scenario,1.4456521739130435,9.325771008990098e-06
q3_full_v1,9,4_8C_80PER_4_8C,P1_linear,raw,stitched_power_low_p_start_101,1735.6169932325406,finite_scenario,0.9673913043478262,0.0001539502609507842
q3_full_v1,9,4_8C_80PER_4_8C,P1_linear,raw,stitched_power_high_p_start_1,706.0108036383112,finite_scenario,1.923913043478261,6.62820236661977e-07
q3_full_v1,9,4_8C_80PER_4_8C,P1_linear,raw,stitched_power_high_p_start_51,1001.7696782329641,finite_scenario,1.4456521739130435,9.325771008990098e-06
q3_full_v1,9,4_8C_80PER_4_8C,P1_linear,raw,stitched_power_high_p_start_101,1735.6169932325406,finite_scenario,0.9673913043478262,0.0001539502609507842
q3_full_v1,9,4_8C_80PER_4_8C,P1_linear,projected,stitched_power_start_1,706.0108036383112,finite_scenario,1.923913043478261,6.62820236661977e-07
q3_full_v1,9,4_8C_80PER_4_8C,P1_linear,projected,stitched_power_start_51,1001.7696782329641,finite_scenario,1.4456521739130435,9.325771008990098e-06
q3_full_v1,9,4_8C_80PER_4_8C,P1_linear,projected,stitched_power_start_101,1735.6169932325406,finite_scenario,0.9673913043478262,0.0001539502609507842
q3_full_v1,9,4_8C_80PER_4_8C,P1_linear,projected,stitched_power_low_p_start_1,1059.4741851511976,finite_scenario,1.4456521739130435,8.55124572075097e-06
q3_full_v1,9,4_8C_80PER_4_8C,P1_linear,projected,stitched_power_low_p_start_51,1001.7696782329641,finite_scenario,1.4456521739130435,9.325771008990098e-06
q3_full_v1,9,4_8C_80PER_4_8C,P1_linear,projected,stitched_power_low_p_start_101,1735.6169932325406,finite_scenario,0.9673913043478262,0.0001539502609507842
q3_full_v1,9,4_8C_80PER_4_8C,P1_linear,projected,stitched_power_high_p_start_1,706.0108036383112,finite_scenario,1.923913043478261,6.62820236661977e-07
q3_full_v1,9,4_8C_80PER_4_8C,P1_linear,projected,stitched_power_high_p_start_51,1001.7696782329641,finite_scenario,1.4456521739130435,9.325771008990098e-06
q3_full_v1,9,4_8C_80PER_4_8C,P1_linear,projected,stitched_power_high_p_start_101,1735.6169932325406,finite_scenario,0.9673913043478262,0.0001539502609507842
q3_full_v1,9,4_8C_80PER_4_8C,P1_linear,raw,native_prefix_linear,1687.1158996645918,finite_scenario,,
q3_full_v1,9,4_8C_80PER_4_8C,A_power,raw,stitched_power_start_1,506.5680164001055,finite_scenario,2.4021739130434785,6.377186119909108e-08
q3_full_v1,9,4_8C_80PER_4_8C,A_power,raw,stitched_power_start_51,529.2554828007762,finite_scenario,2.282608695652174,1.2176240563561788e-07
q3_full_v1,9,4_8C_80PER_4_8C,A_power,raw,stitched_power_start_101,489.9491641562253,finite_scenario,2.5217391304347827,3.283396824360311e-08
q3_full_v1,9,4_8C_80PER_4_8C,A_power,raw,stitched_power_low_p_start_1,935.2856429203412,finite_scenario,1.4456521739130435,1.029094867808638e-05
q3_full_v1,9,4_8C_80PER_4_8C,A_power,raw,stitched_power_low_p_start_51,863.5972701316905,finite_scenario,1.4456521739130435,1.1666643098120253e-05
q3_full_v1,9,4_8C_80PER_4_8C,A_power,raw,stitched_power_low_p_start_101,806.6330186781112,finite_scenario,1.4456521739130435,1.3014985813348374e-05
q3_full_v1,9,4_8C_80PER_4_8C,A_power,raw,stitched_power_high_p_start_1,506.5680164001055,finite_scenario,2.4021739130434785,6.377186119909108e-08
q3_full_v1,9,4_8C_80PER_4_8C,A_power,raw,stitched_power_high_p_start_51,529.2554828007762,finite_scenario,2.282608695652174,1.2176240563561788e-07
q3_full_v1,9,4_8C_80PER_4_8C,A_power,raw,stitched_power_high_p_start_101,489.9491641562253,finite_scenario,2.5217391304347827,3.283396824360311e-08
q3_full_v1,9,4_8C_80PER_4_8C,A_power,projected,stitched_power_start_1,506.5680164001055,finite_scenario,2.4021739130434785,6.377186119909108e-08
q3_full_v1,9,4_8C_80PER_4_8C,A_power,projected,stitched_power_start_51,529.2554828007762,finite_scenario,2.282608695652174,1.2176240563561788e-07
q3_full_v1,9,4_8C_80PER_4_8C,A_power,projected,stitched_power_start_101,489.9491641562253,finite_scenario,2.5217391304347827,3.283396824360311e-08
q3_full_v1,9,4_8C_80PER_4_8C,A_power,projected,stitched_power_low_p_start_1,935.2856429203412,finite_scenario,1.4456521739130435,1.029094867808638e-05
q3_full_v1,9,4_8C_80PER_4_8C,A_power,projected,stitched_power_low_p_start_51,863.5972701316905,finite_scenario,1.4456521739130435,1.1666643098120253e-05
q3_full_v1,9,4_8C_80PER_4_8C,A_power,projected,stitched_power_low_p_start_101,806.6330186781112,finite_scenario,1.4456521739130435,1.3014985813348374e-05
q3_full_v1,9,4_8C_80PER_4_8C,A_power,projected,stitched_power_high_p_start_1,506.5680164001055,finite_scenario,2.4021739130434785,6.377186119909108e-08
q3_full_v1,9,4_8C_80PER_4_8C,A_power,projected,stitched_power_high_p_start_51,529.2554828007762,finite_scenario,2.282608695652174,1.2176240563561788e-07
q3_full_v1,9,4_8C_80PER_4_8C,A_power,projected,stitched_power_high_p_start_101,489.9491641562253,finite_scenario,2.5217391304347827,3.283396824360311e-08
q3_full_v1,9,4_8C_80PER_4_8C,A_power,raw,native_prefix_power,506.51799602361666,finite_scenario,2.4021739130434785,6.378810589771185e-08
q3_full_v1,9,4_8C_80PER_4_8C,B_strategy,raw,stitched_power_start_1,589.0806850344703,finite_scenario,2.1630434782608696,2.0410915105040787e-07
q3_full_v1,9,4_8C_80PER_4_8C,B_strategy,raw,stitched_power_start_51,711.5694659483521,finite_scenario,1.8043478260869565,1.4412278101544752e-06
q3_full_v1,9,4_8C_80PER_4_8C,B_strategy,raw,stitched_power_start_101,666.1493074774478,finite_scenario,1.923913043478261,7.436298009926162e-07
q3_full_v1,9,4_8C_80PER_4_8C,B_strategy,raw,stitched_power_low_p_start_1,998.2712068761692,finite_scenario,1.4456521739130435,9.34053670957323e-06
q3_full_v1,9,4_8C_80PER_4_8C,B_strategy,raw,stitched_power_low_p_start_51,932.364651618761,finite_scenario,1.4456521739130435,1.0390461198618062e-05
q3_full_v1,9,4_8C_80PER_4_8C,B_strategy,raw,stitched_power_low_p_start_101,899.0015634368671,finite_scenario,1.4456521739130435,1.1006454615955049e-05
q3_full_v1,9,4_8C_80PER_4_8C,B_strategy,raw,stitched_power_high_p_start_1,589.0806850344703,finite_scenario,2.1630434782608696,2.0410915105040787e-07
q3_full_v1,9,4_8C_80PER_4_8C,B_strategy,raw,stitched_power_high_p_start_51,711.5694659483521,finite_scenario,1.8043478260869565,1.4412278101544752e-06
q3_full_v1,9,4_8C_80PER_4_8C,B_strategy,raw,stitched_power_high_p_start_101,666.1493074774478,finite_scenario,1.923913043478261,7.436298009926162e-07
q3_full_v1,9,4_8C_80PER_4_8C,B_strategy,projected,stitched_power_start_1,588.8950779983354,finite_scenario,2.1630434782608696,2.042494704838951e-07
q3_full_v1,9,4_8C_80PER_4_8C,B_strategy,projected,stitched_power_start_51,711.283227976351,finite_scenario,1.8043478260869565,1.4422952493810553e-06
q3_full_v1,9,4_8C_80PER_4_8C,B_strategy,projected,stitched_power_start_101,665.886746252261,finite_scenario,1.923913043478261,7.442045891044921e-07
q3_full_v1,9,4_8C_80PER_4_8C,B_strategy,projected,stitched_power_low_p_start_1,997.8054422260427,finite_scenario,1.4456521739130435,9.346956577562271e-06
q3_full_v1,9,4_8C_80PER_4_8C,B_strategy,projected,stitched_power_low_p_start_51,931.8983352662055,finite_scenario,1.4456521739130435,1.0398209461805064e-05
q3_full_v1,9,4_8C_80PER_4_8C,B_strategy,projected,stitched_power_low_p_start_101,898.5245827291111,finite_scenario,1.4456521739130435,1.1015234911981395e-05
q3_full_v1,9,4_8C_80PER_4_8C,B_strategy,projected,stitched_power_high_p_start_1,588.8950779983354,finite_scenario,2.1630434782608696,2.042494704838951e-07
q3_full_v1,9,4_8C_80PER_4_8C,B_strategy,projected,stitched_power_high_p_start_51,711.283227976351,finite_scenario,1.8043478260869565,1.4422952493810553e-06
q3_full_v1,9,4_8C_80PER_4_8C,B_strategy,projected,stitched_power_high_p_start_101,665.886746252261,finite_scenario,1.923913043478261,7.442045891044921e-07
q3_full_v1,9,4_8C_80PER_4_8C,C_ridge,raw,stitched_power_start_1,694.1140388433621,finite_scenario,1.923913043478261,6.852947819415138e-07
q3_full_v1,9,4_8C_80PER_4_8C,C_ridge,raw,stitched_power_start_51,879.3026176974389,finite_scenario,1.565217391304348,4.995355032052203e-06
q3_full_v1,9,4_8C_80PER_4_8C,C_ridge,raw,stitched_power_start_101,1070.1685653245756,finite_scenario,1.3260869565217392,1.9698578140023106e-05
q3_full_v1,9,4_8C_80PER_4_8C,C_ridge,raw,stitched_power_low_p_start_1,1037.1948312033335,finite_scenario,1.4456521739130435,8.82502739690322e-06
q3_full_v1,9,4_8C_80PER_4_8C,C_ridge,raw,stitched_power_low_p_start_51,976.1917407648435,finite_scenario,1.4456521739130435,9.695651851195411e-06
q3_full_v1,9,4_8C_80PER_4_8C,C_ridge,raw,stitched_power_low_p_start_101,1070.1685653245756,finite_scenario,1.3260869565217392,1.9698578140023106e-05
q3_full_v1,9,4_8C_80PER_4_8C,C_ridge,raw,stitched_power_high_p_start_1,694.1140388433621,finite_scenario,1.923913043478261,6.852947819415138e-07
q3_full_v1,9,4_8C_80PER_4_8C,C_ridge,raw,stitched_power_high_p_start_51,879.3026176974389,finite_scenario,1.565217391304348,4.995355032052203e-06
q3_full_v1,9,4_8C_80PER_4_8C,C_ridge,raw,stitched_power_high_p_start_101,1070.1685653245756,finite_scenario,1.3260869565217392,1.9698578140023106e-05
q3_full_v1,9,4_8C_80PER_4_8C,C_ridge,projected,stitched_power_start_1,691.5704096071878,finite_scenario,1.923913043478261,6.902260150794554e-07
q3_full_v1,9,4_8C_80PER_4_8C,C_ridge,projected,stitched_power_start_51,874.8848691054793,finite_scenario,1.565217391304348,5.036131143556499e-06
q3_full_v1,9,4_8C_80PER_4_8C,C_ridge,projected,stitched_power_start_101,1061.9218139103284,finite_scenario,1.3260869565217392,1.991301450108862e-05
q3_full_v1,9,4_8C_80PER_4_8C,C_ridge,projected,stitched_power_low_p_start_1,1032.302180758157,finite_scenario,1.4456521739130435,8.886868308287394e-06
q3_full_v1,9,4_8C_80PER_4_8C,C_ridge,projected,stitched_power_low_p_start_51,970.9221880058535,finite_scenario,1.4456521739130435,9.774490099935331e-06
q3_full_v1,9,4_8C_80PER_4_8C,C_ridge,projected,stitched_power_low_p_start_101,1061.9218139103284,finite_scenario,1.3260869565217392,1.991301450108862e-05
q3_full_v1,9,4_8C_80PER_4_8C,C_ridge,projected,stitched_power_high_p_start_1,691.5704096071878,finite_scenario,1.923913043478261,6.902260150794554e-07
q3_full_v1,9,4_8C_80PER_4_8C,C_ridge,projected,stitched_power_high_p_start_51,874.8848691054793,finite_scenario,1.565217391304348,5.036131143556499e-06
q3_full_v1,9,4_8C_80PER_4_8C,C_ridge,projected,stitched_power_high_p_start_101,1061.9218139103284,finite_scenario,1.3260869565217392,1.991301450108862e-05
q3_full_v1,9,4_8C_80PER_4_8C,D_ensemble,raw,stitched_power_start_1,642.0644413476439,finite_scenario,2.0434782608695654,3.6712798715223097e-07
q3_full_v1,9,4_8C_80PER_4_8C,D_ensemble,raw,stitched_power_start_51,795.4194042651337,finite_scenario,1.6847826086956523,2.6224918552860397e-06
q3_full_v1,9,4_8C_80PER_4_8C,D_ensemble,raw,stitched_power_start_101,949.3368279988473,finite_scenario,1.4456521739130435,1.0123484158854218e-05
q3_full_v1,9,4_8C_80PER_4_8C,D_ensemble,raw,stitched_power_low_p_start_1,1029.105018136342,finite_scenario,1.4456521739130435,8.928129259437223e-06
q3_full_v1,9,4_8C_80PER_4_8C,D_ensemble,raw,stitched_power_low_p_start_51,967.0050357493445,finite_scenario,1.4456521739130435,9.83461372067976e-06
q3_full_v1,9,4_8C_80PER_4_8C,D_ensemble,raw,stitched_power_low_p_start_101,949.3368279988473,finite_scenario,1.4456521739130435,1.0123484158854218e-05
q3_full_v1,9,4_8C_80PER_4_8C,D_ensemble,raw,stitched_power_high_p_start_1,642.0644413476439,finite_scenario,2.0434782608695654,3.6712798715223097e-07
q3_full_v1,9,4_8C_80PER_4_8C,D_ensemble,raw,stitched_power_high_p_start_51,795.4194042651337,finite_scenario,1.6847826086956523,2.6224918552860397e-06
q3_full_v1,9,4_8C_80PER_4_8C,D_ensemble,raw,stitched_power_high_p_start_101,949.3368279988473,finite_scenario,1.4456521739130435,1.0123484158854218e-05
q3_full_v1,9,4_8C_80PER_4_8C,D_ensemble,projected,stitched_power_start_1,640.6579909632196,finite_scenario,2.0434782608695654,3.687998716331097e-07
q3_full_v1,9,4_8C_80PER_4_8C,D_ensemble,projected,stitched_power_start_51,793.0690089237498,finite_scenario,1.6847826086956523,2.6359703552545664e-06
q3_full_v1,9,4_8C_80PER_4_8C,D_ensemble,projected,stitched_power_start_101,945.1400666193699,finite_scenario,1.4456521739130435,1.0191778754339012e-05
q3_full_v1,9,4_8C_80PER_4_8C,D_ensemble,projected,stitched_power_low_p_start_1,1026.0413725806916,finite_scenario,1.4456521739130435,8.96753279661525e-06
q3_full_v1,9,4_8C_80PER_4_8C,D_ensemble,projected,stitched_power_low_p_start_51,963.7222486569815,finite_scenario,1.4456521739130435,9.884794709788677e-06
q3_full_v1,9,4_8C_80PER_4_8C,D_ensemble,projected,stitched_power_low_p_start_101,945.1400666193699,finite_scenario,1.4456521739130435,1.0191778754339012e-05
q3_full_v1,9,4_8C_80PER_4_8C,D_ensemble,projected,stitched_power_high_p_start_1,640.6579909632196,finite_scenario,2.0434782608695654,3.687998716331097e-07
q3_full_v1,9,4_8C_80PER_4_8C,D_ensemble,projected,stitched_power_high_p_start_51,793.0690089237498,finite_scenario,1.6847826086956523,2.6359703552545664e-06
q3_full_v1,9,4_8C_80PER_4_8C,D_ensemble,projected,stitched_power_high_p_start_101,945.1400666193699,finite_scenario,1.4456521739130435,1.0191778754339012e-05
q3_full_v1,10,5C_67PER_4C_NEWSTRUCTURE,P0_persistence,raw,stitched_power_start_1,,not_applicable_constant,,
q3_full_v1,10,5C_67PER_4C_NEWSTRUCTURE,P0_persistence,projected,stitched_power_start_1,,not_applicable_constant,,
q3_full_v1,10,5C_67PER_4C_NEWSTRUCTURE,P1_linear,raw,stitched_power_start_1,1921.72432432556,finite_scenario,1.8043478260869565,2.376960477019415e-07
q3_full_v1,10,5C_67PER_4C_NEWSTRUCTURE,P1_linear,raw,stitched_power_start_51,,beyond_5000,0.8478260869565217,5.440683033251293e-05
q3_full_v1,10,5C_67PER_4C_NEWSTRUCTURE,P1_linear,raw,stitched_power_start_101,,beyond_5000,1.2065217391304348,6.379854519894258e-06
q3_full_v1,10,5C_67PER_4C_NEWSTRUCTURE,P1_linear,raw,stitched_power_low_p_start_1,3326.0164173733,finite_scenario,1.4456521739130435,1.621498113446101e-06
q3_full_v1,10,5C_67PER_4C_NEWSTRUCTURE,P1_linear,raw,stitched_power_low_p_start_51,,beyond_5000,0.8478260869565217,5.440683033251293e-05
q3_full_v1,10,5C_67PER_4C_NEWSTRUCTURE,P1_linear,raw,stitched_power_low_p_start_101,,beyond_5000,1.2065217391304348,6.379854519894258e-06
q3_full_v1,10,5C_67PER_4C_NEWSTRUCTURE,P1_linear,raw,stitched_power_high_p_start_1,1921.72432432556,finite_scenario,1.8043478260869565,2.376960477019415e-07
q3_full_v1,10,5C_67PER_4C_NEWSTRUCTURE,P1_linear,raw,stitched_power_high_p_start_51,,beyond_5000,0.8478260869565217,5.440683033251293e-05
q3_full_v1,10,5C_67PER_4C_NEWSTRUCTURE,P1_linear,raw,stitched_power_high_p_start_101,,beyond_5000,1.2065217391304348,6.379854519894258e-06
q3_full_v1,10,5C_67PER_4C_NEWSTRUCTURE,P1_linear,projected,stitched_power_start_1,1921.72432432556,finite_scenario,1.8043478260869565,2.376960477019415e-07
q3_full_v1,10,5C_67PER_4C_NEWSTRUCTURE,P1_linear,projected,stitched_power_start_51,,beyond_5000,0.8478260869565217,5.440683033251293e-05
q3_full_v1,10,5C_67PER_4C_NEWSTRUCTURE,P1_linear,projected,stitched_power_start_101,,beyond_5000,1.2065217391304348,6.379854519894258e-06
q3_full_v1,10,5C_67PER_4C_NEWSTRUCTURE,P1_linear,projected,stitched_power_low_p_start_1,3326.0164173733,finite_scenario,1.4456521739130435,1.621498113446101e-06
q3_full_v1,10,5C_67PER_4C_NEWSTRUCTURE,P1_linear,projected,stitched_power_low_p_start_51,,beyond_5000,0.8478260869565217,5.440683033251293e-05
q3_full_v1,10,5C_67PER_4C_NEWSTRUCTURE,P1_linear,projected,stitched_power_low_p_start_101,,beyond_5000,1.2065217391304348,6.379854519894258e-06
q3_full_v1,10,5C_67PER_4C_NEWSTRUCTURE,P1_linear,projected,stitched_power_high_p_start_1,1921.72432432556,finite_scenario,1.8043478260869565,2.376960477019415e-07
q3_full_v1,10,5C_67PER_4C_NEWSTRUCTURE,P1_linear,projected,stitched_power_high_p_start_51,,beyond_5000,0.8478260869565217,5.440683033251293e-05
q3_full_v1,10,5C_67PER_4C_NEWSTRUCTURE,P1_linear,projected,stitched_power_high_p_start_101,,beyond_5000,1.2065217391304348,6.379854519894258e-06
q3_full_v1,10,5C_67PER_4C_NEWSTRUCTURE,P1_linear,raw,native_prefix_linear,,beyond_5000,,
q3_full_v1,10,5C_67PER_4C_NEWSTRUCTURE,A_power,raw,stitched_power_start_1,876.9112262989662,finite_scenario,2.5217391304347827,7.576133872988516e-09
q3_full_v1,10,5C_67PER_4C_NEWSTRUCTURE,A_power,raw,stitched_power_start_51,1014.3726617376549,finite_scenario,2.282608695652174,2.749316761028733e-08
q3_full_v1,10,5C_67PER_4C_NEWSTRUCTURE,A_power,raw,stitched_power_start_101,745.9172160797306,finite_scenario,2.880434782608696,1.06039381974871e-09
q3_full_v1,10,5C_67PER_4C_NEWSTRUCTURE,A_power,raw,stitched_power_low_p_start_1,2624.6798328062782,finite_scenario,1.4456521739130435,2.2876705275821345e-06
q3_full_v1,10,5C_67PER_4C_NEWSTRUCTURE,A_power,raw,stitched_power_low_p_start_51,2384.6550323538777,finite_scenario,1.4456521739130435,2.6346915233421477e-06
q3_full_v1,10,5C_67PER_4C_NEWSTRUCTURE,A_power,raw,stitched_power_low_p_start_101,2210.94464820456,finite_scenario,1.4456521739130435,2.9466475790187836e-06
q3_full_v1,10,5C_67PER_4C_NEWSTRUCTURE,A_power,raw,stitched_power_high_p_start_1,876.9112262989662,finite_scenario,2.5217391304347827,7.576133872988516e-09
q3_full_v1,10,5C_67PER_4C_NEWSTRUCTURE,A_power,raw,stitched_power_high_p_start_51,1014.3726617376549,finite_scenario,2.282608695652174,2.749316761028733e-08
q3_full_v1,10,5C_67PER_4C_NEWSTRUCTURE,A_power,raw,stitched_power_high_p_start_101,745.9172160797306,finite_scenario,2.880434782608696,1.06039381974871e-09
q3_full_v1,10,5C_67PER_4C_NEWSTRUCTURE,A_power,projected,stitched_power_start_1,876.9112262989662,finite_scenario,2.5217391304347827,7.576133872988516e-09
q3_full_v1,10,5C_67PER_4C_NEWSTRUCTURE,A_power,projected,stitched_power_start_51,1014.3726617376549,finite_scenario,2.282608695652174,2.749316761028733e-08
q3_full_v1,10,5C_67PER_4C_NEWSTRUCTURE,A_power,projected,stitched_power_start_101,745.9172160797306,finite_scenario,2.880434782608696,1.06039381974871e-09
q3_full_v1,10,5C_67PER_4C_NEWSTRUCTURE,A_power,projected,stitched_power_low_p_start_1,2624.6798328062782,finite_scenario,1.4456521739130435,2.2876705275821345e-06
q3_full_v1,10,5C_67PER_4C_NEWSTRUCTURE,A_power,projected,stitched_power_low_p_start_51,2384.6550323538777,finite_scenario,1.4456521739130435,2.6346915233421477e-06
q3_full_v1,10,5C_67PER_4C_NEWSTRUCTURE,A_power,projected,stitched_power_low_p_start_101,2210.94464820456,finite_scenario,1.4456521739130435,2.9466475790187836e-06
q3_full_v1,10,5C_67PER_4C_NEWSTRUCTURE,A_power,projected,stitched_power_high_p_start_1,876.9112262989662,finite_scenario,2.5217391304347827,7.576133872988516e-09
q3_full_v1,10,5C_67PER_4C_NEWSTRUCTURE,A_power,projected,stitched_power_high_p_start_51,1014.3726617376549,finite_scenario,2.282608695652174,2.749316761028733e-08
q3_full_v1,10,5C_67PER_4C_NEWSTRUCTURE,A_power,projected,stitched_power_high_p_start_101,745.9172160797306,finite_scenario,2.880434782608696,1.06039381974871e-09
q3_full_v1,10,5C_67PER_4C_NEWSTRUCTURE,A_power,raw,native_prefix_power,876.7576399448297,finite_scenario,2.5217391304347827,7.579537606460349e-09
q3_full_v1,10,5C_67PER_4C_NEWSTRUCTURE,B_strategy,raw,stitched_power_start_1,1604.0410087469234,finite_scenario,1.923913043478261,1.3626838684721147e-07
q3_full_v1,10,5C_67PER_4C_NEWSTRUCTURE,B_strategy,raw,stitched_power_start_51,3669.665156159892,finite_scenario,1.3260869565217392,3.7626873849786402e-06
q3_full_v1,10,5C_67PER_4C_NEWSTRUCTURE,B_strategy,raw,stitched_power_start_101,1664.2867322798313,finite_scenario,1.923913043478261,1.2681739663358554e-07
q3_full_v1,10,5C_67PER_4C_NEWSTRUCTURE,B_strategy,raw,stitched_power_low_p_start_1,3153.1021305320105,finite_scenario,1.4456521739130435,1.7522602024419327e-06
q3_full_v1,10,5C_67PER_4C_NEWSTRUCTURE,B_strategy,raw,stitched_power_low_p_start_51,3669.665156159892,finite_scenario,1.3260869565217392,3.7626873849786402e-06
q3_full_v1,10,5C_67PER_4C_NEWSTRUCTURE,B_strategy,raw,stitched_power_low_p_start_101,3008.8406285431424,finite_scenario,1.4456521739130435,1.876663313022751e-06
q3_full_v1,10,5C_67PER_4C_NEWSTRUCTURE,B_strategy,raw,stitched_power_high_p_start_1,1604.0410087469234,finite_scenario,1.923913043478261,1.3626838684721147e-07
q3_full_v1,10,5C_67PER_4C_NEWSTRUCTURE,B_strategy,raw,stitched_power_high_p_start_51,3669.665156159892,finite_scenario,1.3260869565217392,3.7626873849786402e-06
q3_full_v1,10,5C_67PER_4C_NEWSTRUCTURE,B_strategy,raw,stitched_power_high_p_start_101,1664.2867322798313,finite_scenario,1.923913043478261,1.2681739663358554e-07
q3_full_v1,10,5C_67PER_4C_NEWSTRUCTURE,B_strategy,projected,stitched_power_start_1,1602.5514212391777,finite_scenario,1.923913043478261,1.365133123777179e-07
q3_full_v1,10,5C_67PER_4C_NEWSTRUCTURE,B_strategy,projected,stitched_power_start_51,3663.960699202713,finite_scenario,1.3260869565217392,3.7705324404276725e-06
q3_full_v1,10,5C_67PER_4C_NEWSTRUCTURE,B_strategy,projected,stitched_power_start_101,1488.8509329894207,finite_scenario,2.0434782608695654,6.556228850505192e-08
q3_full_v1,10,5C_67PER_4C_NEWSTRUCTURE,B_strategy,projected,stitched_power_low_p_start_1,3149.5029259111407,finite_scenario,1.4456521739130435,1.7551724503121822e-06
q3_full_v1,10,5C_67PER_4C_NEWSTRUCTURE,B_strategy,projected,stitched_power_low_p_start_51,3663.960699202713,finite_scenario,1.3260869565217392,3.7705324404276725e-06
q3_full_v1,10,5C_67PER_4C_NEWSTRUCTURE,B_strategy,projected,stitched_power_low_p_start_101,3001.061690128352,finite_scenario,1.4456521739130435,1.8837812381214243e-06
q3_full_v1,10,5C_67PER_4C_NEWSTRUCTURE,B_strategy,projected,stitched_power_high_p_start_1,1602.5514212391777,finite_scenario,1.923913043478261,1.365133123777179e-07
q3_full_v1,10,5C_67PER_4C_NEWSTRUCTURE,B_strategy,projected,stitched_power_high_p_start_51,3663.960699202713,finite_scenario,1.3260869565217392,3.7705324404276725e-06
q3_full_v1,10,5C_67PER_4C_NEWSTRUCTURE,B_strategy,projected,stitched_power_high_p_start_101,1488.8509329894207,finite_scenario,2.0434782608695654,6.556228850505192e-08
q3_full_v1,10,5C_67PER_4C_NEWSTRUCTURE,C_ridge,raw,stitched_power_start_1,1391.1219346484897,finite_scenario,2.0434782608695654,7.542248121742919e-08
q3_full_v1,10,5C_67PER_4C_NEWSTRUCTURE,C_ridge,raw,stitched_power_start_51,2853.1027107857076,finite_scenario,1.4456521739130435,2.028150967266867e-06
q3_full_v1,10,5C_67PER_4C_NEWSTRUCTURE,C_ridge,raw,stitched_power_start_101,1302.741949112664,finite_scenario,2.1630434782608696,3.653520486519712e-08
q3_full_v1,10,5C_67PER_4C_NEWSTRUCTURE,C_ridge,raw,stitched_power_low_p_start_1,3061.8893273463173,finite_scenario,1.4456521739130435,1.8286032400087188e-06
q3_full_v1,10,5C_67PER_4C_NEWSTRUCTURE,C_ridge,raw,stitched_power_low_p_start_51,2853.1027107857076,finite_scenario,1.4456521739130435,2.028150967266867e-06
q3_full_v1,10,5C_67PER_4C_NEWSTRUCTURE,C_ridge,raw,stitched_power_low_p_start_101,2850.6767330106263,finite_scenario,1.4456521739130435,2.0307178023819008e-06
q3_full_v1,10,5C_67PER_4C_NEWSTRUCTURE,C_ridge,raw,stitched_power_high_p_start_1,1391.1219346484897,finite_scenario,2.0434782608695654,7.542248121742919e-08
q3_full_v1,10,5C_67PER_4C_NEWSTRUCTURE,C_ridge,raw,stitched_power_high_p_start_51,2853.1027107857076,finite_scenario,1.4456521739130435,2.028150967266867e-06
q3_full_v1,10,5C_67PER_4C_NEWSTRUCTURE,C_ridge,raw,stitched_power_high_p_start_101,1302.741949112664,finite_scenario,2.1630434782608696,3.653520486519712e-08
q3_full_v1,10,5C_67PER_4C_NEWSTRUCTURE,C_ridge,projected,stitched_power_start_1,1389.1166375256503,finite_scenario,2.0434782608695654,7.56458201200733e-08
q3_full_v1,10,5C_67PER_4C_NEWSTRUCTURE,C_ridge,projected,stitched_power_start_51,2846.5998431030544,finite_scenario,1.4456521739130435,2.034902350873724e-06
q3_full_v1,10,5C_67PER_4C_NEWSTRUCTURE,C_ridge,projected,stitched_power_start_101,1299.9694089375796,finite_scenario,2.1630434782608696,3.6704884718582346e-08
q3_full_v1,10,5C_67PER_4C_NEWSTRUCTURE,C_ridge,projected,stitched_power_low_p_start_1,3055.8671329722033,finite_scenario,1.4456521739130435,1.8338391523122084e-06
q3_full_v1,10,5C_67PER_4C_NEWSTRUCTURE,C_ridge,projected,stitched_power_low_p_start_51,2846.5998431030544,finite_scenario,1.4456521739130435,2.034902350873724e-06
q3_full_v1,10,5C_67PER_4C_NEWSTRUCTURE,C_ridge,projected,stitched_power_low_p_start_101,2841.5499134521338,finite_scenario,1.4456521739130435,2.0402503534264883e-06
q3_full_v1,10,5C_67PER_4C_NEWSTRUCTURE,C_ridge,projected,stitched_power_high_p_start_1,1389.1166375256503,finite_scenario,2.0434782608695654,7.56458201200733e-08
q3_full_v1,10,5C_67PER_4C_NEWSTRUCTURE,C_ridge,projected,stitched_power_high_p_start_51,2846.5998431030544,finite_scenario,1.4456521739130435,2.034902350873724e-06
q3_full_v1,10,5C_67PER_4C_NEWSTRUCTURE,C_ridge,projected,stitched_power_high_p_start_101,1299.9694089375796,finite_scenario,2.1630434782608696,3.6704884718582346e-08
q3_full_v1,10,5C_67PER_4C_NEWSTRUCTURE,D_ensemble,raw,stitched_power_start_1,1397.1343242739085,finite_scenario,2.0434782608695654,7.475837450390708e-08
q3_full_v1,10,5C_67PER_4C_NEWSTRUCTURE,D_ensemble,raw,stitched_power_start_51,2872.8046824125727,finite_scenario,1.4456521739130435,2.007914167959088e-06
q3_full_v1,10,5C_67PER_4C_NEWSTRUCTURE,D_ensemble,raw,stitched_power_start_101,1312.047612529635,finite_scenario,2.1630434782608696,3.597347575567793e-08
q3_full_v1,10,5C_67PER_4C_NEWSTRUCTURE,D_ensemble,raw,stitched_power_low_p_start_1,3079.6110118588003,finite_scenario,1.4456521739130435,1.813334632495379e-06
q3_full_v1,10,5C_67PER_4C_NEWSTRUCTURE,D_ensemble,raw,stitched_power_low_p_start_51,2872.8046824125727,finite_scenario,1.4456521739130435,2.007914167959088e-06
q3_full_v1,10,5C_67PER_4C_NEWSTRUCTURE,D_ensemble,raw,stitched_power_low_p_start_101,2880.6533428412704,finite_scenario,1.4456521739130435,1.999906904510151e-06
q3_full_v1,10,5C_67PER_4C_NEWSTRUCTURE,D_ensemble,raw,stitched_power_high_p_start_1,1397.1343242739085,finite_scenario,2.0434782608695654,7.475837450390708e-08
q3_full_v1,10,5C_67PER_4C_NEWSTRUCTURE,D_ensemble,raw,stitched_power_high_p_start_51,2872.8046824125727,finite_scenario,1.4456521739130435,2.007914167959088e-06
q3_full_v1,10,5C_67PER_4C_NEWSTRUCTURE,D_ensemble,raw,stitched_power_high_p_start_101,1312.047612529635,finite_scenario,2.1630434782608696,3.597347575567793e-08
q3_full_v1,10,5C_67PER_4C_NEWSTRUCTURE,D_ensemble,projected,stitched_power_start_1,1395.7504827907492,finite_scenario,2.0434782608695654,7.491041590040056e-08
q3_full_v1,10,5C_67PER_4C_NEWSTRUCTURE,D_ensemble,projected,stitched_power_start_51,2868.2797552844313,finite_scenario,1.4456521739130435,2.012530285632378e-06
q3_full_v1,10,5C_67PER_4C_NEWSTRUCTURE,D_ensemble,projected,stitched_power_start_101,1310.0035321172547,finite_scenario,2.1630434782608696,3.609571992438671e-08
q3_full_v1,10,5C_67PER_4C_NEWSTRUCTURE,D_ensemble,projected,stitched_power_low_p_start_1,3075.4911017621007,finite_scenario,1.4456521739130435,1.8168641980438952e-06
q3_full_v1,10,5C_67PER_4C_NEWSTRUCTURE,D_ensemble,projected,stitched_power_low_p_start_51,2868.2797552844313,finite_scenario,1.4456521739130435,2.012530285632378e-06
q3_full_v1,10,5C_67PER_4C_NEWSTRUCTURE,D_ensemble,projected,stitched_power_low_p_start_101,2873.98486136495,finite_scenario,1.4456521739130435,2.006689434237192e-06
q3_full_v1,10,5C_67PER_4C_NEWSTRUCTURE,D_ensemble,projected,stitched_power_high_p_start_1,1395.7504827907492,finite_scenario,2.0434782608695654,7.491041590040056e-08
q3_full_v1,10,5C_67PER_4C_NEWSTRUCTURE,D_ensemble,projected,stitched_power_high_p_start_51,2868.2797552844313,finite_scenario,1.4456521739130435,2.012530285632378e-06
q3_full_v1,10,5C_67PER_4C_NEWSTRUCTURE,D_ensemble,projected,stitched_power_high_p_start_101,1310.0035321172547,finite_scenario,2.1630434782608696,3.609571992438671e-08
q3_full_v1,11,5_3C_54PER_4C_NEWSTRUCTURE,P0_persistence,raw,stitched_power_start_1,,not_applicable_constant,,
q3_full_v1,11,5_3C_54PER_4C_NEWSTRUCTURE,P0_persistence,projected,stitched_power_start_1,,not_applicable_constant,,
q3_full_v1,11,5_3C_54PER_4C_NEWSTRUCTURE,P1_linear,raw,stitched_power_start_1,2911.74263680484,finite_scenario,1.4456521739130435,1.964974234059714e-06
q3_full_v1,11,5_3C_54PER_4C_NEWSTRUCTURE,P1_linear,raw,stitched_power_start_51,,beyond_5000,0.9673913043478262,2.9917308459820232e-05
q3_full_v1,11,5_3C_54PER_4C_NEWSTRUCTURE,P1_linear,raw,stitched_power_start_101,,beyond_5000,1.0869565217391304,1.4460749509206007e-05
q3_full_v1,11,5_3C_54PER_4C_NEWSTRUCTURE,P1_linear,raw,stitched_power_low_p_start_1,2911.74263680484,finite_scenario,1.4456521739130435,1.964974234059714e-06
q3_full_v1,11,5_3C_54PER_4C_NEWSTRUCTURE,P1_linear,raw,stitched_power_low_p_start_51,,beyond_5000,0.9673913043478262,2.9917308459820232e-05
q3_full_v1,11,5_3C_54PER_4C_NEWSTRUCTURE,P1_linear,raw,stitched_power_low_p_start_101,,beyond_5000,1.0869565217391304,1.4460749509206007e-05
q3_full_v1,11,5_3C_54PER_4C_NEWSTRUCTURE,P1_linear,raw,stitched_power_high_p_start_1,2911.74263680484,finite_scenario,1.4456521739130435,1.964974234059714e-06
q3_full_v1,11,5_3C_54PER_4C_NEWSTRUCTURE,P1_linear,raw,stitched_power_high_p_start_51,,beyond_5000,0.9673913043478262,2.9917308459820232e-05
q3_full_v1,11,5_3C_54PER_4C_NEWSTRUCTURE,P1_linear,raw,stitched_power_high_p_start_101,,beyond_5000,1.0869565217391304,1.4460749509206007e-05
q3_full_v1,11,5_3C_54PER_4C_NEWSTRUCTURE,P1_linear,projected,stitched_power_start_1,2911.74263680484,finite_scenario,1.4456521739130435,1.964974234059714e-06
q3_full_v1,11,5_3C_54PER_4C_NEWSTRUCTURE,P1_linear,projected,stitched_power_start_51,,beyond_5000,0.9673913043478262,2.9917308459820232e-05
q3_full_v1,11,5_3C_54PER_4C_NEWSTRUCTURE,P1_linear,projected,stitched_power_start_101,,beyond_5000,1.0869565217391304,1.4460749509206007e-05
q3_full_v1,11,5_3C_54PER_4C_NEWSTRUCTURE,P1_linear,projected,stitched_power_low_p_start_1,2911.74263680484,finite_scenario,1.4456521739130435,1.964974234059714e-06
q3_full_v1,11,5_3C_54PER_4C_NEWSTRUCTURE,P1_linear,projected,stitched_power_low_p_start_51,,beyond_5000,0.9673913043478262,2.9917308459820232e-05
q3_full_v1,11,5_3C_54PER_4C_NEWSTRUCTURE,P1_linear,projected,stitched_power_low_p_start_101,,beyond_5000,1.0869565217391304,1.4460749509206007e-05
q3_full_v1,11,5_3C_54PER_4C_NEWSTRUCTURE,P1_linear,projected,stitched_power_high_p_start_1,2911.74263680484,finite_scenario,1.4456521739130435,1.964974234059714e-06
q3_full_v1,11,5_3C_54PER_4C_NEWSTRUCTURE,P1_linear,projected,stitched_power_high_p_start_51,,beyond_5000,0.9673913043478262,2.9917308459820232e-05
q3_full_v1,11,5_3C_54PER_4C_NEWSTRUCTURE,P1_linear,projected,stitched_power_high_p_start_101,,beyond_5000,1.0869565217391304,1.4460749509206007e-05
q3_full_v1,11,5_3C_54PER_4C_NEWSTRUCTURE,P1_linear,raw,native_prefix_linear,,beyond_5000,,
q3_full_v1,11,5_3C_54PER_4C_NEWSTRUCTURE,A_power,raw,stitched_power_start_1,1356.056443009216,finite_scenario,1.923913043478261,1.88273121796801e-07
q3_full_v1,11,5_3C_54PER_4C_NEWSTRUCTURE,A_power,raw,stitched_power_start_51,1365.352042390975,finite_scenario,1.923913043478261,1.8576987863900312e-07
q3_full_v1,11,5_3C_54PER_4C_NEWSTRUCTURE,A_power,raw,stitched_power_start_101,973.6331199363705,finite_scenario,2.4021739130434785,1.3213017480925048e-08
q3_full_v1,11,5_3C_54PER_4C_NEWSTRUCTURE,A_power,raw,stitched_power_low_p_start_1,2518.148381405423,finite_scenario,1.4456521739130435,2.4271081430121164e-06
q3_full_v1,11,5_3C_54PER_4C_NEWSTRUCTURE,A_power,raw,stitched_power_low_p_start_51,2422.1910513255716,finite_scenario,1.4456521739130435,2.5700307364696748e-06
q3_full_v1,11,5_3C_54PER_4C_NEWSTRUCTURE,A_power,raw,stitched_power_low_p_start_101,2326.3625768998386,finite_scenario,1.4456521739130435,2.728033141030709e-06
q3_full_v1,11,5_3C_54PER_4C_NEWSTRUCTURE,A_power,raw,stitched_power_high_p_start_1,1356.056443009216,finite_scenario,1.923913043478261,1.88273121796801e-07
q3_full_v1,11,5_3C_54PER_4C_NEWSTRUCTURE,A_power,raw,stitched_power_high_p_start_51,1365.352042390975,finite_scenario,1.923913043478261,1.8576987863900312e-07
q3_full_v1,11,5_3C_54PER_4C_NEWSTRUCTURE,A_power,raw,stitched_power_high_p_start_101,973.6331199363705,finite_scenario,2.4021739130434785,1.3213017480925048e-08
q3_full_v1,11,5_3C_54PER_4C_NEWSTRUCTURE,A_power,projected,stitched_power_start_1,1356.056443009216,finite_scenario,1.923913043478261,1.88273121796801e-07
q3_full_v1,11,5_3C_54PER_4C_NEWSTRUCTURE,A_power,projected,stitched_power_start_51,1365.352042390975,finite_scenario,1.923913043478261,1.8576987863900312e-07
q3_full_v1,11,5_3C_54PER_4C_NEWSTRUCTURE,A_power,projected,stitched_power_start_101,973.6331199363705,finite_scenario,2.4021739130434785,1.3213017480925048e-08
q3_full_v1,11,5_3C_54PER_4C_NEWSTRUCTURE,A_power,projected,stitched_power_low_p_start_1,2518.148381405423,finite_scenario,1.4456521739130435,2.4271081430121164e-06
q3_full_v1,11,5_3C_54PER_4C_NEWSTRUCTURE,A_power,projected,stitched_power_low_p_start_51,2422.1910513255716,finite_scenario,1.4456521739130435,2.5700307364696748e-06
q3_full_v1,11,5_3C_54PER_4C_NEWSTRUCTURE,A_power,projected,stitched_power_low_p_start_101,2326.3625768998386,finite_scenario,1.4456521739130435,2.728033141030709e-06
q3_full_v1,11,5_3C_54PER_4C_NEWSTRUCTURE,A_power,projected,stitched_power_high_p_start_1,1356.056443009216,finite_scenario,1.923913043478261,1.88273121796801e-07
q3_full_v1,11,5_3C_54PER_4C_NEWSTRUCTURE,A_power,projected,stitched_power_high_p_start_51,1365.352042390975,finite_scenario,1.923913043478261,1.8576987863900312e-07
q3_full_v1,11,5_3C_54PER_4C_NEWSTRUCTURE,A_power,projected,stitched_power_high_p_start_101,973.6331199363705,finite_scenario,2.4021739130434785,1.3213017480925048e-08
q3_full_v1,11,5_3C_54PER_4C_NEWSTRUCTURE,A_power,raw,native_prefix_power,1356.5797083920713,finite_scenario,1.923913043478261,1.8813131785361743e-07
q3_full_v1,11,5_3C_54PER_4C_NEWSTRUCTURE,B_strategy,raw,stitched_power_start_1,2345.6595466645836,finite_scenario,1.565217391304348,1.0616237986846032e-06
q3_full_v1,11,5_3C_54PER_4C_NEWSTRUCTURE,B_strategy,raw,stitched_power_start_51,,beyond_5000,1.0869565217391304,1.5475619129865347e-05
q3_full_v1,11,5_3C_54PER_4C_NEWSTRUCTURE,B_strategy,raw,stitched_power_start_101,2969.222112085019,finite_scenario,1.4456521739130435,1.908720391834738e-06
q3_full_v1,11,5_3C_54PER_4C_NEWSTRUCTURE,B_strategy,raw,stitched_power_low_p_start_1,2856.427280951219,finite_scenario,1.4456521739130435,2.0205418955842825e-06
q3_full_v1,11,5_3C_54PER_4C_NEWSTRUCTURE,B_strategy,raw,stitched_power_low_p_start_51,,beyond_5000,1.0869565217391304,1.5475619129865347e-05
q3_full_v1,11,5_3C_54PER_4C_NEWSTRUCTURE,B_strategy,raw,stitched_power_low_p_start_101,2969.222112085019,finite_scenario,1.4456521739130435,1.908720391834738e-06
q3_full_v1,11,5_3C_54PER_4C_NEWSTRUCTURE,B_strategy,raw,stitched_power_high_p_start_1,2345.6595466645836,finite_scenario,1.565217391304348,1.0616237986846032e-06
q3_full_v1,11,5_3C_54PER_4C_NEWSTRUCTURE,B_strategy,raw,stitched_power_high_p_start_51,,beyond_5000,1.0869565217391304,1.5475619129865347e-05
q3_full_v1,11,5_3C_54PER_4C_NEWSTRUCTURE,B_strategy,raw,stitched_power_high_p_start_101,2969.222112085019,finite_scenario,1.4456521739130435,1.908720391834738e-06
q3_full_v1,11,5_3C_54PER_4C_NEWSTRUCTURE,B_strategy,projected,stitched_power_start_1,2344.2274172766865,finite_scenario,1.565217391304348,1.062644014595743e-06
q3_full_v1,11,5_3C_54PER_4C_NEWSTRUCTURE,B_strategy,projected,stitched_power_start_51,,beyond_5000,1.0869565217391304,1.54940613219004e-05
q3_full_v1,11,5_3C_54PER_4C_NEWSTRUCTURE,B_strategy,projected,stitched_power_start_101,2965.3853251152186,finite_scenario,1.4456521739130435,1.9123269710964504e-06
q3_full_v1,11,5_3C_54PER_4C_NEWSTRUCTURE,B_strategy,projected,stitched_power_low_p_start_1,2854.565722445208,finite_scenario,1.4456521739130435,2.0224570502761158e-06
q3_full_v1,11,5_3C_54PER_4C_NEWSTRUCTURE,B_strategy,projected,stitched_power_low_p_start_51,,beyond_5000,1.0869565217391304,1.54940613219004e-05
q3_full_v1,11,5_3C_54PER_4C_NEWSTRUCTURE,B_strategy,projected,stitched_power_low_p_start_101,2965.3853251152186,finite_scenario,1.4456521739130435,1.9123269710964504e-06
q3_full_v1,11,5_3C_54PER_4C_NEWSTRUCTURE,B_strategy,projected,stitched_power_high_p_start_1,2344.2274172766865,finite_scenario,1.565217391304348,1.062644014595743e-06
q3_full_v1,11,5_3C_54PER_4C_NEWSTRUCTURE,B_strategy,projected,stitched_power_high_p_start_51,,beyond_5000,1.0869565217391304,1.54940613219004e-05
q3_full_v1,11,5_3C_54PER_4C_NEWSTRUCTURE,B_strategy,projected,stitched_power_high_p_start_101,2965.3853251152186,finite_scenario,1.4456521739130435,1.9123269710964504e-06
q3_full_v1,11,5_3C_54PER_4C_NEWSTRUCTURE,C_ridge,raw,stitched_power_start_1,2341.5874878409086,finite_scenario,1.565217391304348,1.0645199451086006e-06
q3_full_v1,11,5_3C_54PER_4C_NEWSTRUCTURE,C_ridge,raw,stitched_power_start_51,,beyond_5000,1.0869565217391304,1.5523005101088148e-05
q3_full_v1,11,5_3C_54PER_4C_NEWSTRUCTURE,C_ridge,raw,stitched_power_start_101,3632.817906444148,finite_scenario,1.3260869565217392,3.8045204039079043e-06
q3_full_v1,11,5_3C_54PER_4C_NEWSTRUCTURE,C_ridge,raw,stitched_power_low_p_start_1,2851.026508494576,finite_scenario,1.4456521739130435,2.0260903470564448e-06
q3_full_v1,11,5_3C_54PER_4C_NEWSTRUCTURE,C_ridge,raw,stitched_power_low_p_start_51,,beyond_5000,1.0869565217391304,1.5523005101088148e-05
q3_full_v1,11,5_3C_54PER_4C_NEWSTRUCTURE,C_ridge,raw,stitched_power_low_p_start_101,3632.817906444148,finite_scenario,1.3260869565217392,3.8045204039079043e-06
q3_full_v1,11,5_3C_54PER_4C_NEWSTRUCTURE,C_ridge,raw,stitched_power_high_p_start_1,2341.5874878409086,finite_scenario,1.565217391304348,1.0645199451086006e-06
q3_full_v1,11,5_3C_54PER_4C_NEWSTRUCTURE,C_ridge,raw,stitched_power_high_p_start_51,,beyond_5000,1.0869565217391304,1.5523005101088148e-05
q3_full_v1,11,5_3C_54PER_4C_NEWSTRUCTURE,C_ridge,raw,stitched_power_high_p_start_101,3632.817906444148,finite_scenario,1.3260869565217392,3.8045204039079043e-06
q3_full_v1,11,5_3C_54PER_4C_NEWSTRUCTURE,C_ridge,projected,stitched_power_start_1,2336.4908720339176,finite_scenario,1.565217391304348,1.0681719651468063e-06
q3_full_v1,11,5_3C_54PER_4C_NEWSTRUCTURE,C_ridge,projected,stitched_power_start_51,,beyond_5000,1.0869565217391304,1.558825911081416e-05
q3_full_v1,11,5_3C_54PER_4C_NEWSTRUCTURE,C_ridge,projected,stitched_power_start_101,3616.8473011016063,finite_scenario,1.3260869565217392,3.827035196042934e-06
q3_full_v1,11,5_3C_54PER_4C_NEWSTRUCTURE,C_ridge,projected,stitched_power_low_p_start_1,2844.363566767097,finite_scenario,1.4456521739130435,2.032987132784056e-06
q3_full_v1,11,5_3C_54PER_4C_NEWSTRUCTURE,C_ridge,projected,stitched_power_low_p_start_51,,beyond_5000,1.0869565217391304,1.558825911081416e-05
q3_full_v1,11,5_3C_54PER_4C_NEWSTRUCTURE,C_ridge,projected,stitched_power_low_p_start_101,3616.8473011016063,finite_scenario,1.3260869565217392,3.827035196042934e-06
q3_full_v1,11,5_3C_54PER_4C_NEWSTRUCTURE,C_ridge,projected,stitched_power_high_p_start_1,2336.4908720339176,finite_scenario,1.565217391304348,1.0681719651468063e-06
q3_full_v1,11,5_3C_54PER_4C_NEWSTRUCTURE,C_ridge,projected,stitched_power_high_p_start_51,,beyond_5000,1.0869565217391304,1.558825911081416e-05
q3_full_v1,11,5_3C_54PER_4C_NEWSTRUCTURE,C_ridge,projected,stitched_power_high_p_start_101,3616.8473011016063,finite_scenario,1.3260869565217392,3.827035196042934e-06
q3_full_v1,11,5_3C_54PER_4C_NEWSTRUCTURE,D_ensemble,raw,stitched_power_start_1,2342.4004456002317,finite_scenario,1.565217391304348,1.0639407158238013e-06
q3_full_v1,11,5_3C_54PER_4C_NEWSTRUCTURE,D_ensemble,raw,stitched_power_start_51,,beyond_5000,1.0869565217391304,1.5513527906842994e-05
q3_full_v1,11,5_3C_54PER_4C_NEWSTRUCTURE,D_ensemble,raw,stitched_power_start_101,3633.961284070189,finite_scenario,1.3260869565217392,3.8029367564964875e-06
q3_full_v1,11,5_3C_54PER_4C_NEWSTRUCTURE,D_ensemble,raw,stitched_power_low_p_start_1,2852.104659222195,finite_scenario,1.4456521739130435,2.0249806567619945e-06
q3_full_v1,11,5_3C_54PER_4C_NEWSTRUCTURE,D_ensemble,raw,stitched_power_low_p_start_51,,beyond_5000,1.0869565217391304,1.5513527906842994e-05
q3_full_v1,11,5_3C_54PER_4C_NEWSTRUCTURE,D_ensemble,raw,stitched_power_low_p_start_101,3633.961284070189,finite_scenario,1.3260869565217392,3.8029367564964875e-06
q3_full_v1,11,5_3C_54PER_4C_NEWSTRUCTURE,D_ensemble,raw,stitched_power_high_p_start_1,2342.4004456002317,finite_scenario,1.565217391304348,1.0639407158238013e-06
q3_full_v1,11,5_3C_54PER_4C_NEWSTRUCTURE,D_ensemble,raw,stitched_power_high_p_start_51,,beyond_5000,1.0869565217391304,1.5513527906842994e-05
q3_full_v1,11,5_3C_54PER_4C_NEWSTRUCTURE,D_ensemble,raw,stitched_power_high_p_start_101,3633.961284070189,finite_scenario,1.3260869565217392,3.8029367564964875e-06
q3_full_v1,11,5_3C_54PER_4C_NEWSTRUCTURE,D_ensemble,projected,stitched_power_start_1,2339.1667986154866,finite_scenario,1.565217391304348,1.066253132608242e-06
q3_full_v1,11,5_3C_54PER_4C_NEWSTRUCTURE,D_ensemble,projected,stitched_power_start_51,,beyond_5000,1.0869565217391304,1.5554678700818606e-05
q3_full_v1,11,5_3C_54PER_4C_NEWSTRUCTURE,D_ensemble,projected,stitched_power_start_101,3624.0552211334675,finite_scenario,1.3260869565217392,3.8168610153788986e-06
q3_full_v1,11,5_3C_54PER_4C_NEWSTRUCTURE,D_ensemble,projected,stitched_power_low_p_start_1,2847.8750123870655,finite_scenario,1.4456521739130435,2.0293496620140156e-06
q3_full_v1,11,5_3C_54PER_4C_NEWSTRUCTURE,D_ensemble,projected,stitched_power_low_p_start_51,,beyond_5000,1.0869565217391304,1.5554678700818606e-05
q3_full_v1,11,5_3C_54PER_4C_NEWSTRUCTURE,D_ensemble,projected,stitched_power_low_p_start_101,3624.0552211334675,finite_scenario,1.3260869565217392,3.8168610153788986e-06
q3_full_v1,11,5_3C_54PER_4C_NEWSTRUCTURE,D_ensemble,projected,stitched_power_high_p_start_1,2339.1667986154866,finite_scenario,1.565217391304348,1.066253132608242e-06
q3_full_v1,11,5_3C_54PER_4C_NEWSTRUCTURE,D_ensemble,projected,stitched_power_high_p_start_51,,beyond_5000,1.0869565217391304,1.5554678700818606e-05
q3_full_v1,11,5_3C_54PER_4C_NEWSTRUCTURE,D_ensemble,projected,stitched_power_high_p_start_101,3624.0552211334675,finite_scenario,1.3260869565217392,3.8168610153788986e-06
q3_full_v1,14,5_6C_19PER_4_6C_NEWSTRUCTURE,P0_persistence,raw,stitched_power_start_1,,not_applicable_constant,,
q3_full_v1,14,5_6C_19PER_4_6C_NEWSTRUCTURE,P0_persistence,projected,stitched_power_start_1,,not_applicable_constant,,
q3_full_v1,14,5_6C_19PER_4_6C_NEWSTRUCTURE,P1_linear,raw,stitched_power_start_1,1674.8095516282485,finite_scenario,1.923913043478261,1.2543319316491673e-07
q3_full_v1,14,5_6C_19PER_4_6C_NEWSTRUCTURE,P1_linear,raw,stitched_power_start_51,,beyond_5000,1.2065217391304348,6.787825552335382e-06
q3_full_v1,14,5_6C_19PER_4_6C_NEWSTRUCTURE,P1_linear,raw,stitched_power_start_101,,beyond_5000,1.0869565217391304,1.3888185070912537e-05
q3_full_v1,14,5_6C_19PER_4_6C_NEWSTRUCTURE,P1_linear,raw,stitched_power_low_p_start_1,3335.2172643236763,finite_scenario,1.4456521739130435,1.6158241009089301e-06
q3_full_v1,14,5_6C_19PER_4_6C_NEWSTRUCTURE,P1_linear,raw,stitched_power_low_p_start_51,,beyond_5000,1.2065217391304348,6.787825552335382e-06
q3_full_v1,14,5_6C_19PER_4_6C_NEWSTRUCTURE,P1_linear,raw,stitched_power_low_p_start_101,,beyond_5000,1.0869565217391304,1.3888185070912537e-05
q3_full_v1,14,5_6C_19PER_4_6C_NEWSTRUCTURE,P1_linear,raw,stitched_power_high_p_start_1,1674.8095516282485,finite_scenario,1.923913043478261,1.2543319316491673e-07
q3_full_v1,14,5_6C_19PER_4_6C_NEWSTRUCTURE,P1_linear,raw,stitched_power_high_p_start_51,,beyond_5000,1.2065217391304348,6.787825552335382e-06
q3_full_v1,14,5_6C_19PER_4_6C_NEWSTRUCTURE,P1_linear,raw,stitched_power_high_p_start_101,,beyond_5000,1.0869565217391304,1.3888185070912537e-05
q3_full_v1,14,5_6C_19PER_4_6C_NEWSTRUCTURE,P1_linear,projected,stitched_power_start_1,1674.8095516282485,finite_scenario,1.923913043478261,1.2543319316491673e-07
q3_full_v1,14,5_6C_19PER_4_6C_NEWSTRUCTURE,P1_linear,projected,stitched_power_start_51,,beyond_5000,1.2065217391304348,6.787825552335382e-06
q3_full_v1,14,5_6C_19PER_4_6C_NEWSTRUCTURE,P1_linear,projected,stitched_power_start_101,,beyond_5000,1.0869565217391304,1.3888185070912537e-05
q3_full_v1,14,5_6C_19PER_4_6C_NEWSTRUCTURE,P1_linear,projected,stitched_power_low_p_start_1,3335.2172643236763,finite_scenario,1.4456521739130435,1.6158241009089301e-06
q3_full_v1,14,5_6C_19PER_4_6C_NEWSTRUCTURE,P1_linear,projected,stitched_power_low_p_start_51,,beyond_5000,1.2065217391304348,6.787825552335382e-06
q3_full_v1,14,5_6C_19PER_4_6C_NEWSTRUCTURE,P1_linear,projected,stitched_power_low_p_start_101,,beyond_5000,1.0869565217391304,1.3888185070912537e-05
q3_full_v1,14,5_6C_19PER_4_6C_NEWSTRUCTURE,P1_linear,projected,stitched_power_high_p_start_1,1674.8095516282485,finite_scenario,1.923913043478261,1.2543319316491673e-07
q3_full_v1,14,5_6C_19PER_4_6C_NEWSTRUCTURE,P1_linear,projected,stitched_power_high_p_start_51,,beyond_5000,1.2065217391304348,6.787825552335382e-06
q3_full_v1,14,5_6C_19PER_4_6C_NEWSTRUCTURE,P1_linear,projected,stitched_power_high_p_start_101,,beyond_5000,1.0869565217391304,1.3888185070912537e-05
q3_full_v1,14,5_6C_19PER_4_6C_NEWSTRUCTURE,P1_linear,raw,native_prefix_linear,,beyond_5000,,
q3_full_v1,14,5_6C_19PER_4_6C_NEWSTRUCTURE,A_power,raw,stitched_power_start_1,832.428823373343,finite_scenario,2.641304347826087,3.866973883782171e-09
q3_full_v1,14,5_6C_19PER_4_6C_NEWSTRUCTURE,A_power,raw,stitched_power_start_51,887.9404506926285,finite_scenario,2.5217391304347827,7.3450959069247215e-09
q3_full_v1,14,5_6C_19PER_4_6C_NEWSTRUCTURE,A_power,raw,stitched_power_start_101,750.3544491670763,finite_scenario,2.880434782608696,1.0432872804185611e-09
q3_full_v1,14,5_6C_19PER_4_6C_NEWSTRUCTURE,A_power,raw,stitched_power_low_p_start_1,2703.9226784262346,finite_scenario,1.4456521739130435,2.191952104232226e-06
q3_full_v1,14,5_6C_19PER_4_6C_NEWSTRUCTURE,A_power,raw,stitched_power_low_p_start_51,2449.462203543633,finite_scenario,1.4456521739130435,2.5351180465813794e-06
q3_full_v1,14,5_6C_19PER_4_6C_NEWSTRUCTURE,A_power,raw,stitched_power_low_p_start_101,2236.203086002582,finite_scenario,1.4456521739130435,2.9005725779833398e-06
q3_full_v1,14,5_6C_19PER_4_6C_NEWSTRUCTURE,A_power,raw,stitched_power_high_p_start_1,832.428823373343,finite_scenario,2.641304347826087,3.866973883782171e-09
q3_full_v1,14,5_6C_19PER_4_6C_NEWSTRUCTURE,A_power,raw,stitched_power_high_p_start_51,887.9404506926285,finite_scenario,2.5217391304347827,7.3450959069247215e-09
q3_full_v1,14,5_6C_19PER_4_6C_NEWSTRUCTURE,A_power,raw,stitched_power_high_p_start_101,750.3544491670763,finite_scenario,2.880434782608696,1.0432872804185611e-09
q3_full_v1,14,5_6C_19PER_4_6C_NEWSTRUCTURE,A_power,projected,stitched_power_start_1,832.428823373343,finite_scenario,2.641304347826087,3.866973883782171e-09
q3_full_v1,14,5_6C_19PER_4_6C_NEWSTRUCTURE,A_power,projected,stitched_power_start_51,887.9404506926285,finite_scenario,2.5217391304347827,7.3450959069247215e-09
q3_full_v1,14,5_6C_19PER_4_6C_NEWSTRUCTURE,A_power,projected,stitched_power_start_101,750.3544491670763,finite_scenario,2.880434782608696,1.0432872804185611e-09
q3_full_v1,14,5_6C_19PER_4_6C_NEWSTRUCTURE,A_power,projected,stitched_power_low_p_start_1,2703.9226784262346,finite_scenario,1.4456521739130435,2.191952104232226e-06
q3_full_v1,14,5_6C_19PER_4_6C_NEWSTRUCTURE,A_power,projected,stitched_power_low_p_start_51,2449.462203543633,finite_scenario,1.4456521739130435,2.5351180465813794e-06
q3_full_v1,14,5_6C_19PER_4_6C_NEWSTRUCTURE,A_power,projected,stitched_power_low_p_start_101,2236.203086002582,finite_scenario,1.4456521739130435,2.9005725779833398e-06
q3_full_v1,14,5_6C_19PER_4_6C_NEWSTRUCTURE,A_power,projected,stitched_power_high_p_start_1,832.428823373343,finite_scenario,2.641304347826087,3.866973883782171e-09
q3_full_v1,14,5_6C_19PER_4_6C_NEWSTRUCTURE,A_power,projected,stitched_power_high_p_start_51,887.9404506926285,finite_scenario,2.5217391304347827,7.3450959069247215e-09
q3_full_v1,14,5_6C_19PER_4_6C_NEWSTRUCTURE,A_power,projected,stitched_power_high_p_start_101,750.3544491670763,finite_scenario,2.880434782608696,1.0432872804185611e-09
q3_full_v1,14,5_6C_19PER_4_6C_NEWSTRUCTURE,A_power,raw,native_prefix_power,832.3502652379804,finite_scenario,2.641304347826087,3.867954998166539e-09
q3_full_v1,14,5_6C_19PER_4_6C_NEWSTRUCTURE,B_strategy,raw,stitched_power_start_1,1254.2952437303798,finite_scenario,2.1630434782608696,3.9722190895593225e-08
q3_full_v1,14,5_6C_19PER_4_6C_NEWSTRUCTURE,B_strategy,raw,stitched_power_start_51,1750.7976785679966,finite_scenario,1.8043478260869565,2.816693406738311e-07
q3_full_v1,14,5_6C_19PER_4_6C_NEWSTRUCTURE,B_strategy,raw,stitched_power_start_101,1401.552335173688,finite_scenario,2.0434782608695654,7.43065976201516e-08
q3_full_v1,14,5_6C_19PER_4_6C_NEWSTRUCTURE,B_strategy,raw,stitched_power_low_p_start_1,3081.954428771857,finite_scenario,1.4456521739130435,1.8122581887360305e-06
q3_full_v1,14,5_6C_19PER_4_6C_NEWSTRUCTURE,B_strategy,raw,stitched_power_low_p_start_51,2850.734682593514,finite_scenario,1.4456521739130435,2.031854601204886e-06
q3_full_v1,14,5_6C_19PER_4_6C_NEWSTRUCTURE,B_strategy,raw,stitched_power_low_p_start_101,2757.0090882431527,finite_scenario,1.4456521739130435,2.1342557971470734e-06
q3_full_v1,14,5_6C_19PER_4_6C_NEWSTRUCTURE,B_strategy,raw,stitched_power_high_p_start_1,1254.2952437303798,finite_scenario,2.1630434782608696,3.9722190895593225e-08
q3_full_v1,14,5_6C_19PER_4_6C_NEWSTRUCTURE,B_strategy,raw,stitched_power_high_p_start_51,1750.7976785679966,finite_scenario,1.8043478260869565,2.816693406738311e-07
q3_full_v1,14,5_6C_19PER_4_6C_NEWSTRUCTURE,B_strategy,raw,stitched_power_high_p_start_101,1401.552335173688,finite_scenario,2.0434782608695654,7.43065976201516e-08
q3_full_v1,14,5_6C_19PER_4_6C_NEWSTRUCTURE,B_strategy,projected,stitched_power_start_1,1253.9385635618303,finite_scenario,2.1630434782608696,3.9746745241526925e-08
q3_full_v1,14,5_6C_19PER_4_6C_NEWSTRUCTURE,B_strategy,projected,stitched_power_start_51,1750.0971804153837,finite_scenario,1.8043478260869565,2.8187431144107376e-07
q3_full_v1,14,5_6C_19PER_4_6C_NEWSTRUCTURE,B_strategy,projected,stitched_power_start_101,1273.3882467306303,finite_scenario,2.1630434782608696,3.842761525474972e-08
q3_full_v1,14,5_6C_19PER_4_6C_NEWSTRUCTURE,B_strategy,projected,stitched_power_low_p_start_1,3080.7865461298948,finite_scenario,1.4456521739130435,1.8132574294547293e-06
q3_full_v1,14,5_6C_19PER_4_6C_NEWSTRUCTURE,B_strategy,projected,stitched_power_low_p_start_51,2849.3800896358525,finite_scenario,1.4456521739130435,2.0332642012154756e-06
q3_full_v1,14,5_6C_19PER_4_6C_NEWSTRUCTURE,B_strategy,projected,stitched_power_low_p_start_101,2754.8205089344538,finite_scenario,1.4456521739130435,2.1367399534494223e-06
q3_full_v1,14,5_6C_19PER_4_6C_NEWSTRUCTURE,B_strategy,projected,stitched_power_high_p_start_1,1253.9385635618303,finite_scenario,2.1630434782608696,3.9746745241526925e-08
q3_full_v1,14,5_6C_19PER_4_6C_NEWSTRUCTURE,B_strategy,projected,stitched_power_high_p_start_51,1750.0971804153837,finite_scenario,1.8043478260869565,2.8187431144107376e-07
q3_full_v1,14,5_6C_19PER_4_6C_NEWSTRUCTURE,B_strategy,projected,stitched_power_high_p_start_101,1273.3882467306303,finite_scenario,2.1630434782608696,3.842761525474972e-08
q3_full_v1,14,5_6C_19PER_4_6C_NEWSTRUCTURE,C_ridge,raw,stitched_power_start_1,1253.689700147714,finite_scenario,2.1630434782608696,3.976354166166621e-08
q3_full_v1,14,5_6C_19PER_4_6C_NEWSTRUCTURE,C_ridge,raw,stitched_power_start_51,1749.9170010158805,finite_scenario,1.8043478260869565,2.8192381215318653e-07
q3_full_v1,14,5_6C_19PER_4_6C_NEWSTRUCTURE,C_ridge,raw,stitched_power_start_101,1401.8948484969544,finite_scenario,2.0434782608695654,7.426763123485137e-08
q3_full_v1,14,5_6C_19PER_4_6C_NEWSTRUCTURE,C_ridge,raw,stitched_power_low_p_start_1,3079.2845734689563,finite_scenario,1.4456521739130435,1.8145303210668213e-06
q3_full_v1,14,5_6C_19PER_4_6C_NEWSTRUCTURE,C_ridge,raw,stitched_power_low_p_start_51,2848.7096649219166,finite_scenario,1.4456521739130435,2.033940216367456e-06
q3_full_v1,14,5_6C_19PER_4_6C_NEWSTRUCTURE,C_ridge,raw,stitched_power_low_p_start_101,2757.4098104906748,finite_scenario,1.4456521739130435,2.133758980022449e-06
q3_full_v1,14,5_6C_19PER_4_6C_NEWSTRUCTURE,C_ridge,raw,stitched_power_high_p_start_1,1253.689700147714,finite_scenario,2.1630434782608696,3.976354166166621e-08
q3_full_v1,14,5_6C_19PER_4_6C_NEWSTRUCTURE,C_ridge,raw,stitched_power_high_p_start_51,1749.9170010158805,finite_scenario,1.8043478260869565,2.8192381215318653e-07
q3_full_v1,14,5_6C_19PER_4_6C_NEWSTRUCTURE,C_ridge,raw,stitched_power_high_p_start_101,1401.8948484969544,finite_scenario,2.0434782608695654,7.426763123485137e-08
q3_full_v1,14,5_6C_19PER_4_6C_NEWSTRUCTURE,C_ridge,projected,stitched_power_start_1,1251.9874755802298,finite_scenario,2.1630434782608696,3.988090874709951e-08
q3_full_v1,14,5_6C_19PER_4_6C_NEWSTRUCTURE,C_ridge,projected,stitched_power_start_51,1746.7246494639974,finite_scenario,1.8043478260869565,2.8285931670472907e-07
q3_full_v1,14,5_6C_19PER_4_6C_NEWSTRUCTURE,C_ridge,projected,stitched_power_start_101,1398.9032637612327,finite_scenario,2.0434782608695654,7.459462801550812e-08
q3_full_v1,14,5_6C_19PER_4_6C_NEWSTRUCTURE,C_ridge,projected,stitched_power_low_p_start_1,3073.2732174411444,finite_scenario,1.4456521739130435,1.8196871603463237e-06
q3_full_v1,14,5_6C_19PER_4_6C_NEWSTRUCTURE,C_ridge,projected,stitched_power_low_p_start_51,2842.320671942888,finite_scenario,1.4456521739130435,2.040602659625711e-06
q3_full_v1,14,5_6C_19PER_4_6C_NEWSTRUCTURE,C_ridge,projected,stitched_power_low_p_start_101,2749.0747664002924,finite_scenario,1.4456521739130435,2.1432190319015723e-06
q3_full_v1,14,5_6C_19PER_4_6C_NEWSTRUCTURE,C_ridge,projected,stitched_power_high_p_start_1,1251.9874755802298,finite_scenario,2.1630434782608696,3.988090874709951e-08
q3_full_v1,14,5_6C_19PER_4_6C_NEWSTRUCTURE,C_ridge,projected,stitched_power_high_p_start_51,1746.7246494639974,finite_scenario,1.8043478260869565,2.8285931670472907e-07
q3_full_v1,14,5_6C_19PER_4_6C_NEWSTRUCTURE,C_ridge,projected,stitched_power_high_p_start_101,1398.9032637612327,finite_scenario,2.0434782608695654,7.459462801550812e-08
q3_full_v1,14,5_6C_19PER_4_6C_NEWSTRUCTURE,D_ensemble,raw,stitched_power_start_1,1253.8107352833701,finite_scenario,2.1630434782608696,3.97552715084521e-08
q3_full_v1,14,5_6C_19PER_4_6C_NEWSTRUCTURE,D_ensemble,raw,stitched_power_start_51,1750.0930378170117,finite_scenario,1.8043478260869565,2.818729178573291e-07
q3_full_v1,14,5_6C_19PER_4_6C_NEWSTRUCTURE,D_ensemble,raw,stitched_power_start_101,1401.8263240702356,finite_scenario,2.0434782608695654,7.427542451191524e-08
q3_full_v1,14,5_6C_19PER_4_6C_NEWSTRUCTURE,D_ensemble,raw,stitched_power_low_p_start_1,3079.81809193577,finite_scenario,1.4456521739130435,1.81407589460061e-06
q3_full_v1,14,5_6C_19PER_4_6C_NEWSTRUCTURE,D_ensemble,raw,stitched_power_low_p_start_51,2849.114387431761,finite_scenario,1.4456521739130435,2.0335230933348426e-06
q3_full_v1,14,5_6C_19PER_4_6C_NEWSTRUCTURE,D_ensemble,raw,stitched_power_low_p_start_101,2757.3296531901005,finite_scenario,1.4456521739130435,2.1338583434472776e-06
q3_full_v1,14,5_6C_19PER_4_6C_NEWSTRUCTURE,D_ensemble,raw,stitched_power_high_p_start_1,1253.8107352833701,finite_scenario,2.1630434782608696,3.97552715084521e-08
q3_full_v1,14,5_6C_19PER_4_6C_NEWSTRUCTURE,D_ensemble,raw,stitched_power_high_p_start_51,1750.0930378170117,finite_scenario,1.8043478260869565,2.818729178573291e-07
q3_full_v1,14,5_6C_19PER_4_6C_NEWSTRUCTURE,D_ensemble,raw,stitched_power_high_p_start_101,1401.8263240702356,finite_scenario,2.0434782608695654,7.427542451191524e-08
q3_full_v1,14,5_6C_19PER_4_6C_NEWSTRUCTURE,D_ensemble,projected,stitched_power_start_1,1252.7384467049376,finite_scenario,2.1630434782608696,3.9829150175009e-08
q3_full_v1,14,5_6C_19PER_4_6C_NEWSTRUCTURE,D_ensemble,projected,stitched_power_start_51,1748.0611062873777,finite_scenario,1.8043478260869565,2.82467899086837e-07
q3_full_v1,14,5_6C_19PER_4_6C_NEWSTRUCTURE,D_ensemble,projected,stitched_power_start_101,1399.8098762009727,finite_scenario,2.0434782608695654,7.449578754019869e-08
q3_full_v1,14,5_6C_19PER_4_6C_NEWSTRUCTURE,D_ensemble,projected,stitched_power_low_p_start_1,3076.0903280975926,finite_scenario,1.4456521739130435,1.8172704201122302e-06
q3_full_v1,14,5_6C_19PER_4_6C_NEWSTRUCTURE,D_ensemble,projected,stitched_power_low_p_start_51,2845.078121699826,finite_scenario,1.4456521739130435,2.0377280369234417e-06
q3_full_v1,14,5_6C_19PER_4_6C_NEWSTRUCTURE,D_ensemble,projected,stitched_power_low_p_start_101,2751.7873523618755,finite_scenario,1.4456521739130435,2.1401452801281777e-06
q3_full_v1,14,5_6C_19PER_4_6C_NEWSTRUCTURE,D_ensemble,projected,stitched_power_high_p_start_1,1252.7384467049376,finite_scenario,2.1630434782608696,3.9829150175009e-08
q3_full_v1,14,5_6C_19PER_4_6C_NEWSTRUCTURE,D_ensemble,projected,stitched_power_high_p_start_51,1748.0611062873777,finite_scenario,1.8043478260869565,2.82467899086837e-07
q3_full_v1,14,5_6C_19PER_4_6C_NEWSTRUCTURE,D_ensemble,projected,stitched_power_high_p_start_101,1399.8098762009727,finite_scenario,2.0434782608695654,7.449578754019869e-08
q3_full_v1,16,3_7C_31PER_5_9C_NEWSTRUCTURE,P0_persistence,raw,stitched_power_start_1,,not_applicable_constant,,
q3_full_v1,16,3_7C_31PER_5_9C_NEWSTRUCTURE,P0_persistence,projected,stitched_power_start_1,,not_applicable_constant,,
q3_full_v1,16,3_7C_31PER_5_9C_NEWSTRUCTURE,P1_linear,raw,stitched_power_start_1,912.3876699976947,finite_scenario,1.0869565217391304,0.00012126643613670057
q3_full_v1,16,3_7C_31PER_5_9C_NEWSTRUCTURE,P1_linear,raw,stitched_power_start_51,918.8222903728723,finite_scenario,1.0869565217391304,0.00012019112941210887
q3_full_v1,16,3_7C_31PER_5_9C_NEWSTRUCTURE,P1_linear,raw,stitched_power_start_101,1035.636467938713,finite_scenario,0.9673913043478262,0.00024618706831079136
q3_full_v1,16,3_7C_31PER_5_9C_NEWSTRUCTURE,P1_linear,raw,stitched_power_low_p_start_1,912.3876699976947,finite_scenario,1.0869565217391304,0.00012126643613670057
q3_full_v1,16,3_7C_31PER_5_9C_NEWSTRUCTURE,P1_linear,raw,stitched_power_low_p_start_51,918.8222903728723,finite_scenario,1.0869565217391304,0.00012019112941210887
q3_full_v1,16,3_7C_31PER_5_9C_NEWSTRUCTURE,P1_linear,raw,stitched_power_low_p_start_101,1035.636467938713,finite_scenario,0.9673913043478262,0.00024618706831079136
q3_full_v1,16,3_7C_31PER_5_9C_NEWSTRUCTURE,P1_linear,raw,stitched_power_high_p_start_1,912.3876699976947,finite_scenario,1.0869565217391304,0.00012126643613670057
q3_full_v1,16,3_7C_31PER_5_9C_NEWSTRUCTURE,P1_linear,raw,stitched_power_high_p_start_51,918.8222903728723,finite_scenario,1.0869565217391304,0.00012019112941210887
q3_full_v1,16,3_7C_31PER_5_9C_NEWSTRUCTURE,P1_linear,raw,stitched_power_high_p_start_101,1035.636467938713,finite_scenario,0.9673913043478262,0.00024618706831079136
q3_full_v1,16,3_7C_31PER_5_9C_NEWSTRUCTURE,P1_linear,projected,stitched_power_start_1,912.3876699976947,finite_scenario,1.0869565217391304,0.00012126643613670057
q3_full_v1,16,3_7C_31PER_5_9C_NEWSTRUCTURE,P1_linear,projected,stitched_power_start_51,918.8222903728723,finite_scenario,1.0869565217391304,0.00012019112941210887
q3_full_v1,16,3_7C_31PER_5_9C_NEWSTRUCTURE,P1_linear,projected,stitched_power_start_101,1035.636467938713,finite_scenario,0.9673913043478262,0.00024618706831079136
q3_full_v1,16,3_7C_31PER_5_9C_NEWSTRUCTURE,P1_linear,projected,stitched_power_low_p_start_1,912.3876699976947,finite_scenario,1.0869565217391304,0.00012126643613670057
q3_full_v1,16,3_7C_31PER_5_9C_NEWSTRUCTURE,P1_linear,projected,stitched_power_low_p_start_51,918.8222903728723,finite_scenario,1.0869565217391304,0.00012019112941210887
q3_full_v1,16,3_7C_31PER_5_9C_NEWSTRUCTURE,P1_linear,projected,stitched_power_low_p_start_101,1035.636467938713,finite_scenario,0.9673913043478262,0.00024618706831079136
q3_full_v1,16,3_7C_31PER_5_9C_NEWSTRUCTURE,P1_linear,projected,stitched_power_high_p_start_1,912.3876699976947,finite_scenario,1.0869565217391304,0.00012126643613670057
q3_full_v1,16,3_7C_31PER_5_9C_NEWSTRUCTURE,P1_linear,projected,stitched_power_high_p_start_51,918.8222903728723,finite_scenario,1.0869565217391304,0.00012019112941210887
q3_full_v1,16,3_7C_31PER_5_9C_NEWSTRUCTURE,P1_linear,projected,stitched_power_high_p_start_101,1035.636467938713,finite_scenario,0.9673913043478262,0.00024618706831079136
q3_full_v1,16,3_7C_31PER_5_9C_NEWSTRUCTURE,P1_linear,raw,native_prefix_linear,1016.6377665293099,finite_scenario,,
q3_full_v1,16,3_7C_31PER_5_9C_NEWSTRUCTURE,A_power,raw,stitched_power_start_1,908.4315615949181,finite_scenario,1.0869565217391304,0.00012188437255491263
q3_full_v1,16,3_7C_31PER_5_9C_NEWSTRUCTURE,A_power,raw,stitched_power_start_51,912.7460380497781,finite_scenario,1.0869565217391304,0.00012115486390128609
q3_full_v1,16,3_7C_31PER_5_9C_NEWSTRUCTURE,A_power,raw,stitched_power_start_101,907.5170317030143,finite_scenario,1.0869565217391304,0.00012205617739656491
q3_full_v1,16,3_7C_31PER_5_9C_NEWSTRUCTURE,A_power,raw,stitched_power_low_p_start_1,908.4315615949181,finite_scenario,1.0869565217391304,0.00012188437255491263
q3_full_v1,16,3_7C_31PER_5_9C_NEWSTRUCTURE,A_power,raw,stitched_power_low_p_start_51,912.7460380497781,finite_scenario,1.0869565217391304,0.00012115486390128609
q3_full_v1,16,3_7C_31PER_5_9C_NEWSTRUCTURE,A_power,raw,stitched_power_low_p_start_101,907.5170317030143,finite_scenario,1.0869565217391304,0.00012205617739656491
q3_full_v1,16,3_7C_31PER_5_9C_NEWSTRUCTURE,A_power,raw,stitched_power_high_p_start_1,908.4315615949181,finite_scenario,1.0869565217391304,0.00012188437255491263
q3_full_v1,16,3_7C_31PER_5_9C_NEWSTRUCTURE,A_power,raw,stitched_power_high_p_start_51,912.7460380497781,finite_scenario,1.0869565217391304,0.00012115486390128609
q3_full_v1,16,3_7C_31PER_5_9C_NEWSTRUCTURE,A_power,raw,stitched_power_high_p_start_101,907.5170317030143,finite_scenario,1.0869565217391304,0.00012205617739656491
q3_full_v1,16,3_7C_31PER_5_9C_NEWSTRUCTURE,A_power,projected,stitched_power_start_1,908.4315615949181,finite_scenario,1.0869565217391304,0.00012188437255491263
q3_full_v1,16,3_7C_31PER_5_9C_NEWSTRUCTURE,A_power,projected,stitched_power_start_51,912.7460380497781,finite_scenario,1.0869565217391304,0.00012115486390128609
q3_full_v1,16,3_7C_31PER_5_9C_NEWSTRUCTURE,A_power,projected,stitched_power_start_101,907.5170317030143,finite_scenario,1.0869565217391304,0.00012205617739656491
q3_full_v1,16,3_7C_31PER_5_9C_NEWSTRUCTURE,A_power,projected,stitched_power_low_p_start_1,908.4315615949181,finite_scenario,1.0869565217391304,0.00012188437255491263
q3_full_v1,16,3_7C_31PER_5_9C_NEWSTRUCTURE,A_power,projected,stitched_power_low_p_start_51,912.7460380497781,finite_scenario,1.0869565217391304,0.00012115486390128609
q3_full_v1,16,3_7C_31PER_5_9C_NEWSTRUCTURE,A_power,projected,stitched_power_low_p_start_101,907.5170317030143,finite_scenario,1.0869565217391304,0.00012205617739656491
q3_full_v1,16,3_7C_31PER_5_9C_NEWSTRUCTURE,A_power,projected,stitched_power_high_p_start_1,908.4315615949181,finite_scenario,1.0869565217391304,0.00012188437255491263
q3_full_v1,16,3_7C_31PER_5_9C_NEWSTRUCTURE,A_power,projected,stitched_power_high_p_start_51,912.7460380497781,finite_scenario,1.0869565217391304,0.00012115486390128609
q3_full_v1,16,3_7C_31PER_5_9C_NEWSTRUCTURE,A_power,projected,stitched_power_high_p_start_101,907.5170317030143,finite_scenario,1.0869565217391304,0.00012205617739656491
q3_full_v1,16,3_7C_31PER_5_9C_NEWSTRUCTURE,A_power,raw,native_prefix_power,908.7736367008802,finite_scenario,1.0869565217391304,0.00012182804242871724
q3_full_v1,16,3_7C_31PER_5_9C_NEWSTRUCTURE,B_strategy,raw,stitched_power_start_1,912.7789312475898,finite_scenario,1.0869565217391304,0.00012120741167609155
q3_full_v1,16,3_7C_31PER_5_9C_NEWSTRUCTURE,B_strategy,raw,stitched_power_start_51,919.3101874101526,finite_scenario,1.0869565217391304,0.00012011714463184884
q3_full_v1,16,3_7C_31PER_5_9C_NEWSTRUCTURE,B_strategy,raw,stitched_power_start_101,1036.2055993485442,finite_scenario,0.9673913043478262,0.00024604626164827144
q3_full_v1,16,3_7C_31PER_5_9C_NEWSTRUCTURE,B_strategy,raw,stitched_power_low_p_start_1,912.7789312475898,finite_scenario,1.0869565217391304,0.00012120741167609155
q3_full_v1,16,3_7C_31PER_5_9C_NEWSTRUCTURE,B_strategy,raw,stitched_power_low_p_start_51,919.3101874101526,finite_scenario,1.0869565217391304,0.00012011714463184884
q3_full_v1,16,3_7C_31PER_5_9C_NEWSTRUCTURE,B_strategy,raw,stitched_power_low_p_start_101,1036.2055993485442,finite_scenario,0.9673913043478262,0.00024604626164827144
q3_full_v1,16,3_7C_31PER_5_9C_NEWSTRUCTURE,B_strategy,raw,stitched_power_high_p_start_1,912.7789312475898,finite_scenario,1.0869565217391304,0.00012120741167609155
q3_full_v1,16,3_7C_31PER_5_9C_NEWSTRUCTURE,B_strategy,raw,stitched_power_high_p_start_51,919.3101874101526,finite_scenario,1.0869565217391304,0.00012011714463184884
q3_full_v1,16,3_7C_31PER_5_9C_NEWSTRUCTURE,B_strategy,raw,stitched_power_high_p_start_101,1036.2055993485442,finite_scenario,0.9673913043478262,0.00024604626164827144
q3_full_v1,16,3_7C_31PER_5_9C_NEWSTRUCTURE,B_strategy,projected,stitched_power_start_1,912.4476266846209,finite_scenario,1.0869565217391304,0.00012125832929428652
q3_full_v1,16,3_7C_31PER_5_9C_NEWSTRUCTURE,B_strategy,projected,stitched_power_start_51,918.8357511244932,finite_scenario,1.0869565217391304,0.00012019090823584473
q3_full_v1,16,3_7C_31PER_5_9C_NEWSTRUCTURE,B_strategy,projected,stitched_power_start_101,1035.2911752138496,finite_scenario,0.9673913043478262,0.00024628703999164485
q3_full_v1,16,3_7C_31PER_5_9C_NEWSTRUCTURE,B_strategy,projected,stitched_power_low_p_start_1,912.4476266846209,finite_scenario,1.0869565217391304,0.00012125832929428652
q3_full_v1,16,3_7C_31PER_5_9C_NEWSTRUCTURE,B_strategy,projected,stitched_power_low_p_start_51,918.8357511244932,finite_scenario,1.0869565217391304,0.00012019090823584473
q3_full_v1,16,3_7C_31PER_5_9C_NEWSTRUCTURE,B_strategy,projected,stitched_power_low_p_start_101,1035.2911752138496,finite_scenario,0.9673913043478262,0.00024628703999164485
q3_full_v1,16,3_7C_31PER_5_9C_NEWSTRUCTURE,B_strategy,projected,stitched_power_high_p_start_1,912.4476266846209,finite_scenario,1.0869565217391304,0.00012125832929428652
q3_full_v1,16,3_7C_31PER_5_9C_NEWSTRUCTURE,B_strategy,projected,stitched_power_high_p_start_51,918.8357511244932,finite_scenario,1.0869565217391304,0.00012019090823584473
q3_full_v1,16,3_7C_31PER_5_9C_NEWSTRUCTURE,B_strategy,projected,stitched_power_high_p_start_101,1035.2911752138496,finite_scenario,0.9673913043478262,0.00024628703999164485
q3_full_v1,16,3_7C_31PER_5_9C_NEWSTRUCTURE,C_ridge,raw,stitched_power_start_1,916.0811587720174,finite_scenario,1.0869565217391304,0.00012070198701609088
q3_full_v1,16,3_7C_31PER_5_9C_NEWSTRUCTURE,C_ridge,raw,stitched_power_start_51,924.0588386038401,finite_scenario,1.0869565217391304,0.00011938336513316205
q3_full_v1,16,3_7C_31PER_5_9C_NEWSTRUCTURE,C_ridge,raw,stitched_power_start_101,1045.4412028816141,finite_scenario,0.9673913043478262,0.00024363980944302682
q3_full_v1,16,3_7C_31PER_5_9C_NEWSTRUCTURE,C_ridge,raw,stitched_power_low_p_start_1,916.0811587720174,finite_scenario,1.0869565217391304,0.00012070198701609088
q3_full_v1,16,3_7C_31PER_5_9C_NEWSTRUCTURE,C_ridge,raw,stitched_power_low_p_start_51,924.0588386038401,finite_scenario,1.0869565217391304,0.00011938336513316205
q3_full_v1,16,3_7C_31PER_5_9C_NEWSTRUCTURE,C_ridge,raw,stitched_power_low_p_start_101,1045.4412028816141,finite_scenario,0.9673913043478262,0.00024363980944302682
q3_full_v1,16,3_7C_31PER_5_9C_NEWSTRUCTURE,C_ridge,raw,stitched_power_high_p_start_1,916.0811587720174,finite_scenario,1.0869565217391304,0.00012070198701609088
q3_full_v1,16,3_7C_31PER_5_9C_NEWSTRUCTURE,C_ridge,raw,stitched_power_high_p_start_51,924.0588386038401,finite_scenario,1.0869565217391304,0.00011938336513316205
q3_full_v1,16,3_7C_31PER_5_9C_NEWSTRUCTURE,C_ridge,raw,stitched_power_high_p_start_101,1045.4412028816141,finite_scenario,0.9673913043478262,0.00024363980944302682
q3_full_v1,16,3_7C_31PER_5_9C_NEWSTRUCTURE,C_ridge,projected,stitched_power_start_1,911.4917631687039,finite_scenario,1.0869565217391304,0.00012140216543588561
q3_full_v1,16,3_7C_31PER_5_9C_NEWSTRUCTURE,C_ridge,projected,stitched_power_start_51,917.6817662657065,finite_scenario,1.0869565217391304,0.00012036513157744672
q3_full_v1,16,3_7C_31PER_5_9C_NEWSTRUCTURE,C_ridge,projected,stitched_power_start_101,1034.1267308153406,finite_scenario,0.9673913043478262,0.000246568054253243
q3_full_v1,16,3_7C_31PER_5_9C_NEWSTRUCTURE,C_ridge,projected,stitched_power_low_p_start_1,911.4917631687039,finite_scenario,1.0869565217391304,0.00012140216543588561
q3_full_v1,16,3_7C_31PER_5_9C_NEWSTRUCTURE,C_ridge,projected,stitched_power_low_p_start_51,917.6817662657065,finite_scenario,1.0869565217391304,0.00012036513157744672
q3_full_v1,16,3_7C_31PER_5_9C_NEWSTRUCTURE,C_ridge,projected,stitched_power_low_p_start_101,1034.1267308153406,finite_scenario,0.9673913043478262,0.000246568054253243
q3_full_v1,16,3_7C_31PER_5_9C_NEWSTRUCTURE,C_ridge,projected,stitched_power_high_p_start_1,911.4917631687039,finite_scenario,1.0869565217391304,0.00012140216543588561
q3_full_v1,16,3_7C_31PER_5_9C_NEWSTRUCTURE,C_ridge,projected,stitched_power_high_p_start_51,917.6817662657065,finite_scenario,1.0869565217391304,0.00012036513157744672
q3_full_v1,16,3_7C_31PER_5_9C_NEWSTRUCTURE,C_ridge,projected,stitched_power_high_p_start_101,1034.1267308153406,finite_scenario,0.9673913043478262,0.000246568054253243
q3_full_v1,16,3_7C_31PER_5_9C_NEWSTRUCTURE,D_ensemble,raw,stitched_power_start_1,915.4185858216667,finite_scenario,1.0869565217391304,0.00012080307194809038
q3_full_v1,16,3_7C_31PER_5_9C_NEWSTRUCTURE,D_ensemble,raw,stitched_power_start_51,923.1046148706613,finite_scenario,1.0869565217391304,0.0001195301210328989
q3_full_v1,16,3_7C_31PER_5_9C_NEWSTRUCTURE,D_ensemble,raw,stitched_power_start_101,1043.5793007393227,finite_scenario,0.9673913043478262,0.00024412109988407448
q3_full_v1,16,3_7C_31PER_5_9C_NEWSTRUCTURE,D_ensemble,raw,stitched_power_low_p_start_1,915.4185858216667,finite_scenario,1.0869565217391304,0.00012080307194809038
q3_full_v1,16,3_7C_31PER_5_9C_NEWSTRUCTURE,D_ensemble,raw,stitched_power_low_p_start_51,923.1046148706613,finite_scenario,1.0869565217391304,0.0001195301210328989
q3_full_v1,16,3_7C_31PER_5_9C_NEWSTRUCTURE,D_ensemble,raw,stitched_power_low_p_start_101,1043.5793007393227,finite_scenario,0.9673913043478262,0.00024412109988407448
q3_full_v1,16,3_7C_31PER_5_9C_NEWSTRUCTURE,D_ensemble,raw,stitched_power_high_p_start_1,915.4185858216667,finite_scenario,1.0869565217391304,0.00012080307194809038
q3_full_v1,16,3_7C_31PER_5_9C_NEWSTRUCTURE,D_ensemble,raw,stitched_power_high_p_start_51,923.1046148706613,finite_scenario,1.0869565217391304,0.0001195301210328989
q3_full_v1,16,3_7C_31PER_5_9C_NEWSTRUCTURE,D_ensemble,raw,stitched_power_high_p_start_101,1043.5793007393227,finite_scenario,0.9673913043478262,0.00024412109988407448
q3_full_v1,16,3_7C_31PER_5_9C_NEWSTRUCTURE,D_ensemble,projected,stitched_power_start_1,912.5822170885832,finite_scenario,1.0869565217391304,0.00012123568348343403
q3_full_v1,16,3_7C_31PER_5_9C_NEWSTRUCTURE,D_ensemble,projected,stitched_power_start_51,919.1558850816127,finite_scenario,1.0869565217391304,0.00012013783234038496
q3_full_v1,16,3_7C_31PER_5_9C_NEWSTRUCTURE,D_ensemble,projected,stitched_power_start_101,1036.5389180835123,finite_scenario,0.9673913043478262,0.0002459430501330883
q3_full_v1,16,3_7C_31PER_5_9C_NEWSTRUCTURE,D_ensemble,projected,stitched_power_low_p_start_1,912.5822170885832,finite_scenario,1.0869565217391304,0.00012123568348343403
q3_full_v1,16,3_7C_31PER_5_9C_NEWSTRUCTURE,D_ensemble,projected,stitched_power_low_p_start_51,919.1558850816127,finite_scenario,1.0869565217391304,0.00012013783234038496
q3_full_v1,16,3_7C_31PER_5_9C_NEWSTRUCTURE,D_ensemble,projected,stitched_power_low_p_start_101,1036.5389180835123,finite_scenario,0.9673913043478262,0.0002459430501330883
q3_full_v1,16,3_7C_31PER_5_9C_NEWSTRUCTURE,D_ensemble,projected,stitched_power_high_p_start_1,912.5822170885832,finite_scenario,1.0869565217391304,0.00012123568348343403
q3_full_v1,16,3_7C_31PER_5_9C_NEWSTRUCTURE,D_ensemble,projected,stitched_power_high_p_start_51,919.1558850816127,finite_scenario,1.0869565217391304,0.00012013783234038496
q3_full_v1,16,3_7C_31PER_5_9C_NEWSTRUCTURE,D_ensemble,projected,stitched_power_high_p_start_101,1036.5389180835123,finite_scenario,0.9673913043478262,0.0002459430501330883
q3_full_v1,24,5_6C_36PER_4_3C_NEWSTRUCTURE,P0_persistence,raw,stitched_power_start_1,,not_applicable_constant,,
q3_full_v1,24,5_6C_36PER_4_3C_NEWSTRUCTURE,P0_persistence,projected,stitched_power_start_1,,not_applicable_constant,,
q3_full_v1,24,5_6C_36PER_4_3C_NEWSTRUCTURE,P1_linear,raw,stitched_power_start_1,989.2752027120445,finite_scenario,2.5217391304347827,5.597025668744027e-09
q3_full_v1,24,5_6C_36PER_4_3C_NEWSTRUCTURE,P1_linear,raw,stitched_power_start_51,3475.317001181483,finite_scenario,1.3260869565217392,4.058758730832181e-06
q3_full_v1,24,5_6C_36PER_4_3C_NEWSTRUCTURE,P1_linear,raw,stitched_power_start_101,,beyond_5000,0.9673913043478262,3.4533488149458094e-05
q3_full_v1,24,5_6C_36PER_4_3C_NEWSTRUCTURE,P1_linear,raw,stitched_power_low_p_start_1,3248.692061700417,finite_scenario,1.4456521739130435,1.6813202551278914e-06
q3_full_v1,24,5_6C_36PER_4_3C_NEWSTRUCTURE,P1_linear,raw,stitched_power_low_p_start_51,3475.317001181483,finite_scenario,1.3260869565217392,4.058758730832181e-06
q3_full_v1,24,5_6C_36PER_4_3C_NEWSTRUCTURE,P1_linear,raw,stitched_power_low_p_start_101,,beyond_5000,0.9673913043478262,3.4533488149458094e-05
q3_full_v1,24,5_6C_36PER_4_3C_NEWSTRUCTURE,P1_linear,raw,stitched_power_high_p_start_1,989.2752027120445,finite_scenario,2.5217391304347827,5.597025668744027e-09
q3_full_v1,24,5_6C_36PER_4_3C_NEWSTRUCTURE,P1_linear,raw,stitched_power_high_p_start_51,3475.317001181483,finite_scenario,1.3260869565217392,4.058758730832181e-06
q3_full_v1,24,5_6C_36PER_4_3C_NEWSTRUCTURE,P1_linear,raw,stitched_power_high_p_start_101,,beyond_5000,0.9673913043478262,3.4533488149458094e-05
q3_full_v1,24,5_6C_36PER_4_3C_NEWSTRUCTURE,P1_linear,projected,stitched_power_start_1,989.2752027120445,finite_scenario,2.5217391304347827,5.597025668744027e-09
q3_full_v1,24,5_6C_36PER_4_3C_NEWSTRUCTURE,P1_linear,projected,stitched_power_start_51,3475.317001181483,finite_scenario,1.3260869565217392,4.058758730832181e-06
q3_full_v1,24,5_6C_36PER_4_3C_NEWSTRUCTURE,P1_linear,projected,stitched_power_start_101,,beyond_5000,0.9673913043478262,3.4533488149458094e-05
q3_full_v1,24,5_6C_36PER_4_3C_NEWSTRUCTURE,P1_linear,projected,stitched_power_low_p_start_1,3248.692061700417,finite_scenario,1.4456521739130435,1.6813202551278914e-06
q3_full_v1,24,5_6C_36PER_4_3C_NEWSTRUCTURE,P1_linear,projected,stitched_power_low_p_start_51,3475.317001181483,finite_scenario,1.3260869565217392,4.058758730832181e-06
q3_full_v1,24,5_6C_36PER_4_3C_NEWSTRUCTURE,P1_linear,projected,stitched_power_low_p_start_101,,beyond_5000,0.9673913043478262,3.4533488149458094e-05
q3_full_v1,24,5_6C_36PER_4_3C_NEWSTRUCTURE,P1_linear,projected,stitched_power_high_p_start_1,989.2752027120445,finite_scenario,2.5217391304347827,5.597025668744027e-09
q3_full_v1,24,5_6C_36PER_4_3C_NEWSTRUCTURE,P1_linear,projected,stitched_power_high_p_start_51,3475.317001181483,finite_scenario,1.3260869565217392,4.058758730832181e-06
q3_full_v1,24,5_6C_36PER_4_3C_NEWSTRUCTURE,P1_linear,projected,stitched_power_high_p_start_101,,beyond_5000,0.9673913043478262,3.4533488149458094e-05
q3_full_v1,24,5_6C_36PER_4_3C_NEWSTRUCTURE,P1_linear,raw,native_prefix_linear,,beyond_5000,,
q3_full_v1,24,5_6C_36PER_4_3C_NEWSTRUCTURE,A_power,raw,stitched_power_start_1,693.2905584135078,finite_scenario,3.0,6.007479972634703e-10
q3_full_v1,24,5_6C_36PER_4_3C_NEWSTRUCTURE,A_power,raw,stitched_power_start_51,856.9141257081931,finite_scenario,2.5217391304347827,8.057257343427247e-09
q3_full_v1,24,5_6C_36PER_4_3C_NEWSTRUCTURE,A_power,raw,stitched_power_start_101,726.3668983065032,finite_scenario,2.880434782608696,1.1488310737388891e-09
q3_full_v1,24,5_6C_36PER_4_3C_NEWSTRUCTURE,A_power,raw,stitched_power_low_p_start_1,2696.347794493371,finite_scenario,1.4456521739130435,2.2044351360399414e-06
q3_full_v1,24,5_6C_36PER_4_3C_NEWSTRUCTURE,A_power,raw,stitched_power_low_p_start_51,2302.8791609138702,finite_scenario,1.4456521739130435,2.7809937616036082e-06
q3_full_v1,24,5_6C_36PER_4_3C_NEWSTRUCTURE,A_power,raw,stitched_power_low_p_start_101,2098.2371937530825,finite_scenario,1.4456521739130435,3.1921737193790864e-06
q3_full_v1,24,5_6C_36PER_4_3C_NEWSTRUCTURE,A_power,raw,stitched_power_high_p_start_1,693.2905584135078,finite_scenario,3.0,6.007479972634703e-10
q3_full_v1,24,5_6C_36PER_4_3C_NEWSTRUCTURE,A_power,raw,stitched_power_high_p_start_51,856.9141257081931,finite_scenario,2.5217391304347827,8.057257343427247e-09
q3_full_v1,24,5_6C_36PER_4_3C_NEWSTRUCTURE,A_power,raw,stitched_power_high_p_start_101,726.3668983065032,finite_scenario,2.880434782608696,1.1488310737388891e-09
q3_full_v1,24,5_6C_36PER_4_3C_NEWSTRUCTURE,A_power,projected,stitched_power_start_1,693.2905584135078,finite_scenario,3.0,6.007479972634703e-10
q3_full_v1,24,5_6C_36PER_4_3C_NEWSTRUCTURE,A_power,projected,stitched_power_start_51,856.9141257081931,finite_scenario,2.5217391304347827,8.057257343427247e-09
q3_full_v1,24,5_6C_36PER_4_3C_NEWSTRUCTURE,A_power,projected,stitched_power_start_101,726.3668983065032,finite_scenario,2.880434782608696,1.1488310737388891e-09
q3_full_v1,24,5_6C_36PER_4_3C_NEWSTRUCTURE,A_power,projected,stitched_power_low_p_start_1,2696.347794493371,finite_scenario,1.4456521739130435,2.2044351360399414e-06
q3_full_v1,24,5_6C_36PER_4_3C_NEWSTRUCTURE,A_power,projected,stitched_power_low_p_start_51,2302.8791609138702,finite_scenario,1.4456521739130435,2.7809937616036082e-06
q3_full_v1,24,5_6C_36PER_4_3C_NEWSTRUCTURE,A_power,projected,stitched_power_low_p_start_101,2098.2371937530825,finite_scenario,1.4456521739130435,3.1921737193790864e-06
q3_full_v1,24,5_6C_36PER_4_3C_NEWSTRUCTURE,A_power,projected,stitched_power_high_p_start_1,693.2905584135078,finite_scenario,3.0,6.007479972634703e-10
q3_full_v1,24,5_6C_36PER_4_3C_NEWSTRUCTURE,A_power,projected,stitched_power_high_p_start_51,856.9141257081931,finite_scenario,2.5217391304347827,8.057257343427247e-09
q3_full_v1,24,5_6C_36PER_4_3C_NEWSTRUCTURE,A_power,projected,stitched_power_high_p_start_101,726.3668983065032,finite_scenario,2.880434782608696,1.1488310737388891e-09
q3_full_v1,24,5_6C_36PER_4_3C_NEWSTRUCTURE,A_power,raw,native_prefix_power,692.3603301444853,finite_scenario,3.0,6.032080961278539e-10
q3_full_v1,24,5_6C_36PER_4_3C_NEWSTRUCTURE,B_strategy,raw,stitched_power_start_1,971.7793021646588,finite_scenario,2.5217391304347827,5.855426091228298e-09
q3_full_v1,24,5_6C_36PER_4_3C_NEWSTRUCTURE,B_strategy,raw,stitched_power_start_51,2273.7533999591737,finite_scenario,1.565217391304348,1.1205048106305078e-06
q3_full_v1,24,5_6C_36PER_4_3C_NEWSTRUCTURE,B_strategy,raw,stitched_power_start_101,2669.5635197538036,finite_scenario,1.4456521739130435,2.241898937639284e-06
q3_full_v1,24,5_6C_36PER_4_3C_NEWSTRUCTURE,B_strategy,raw,stitched_power_low_p_start_1,3157.222936622375,finite_scenario,1.4456521739130435,1.752551656780727e-06
q3_full_v1,24,5_6C_36PER_4_3C_NEWSTRUCTURE,B_strategy,raw,stitched_power_low_p_start_51,2724.978859389923,finite_scenario,1.4456521739130435,2.1750762796448337e-06
q3_full_v1,24,5_6C_36PER_4_3C_NEWSTRUCTURE,B_strategy,raw,stitched_power_low_p_start_101,2669.5635197538036,finite_scenario,1.4456521739130435,2.241898937639284e-06
q3_full_v1,24,5_6C_36PER_4_3C_NEWSTRUCTURE,B_strategy,raw,stitched_power_high_p_start_1,971.7793021646588,finite_scenario,2.5217391304347827,5.855426091228298e-09
q3_full_v1,24,5_6C_36PER_4_3C_NEWSTRUCTURE,B_strategy,raw,stitched_power_high_p_start_51,2273.7533999591737,finite_scenario,1.565217391304348,1.1205048106305078e-06
q3_full_v1,24,5_6C_36PER_4_3C_NEWSTRUCTURE,B_strategy,raw,stitched_power_high_p_start_101,2669.5635197538036,finite_scenario,1.4456521739130435,2.241898937639284e-06
q3_full_v1,24,5_6C_36PER_4_3C_NEWSTRUCTURE,B_strategy,projected,stitched_power_start_1,971.6560082662,finite_scenario,2.5217391304347827,5.8573027006429655e-09
q3_full_v1,24,5_6C_36PER_4_3C_NEWSTRUCTURE,B_strategy,projected,stitched_power_start_51,2273.2806769284143,finite_scenario,1.565217391304348,1.1208718587039118e-06
q3_full_v1,24,5_6C_36PER_4_3C_NEWSTRUCTURE,B_strategy,projected,stitched_power_start_101,2668.8185462173333,finite_scenario,1.4456521739130435,2.2428126076616734e-06
q3_full_v1,24,5_6C_36PER_4_3C_NEWSTRUCTURE,B_strategy,projected,stitched_power_low_p_start_1,3156.5156329487045,finite_scenario,1.4456521739130435,1.7531216370768397e-06
q3_full_v1,24,5_6C_36PER_4_3C_NEWSTRUCTURE,B_strategy,projected,stitched_power_low_p_start_51,2724.36611486741,finite_scenario,1.4456521739130435,2.1757886351369245e-06
q3_full_v1,24,5_6C_36PER_4_3C_NEWSTRUCTURE,B_strategy,projected,stitched_power_low_p_start_101,2668.8185462173333,finite_scenario,1.4456521739130435,2.2428126076616734e-06
q3_full_v1,24,5_6C_36PER_4_3C_NEWSTRUCTURE,B_strategy,projected,stitched_power_high_p_start_1,971.6560082662,finite_scenario,2.5217391304347827,5.8573027006429655e-09
q3_full_v1,24,5_6C_36PER_4_3C_NEWSTRUCTURE,B_strategy,projected,stitched_power_high_p_start_51,2273.2806769284143,finite_scenario,1.565217391304348,1.1208718587039118e-06
q3_full_v1,24,5_6C_36PER_4_3C_NEWSTRUCTURE,B_strategy,projected,stitched_power_high_p_start_101,2668.8185462173333,finite_scenario,1.4456521739130435,2.2428126076616734e-06
q3_full_v1,24,5_6C_36PER_4_3C_NEWSTRUCTURE,C_ridge,raw,stitched_power_start_1,761.1367012296973,finite_scenario,2.880434782608696,1.0034375104034483e-09
q3_full_v1,24,5_6C_36PER_4_3C_NEWSTRUCTURE,C_ridge,raw,stitched_power_start_51,1253.1185014531786,finite_scenario,2.0434782608695654,9.377170822286052e-08
q3_full_v1,24,5_6C_36PER_4_3C_NEWSTRUCTURE,C_ridge,raw,stitched_power_start_101,1141.7789827954591,finite_scenario,2.1630434782608696,4.8845009851693565e-08
q3_full_v1,24,5_6C_36PER_4_3C_NEWSTRUCTURE,C_ridge,raw,stitched_power_low_p_start_1,2903.355158148414,finite_scenario,1.4456521739130435,1.9795996274833527e-06
q3_full_v1,24,5_6C_36PER_4_3C_NEWSTRUCTURE,C_ridge,raw,stitched_power_low_p_start_51,2491.594051039554,finite_scenario,1.4456521739130435,2.478663269306694e-06
q3_full_v1,24,5_6C_36PER_4_3C_NEWSTRUCTURE,C_ridge,raw,stitched_power_low_p_start_101,2342.803767375798,finite_scenario,1.4456521739130435,2.7146692982914143e-06
q3_full_v1,24,5_6C_36PER_4_3C_NEWSTRUCTURE,C_ridge,raw,stitched_power_high_p_start_1,761.1367012296973,finite_scenario,2.880434782608696,1.0034375104034483e-09
q3_full_v1,24,5_6C_36PER_4_3C_NEWSTRUCTURE,C_ridge,raw,stitched_power_high_p_start_51,1253.1185014531786,finite_scenario,2.0434782608695654,9.377170822286052e-08
q3_full_v1,24,5_6C_36PER_4_3C_NEWSTRUCTURE,C_ridge,raw,stitched_power_high_p_start_101,1141.7789827954591,finite_scenario,2.1630434782608696,4.8845009851693565e-08
q3_full_v1,24,5_6C_36PER_4_3C_NEWSTRUCTURE,C_ridge,projected,stitched_power_start_1,760.3193251763,finite_scenario,2.880434782608696,1.0065554485222643e-09
q3_full_v1,24,5_6C_36PER_4_3C_NEWSTRUCTURE,C_ridge,projected,stitched_power_start_51,1251.1894210635742,finite_scenario,2.0434782608695654,9.406917703020092e-08
q3_full_v1,24,5_6C_36PER_4_3C_NEWSTRUCTURE,C_ridge,projected,stitched_power_start_101,1139.5844935784755,finite_scenario,2.1630434782608696,4.9050367429447604e-08
q3_full_v1,24,5_6C_36PER_4_3C_NEWSTRUCTURE,C_ridge,projected,stitched_power_low_p_start_1,2897.4966845062995,finite_scenario,1.4456521739130435,1.985419262857195e-06
q3_full_v1,24,5_6C_36PER_4_3C_NEWSTRUCTURE,C_ridge,projected,stitched_power_low_p_start_51,2486.34215547722,finite_scenario,1.4456521739130435,2.486308366267974e-06
q3_full_v1,24,5_6C_36PER_4_3C_NEWSTRUCTURE,C_ridge,projected,stitched_power_low_p_start_101,2336.1365119949855,finite_scenario,1.4456521739130435,2.72603872546632e-06
q3_full_v1,24,5_6C_36PER_4_3C_NEWSTRUCTURE,C_ridge,projected,stitched_power_high_p_start_1,760.3193251763,finite_scenario,2.880434782608696,1.0065554485222643e-09
q3_full_v1,24,5_6C_36PER_4_3C_NEWSTRUCTURE,C_ridge,projected,stitched_power_high_p_start_51,1251.1894210635742,finite_scenario,2.0434782608695654,9.406917703020092e-08
q3_full_v1,24,5_6C_36PER_4_3C_NEWSTRUCTURE,C_ridge,projected,stitched_power_high_p_start_101,1139.5844935784755,finite_scenario,2.1630434782608696,4.9050367429447604e-08
q3_full_v1,24,5_6C_36PER_4_3C_NEWSTRUCTURE,D_ensemble,raw,stitched_power_start_1,814.4924099866843,finite_scenario,2.7608695652173916,1.84001437690899e-09
q3_full_v1,24,5_6C_36PER_4_3C_NEWSTRUCTURE,D_ensemble,raw,stitched_power_start_51,1412.234293506281,finite_scenario,1.923913043478261,1.7489206293243337e-07
q3_full_v1,24,5_6C_36PER_4_3C_NEWSTRUCTURE,D_ensemble,raw,stitched_power_start_101,1270.0759858529777,finite_scenario,2.0434782608695654,9.121472110712678e-08
q3_full_v1,24,5_6C_36PER_4_3C_NEWSTRUCTURE,D_ensemble,raw,stitched_power_low_p_start_1,2950.0759228647366,finite_scenario,1.4456521739130435,1.9341900333427216e-06
q3_full_v1,24,5_6C_36PER_4_3C_NEWSTRUCTURE,D_ensemble,raw,stitched_power_low_p_start_51,2534.2818481581485,finite_scenario,1.4456521739130435,2.4179458713743545e-06
q3_full_v1,24,5_6C_36PER_4_3C_NEWSTRUCTURE,D_ensemble,raw,stitched_power_low_p_start_101,2400.1065206690814,finite_scenario,1.4456521739130435,2.620115226160988e-06
q3_full_v1,24,5_6C_36PER_4_3C_NEWSTRUCTURE,D_ensemble,raw,stitched_power_high_p_start_1,814.4924099866843,finite_scenario,2.7608695652173916,1.84001437690899e-09
q3_full_v1,24,5_6C_36PER_4_3C_NEWSTRUCTURE,D_ensemble,raw,stitched_power_high_p_start_51,1412.234293506281,finite_scenario,1.923913043478261,1.7489206293243337e-07
q3_full_v1,24,5_6C_36PER_4_3C_NEWSTRUCTURE,D_ensemble,raw,stitched_power_high_p_start_101,1270.0759858529777,finite_scenario,2.0434782608695654,9.121472110712678e-08
q3_full_v1,24,5_6C_36PER_4_3C_NEWSTRUCTURE,D_ensemble,projected,stitched_power_start_1,813.9052840398766,finite_scenario,2.7608695652173916,1.8436901540833948e-09
q3_full_v1,24,5_6C_36PER_4_3C_NEWSTRUCTURE,D_ensemble,projected,stitched_power_start_51,1410.7488997648654,finite_scenario,1.923913043478261,1.7524874865962473e-07
q3_full_v1,24,5_6C_36PER_4_3C_NEWSTRUCTURE,D_ensemble,projected,stitched_power_start_101,1268.4081512695145,finite_scenario,2.0434782608695654,9.14620501633788e-08
q3_full_v1,24,5_6C_36PER_4_3C_NEWSTRUCTURE,D_ensemble,projected,stitched_power_low_p_start_1,2946.208992140035,finite_scenario,1.4456521739130435,1.937879857298217e-06
q3_full_v1,24,5_6C_36PER_4_3C_NEWSTRUCTURE,D_ensemble,projected,stitched_power_low_p_start_51,2530.8195911667917,finite_scenario,1.4456521739130435,2.4227734911848107e-06
q3_full_v1,24,5_6C_36PER_4_3C_NEWSTRUCTURE,D_ensemble,projected,stitched_power_low_p_start_101,2395.6781368090974,finite_scenario,1.4456521739130435,2.627216193640178e-06
q3_full_v1,24,5_6C_36PER_4_3C_NEWSTRUCTURE,D_ensemble,projected,stitched_power_high_p_start_1,813.9052840398766,finite_scenario,2.7608695652173916,1.8436901540833948e-09
q3_full_v1,24,5_6C_36PER_4_3C_NEWSTRUCTURE,D_ensemble,projected,stitched_power_high_p_start_51,1410.7488997648654,finite_scenario,1.923913043478261,1.7524874865962473e-07
q3_full_v1,24,5_6C_36PER_4_3C_NEWSTRUCTURE,D_ensemble,projected,stitched_power_high_p_start_101,1268.4081512695145,finite_scenario,2.0434782608695654,9.14620501633788e-08
q3_full_v1,25,4_8C_80PER_4_8C_NEWSTRUCTURE,P0_persistence,raw,stitched_power_start_1,,not_applicable_constant,,
q3_full_v1,25,4_8C_80PER_4_8C_NEWSTRUCTURE,P0_persistence,projected,stitched_power_start_1,,not_applicable_constant,,
q3_full_v1,25,4_8C_80PER_4_8C_NEWSTRUCTURE,P1_linear,raw,stitched_power_start_1,2746.8172534890764,finite_scenario,1.565217391304348,8.293363081076942e-07
q3_full_v1,25,4_8C_80PER_4_8C_NEWSTRUCTURE,P1_linear,raw,stitched_power_start_51,,beyond_5000,0.4891304347826087,0.0004906073504896165
q3_full_v1,25,4_8C_80PER_4_8C_NEWSTRUCTURE,P1_linear,raw,stitched_power_start_101,,beyond_5000,1.2065217391304348,5.707371097623581e-06
q3_full_v1,25,4_8C_80PER_4_8C_NEWSTRUCTURE,P1_linear,raw,stitched_power_low_p_start_1,3389.20359070258,finite_scenario,1.4456521739130435,1.5780579986165145e-06
q3_full_v1,25,4_8C_80PER_4_8C_NEWSTRUCTURE,P1_linear,raw,stitched_power_low_p_start_51,,beyond_5000,0.4891304347826087,0.0004906073504896165
q3_full_v1,25,4_8C_80PER_4_8C_NEWSTRUCTURE,P1_linear,raw,stitched_power_low_p_start_101,,beyond_5000,1.2065217391304348,5.707371097623581e-06
q3_full_v1,25,4_8C_80PER_4_8C_NEWSTRUCTURE,P1_linear,raw,stitched_power_high_p_start_1,2746.8172534890764,finite_scenario,1.565217391304348,8.293363081076942e-07
q3_full_v1,25,4_8C_80PER_4_8C_NEWSTRUCTURE,P1_linear,raw,stitched_power_high_p_start_51,,beyond_5000,0.8478260869565217,5.0559716864461355e-05
q3_full_v1,25,4_8C_80PER_4_8C_NEWSTRUCTURE,P1_linear,raw,stitched_power_high_p_start_101,,beyond_5000,1.2065217391304348,5.707371097623581e-06
q3_full_v1,25,4_8C_80PER_4_8C_NEWSTRUCTURE,P1_linear,projected,stitched_power_start_1,2746.8172534890764,finite_scenario,1.565217391304348,8.293363081076942e-07
q3_full_v1,25,4_8C_80PER_4_8C_NEWSTRUCTURE,P1_linear,projected,stitched_power_start_51,,beyond_5000,0.4891304347826087,0.0004906073504896165
q3_full_v1,25,4_8C_80PER_4_8C_NEWSTRUCTURE,P1_linear,projected,stitched_power_start_101,,beyond_5000,1.2065217391304348,5.707371097623581e-06
q3_full_v1,25,4_8C_80PER_4_8C_NEWSTRUCTURE,P1_linear,projected,stitched_power_low_p_start_1,3389.20359070258,finite_scenario,1.4456521739130435,1.5780579986165145e-06
q3_full_v1,25,4_8C_80PER_4_8C_NEWSTRUCTURE,P1_linear,projected,stitched_power_low_p_start_51,,beyond_5000,0.4891304347826087,0.0004906073504896165
q3_full_v1,25,4_8C_80PER_4_8C_NEWSTRUCTURE,P1_linear,projected,stitched_power_low_p_start_101,,beyond_5000,1.2065217391304348,5.707371097623581e-06
q3_full_v1,25,4_8C_80PER_4_8C_NEWSTRUCTURE,P1_linear,projected,stitched_power_high_p_start_1,2746.8172534890764,finite_scenario,1.565217391304348,8.293363081076942e-07
q3_full_v1,25,4_8C_80PER_4_8C_NEWSTRUCTURE,P1_linear,projected,stitched_power_high_p_start_51,,beyond_5000,0.8478260869565217,5.0559716864461355e-05
q3_full_v1,25,4_8C_80PER_4_8C_NEWSTRUCTURE,P1_linear,projected,stitched_power_high_p_start_101,,beyond_5000,1.2065217391304348,5.707371097623581e-06
q3_full_v1,25,4_8C_80PER_4_8C_NEWSTRUCTURE,P1_linear,raw,native_prefix_linear,,beyond_5000,,
q3_full_v1,25,4_8C_80PER_4_8C_NEWSTRUCTURE,A_power,raw,stitched_power_start_1,1312.7173707566947,finite_scenario,2.0434782608695654,8.496236700762668e-08
q3_full_v1,25,4_8C_80PER_4_8C_NEWSTRUCTURE,A_power,raw,stitched_power_start_51,1651.3920517835547,finite_scenario,1.8043478260869565,3.1297241044613785e-07
q3_full_v1,25,4_8C_80PER_4_8C_NEWSTRUCTURE,A_power,raw,stitched_power_start_101,958.3603859136746,finite_scenario,2.5217391304347827,6.04563616196645e-09
q3_full_v1,25,4_8C_80PER_4_8C_NEWSTRUCTURE,A_power,raw,stitched_power_low_p_start_1,2820.1681779503742,finite_scenario,1.4456521739130435,2.061054805488764e-06
q3_full_v1,25,4_8C_80PER_4_8C_NEWSTRUCTURE,A_power,raw,stitched_power_low_p_start_51,2650.1426907153486,finite_scenario,1.4456521739130435,2.2582095807603953e-06
q3_full_v1,25,4_8C_80PER_4_8C_NEWSTRUCTURE,A_power,raw,stitched_power_low_p_start_101,2544.767170242287,finite_scenario,1.4456521739130435,2.397451569389484e-06
q3_full_v1,25,4_8C_80PER_4_8C_NEWSTRUCTURE,A_power,raw,stitched_power_high_p_start_1,1312.7173707566947,finite_scenario,2.0434782608695654,8.496236700762668e-08
q3_full_v1,25,4_8C_80PER_4_8C_NEWSTRUCTURE,A_power,raw,stitched_power_high_p_start_51,1651.3920517835547,finite_scenario,1.8043478260869565,3.1297241044613785e-07
q3_full_v1,25,4_8C_80PER_4_8C_NEWSTRUCTURE,A_power,raw,stitched_power_high_p_start_101,958.3603859136746,finite_scenario,2.5217391304347827,6.04563616196645e-09
q3_full_v1,25,4_8C_80PER_4_8C_NEWSTRUCTURE,A_power,projected,stitched_power_start_1,1312.7173707566947,finite_scenario,2.0434782608695654,8.496236700762668e-08
q3_full_v1,25,4_8C_80PER_4_8C_NEWSTRUCTURE,A_power,projected,stitched_power_start_51,1651.3920517835547,finite_scenario,1.8043478260869565,3.1297241044613785e-07
q3_full_v1,25,4_8C_80PER_4_8C_NEWSTRUCTURE,A_power,projected,stitched_power_start_101,958.3603859136746,finite_scenario,2.5217391304347827,6.04563616196645e-09
q3_full_v1,25,4_8C_80PER_4_8C_NEWSTRUCTURE,A_power,projected,stitched_power_low_p_start_1,2820.1681779503742,finite_scenario,1.4456521739130435,2.061054805488764e-06
q3_full_v1,25,4_8C_80PER_4_8C_NEWSTRUCTURE,A_power,projected,stitched_power_low_p_start_51,2650.1426907153486,finite_scenario,1.4456521739130435,2.2582095807603953e-06
q3_full_v1,25,4_8C_80PER_4_8C_NEWSTRUCTURE,A_power,projected,stitched_power_low_p_start_101,2544.767170242287,finite_scenario,1.4456521739130435,2.397451569389484e-06
q3_full_v1,25,4_8C_80PER_4_8C_NEWSTRUCTURE,A_power,projected,stitched_power_high_p_start_1,1312.7173707566947,finite_scenario,2.0434782608695654,8.496236700762668e-08
q3_full_v1,25,4_8C_80PER_4_8C_NEWSTRUCTURE,A_power,projected,stitched_power_high_p_start_51,1651.3920517835547,finite_scenario,1.8043478260869565,3.1297241044613785e-07
q3_full_v1,25,4_8C_80PER_4_8C_NEWSTRUCTURE,A_power,projected,stitched_power_high_p_start_101,958.3603859136746,finite_scenario,2.5217391304347827,6.04563616196645e-09
q3_full_v1,25,4_8C_80PER_4_8C_NEWSTRUCTURE,A_power,raw,native_prefix_power,1312.770722397198,finite_scenario,2.0434782608695654,8.49552350307607e-08
q3_full_v1,25,4_8C_80PER_4_8C_NEWSTRUCTURE,B_strategy,raw,stitched_power_start_1,1817.1161405045082,finite_scenario,1.8043478260869565,2.630932283852886e-07
q3_full_v1,25,4_8C_80PER_4_8C_NEWSTRUCTURE,B_strategy,raw,stitched_power_start_51,,beyond_5000,1.0869565217391304,1.4519689429230494e-05
q3_full_v1,25,4_8C_80PER_4_8C_NEWSTRUCTURE,B_strategy,raw,stitched_power_start_101,1669.9552319321099,finite_scenario,1.923913043478261,1.2597704656097806e-07
q3_full_v1,25,4_8C_80PER_4_8C_NEWSTRUCTURE,B_strategy,raw,stitched_power_low_p_start_1,3100.072961104106,finite_scenario,1.4456521739130435,1.7962346064567162e-06
q3_full_v1,25,4_8C_80PER_4_8C_NEWSTRUCTURE,B_strategy,raw,stitched_power_low_p_start_51,,beyond_5000,1.0869565217391304,1.4519689429230494e-05
q3_full_v1,25,4_8C_80PER_4_8C_NEWSTRUCTURE,B_strategy,raw,stitched_power_low_p_start_101,3022.523934215975,finite_scenario,1.4456521739130435,1.8641542701032207e-06
q3_full_v1,25,4_8C_80PER_4_8C_NEWSTRUCTURE,B_strategy,raw,stitched_power_high_p_start_1,1817.1161405045082,finite_scenario,1.8043478260869565,2.630932283852886e-07
q3_full_v1,25,4_8C_80PER_4_8C_NEWSTRUCTURE,B_strategy,raw,stitched_power_high_p_start_51,,beyond_5000,1.0869565217391304,1.4519689429230494e-05
q3_full_v1,25,4_8C_80PER_4_8C_NEWSTRUCTURE,B_strategy,raw,stitched_power_high_p_start_101,1669.9552319321099,finite_scenario,1.923913043478261,1.2597704656097806e-07
q3_full_v1,25,4_8C_80PER_4_8C_NEWSTRUCTURE,B_strategy,projected,stitched_power_start_1,1768.4893603011485,finite_scenario,1.8043478260869565,2.763324180891659e-07
q3_full_v1,25,4_8C_80PER_4_8C_NEWSTRUCTURE,B_strategy,projected,stitched_power_start_51,4552.124215144852,finite_scenario,1.2065217391304348,7.751129610342218e-06
q3_full_v1,25,4_8C_80PER_4_8C_NEWSTRUCTURE,B_strategy,projected,stitched_power_start_101,2412.845940203263,finite_scenario,1.565217391304348,1.016983094947234e-06
q3_full_v1,25,4_8C_80PER_4_8C_NEWSTRUCTURE,B_strategy,projected,stitched_power_low_p_start_1,2998.6407952090863,finite_scenario,1.4456521739130435,1.885112196955153e-06
q3_full_v1,25,4_8C_80PER_4_8C_NEWSTRUCTURE,B_strategy,projected,stitched_power_low_p_start_51,4552.124215144852,finite_scenario,1.2065217391304348,7.751129610342218e-06
q3_full_v1,25,4_8C_80PER_4_8C_NEWSTRUCTURE,B_strategy,projected,stitched_power_low_p_start_101,2870.527795890533,finite_scenario,1.4456521739130435,2.0098313764677283e-06
q3_full_v1,25,4_8C_80PER_4_8C_NEWSTRUCTURE,B_strategy,projected,stitched_power_high_p_start_1,1768.4893603011485,finite_scenario,1.8043478260869565,2.763324180891659e-07
q3_full_v1,25,4_8C_80PER_4_8C_NEWSTRUCTURE,B_strategy,projected,stitched_power_high_p_start_51,4552.124215144852,finite_scenario,1.2065217391304348,7.751129610342218e-06
q3_full_v1,25,4_8C_80PER_4_8C_NEWSTRUCTURE,B_strategy,projected,stitched_power_high_p_start_101,2412.845940203263,finite_scenario,1.565217391304348,1.016983094947234e-06
q3_full_v1,25,4_8C_80PER_4_8C_NEWSTRUCTURE,C_ridge,raw,stitched_power_start_1,1804.7938885264011,finite_scenario,1.8043478260869565,2.6636459882864366e-07
q3_full_v1,25,4_8C_80PER_4_8C_NEWSTRUCTURE,C_ridge,raw,stitched_power_start_51,3653.0483556376576,finite_scenario,1.3260869565217392,3.7852510346398305e-06
q3_full_v1,25,4_8C_80PER_4_8C_NEWSTRUCTURE,C_ridge,raw,stitched_power_start_101,1125.0683135422619,finite_scenario,2.4021739130434785,9.339348113902218e-09
q3_full_v1,25,4_8C_80PER_4_8C_NEWSTRUCTURE,C_ridge,raw,stitched_power_low_p_start_1,3076.1694042709387,finite_scenario,1.4456521739130435,1.8165996479863654e-06
q3_full_v1,25,4_8C_80PER_4_8C_NEWSTRUCTURE,C_ridge,raw,stitched_power_low_p_start_51,3653.0483556376576,finite_scenario,1.3260869565217392,3.7852510346398305e-06
q3_full_v1,25,4_8C_80PER_4_8C_NEWSTRUCTURE,C_ridge,raw,stitched_power_low_p_start_101,2953.4967942265425,finite_scenario,1.4456521739130435,1.9283076809260066e-06
q3_full_v1,25,4_8C_80PER_4_8C_NEWSTRUCTURE,C_ridge,raw,stitched_power_high_p_start_1,1804.7938885264011,finite_scenario,1.8043478260869565,2.6636459882864366e-07
q3_full_v1,25,4_8C_80PER_4_8C_NEWSTRUCTURE,C_ridge,raw,stitched_power_high_p_start_51,3653.0483556376576,finite_scenario,1.3260869565217392,3.7852510346398305e-06
q3_full_v1,25,4_8C_80PER_4_8C_NEWSTRUCTURE,C_ridge,raw,stitched_power_high_p_start_101,1125.0683135422619,finite_scenario,2.4021739130434785,9.339348113902218e-09
q3_full_v1,25,4_8C_80PER_4_8C_NEWSTRUCTURE,C_ridge,projected,stitched_power_start_1,1801.6699172681826,finite_scenario,1.8043478260869565,2.672013774643505e-07
q3_full_v1,25,4_8C_80PER_4_8C_NEWSTRUCTURE,C_ridge,projected,stitched_power_start_51,3643.062754960528,finite_scenario,1.3260869565217392,3.7991238597787655e-06
q3_full_v1,25,4_8C_80PER_4_8C_NEWSTRUCTURE,C_ridge,projected,stitched_power_start_101,1122.750373401871,finite_scenario,2.4021739130434785,9.385916147024254e-09
q3_full_v1,25,4_8C_80PER_4_8C_NEWSTRUCTURE,C_ridge,projected,stitched_power_low_p_start_1,3069.678108023937,finite_scenario,1.4456521739130435,1.8221804623590053e-06
q3_full_v1,25,4_8C_80PER_4_8C_NEWSTRUCTURE,C_ridge,projected,stitched_power_low_p_start_51,3643.062754960528,finite_scenario,1.3260869565217392,3.7991238597787655e-06
q3_full_v1,25,4_8C_80PER_4_8C_NEWSTRUCTURE,C_ridge,projected,stitched_power_low_p_start_101,2943.20381077567,finite_scenario,1.4456521739130435,1.9381564600712956e-06
q3_full_v1,25,4_8C_80PER_4_8C_NEWSTRUCTURE,C_ridge,projected,stitched_power_high_p_start_1,1801.6699172681826,finite_scenario,1.8043478260869565,2.672013774643505e-07
q3_full_v1,25,4_8C_80PER_4_8C_NEWSTRUCTURE,C_ridge,projected,stitched_power_high_p_start_51,3643.062754960528,finite_scenario,1.3260869565217392,3.7991238597787655e-06
q3_full_v1,25,4_8C_80PER_4_8C_NEWSTRUCTURE,C_ridge,projected,stitched_power_high_p_start_101,1122.750373401871,finite_scenario,2.4021739130434785,9.385916147024254e-09
q3_full_v1,25,4_8C_80PER_4_8C_NEWSTRUCTURE,D_ensemble,raw,stitched_power_start_1,1807.2394302610835,finite_scenario,1.8043478260869565,2.6571032473997267e-07
q3_full_v1,25,4_8C_80PER_4_8C_NEWSTRUCTURE,D_ensemble,raw,stitched_power_start_51,4720.448257410988,finite_scenario,1.2065217391304348,7.416416063881325e-06
q3_full_v1,25,4_8C_80PER_4_8C_NEWSTRUCTURE,D_ensemble,raw,stitched_power_start_101,1223.7900521646593,finite_scenario,2.282608695652174,1.786113509465186e-08
q3_full_v1,25,4_8C_80PER_4_8C_NEWSTRUCTURE,D_ensemble,raw,stitched_power_low_p_start_1,3080.9137054658045,finite_scenario,1.4456521739130435,1.8125266396804004e-06
q3_full_v1,25,4_8C_80PER_4_8C_NEWSTRUCTURE,D_ensemble,raw,stitched_power_low_p_start_51,4720.448257410988,finite_scenario,1.2065217391304348,7.416416063881325e-06
q3_full_v1,25,4_8C_80PER_4_8C_NEWSTRUCTURE,D_ensemble,raw,stitched_power_low_p_start_101,2966.988272047333,finite_scenario,1.4456521739130435,1.9154769987613534e-06
q3_full_v1,25,4_8C_80PER_4_8C_NEWSTRUCTURE,D_ensemble,raw,stitched_power_high_p_start_1,1807.2394302610835,finite_scenario,1.8043478260869565,2.6571032473997267e-07
q3_full_v1,25,4_8C_80PER_4_8C_NEWSTRUCTURE,D_ensemble,raw,stitched_power_high_p_start_51,4720.448257410988,finite_scenario,1.2065217391304348,7.416416063881325e-06
q3_full_v1,25,4_8C_80PER_4_8C_NEWSTRUCTURE,D_ensemble,raw,stitched_power_high_p_start_101,1223.7900521646593,finite_scenario,2.282608695652174,1.786113509465186e-08
q3_full_v1,25,4_8C_80PER_4_8C_NEWSTRUCTURE,D_ensemble,projected,stitched_power_start_1,1802.129028490505,finite_scenario,1.8043478260869565,2.6707570304207325e-07
q3_full_v1,25,4_8C_80PER_4_8C_NEWSTRUCTURE,D_ensemble,projected,stitched_power_start_51,3645.415664400402,finite_scenario,1.3260869565217392,3.795798897148138e-06
q3_full_v1,25,4_8C_80PER_4_8C_NEWSTRUCTURE,D_ensemble,projected,stitched_power_start_101,1219.7325727456616,finite_scenario,2.282608695652174,1.7997550005397892e-08
q3_full_v1,25,4_8C_80PER_4_8C_NEWSTRUCTURE,D_ensemble,projected,stitched_power_low_p_start_1,3070.236351251122,finite_scenario,1.4456521739130435,1.8216846362556746e-06
q3_full_v1,25,4_8C_80PER_4_8C_NEWSTRUCTURE,D_ensemble,projected,stitched_power_low_p_start_51,3645.415664400402,finite_scenario,1.3260869565217392,3.795798897148138e-06
q3_full_v1,25,4_8C_80PER_4_8C_NEWSTRUCTURE,D_ensemble,projected,stitched_power_low_p_start_101,2951.0084921366,finite_scenario,1.4456521739130435,1.9306222132355995e-06
q3_full_v1,25,4_8C_80PER_4_8C_NEWSTRUCTURE,D_ensemble,projected,stitched_power_high_p_start_1,1802.129028490505,finite_scenario,1.8043478260869565,2.6707570304207325e-07
q3_full_v1,25,4_8C_80PER_4_8C_NEWSTRUCTURE,D_ensemble,projected,stitched_power_high_p_start_51,3645.415664400402,finite_scenario,1.3260869565217392,3.795798897148138e-06
q3_full_v1,25,4_8C_80PER_4_8C_NEWSTRUCTURE,D_ensemble,projected,stitched_power_high_p_start_101,1219.7325727456616,finite_scenario,2.282608695652174,1.7997550005397892e-08
