Model,Policy,Cycle,SOHPred
polynomial_mixed,3_6C-80PER_3_6C,1,0.9985778521754624
polynomial_mixed,3_6C-80PER_3_6C,2,0.9986201620766646
polynomial_mixed,3_6C-80PER_3_6C,3,0.9986618502713336
polynomial_mixed,3_6C-80PER_3_6C,4,0.9987029167594694
polynomial_mixed,3_6C-80PER_3_6C,5,0.9987433615410718
polynomial_mixed,3_6C-80PER_3_6C,6,0.9987831846161411
polynomial_mixed,3_6C-80PER_3_6C,7,0.9988223859846771
polynomial_mixed,3_6C-80PER_3_6C,8,0.9988609656466798
polynomial_mixed,3_6C-80PER_3_6C,9,0.9988989236021494
polynomial_mixed,3_6C-80PER_3_6C,10,0.9989362598510856
polynomial_mixed,3_6C-80PER_3_6C,11,0.9989729743934886
polynomial_mixed,3_6C-80PER_3_6C,12,0.9990090672293584
polynomial_mixed,3_6C-80PER_3_6C,13,0.9990445383586949
polynomial_mixed,3_6C-80PER_3_6C,14,0.9990793877814982
polynomial_mixed,3_6C-80PER_3_6C,15,0.9991136154977682
polynomial_mixed,3_6C-80PER_3_6C,16,0.999147221507505
polynomial_mixed,3_6C-80PER_3_6C,17,0.9991802058107085
polynomial_mixed,3_6C-80PER_3_6C,18,0.9992125684073789
polynomial_mixed,3_6C-80PER_3_6C,19,0.9992443092975158
polynomial_mixed,3_6C-80PER_3_6C,20,0.9992754284811196
polynomial_mixed,3_6C-80PER_3_6C,21,0.9993059259581902
polynomial_mixed,3_6C-80PER_3_6C,22,0.9993358017287275
polynomial_mixed,3_6C-80PER_3_6C,23,0.9993650557927316
polynomial_mixed,3_6C-80PER_3_6C,24,0.9993936881502024
polynomial_mixed,3_6C-80PER_3_6C,25,0.9994216988011398
polynomial_mixed,3_6C-80PER_3_6C,26,0.9994490877455442
polynomial_mixed,3_6C-80PER_3_6C,27,0.9994758549834152
polynomial_mixed,3_6C-80PER_3_6C,28,0.999502000514753
polynomial_mixed,3_6C-80PER_3_6C,29,0.9995275243395576
polynomial_mixed,3_6C-80PER_3_6C,30,0.9995524264578289
polynomial_mixed,3_6C-80PER_3_6C,31,0.999576706869567
polynomial_mixed,3_6C-80PER_3_6C,32,0.9996003655747717
polynomial_mixed,3_6C-80PER_3_6C,33,0.9996234025734434
polynomial_mixed,3_6C-80PER_3_6C,34,0.9996458178655817
polynomial_mixed,3_6C-80PER_3_6C,35,0.9996676114511867
polynomial_mixed,3_6C-80PER_3_6C,36,0.9996887833302586
polynomial_mixed,3_6C-80PER_3_6C,37,0.9997093335027972
polynomial_mixed,3_6C-80PER_3_6C,38,0.9997292619688024
polynomial_mixed,3_6C-80PER_3_6C,39,0.9997485687282746
polynomial_mixed,3_6C-80PER_3_6C,40,0.9997672537812134
polynomial_mixed,3_6C-80PER_3_6C,41,0.9997853171276191
polynomial_mixed,3_6C-80PER_3_6C,42,0.9998027587674913
polynomial_mixed,3_6C-80PER_3_6C,43,0.9998195787008304
polynomial_mixed,3_6C-80PER_3_6C,44,0.9998357769276364
polynomial_mixed,3_6C-80PER_3_6C,45,0.9998513534479088
polynomial_mixed,3_6C-80PER_3_6C,46,0.9998663082616482
polynomial_mixed,3_6C-80PER_3_6C,47,0.9998806413688544
polynomial_mixed,3_6C-80PER_3_6C,48,0.9998943527695273
polynomial_mixed,3_6C-80PER_3_6C,49,0.9999074424636667
polynomial_mixed,3_6C-80PER_3_6C,50,0.9999199104512732
polynomial_mixed,3_6C-80PER_3_6C,51,0.9999317567323464
polynomial_mixed,3_6C-80PER_3_6C,52,0.9999429813068861
polynomial_mixed,3_6C-80PER_3_6C,53,0.9999535841748928
polynomial_mixed,3_6C-80PER_3_6C,54,0.9999635653363662
polynomial_mixed,3_6C-80PER_3_6C,55,0.9999729247913064
polynomial_mixed,3_6C-80PER_3_6C,56,0.9999816625397131
polynomial_mixed,3_6C-80PER_3_6C,57,0.9999897785815868
polynomial_mixed,3_6C-80PER_3_6C,58,0.9999972729169272
polynomial_mixed,3_6C-80PER_3_6C,59,1.0000041455457342
polynomial_mixed,3_6C-80PER_3_6C,60,1.000010396468008
polynomial_mixed,3_6C-80PER_3_6C,61,1.000016025683749
polynomial_mixed,3_6C-80PER_3_6C,62,1.000021033192956
polynomial_mixed,3_6C-80PER_3_6C,63,1.0000254189956304
polynomial_mixed,3_6C-80PER_3_6C,64,1.0000291830917711
polynomial_mixed,3_6C-80PER_3_6C,65,1.000032325481379
polynomial_mixed,3_6C-80PER_3_6C,66,1.0000348461644533
polynomial_mixed,3_6C-80PER_3_6C,67,1.0000367451409944
polynomial_mixed,3_6C-80PER_3_6C,68,1.0000380224110024
polynomial_mixed,3_6C-80PER_3_6C,69,1.0000386779744768
polynomial_mixed,3_6C-80PER_3_6C,70,1.0000387118314182
polynomial_mixed,3_6C-80PER_3_6C,71,1.0000381239818266
polynomial_mixed,3_6C-80PER_3_6C,72,1.0000369144257015
polynomial_mixed,3_6C-80PER_3_6C,73,1.0000350831630431
polynomial_mixed,3_6C-80PER_3_6C,74,1.0000326301938516
polynomial_mixed,3_6C-80PER_3_6C,75,1.0000295555181267
polynomial_mixed,3_6C-80PER_3_6C,76,1.0000258591358686
polynomial_mixed,3_6C-80PER_3_6C,77,1.0000215410470772
polynomial_mixed,3_6C-80PER_3_6C,78,1.0000166012517528
polynomial_mixed,3_6C-80PER_3_6C,79,1.000011039749895
polynomial_mixed,3_6C-80PER_3_6C,80,1.0000048565415038
polynomial_mixed,3_6C-80PER_3_6C,81,0.9999980516265795
polynomial_mixed,3_6C-80PER_3_6C,82,0.999990625005122
polynomial_mixed,3_6C-80PER_3_6C,83,0.9999825766771311
polynomial_mixed,3_6C-80PER_3_6C,84,0.9999739066426071
polynomial_mixed,3_6C-80PER_3_6C,85,0.9999646149015499
polynomial_mixed,3_6C-80PER_3_6C,86,0.9999547014539594
polynomial_mixed,3_6C-80PER_3_6C,87,0.9999441662998354
polynomial_mixed,3_6C-80PER_3_6C,88,0.9999330094391784
polynomial_mixed,3_6C-80PER_3_6C,89,0.9999212308719881
polynomial_mixed,3_6C-80PER_3_6C,90,0.9999088305982645
polynomial_mixed,3_6C-80PER_3_6C,91,0.9998958086180078
polynomial_mixed,3_6C-80PER_3_6C,92,0.9998821649312177
polynomial_mixed,3_6C-80PER_3_6C,93,0.9998678995378943
polynomial_mixed,3_6C-80PER_3_6C,94,0.9998530124380378
polynomial_mixed,3_6C-80PER_3_6C,95,0.9998375036316481
polynomial_mixed,3_6C-80PER_3_6C,96,0.9998213731187252
polynomial_mixed,3_6C-80PER_3_6C,97,0.9998046208992687
polynomial_mixed,3_6C-80PER_3_6C,98,0.9997872469732793
polynomial_mixed,3_6C-80PER_3_6C,99,0.9997692513407566
polynomial_mixed,3_6C-80PER_3_6C,100,0.9997506340017004
polynomial_mixed,3_6C-80PER_3_6C,101,0.9997313949561112
polynomial_mixed,3_6C-80PER_3_6C,102,0.9997115342039887
polynomial_mixed,3_6C-80PER_3_6C,103,0.999691051745333
polynomial_mixed,3_6C-80PER_3_6C,104,0.9996699475801439
polynomial_mixed,3_6C-80PER_3_6C,105,0.9996482217084217
polynomial_mixed,3_6C-80PER_3_6C,106,0.9996258741301662
polynomial_mixed,3_6C-80PER_3_6C,107,0.9996029048453774
polynomial_mixed,3_6C-80PER_3_6C,108,0.9995793138540554
polynomial_mixed,3_6C-80PER_3_6C,109,0.9995551011562003
polynomial_mixed,3_6C-80PER_3_6C,110,0.9995302667518118
polynomial_mixed,3_6C-80PER_3_6C,111,0.9995048106408899
polynomial_mixed,3_6C-80PER_3_6C,112,0.999478732823435
polynomial_mixed,3_6C-80PER_3_6C,113,0.9994520332994468
polynomial_mixed,3_6C-80PER_3_6C,114,0.9994247120689251
polynomial_mixed,3_6C-80PER_3_6C,115,0.9993967691318705
polynomial_mixed,3_6C-80PER_3_6C,116,0.9993682044882826
polynomial_mixed,3_6C-80PER_3_6C,117,0.9993390181381612
polynomial_mixed,3_6C-80PER_3_6C,118,0.9993092100815067
polynomial_mixed,3_6C-80PER_3_6C,119,0.9992787803183191
polynomial_mixed,3_6C-80PER_3_6C,120,0.9992477288485982
polynomial_mixed,3_6C-80PER_3_6C,121,0.9992160556723438
polynomial_mixed,3_6C-80PER_3_6C,122,0.9991837607895564
polynomial_mixed,3_6C-80PER_3_6C,123,0.9991508442002358
polynomial_mixed,3_6C-80PER_3_6C,124,0.9991173059043816
polynomial_mixed,3_6C-80PER_3_6C,125,0.9990831459019945
polynomial_mixed,3_6C-80PER_3_6C,126,0.9990483641930742
polynomial_mixed,3_6C-80PER_3_6C,127,0.9990129607776205
polynomial_mixed,3_6C-80PER_3_6C,128,0.9989769356556334
polynomial_mixed,3_6C-80PER_3_6C,129,0.9989402888271133
polynomial_mixed,3_6C-80PER_3_6C,130,0.9989030202920599
polynomial_mixed,3_6C-80PER_3_6C,131,0.9988651300504731
polynomial_mixed,3_6C-80PER_3_6C,132,0.9988266181023532
polynomial_mixed,3_6C-80PER_3_6C,133,0.9987874844477
polynomial_mixed,3_6C-80PER_3_6C,134,0.9987477290865137
polynomial_mixed,3_6C-80PER_3_6C,135,0.9987073520187938
polynomial_mixed,3_6C-80PER_3_6C,136,0.9986663532445409
polynomial_mixed,3_6C-80PER_3_6C,137,0.9986247327637549
polynomial_mixed,3_6C-80PER_3_6C,138,0.9985824905764352
polynomial_mixed,3_6C-80PER_3_6C,139,0.9985396266825827
polynomial_mixed,3_6C-80PER_3_6C,140,0.9984961410821968
polynomial_mixed,3_6C-80PER_3_6C,141,0.9984520337752777
polynomial_mixed,3_6C-80PER_3_6C,142,0.9984073047618252
polynomial_mixed,3_6C-80PER_3_6C,143,0.9983619540418395
polynomial_mixed,3_6C-80PER_3_6C,144,0.9983159816153206
polynomial_mixed,3_6C-80PER_3_6C,145,0.9982693874822683
polynomial_mixed,3_6C-80PER_3_6C,146,0.998222171642683
polynomial_mixed,3_6C-80PER_3_6C,147,0.9981743340965644
polynomial_mixed,3_6C-80PER_3_6C,148,0.9981258748439124
polynomial_mixed,3_6C-80PER_3_6C,149,0.9980767938847273
polynomial_mixed,3_6C-80PER_3_6C,150,0.9980270912190089
polynomial_mixed,3_6C-80PER_3_6C,151,0.9979767668467573
polynomial_mixed,3_6C-80PER_3_6C,152,0.9979258207679723
polynomial_mixed,3_6C-80PER_3_6C,153,0.9978742529826542
polynomial_mixed,3_6C-80PER_3_6C,154,0.9978220634908029
polynomial_mixed,3_6C-80PER_3_6C,155,0.9977692522924181
polynomial_mixed,3_6C-80PER_3_6C,156,0.9977158193875003
polynomial_mixed,3_6C-80PER_3_6C,157,0.9976617647760492
polynomial_mixed,3_6C-80PER_3_6C,158,0.9976070884580649
polynomial_mixed,3_6C-80PER_3_6C,159,0.9975517904335471
polynomial_mixed,3_6C-80PER_3_6C,160,0.9974958707024963
polynomial_mixed,3_6C-80PER_3_6C,161,0.9974393292649123
polynomial_mixed,3_6C-80PER_3_6C,162,0.9973821661207948
polynomial_mixed,3_6C-80PER_3_6C,163,0.9973243812701442
polynomial_mixed,3_6C-80PER_3_6C,164,0.9972659747129604
polynomial_mixed,3_6C-80PER_3_6C,165,0.9972069464492433
polynomial_mixed,3_6C-80PER_3_6C,166,0.9971472964789928
polynomial_mixed,3_6C-80PER_3_6C,167,0.9970870248022092
polynomial_mixed,3_6C-80PER_3_6C,168,0.9970261314188925
polynomial_mixed,3_6C-80PER_3_6C,169,0.9969646163290422
polynomial_mixed,3_6C-80PER_3_6C,170,0.996902479532659
polynomial_mixed,3_6C-80PER_3_6C,171,0.9968397210297424
polynomial_mixed,3_6C-80PER_3_6C,172,0.9967763408202924
polynomial_mixed,3_6C-80PER_3_6C,173,0.9967123389043094
polynomial_mixed,3_6C-80PER_3_6C,174,0.9966477152817931
polynomial_mixed,3_6C-80PER_3_6C,175,0.9965824699527436
polynomial_mixed,3_6C-80PER_3_6C,176,0.9965166029171606
polynomial_mixed,3_6C-80PER_3_6C,177,0.9964501141750446
polynomial_mixed,3_6C-80PER_3_6C,178,0.9963830037263953
polynomial_mixed,3_6C-80PER_3_6C,179,0.9963152715712126
polynomial_mixed,3_6C-80PER_3_6C,180,0.9962469177094968
polynomial_mixed,3_6C-80PER_3_6C,181,0.9961779421412478
polynomial_mixed,3_6C-80PER_3_6C,182,0.9961083448664656
polynomial_mixed,3_6C-80PER_3_6C,183,0.9960381258851498
polynomial_mixed,3_6C-80PER_3_6C,184,0.995967285197301
polynomial_mixed,3_6C-80PER_3_6C,185,0.9958958228029191
polynomial_mixed,3_6C-80PER_3_6C,186,0.9958237387020036
polynomial_mixed,3_6C-80PER_3_6C,187,0.9957510328945551
polynomial_mixed,3_6C-80PER_3_6C,188,0.9956777053805734
polynomial_mixed,3_6C-80PER_3_6C,189,0.9956037561600584
polynomial_mixed,3_6C-80PER_3_6C,190,0.9955291852330099
polynomial_mixed,3_6C-80PER_3_6C,191,0.9954539925994285
polynomial_mixed,3_6C-80PER_3_6C,192,0.9953781782593137
polynomial_mixed,3_6C-80PER_3_6C,193,0.9953017422126655
polynomial_mixed,3_6C-80PER_3_6C,194,0.9952246844594843
polynomial_mixed,3_6C-80PER_3_6C,195,0.9951470049997698
polynomial_mixed,3_6C-80PER_3_6C,196,0.9950687038335221
polynomial_mixed,3_6C-80PER_3_6C,197,0.9949897809607409
polynomial_mixed,3_6C-80PER_3_6C,198,0.9949102363814267
polynomial_mixed,3_6C-80PER_3_6C,199,0.9948300700955792
polynomial_mixed,3_6C-80PER_3_6C,200,0.9947492821031982
polynomial_mixed,80PER_3_6C,1,0.9988493154511036
polynomial_mixed,80PER_3_6C,2,0.9988260093772255
polynomial_mixed,80PER_3_6C,3,0.9988022175979419
polynomial_mixed,80PER_3_6C,4,0.9987779401132523
polynomial_mixed,80PER_3_6C,5,0.9987531769231571
polynomial_mixed,80PER_3_6C,6,0.9987279280276561
polynomial_mixed,80PER_3_6C,7,0.9987021934267494
polynomial_mixed,80PER_3_6C,8,0.9986759731204369
polynomial_mixed,80PER_3_6C,9,0.9986492671087186
polynomial_mixed,80PER_3_6C,10,0.9986220753915945
polynomial_mixed,80PER_3_6C,11,0.9985943979690646
polynomial_mixed,80PER_3_6C,12,0.998566234841129
polynomial_mixed,80PER_3_6C,13,0.9985375860077877
polynomial_mixed,80PER_3_6C,14,0.9985084514690407
polynomial_mixed,80PER_3_6C,15,0.9984788312248878
polynomial_mixed,80PER_3_6C,16,0.9984487252753291
polynomial_mixed,80PER_3_6C,17,0.9984181336203647
polynomial_mixed,80PER_3_6C,18,0.9983870562599945
polynomial_mixed,80PER_3_6C,19,0.9983554931942186
polynomial_mixed,80PER_3_6C,20,0.9983234444230369
polynomial_mixed,80PER_3_6C,21,0.9982909099464494
polynomial_mixed,80PER_3_6C,22,0.9982578897644563
polynomial_mixed,80PER_3_6C,23,0.9982243838770573
polynomial_mixed,80PER_3_6C,24,0.9981903922842524
polynomial_mixed,80PER_3_6C,25,0.998155914986042
polynomial_mixed,80PER_3_6C,26,0.9981209519824257
polynomial_mixed,80PER_3_6C,27,0.9980855032734036
polynomial_mixed,80PER_3_6C,28,0.9980495688589759
polynomial_mixed,80PER_3_6C,29,0.9980131487391424
polynomial_mixed,80PER_3_6C,30,0.997976242913903
polynomial_mixed,80PER_3_6C,31,0.9979388513832578
polynomial_mixed,80PER_3_6C,32,0.997900974147207
polynomial_mixed,80PER_3_6C,33,0.9978626112057504
polynomial_mixed,80PER_3_6C,34,0.997823762558888
polynomial_mixed,80PER_3_6C,35,0.9977844282066198
polynomial_mixed,80PER_3_6C,36,0.9977446081489459
polynomial_mixed,80PER_3_6C,37,0.9977043023858662
polynomial_mixed,80PER_3_6C,38,0.9976635109173808
polynomial_mixed,80PER_3_6C,39,0.9976222337434896
polynomial_mixed,80PER_3_6C,40,0.9975804708641927
polynomial_mixed,80PER_3_6C,41,0.99753822227949
polynomial_mixed,80PER_3_6C,42,0.9974954879893815
polynomial_mixed,80PER_3_6C,43,0.9974522679938672
polynomial_mixed,80PER_3_6C,44,0.997408562292947
polynomial_mixed,80PER_3_6C,45,0.9973643708866213
polynomial_mixed,80PER_3_6C,46,0.9973196937748897
polynomial_mixed,80PER_3_6C,47,0.9972745309577524
polynomial_mixed,80PER_3_6C,48,0.9972288824352094
polynomial_mixed,80PER_3_6C,49,0.9971827482072606
polynomial_mixed,80PER_3_6C,50,0.997136128273906
polynomial_mixed,80PER_3_6C,51,0.9970890226351455
polynomial_mixed,80PER_3_6C,52,0.9970414312909794
polynomial_mixed,80PER_3_6C,53,0.9969933542414076
polynomial_mixed,80PER_3_6C,54,0.9969447914864299
polynomial_mixed,80PER_3_6C,55,0.9968957430260464
polynomial_mixed,80PER_3_6C,56,0.9968462088602573
polynomial_mixed,80PER_3_6C,57,0.9967961889890623
polynomial_mixed,80PER_3_6C,58,0.9967456834124615
polynomial_mixed,80PER_3_6C,59,0.996694692130455
polynomial_mixed,80PER_3_6C,60,0.9966432151430429
polynomial_mixed,80PER_3_6C,61,0.9965912524502248
polynomial_mixed,80PER_3_6C,62,0.9965388040520011
polynomial_mixed,80PER_3_6C,63,0.9964858699483715
polynomial_mixed,80PER_3_6C,64,0.9964324501393361
polynomial_mixed,80PER_3_6C,65,0.9963785446248952
polynomial_mixed,80PER_3_6C,66,0.9963241534050483
polynomial_mixed,80PER_3_6C,67,0.9962692764797957
polynomial_mixed,80PER_3_6C,68,0.9962139138491374
polynomial_mixed,80PER_3_6C,69,0.9961580655130733
polynomial_mixed,80PER_3_6C,70,0.9961017314716034
polynomial_mixed,80PER_3_6C,71,0.9960449117247276
polynomial_mixed,80PER_3_6C,72,0.9959876062724463
polynomial_mixed,80PER_3_6C,73,0.9959298151147591
polynomial_mixed,80PER_3_6C,74,0.9958715382516662
polynomial_mixed,80PER_3_6C,75,0.9958127756831675
polynomial_mixed,80PER_3_6C,76,0.995753527409263
polynomial_mixed,80PER_3_6C,77,0.9956937934299529
polynomial_mixed,80PER_3_6C,78,0.9956335737452368
polynomial_mixed,80PER_3_6C,79,0.995572868355115
polynomial_mixed,80PER_3_6C,80,0.9955116772595876
polynomial_mixed,80PER_3_6C,81,0.9954500004586543
polynomial_mixed,80PER_3_6C,82,0.9953878379523152
polynomial_mixed,80PER_3_6C,83,0.9953251897405705
polynomial_mixed,80PER_3_6C,84,0.9952620558234198
polynomial_mixed,80PER_3_6C,85,0.9951984362008635
polynomial_mixed,80PER_3_6C,86,0.9951343308729014
polynomial_mixed,80PER_3_6C,87,0.9950697398395335
polynomial_mixed,80PER_3_6C,88,0.9950046631007599
polynomial_mixed,80PER_3_6C,89,0.9949391006565805
polynomial_mixed,80PER_3_6C,90,0.9948730525069954
polynomial_mixed,80PER_3_6C,91,0.9948065186520043
polynomial_mixed,80PER_3_6C,92,0.9947394990916076
polynomial_mixed,80PER_3_6C,93,0.9946719938258053
polynomial_mixed,80PER_3_6C,94,0.994604002854597
polynomial_mixed,80PER_3_6C,95,0.9945355261779831
polynomial_mixed,80PER_3_6C,96,0.9944665637959633
polynomial_mixed,80PER_3_6C,97,0.9943971157085378
polynomial_mixed,80PER_3_6C,98,0.9943271819157066
polynomial_mixed,80PER_3_6C,99,0.9942567624174695
polynomial_mixed,80PER_3_6C,100,0.9941858572138267
polynomial_mixed,80PER_3_6C,101,0.9941144663047782
polynomial_mixed,80PER_3_6C,102,0.9940425896903239
polynomial_mixed,80PER_3_6C,103,0.9939702273704638
polynomial_mixed,80PER_3_6C,104,0.993897379345198
polynomial_mixed,80PER_3_6C,105,0.9938240456145263
polynomial_mixed,80PER_3_6C,106,0.9937502261784489
polynomial_mixed,80PER_3_6C,107,0.9936759210369658
polynomial_mixed,80PER_3_6C,108,0.9936011301900769
polynomial_mixed,80PER_3_6C,109,0.9935258536377822
polynomial_mixed,80PER_3_6C,110,0.9934500913800818
polynomial_mixed,80PER_3_6C,111,0.9933738434169755
polynomial_mixed,80PER_3_6C,112,0.9932971097484635
polynomial_mixed,80PER_3_6C,113,0.9932198903745458
polynomial_mixed,80PER_3_6C,114,0.9931421852952224
polynomial_mixed,80PER_3_6C,115,0.9930639945104932
polynomial_mixed,80PER_3_6C,116,0.9929853180203582
polynomial_mixed,80PER_3_6C,117,0.9929061558248174
polynomial_mixed,80PER_3_6C,118,0.9928265079238707
polynomial_mixed,80PER_3_6C,119,0.9927463743175184
polynomial_mixed,80PER_3_6C,120,0.9926657550057604
polynomial_mixed,80PER_3_6C,121,0.9925846499885966
polynomial_mixed,80PER_3_6C,122,0.992503059266027
polynomial_mixed,80PER_3_6C,123,0.9924209828380517
polynomial_mixed,80PER_3_6C,124,0.9923384207046706
polynomial_mixed,80PER_3_6C,125,0.9922553728658836
polynomial_mixed,80PER_3_6C,126,0.992171839321691
polynomial_mixed,80PER_3_6C,127,0.9920878200720925
polynomial_mixed,80PER_3_6C,128,0.9920033151170884
polynomial_mixed,80PER_3_6C,129,0.9919183244566784
polynomial_mixed,80PER_3_6C,130,0.9918328480908627
polynomial_mixed,80PER_3_6C,131,0.9917468860196412
polynomial_mixed,80PER_3_6C,132,0.991660438243014
polynomial_mixed,80PER_3_6C,133,0.9915735047609809
polynomial_mixed,80PER_3_6C,134,0.9914860855735422
polynomial_mixed,80PER_3_6C,135,0.9913981806806977
polynomial_mixed,80PER_3_6C,136,0.9913097900824475
polynomial_mixed,80PER_3_6C,137,0.9912209137787914
polynomial_mixed,80PER_3_6C,138,0.9911315517697294
polynomial_mixed,80PER_3_6C,139,0.9910417040552619
polynomial_mixed,80PER_3_6C,140,0.9909513706353886
polynomial_mixed,80PER_3_6C,141,0.9908605515101095
polynomial_mixed,80PER_3_6C,142,0.9907692466794247
polynomial_mixed,80PER_3_6C,143,0.990677456143334
polynomial_mixed,80PER_3_6C,144,0.9905851799018376
polynomial_mixed,80PER_3_6C,145,0.9904924179549354
polynomial_mixed,80PER_3_6C,146,0.9903991703026275
polynomial_mixed,80PER_3_6C,147,0.9903054369449138
polynomial_mixed,80PER_3_6C,148,0.9902112178817943
polynomial_mixed,80PER_3_6C,149,0.9901165131132691
polynomial_mixed,80PER_3_6C,150,0.9900213226393382
polynomial_mixed,80PER_3_6C,151,0.9899256464600015
polynomial_mixed,80PER_3_6C,152,0.9898294845752589
polynomial_mixed,80PER_3_6C,153,0.9897328369851106
polynomial_mixed,80PER_3_6C,154,0.9896357036895566
polynomial_mixed,80PER_3_6C,155,0.9895380846885967
polynomial_mixed,80PER_3_6C,156,0.9894399799822312
polynomial_mixed,80PER_3_6C,157,0.9893413895704599
polynomial_mixed,80PER_3_6C,158,0.9892423134532827
polynomial_mixed,80PER_3_6C,159,0.9891427516306999
polynomial_mixed,80PER_3_6C,160,0.9890427041027112
polynomial_mixed,80PER_3_6C,161,0.9889421708693169
polynomial_mixed,80PER_3_6C,162,0.9888411519305167
polynomial_mixed,80PER_3_6C,163,0.9887396472863108
polynomial_mixed,80PER_3_6C,164,0.9886376569366991
polynomial_mixed,80PER_3_6C,165,0.9885351808816817
polynomial_mixed,80PER_3_6C,166,0.9884322191212584
polynomial_mixed,80PER_3_6C,167,0.9883287716554295
polynomial_mixed,80PER_3_6C,168,0.9882248384841948
polynomial_mixed,80PER_3_6C,169,0.9881204196075544
polynomial_mixed,80PER_3_6C,170,0.9880155150255081
polynomial_mixed,80PER_3_6C,171,0.9879101247380561
polynomial_mixed,80PER_3_6C,172,0.9878042487451982
polynomial_mixed,80PER_3_6C,173,0.9876978870469346
polynomial_mixed,80PER_3_6C,174,0.9875910396432653
polynomial_mixed,80PER_3_6C,175,0.9874837065341903
polynomial_mixed,80PER_3_6C,176,0.9873758877197094
polynomial_mixed,80PER_3_6C,177,0.9872675831998229
polynomial_mixed,80PER_3_6C,178,0.9871587929745304
polynomial_mixed,80PER_3_6C,179,0.9870495170438323
polynomial_mixed,80PER_3_6C,180,0.9869397554077284
polynomial_mixed,80PER_3_6C,181,0.9868295080662187
polynomial_mixed,80PER_3_6C,182,0.9867187750193034
polynomial_mixed,80PER_3_6C,183,0.9866075562669822
polynomial_mixed,80PER_3_6C,184,0.9864958518092553
polynomial_mixed,80PER_3_6C,185,0.9863836616461225
polynomial_mixed,80PER_3_6C,186,0.986270985777584
polynomial_mixed,80PER_3_6C,187,0.9861578242036397
polynomial_mixed,80PER_3_6C,188,0.9860441769242897
polynomial_mixed,80PER_3_6C,189,0.985930043939534
polynomial_mixed,80PER_3_6C,190,0.9858154252493725
polynomial_mixed,80PER_3_6C,191,0.9857003208538052
polynomial_mixed,80PER_3_6C,192,0.985584730752832
polynomial_mixed,80PER_3_6C,193,0.9854686549464532
polynomial_mixed,80PER_3_6C,194,0.9853520934346687
polynomial_mixed,80PER_3_6C,195,0.9852350462174783
polynomial_mixed,80PER_3_6C,196,0.9851175132948822
polynomial_mixed,80PER_3_6C,197,0.9849994946668803
polynomial_mixed,80PER_3_6C,198,0.9848809903334728
polynomial_mixed,80PER_3_6C,199,0.9847620002946592
polynomial_mixed,80PER_3_6C,200,0.9846425245504401
polynomial_mixed,4_8C_80PER_4_8C,1,0.9983483628122474
polynomial_mixed,4_8C_80PER_4_8C,2,0.9983860865513154
polynomial_mixed,4_8C_80PER_4_8C,3,0.9984226603138292
polynomial_mixed,4_8C_80PER_4_8C,4,0.9984580840997884
polynomial_mixed,4_8C_80PER_4_8C,5,0.9984923579091931
polynomial_mixed,4_8C_80PER_4_8C,6,0.9985254817420433
polynomial_mixed,4_8C_80PER_4_8C,7,0.9985574555983389
polynomial_mixed,4_8C_80PER_4_8C,8,0.9985882794780799
polynomial_mixed,4_8C_80PER_4_8C,9,0.9986179533812666
polynomial_mixed,4_8C_80PER_4_8C,10,0.9986464773078986
polynomial_mixed,4_8C_80PER_4_8C,11,0.9986738512579763
polynomial_mixed,4_8C_80PER_4_8C,12,0.9987000752314993
polynomial_mixed,4_8C_80PER_4_8C,13,0.9987251492284678
polynomial_mixed,4_8C_80PER_4_8C,14,0.9987490732488817
polynomial_mixed,4_8C_80PER_4_8C,15,0.9987718472927413
polynomial_mixed,4_8C_80PER_4_8C,16,0.9987934713600461
polynomial_mixed,4_8C_80PER_4_8C,17,0.9988139454507967
polynomial_mixed,4_8C_80PER_4_8C,18,0.9988332695649925
polynomial_mixed,4_8C_80PER_4_8C,19,0.998851443702634
polynomial_mixed,4_8C_80PER_4_8C,20,0.9988684678637209
polynomial_mixed,4_8C_80PER_4_8C,21,0.9988843420482532
polynomial_mixed,4_8C_80PER_4_8C,22,0.998899066256231
polynomial_mixed,4_8C_80PER_4_8C,23,0.9989126404876545
polynomial_mixed,4_8C_80PER_4_8C,24,0.9989250647425232
polynomial_mixed,4_8C_80PER_4_8C,25,0.9989363390208376
polynomial_mixed,4_8C_80PER_4_8C,26,0.9989464633225973
polynomial_mixed,4_8C_80PER_4_8C,27,0.9989554376478025
polynomial_mixed,4_8C_80PER_4_8C,28,0.9989632619964532
polynomial_mixed,4_8C_80PER_4_8C,29,0.9989699363685495
polynomial_mixed,4_8C_80PER_4_8C,30,0.9989754607640912
polynomial_mixed,4_8C_80PER_4_8C,31,0.9989798351830783
polynomial_mixed,4_8C_80PER_4_8C,32,0.9989830596255109
polynomial_mixed,4_8C_80PER_4_8C,33,0.9989851340913891
polynomial_mixed,4_8C_80PER_4_8C,34,0.9989860585807128
polynomial_mixed,4_8C_80PER_4_8C,35,0.9989858330934818
polynomial_mixed,4_8C_80PER_4_8C,36,0.9989844576296965
polynomial_mixed,4_8C_80PER_4_8C,37,0.9989819321893565
polynomial_mixed,4_8C_80PER_4_8C,38,0.998978256772462
polynomial_mixed,4_8C_80PER_4_8C,39,0.9989734313790131
polynomial_mixed,4_8C_80PER_4_8C,40,0.9989674560090095
polynomial_mixed,4_8C_80PER_4_8C,41,0.9989603306624515
polynomial_mixed,4_8C_80PER_4_8C,42,0.9989520553393391
polynomial_mixed,4_8C_80PER_4_8C,43,0.9989426300396719
polynomial_mixed,4_8C_80PER_4_8C,44,0.9989320547634505
polynomial_mixed,4_8C_80PER_4_8C,45,0.9989203295106743
polynomial_mixed,4_8C_80PER_4_8C,46,0.9989074542813436
polynomial_mixed,4_8C_80PER_4_8C,47,0.9988934290754584
polynomial_mixed,4_8C_80PER_4_8C,48,0.998878253893019
polynomial_mixed,4_8C_80PER_4_8C,49,0.9988619287340247
polynomial_mixed,4_8C_80PER_4_8C,50,0.998844453598476
polynomial_mixed,4_8C_80PER_4_8C,51,0.9988258284863729
polynomial_mixed,4_8C_80PER_4_8C,52,0.9988060533977151
polynomial_mixed,4_8C_80PER_4_8C,53,0.9987851283325028
polynomial_mixed,4_8C_80PER_4_8C,54,0.9987630532907362
polynomial_mixed,4_8C_80PER_4_8C,55,0.9987398282724148
polynomial_mixed,4_8C_80PER_4_8C,56,0.998715453277539
polynomial_mixed,4_8C_80PER_4_8C,57,0.9986899283061088
polynomial_mixed,4_8C_80PER_4_8C,58,0.9986632533581239
polynomial_mixed,4_8C_80PER_4_8C,59,0.9986354284335844
polynomial_mixed,4_8C_80PER_4_8C,60,0.9986064535324908
polynomial_mixed,4_8C_80PER_4_8C,61,0.9985763286548422
polynomial_mixed,4_8C_80PER_4_8C,62,0.9985450538006393
polynomial_mixed,4_8C_80PER_4_8C,63,0.998512628969882
polynomial_mixed,4_8C_80PER_4_8C,64,0.99847905416257
polynomial_mixed,4_8C_80PER_4_8C,65,0.9984443293787034
polynomial_mixed,4_8C_80PER_4_8C,66,0.9984084546182826
polynomial_mixed,4_8C_80PER_4_8C,67,0.998371429881307
polynomial_mixed,4_8C_80PER_4_8C,68,0.9983332551677769
polynomial_mixed,4_8C_80PER_4_8C,69,0.9982939304776923
polynomial_mixed,4_8C_80PER_4_8C,70,0.9982534558110534
polynomial_mixed,4_8C_80PER_4_8C,71,0.9982118311678597
polynomial_mixed,4_8C_80PER_4_8C,72,0.9981690565481115
polynomial_mixed,4_8C_80PER_4_8C,73,0.9981251319518091
polynomial_mixed,4_8C_80PER_4_8C,74,0.9980800573789519
polynomial_mixed,4_8C_80PER_4_8C,75,0.9980338328295402
polynomial_mixed,4_8C_80PER_4_8C,76,0.9979864583035741
polynomial_mixed,4_8C_80PER_4_8C,77,0.9979379338010533
polynomial_mixed,4_8C_80PER_4_8C,78,0.997888259321978
polynomial_mixed,4_8C_80PER_4_8C,79,0.9978374348663485
polynomial_mixed,4_8C_80PER_4_8C,80,0.9977854604341642
polynomial_mixed,4_8C_80PER_4_8C,81,0.9977323360254253
polynomial_mixed,4_8C_80PER_4_8C,82,0.9976780616401322
polynomial_mixed,4_8C_80PER_4_8C,83,0.9976226372782843
polynomial_mixed,4_8C_80PER_4_8C,84,0.9975660629398818
polynomial_mixed,4_8C_80PER_4_8C,85,0.9975083386249252
polynomial_mixed,4_8C_80PER_4_8C,86,0.9974494643334137
polynomial_mixed,4_8C_80PER_4_8C,87,0.9973894400653478
polynomial_mixed,4_8C_80PER_4_8C,88,0.9973282658207275
polynomial_mixed,4_8C_80PER_4_8C,89,0.9972659415995525
polynomial_mixed,4_8C_80PER_4_8C,90,0.997202467401823
polynomial_mixed,4_8C_80PER_4_8C,91,0.997137843227539
polynomial_mixed,4_8C_80PER_4_8C,92,0.9970720690767005
polynomial_mixed,4_8C_80PER_4_8C,93,0.9970051449493075
polynomial_mixed,4_8C_80PER_4_8C,94,0.9969370708453599
polynomial_mixed,4_8C_80PER_4_8C,95,0.9968678467648581
polynomial_mixed,4_8C_80PER_4_8C,96,0.9967974727078014
polynomial_mixed,4_8C_80PER_4_8C,97,0.9967259486741903
polynomial_mixed,4_8C_80PER_4_8C,98,0.9966532746640248
polynomial_mixed,4_8C_80PER_4_8C,99,0.9965794506773046
polynomial_mixed,4_8C_80PER_4_8C,100,0.9965044767140299
polynomial_mixed,4_8C_80PER_4_8C,101,0.9964283527742009
polynomial_mixed,4_8C_80PER_4_8C,102,0.9963510788578172
polynomial_mixed,4_8C_80PER_4_8C,103,0.9962726549648789
polynomial_mixed,4_8C_80PER_4_8C,104,0.9961930810953863
polynomial_mixed,4_8C_80PER_4_8C,105,0.996112357249339
polynomial_mixed,4_8C_80PER_4_8C,106,0.9960304834267372
polynomial_mixed,4_8C_80PER_4_8C,107,0.995947459627581
polynomial_mixed,4_8C_80PER_4_8C,108,0.9958632858518702
polynomial_mixed,4_8C_80PER_4_8C,109,0.9957779620996048
polynomial_mixed,4_8C_80PER_4_8C,110,0.9956914883707851
polynomial_mixed,4_8C_80PER_4_8C,111,0.9956038646654107
polynomial_mixed,4_8C_80PER_4_8C,112,0.9955150909834818
polynomial_mixed,4_8C_80PER_4_8C,113,0.9954251673249983
polynomial_mixed,4_8C_80PER_4_8C,114,0.9953340936899606
polynomial_mixed,4_8C_80PER_4_8C,115,0.9952418700783681
polynomial_mixed,4_8C_80PER_4_8C,116,0.9951484964902211
polynomial_mixed,4_8C_80PER_4_8C,117,0.9950539729255198
polynomial_mixed,4_8C_80PER_4_8C,118,0.9949582993842637
polynomial_mixed,4_8C_80PER_4_8C,119,0.9948614758664531
polynomial_mixed,4_8C_80PER_4_8C,120,0.9947635023720883
polynomial_mixed,4_8C_80PER_4_8C,121,0.9946643789011687
polynomial_mixed,4_8C_80PER_4_8C,122,0.9945641054536946
polynomial_mixed,4_8C_80PER_4_8C,123,0.9944626820296661
polynomial_mixed,4_8C_80PER_4_8C,124,0.994360108629083
polynomial_mixed,4_8C_80PER_4_8C,125,0.9942563852519453
polynomial_mixed,4_8C_80PER_4_8C,126,0.9941515118982532
polynomial_mixed,4_8C_80PER_4_8C,127,0.9940454885680066
polynomial_mixed,4_8C_80PER_4_8C,128,0.9939383152612054
polynomial_mixed,4_8C_80PER_4_8C,129,0.9938299919778498
polynomial_mixed,4_8C_80PER_4_8C,130,0.9937205187179395
polynomial_mixed,4_8C_80PER_4_8C,131,0.9936098954814747
polynomial_mixed,4_8C_80PER_4_8C,132,0.9934981222684556
polynomial_mixed,4_8C_80PER_4_8C,133,0.9933851990788818
polynomial_mixed,4_8C_80PER_4_8C,134,0.9932711259127535
polynomial_mixed,4_8C_80PER_4_8C,135,0.9931559027700707
polynomial_mixed,4_8C_80PER_4_8C,136,0.9930395296508333
polynomial_mixed,4_8C_80PER_4_8C,137,0.9929220065550415
polynomial_mixed,4_8C_80PER_4_8C,138,0.992803333482695
polynomial_mixed,4_8C_80PER_4_8C,139,0.9926835104337943
polynomial_mixed,4_8C_80PER_4_8C,140,0.9925625374083388
polynomial_mixed,4_8C_80PER_4_8C,141,0.9924404144063288
polynomial_mixed,4_8C_80PER_4_8C,142,0.9923171414277645
polynomial_mixed,4_8C_80PER_4_8C,143,0.9921927184726456
polynomial_mixed,4_8C_80PER_4_8C,144,0.992067145540972
polynomial_mixed,4_8C_80PER_4_8C,145,0.9919404226327442
polynomial_mixed,4_8C_80PER_4_8C,146,0.9918125497479615
polynomial_mixed,4_8C_80PER_4_8C,147,0.9916835268866244
polynomial_mixed,4_8C_80PER_4_8C,148,0.991553354048733
polynomial_mixed,4_8C_80PER_4_8C,149,0.9914220312342868
polynomial_mixed,4_8C_80PER_4_8C,150,0.9912895584432863
polynomial_mixed,4_8C_80PER_4_8C,151,0.9911559356757312
polynomial_mixed,4_8C_80PER_4_8C,152,0.9910211629316216
polynomial_mixed,4_8C_80PER_4_8C,153,0.9908852402109574
polynomial_mixed,4_8C_80PER_4_8C,154,0.9907481675137388
polynomial_mixed,4_8C_80PER_4_8C,155,0.9906099448399656
polynomial_mixed,4_8C_80PER_4_8C,156,0.9904705721896379
polynomial_mixed,4_8C_80PER_4_8C,157,0.9903300495627557
polynomial_mixed,4_8C_80PER_4_8C,158,0.9901883769593189
polynomial_mixed,4_8C_80PER_4_8C,159,0.9900455543793276
polynomial_mixed,4_8C_80PER_4_8C,160,0.9899015818227818
polynomial_mixed,4_8C_80PER_4_8C,161,0.9897564592896816
polynomial_mixed,4_8C_80PER_4_8C,162,0.9896101867800267
polynomial_mixed,4_8C_80PER_4_8C,163,0.9894627642938173
polynomial_mixed,4_8C_80PER_4_8C,164,0.9893141918310536
polynomial_mixed,4_8C_80PER_4_8C,165,0.9891644693917352
polynomial_mixed,4_8C_80PER_4_8C,166,0.9890135969758622
polynomial_mixed,4_8C_80PER_4_8C,167,0.9888615745834349
polynomial_mixed,4_8C_80PER_4_8C,168,0.9887084022144529
polynomial_mixed,4_8C_80PER_4_8C,169,0.9885540798689164
polynomial_mixed,4_8C_80PER_4_8C,170,0.9883986075468255
polynomial_mixed,4_8C_80PER_4_8C,171,0.98824198524818
polynomial_mixed,4_8C_80PER_4_8C,172,0.9880842129729799
polynomial_mixed,4_8C_80PER_4_8C,173,0.9879252907212256
polynomial_mixed,4_8C_80PER_4_8C,174,0.9877652184929164
polynomial_mixed,4_8C_80PER_4_8C,175,0.9876039962880528
polynomial_mixed,4_8C_80PER_4_8C,176,0.9874416241066348
polynomial_mixed,4_8C_80PER_4_8C,177,0.9872781019486622
polynomial_mixed,4_8C_80PER_4_8C,178,0.987113429814135
polynomial_mixed,4_8C_80PER_4_8C,179,0.9869476077030535
polynomial_mixed,4_8C_80PER_4_8C,180,0.9867806356154173
polynomial_mixed,4_8C_80PER_4_8C,181,0.9866125135512265
polynomial_mixed,4_8C_80PER_4_8C,182,0.9864432415104812
polynomial_mixed,4_8C_80PER_4_8C,183,0.9862728194931817
polynomial_mixed,4_8C_80PER_4_8C,184,0.9861012474993274
polynomial_mixed,4_8C_80PER_4_8C,185,0.9859285255289185
polynomial_mixed,4_8C_80PER_4_8C,186,0.9857546535819555
polynomial_mixed,4_8C_80PER_4_8C,187,0.9855796316584375
polynomial_mixed,4_8C_80PER_4_8C,188,0.9854034597583652
polynomial_mixed,4_8C_80PER_4_8C,189,0.9852261378817385
polynomial_mixed,4_8C_80PER_4_8C,190,0.9850476660285571
polynomial_mixed,4_8C_80PER_4_8C,191,0.9848680441988211
polynomial_mixed,4_8C_80PER_4_8C,192,0.9846872723925308
polynomial_mixed,4_8C_80PER_4_8C,193,0.9845053506096859
polynomial_mixed,4_8C_80PER_4_8C,194,0.9843222788502864
polynomial_mixed,4_8C_80PER_4_8C,195,0.9841380571143326
polynomial_mixed,4_8C_80PER_4_8C,196,0.9839526854018241
polynomial_mixed,4_8C_80PER_4_8C,197,0.983766163712761
polynomial_mixed,4_8C_80PER_4_8C,198,0.9835784920471436
polynomial_mixed,4_8C_80PER_4_8C,199,0.9833896704049716
polynomial_mixed,4_8C_80PER_4_8C,200,0.9831996987862449
polynomial_mixed,5C_67PER_4C_NEWSTRUCTURE,1,0.9991413726405363
polynomial_mixed,5C_67PER_4C_NEWSTRUCTURE,2,0.9991545130150825
polynomial_mixed,5C_67PER_4C_NEWSTRUCTURE,3,0.9991673148238958
polynomial_mixed,5C_67PER_4C_NEWSTRUCTURE,4,0.9991797780669758
polynomial_mixed,5C_67PER_4C_NEWSTRUCTURE,5,0.9991919027443226
polynomial_mixed,5C_67PER_4C_NEWSTRUCTURE,6,0.9992036888559362
polynomial_mixed,5C_67PER_4C_NEWSTRUCTURE,7,0.9992151364018168
polynomial_mixed,5C_67PER_4C_NEWSTRUCTURE,8,0.9992262453819641
polynomial_mixed,5C_67PER_4C_NEWSTRUCTURE,9,0.9992370157963785
polynomial_mixed,5C_67PER_4C_NEWSTRUCTURE,10,0.9992474476450596
polynomial_mixed,5C_67PER_4C_NEWSTRUCTURE,11,0.9992575409280076
polynomial_mixed,5C_67PER_4C_NEWSTRUCTURE,12,0.9992672956452223
polynomial_mixed,5C_67PER_4C_NEWSTRUCTURE,13,0.999276711796704
polynomial_mixed,5C_67PER_4C_NEWSTRUCTURE,14,0.9992857893824525
polynomial_mixed,5C_67PER_4C_NEWSTRUCTURE,15,0.9992945284024679
polynomial_mixed,5C_67PER_4C_NEWSTRUCTURE,16,0.9993029288567501
polynomial_mixed,5C_67PER_4C_NEWSTRUCTURE,17,0.9993109907452992
polynomial_mixed,5C_67PER_4C_NEWSTRUCTURE,18,0.9993187140681151
polynomial_mixed,5C_67PER_4C_NEWSTRUCTURE,19,0.9993260988251979
polynomial_mixed,5C_67PER_4C_NEWSTRUCTURE,20,0.9993331450165476
polynomial_mixed,5C_67PER_4C_NEWSTRUCTURE,21,0.9993398526421641
polynomial_mixed,5C_67PER_4C_NEWSTRUCTURE,22,0.9993462217020473
polynomial_mixed,5C_67PER_4C_NEWSTRUCTURE,23,0.9993522521961975
polynomial_mixed,5C_67PER_4C_NEWSTRUCTURE,24,0.9993579441246145
polynomial_mixed,5C_67PER_4C_NEWSTRUCTURE,25,0.9993632974872985
polynomial_mixed,5C_67PER_4C_NEWSTRUCTURE,26,0.9993683122842493
polynomial_mixed,5C_67PER_4C_NEWSTRUCTURE,27,0.9993729885154669
polynomial_mixed,5C_67PER_4C_NEWSTRUCTURE,28,0.9993773261809513
polynomial_mixed,5C_67PER_4C_NEWSTRUCTURE,29,0.9993813252807027
polynomial_mixed,5C_67PER_4C_NEWSTRUCTURE,30,0.9993849858147208
polynomial_mixed,5C_67PER_4C_NEWSTRUCTURE,31,0.9993883077830058
polynomial_mixed,5C_67PER_4C_NEWSTRUCTURE,32,0.9993912911855578
polynomial_mixed,5C_67PER_4C_NEWSTRUCTURE,33,0.9993939360223765
polynomial_mixed,5C_67PER_4C_NEWSTRUCTURE,34,0.999396242293462
polynomial_mixed,5C_67PER_4C_NEWSTRUCTURE,35,0.9993982099988145
polynomial_mixed,5C_67PER_4C_NEWSTRUCTURE,36,0.9993998391384337
polynomial_mixed,5C_67PER_4C_NEWSTRUCTURE,37,0.99940112971232
polynomial_mixed,5C_67PER_4C_NEWSTRUCTURE,38,0.999402081720473
polynomial_mixed,5C_67PER_4C_NEWSTRUCTURE,39,0.9994026951628927
polynomial_mixed,5C_67PER_4C_NEWSTRUCTURE,40,0.9994029700395795
polynomial_mixed,5C_67PER_4C_NEWSTRUCTURE,41,0.999402906350533
polynomial_mixed,5C_67PER_4C_NEWSTRUCTURE,42,0.9994025040957534
polynomial_mixed,5C_67PER_4C_NEWSTRUCTURE,43,0.9994017632752408
polynomial_mixed,5C_67PER_4C_NEWSTRUCTURE,44,0.9994006838889948
polynomial_mixed,5C_67PER_4C_NEWSTRUCTURE,45,0.9993992659370158
polynomial_mixed,5C_67PER_4C_NEWSTRUCTURE,46,0.9993975094193036
polynomial_mixed,5C_67PER_4C_NEWSTRUCTURE,47,0.9993954143358582
polynomial_mixed,5C_67PER_4C_NEWSTRUCTURE,48,0.9993929806866797
polynomial_mixed,5C_67PER_4C_NEWSTRUCTURE,49,0.9993902084717682
polynomial_mixed,5C_67PER_4C_NEWSTRUCTURE,50,0.9993870976911234
polynomial_mixed,5C_67PER_4C_NEWSTRUCTURE,51,0.9993836483447455
polynomial_mixed,5C_67PER_4C_NEWSTRUCTURE,52,0.9993798604326344
polynomial_mixed,5C_67PER_4C_NEWSTRUCTURE,53,0.9993757339547902
polynomial_mixed,5C_67PER_4C_NEWSTRUCTURE,54,0.999371268911213
polynomial_mixed,5C_67PER_4C_NEWSTRUCTURE,55,0.9993664653019024
polynomial_mixed,5C_67PER_4C_NEWSTRUCTURE,56,0.9993613231268588
polynomial_mixed,5C_67PER_4C_NEWSTRUCTURE,57,0.9993558423860819
polynomial_mixed,5C_67PER_4C_NEWSTRUCTURE,58,0.999350023079572
polynomial_mixed,5C_67PER_4C_NEWSTRUCTURE,59,0.9993438652073289
polynomial_mixed,5C_67PER_4C_NEWSTRUCTURE,60,0.9993373687693528
polynomial_mixed,5C_67PER_4C_NEWSTRUCTURE,61,0.9993305337656433
polynomial_mixed,5C_67PER_4C_NEWSTRUCTURE,62,0.9993233601962008
polynomial_mixed,5C_67PER_4C_NEWSTRUCTURE,63,0.9993158480610251
polynomial_mixed,5C_67PER_4C_NEWSTRUCTURE,64,0.9993079973601162
polynomial_mixed,5C_67PER_4C_NEWSTRUCTURE,65,0.9992998080934744
polynomial_mixed,5C_67PER_4C_NEWSTRUCTURE,66,0.9992912802610991
polynomial_mixed,5C_67PER_4C_NEWSTRUCTURE,67,0.999282413862991
polynomial_mixed,5C_67PER_4C_NEWSTRUCTURE,68,0.9992732088991496
polynomial_mixed,5C_67PER_4C_NEWSTRUCTURE,69,0.999263665369575
polynomial_mixed,5C_67PER_4C_NEWSTRUCTURE,70,0.9992537832742674
polynomial_mixed,5C_67PER_4C_NEWSTRUCTURE,71,0.9992435626132263
polynomial_mixed,5C_67PER_4C_NEWSTRUCTURE,72,0.9992330033864525
polynomial_mixed,5C_67PER_4C_NEWSTRUCTURE,73,0.9992221055939452
polynomial_mixed,5C_67PER_4C_NEWSTRUCTURE,74,0.999210869235705
polynomial_mixed,5C_67PER_4C_NEWSTRUCTURE,75,0.9991992943117317
polynomial_mixed,5C_67PER_4C_NEWSTRUCTURE,76,0.999187380822025
polynomial_mixed,5C_67PER_4C_NEWSTRUCTURE,77,0.9991751287665853
polynomial_mixed,5C_67PER_4C_NEWSTRUCTURE,78,0.9991625381454123
polynomial_mixed,5C_67PER_4C_NEWSTRUCTURE,79,0.9991496089585064
polynomial_mixed,5C_67PER_4C_NEWSTRUCTURE,80,0.9991363412058674
polynomial_mixed,5C_67PER_4C_NEWSTRUCTURE,81,0.9991227348874949
polynomial_mixed,5C_67PER_4C_NEWSTRUCTURE,82,0.9991087900033895
polynomial_mixed,5C_67PER_4C_NEWSTRUCTURE,83,0.9990945065535508
polynomial_mixed,5C_67PER_4C_NEWSTRUCTURE,84,0.9990798845379791
polynomial_mixed,5C_67PER_4C_NEWSTRUCTURE,85,0.9990649239566743
polynomial_mixed,5C_67PER_4C_NEWSTRUCTURE,86,0.9990496248096361
polynomial_mixed,5C_67PER_4C_NEWSTRUCTURE,87,0.999033987096865
polynomial_mixed,5C_67PER_4C_NEWSTRUCTURE,88,0.9990180108183605
polynomial_mixed,5C_67PER_4C_NEWSTRUCTURE,89,0.9990016959741231
polynomial_mixed,5C_67PER_4C_NEWSTRUCTURE,90,0.9989850425641523
polynomial_mixed,5C_67PER_4C_NEWSTRUCTURE,91,0.9989680505884487
polynomial_mixed,5C_67PER_4C_NEWSTRUCTURE,92,0.9989507200470118
polynomial_mixed,5C_67PER_4C_NEWSTRUCTURE,93,0.9989330509398416
polynomial_mixed,5C_67PER_4C_NEWSTRUCTURE,94,0.9989150432669385
polynomial_mixed,5C_67PER_4C_NEWSTRUCTURE,95,0.998896697028302
polynomial_mixed,5C_67PER_4C_NEWSTRUCTURE,96,0.9988780122239326
polynomial_mixed,5C_67PER_4C_NEWSTRUCTURE,97,0.9988589888538301
polynomial_mixed,5C_67PER_4C_NEWSTRUCTURE,98,0.9988396269179941
polynomial_mixed,5C_67PER_4C_NEWSTRUCTURE,99,0.9988199264164253
polynomial_mixed,5C_67PER_4C_NEWSTRUCTURE,100,0.998799887349123
polynomial_mixed,5C_67PER_4C_NEWSTRUCTURE,101,0.9987795097160879
polynomial_mixed,5C_67PER_4C_NEWSTRUCTURE,102,0.9987587935173196
polynomial_mixed,5C_67PER_4C_NEWSTRUCTURE,103,0.9987377387528179
polynomial_mixed,5C_67PER_4C_NEWSTRUCTURE,104,0.9987163454225833
polynomial_mixed,5C_67PER_4C_NEWSTRUCTURE,105,0.9986946135266153
polynomial_mixed,5C_67PER_4C_NEWSTRUCTURE,106,0.9986725430649144
polynomial_mixed,5C_67PER_4C_NEWSTRUCTURE,107,0.9986501340374802
polynomial_mixed,5C_67PER_4C_NEWSTRUCTURE,108,0.9986273864443129
polynomial_mixed,5C_67PER_4C_NEWSTRUCTURE,109,0.9986043002854126
polynomial_mixed,5C_67PER_4C_NEWSTRUCTURE,110,0.9985808755607789
polynomial_mixed,5C_67PER_4C_NEWSTRUCTURE,111,0.9985571122704123
polynomial_mixed,5C_67PER_4C_NEWSTRUCTURE,112,0.9985330104143123
polynomial_mixed,5C_67PER_4C_NEWSTRUCTURE,113,0.9985085699924794
polynomial_mixed,5C_67PER_4C_NEWSTRUCTURE,114,0.9984837910049134
polynomial_mixed,5C_67PER_4C_NEWSTRUCTURE,115,0.9984586734516139
polynomial_mixed,5C_67PER_4C_NEWSTRUCTURE,116,0.9984332173325815
polynomial_mixed,5C_67PER_4C_NEWSTRUCTURE,117,0.9984074226478158
polynomial_mixed,5C_67PER_4C_NEWSTRUCTURE,118,0.9983812893973172
polynomial_mixed,5C_67PER_4C_NEWSTRUCTURE,119,0.9983548175810854
polynomial_mixed,5C_67PER_4C_NEWSTRUCTURE,120,0.9983280071991202
polynomial_mixed,5C_67PER_4C_NEWSTRUCTURE,121,0.9983008582514221
polynomial_mixed,5C_67PER_4C_NEWSTRUCTURE,122,0.9982733707379906
polynomial_mixed,5C_67PER_4C_NEWSTRUCTURE,123,0.9982455446588262
polynomial_mixed,5C_67PER_4C_NEWSTRUCTURE,124,0.9982173800139285
polynomial_mixed,5C_67PER_4C_NEWSTRUCTURE,125,0.9981888768032978
polynomial_mixed,5C_67PER_4C_NEWSTRUCTURE,126,0.998160035026934
polynomial_mixed,5C_67PER_4C_NEWSTRUCTURE,127,0.9981308546848368
polynomial_mixed,5C_67PER_4C_NEWSTRUCTURE,128,0.9981013357770067
polynomial_mixed,5C_67PER_4C_NEWSTRUCTURE,129,0.9980714783034432
polynomial_mixed,5C_67PER_4C_NEWSTRUCTURE,130,0.9980412822641468
polynomial_mixed,5C_67PER_4C_NEWSTRUCTURE,131,0.9980107476591172
polynomial_mixed,5C_67PER_4C_NEWSTRUCTURE,132,0.9979798744883542
polynomial_mixed,5C_67PER_4C_NEWSTRUCTURE,133,0.9979486627518585
polynomial_mixed,5C_67PER_4C_NEWSTRUCTURE,134,0.9979171124496292
polynomial_mixed,5C_67PER_4C_NEWSTRUCTURE,135,0.9978852235816671
polynomial_mixed,5C_67PER_4C_NEWSTRUCTURE,136,0.9978529961479717
polynomial_mixed,5C_67PER_4C_NEWSTRUCTURE,137,0.9978204301485432
polynomial_mixed,5C_67PER_4C_NEWSTRUCTURE,138,0.9977875255833816
polynomial_mixed,5C_67PER_4C_NEWSTRUCTURE,139,0.9977542824524865
polynomial_mixed,5C_67PER_4C_NEWSTRUCTURE,140,0.9977207007558587
polynomial_mixed,5C_67PER_4C_NEWSTRUCTURE,141,0.9976867804934975
polynomial_mixed,5C_67PER_4C_NEWSTRUCTURE,142,0.9976525216654033
polynomial_mixed,5C_67PER_4C_NEWSTRUCTURE,143,0.9976179242715759
polynomial_mixed,5C_67PER_4C_NEWSTRUCTURE,144,0.9975829883120153
polynomial_mixed,5C_67PER_4C_NEWSTRUCTURE,145,0.9975477137867217
polynomial_mixed,5C_67PER_4C_NEWSTRUCTURE,146,0.9975121006956946
polynomial_mixed,5C_67PER_4C_NEWSTRUCTURE,147,0.9974761490389348
polynomial_mixed,5C_67PER_4C_NEWSTRUCTURE,148,0.9974398588164417
polynomial_mixed,5C_67PER_4C_NEWSTRUCTURE,149,0.9974032300282153
polynomial_mixed,5C_67PER_4C_NEWSTRUCTURE,150,0.9973662626742559
polynomial_mixed,5C_67PER_4C_NEWSTRUCTURE,151,0.9973289567545632
polynomial_mixed,5C_67PER_4C_NEWSTRUCTURE,152,0.9972913122691376
polynomial_mixed,5C_67PER_4C_NEWSTRUCTURE,153,0.9972533292179788
polynomial_mixed,5C_67PER_4C_NEWSTRUCTURE,154,0.9972150076010866
polynomial_mixed,5C_67PER_4C_NEWSTRUCTURE,155,0.9971763474184615
polynomial_mixed,5C_67PER_4C_NEWSTRUCTURE,156,0.9971373486701031
polynomial_mixed,5C_67PER_4C_NEWSTRUCTURE,157,0.9970980113560117
polynomial_mixed,5C_67PER_4C_NEWSTRUCTURE,158,0.9970583354761869
polynomial_mixed,5C_67PER_4C_NEWSTRUCTURE,159,0.9970183210306293
polynomial_mixed,5C_67PER_4C_NEWSTRUCTURE,160,0.9969779680193385
polynomial_mixed,5C_67PER_4C_NEWSTRUCTURE,161,0.9969372764423143
polynomial_mixed,5C_67PER_4C_NEWSTRUCTURE,162,0.9968962462995572
polynomial_mixed,5C_67PER_4C_NEWSTRUCTURE,163,0.9968548775910667
polynomial_mixed,5C_67PER_4C_NEWSTRUCTURE,164,0.9968131703168434
polynomial_mixed,5C_67PER_4C_NEWSTRUCTURE,165,0.9967711244768868
polynomial_mixed,5C_67PER_4C_NEWSTRUCTURE,166,0.9967287400711968
polynomial_mixed,5C_67PER_4C_NEWSTRUCTURE,167,0.996686017099774
polynomial_mixed,5C_67PER_4C_NEWSTRUCTURE,168,0.9966429555626178
polynomial_mixed,5C_67PER_4C_NEWSTRUCTURE,169,0.9965995554597287
polynomial_mixed,5C_67PER_4C_NEWSTRUCTURE,170,0.9965558167911064
polynomial_mixed,5C_67PER_4C_NEWSTRUCTURE,171,0.9965117395567508
polynomial_mixed,5C_67PER_4C_NEWSTRUCTURE,172,0.9964673237566621
polynomial_mixed,5C_67PER_4C_NEWSTRUCTURE,173,0.9964225693908402
polynomial_mixed,5C_67PER_4C_NEWSTRUCTURE,174,0.9963774764592853
polynomial_mixed,5C_67PER_4C_NEWSTRUCTURE,175,0.9963320449619971
polynomial_mixed,5C_67PER_4C_NEWSTRUCTURE,176,0.9962862748989759
polynomial_mixed,5C_67PER_4C_NEWSTRUCTURE,177,0.9962401662702216
polynomial_mixed,5C_67PER_4C_NEWSTRUCTURE,178,0.996193719075734
polynomial_mixed,5C_67PER_4C_NEWSTRUCTURE,179,0.9961469333155134
polynomial_mixed,5C_67PER_4C_NEWSTRUCTURE,180,0.9960998089895594
polynomial_mixed,5C_67PER_4C_NEWSTRUCTURE,181,0.9960523460978725
polynomial_mixed,5C_67PER_4C_NEWSTRUCTURE,182,0.9960045446404524
polynomial_mixed,5C_67PER_4C_NEWSTRUCTURE,183,0.9959564046172991
polynomial_mixed,5C_67PER_4C_NEWSTRUCTURE,184,0.9959079260284127
polynomial_mixed,5C_67PER_4C_NEWSTRUCTURE,185,0.995859108873793
polynomial_mixed,5C_67PER_4C_NEWSTRUCTURE,186,0.9958099531534403
polynomial_mixed,5C_67PER_4C_NEWSTRUCTURE,187,0.9957604588673545
polynomial_mixed,5C_67PER_4C_NEWSTRUCTURE,188,0.9957106260155354
polynomial_mixed,5C_67PER_4C_NEWSTRUCTURE,189,0.9956604545979834
polynomial_mixed,5C_67PER_4C_NEWSTRUCTURE,190,0.995609944614698
polynomial_mixed,5C_67PER_4C_NEWSTRUCTURE,191,0.9955590960656796
polynomial_mixed,5C_67PER_4C_NEWSTRUCTURE,192,0.9955079089509279
polynomial_mixed,5C_67PER_4C_NEWSTRUCTURE,193,0.9954563832704432
polynomial_mixed,5C_67PER_4C_NEWSTRUCTURE,194,0.9954045190242253
polynomial_mixed,5C_67PER_4C_NEWSTRUCTURE,195,0.9953523162122742
polynomial_mixed,5C_67PER_4C_NEWSTRUCTURE,196,0.9952997748345901
polynomial_mixed,5C_67PER_4C_NEWSTRUCTURE,197,0.9952468948911727
polynomial_mixed,5C_67PER_4C_NEWSTRUCTURE,198,0.9951936763820223
polynomial_mixed,5C_67PER_4C_NEWSTRUCTURE,199,0.9951401193071387
polynomial_mixed,5C_67PER_4C_NEWSTRUCTURE,200,0.9950862236665218
polynomial_mixed,5_3C_54PER_4C_NEWSTRUCTURE,1,0.9990191145100943
polynomial_mixed,5_3C_54PER_4C_NEWSTRUCTURE,2,0.9990299248441266
polynomial_mixed,5_3C_54PER_4C_NEWSTRUCTURE,3,0.9990404183324632
polynomial_mixed,5_3C_54PER_4C_NEWSTRUCTURE,4,0.999050594975104
polynomial_mixed,5_3C_54PER_4C_NEWSTRUCTURE,5,0.9990604547720492
polynomial_mixed,5_3C_54PER_4C_NEWSTRUCTURE,6,0.9990699977232985
polynomial_mixed,5_3C_54PER_4C_NEWSTRUCTURE,7,0.9990792238288522
polynomial_mixed,5_3C_54PER_4C_NEWSTRUCTURE,8,0.9990881330887099
polynomial_mixed,5_3C_54PER_4C_NEWSTRUCTURE,9,0.9990967255028721
polynomial_mixed,5_3C_54PER_4C_NEWSTRUCTURE,10,0.9991050010713385
polynomial_mixed,5_3C_54PER_4C_NEWSTRUCTURE,11,0.9991129597941092
polynomial_mixed,5_3C_54PER_4C_NEWSTRUCTURE,12,0.999120601671184
polynomial_mixed,5_3C_54PER_4C_NEWSTRUCTURE,13,0.9991279267025632
polynomial_mixed,5_3C_54PER_4C_NEWSTRUCTURE,14,0.9991349348882466
polynomial_mixed,5_3C_54PER_4C_NEWSTRUCTURE,15,0.9991416262282343
polynomial_mixed,5_3C_54PER_4C_NEWSTRUCTURE,16,0.9991480007225262
polynomial_mixed,5_3C_54PER_4C_NEWSTRUCTURE,17,0.9991540583711224
polynomial_mixed,5_3C_54PER_4C_NEWSTRUCTURE,18,0.9991597991740228
polynomial_mixed,5_3C_54PER_4C_NEWSTRUCTURE,19,0.9991652231312275
polynomial_mixed,5_3C_54PER_4C_NEWSTRUCTURE,20,0.9991703302427364
polynomial_mixed,5_3C_54PER_4C_NEWSTRUCTURE,21,0.9991751205085496
polynomial_mixed,5_3C_54PER_4C_NEWSTRUCTURE,22,0.999179593928667
polynomial_mixed,5_3C_54PER_4C_NEWSTRUCTURE,23,0.9991837505030887
polynomial_mixed,5_3C_54PER_4C_NEWSTRUCTURE,24,0.9991875902318147
polynomial_mixed,5_3C_54PER_4C_NEWSTRUCTURE,25,0.999191113114845
polynomial_mixed,5_3C_54PER_4C_NEWSTRUCTURE,26,0.9991943191521794
polynomial_mixed,5_3C_54PER_4C_NEWSTRUCTURE,27,0.9991972083438181
polynomial_mixed,5_3C_54PER_4C_NEWSTRUCTURE,28,0.999199780689761
polynomial_mixed,5_3C_54PER_4C_NEWSTRUCTURE,29,0.9992020361900084
polynomial_mixed,5_3C_54PER_4C_NEWSTRUCTURE,30,0.9992039748445598
polynomial_mixed,5_3C_54PER_4C_NEWSTRUCTURE,31,0.9992055966534156
polynomial_mixed,5_3C_54PER_4C_NEWSTRUCTURE,32,0.9992069016165755
polynomial_mixed,5_3C_54PER_4C_NEWSTRUCTURE,33,0.9992078897340398
polynomial_mixed,5_3C_54PER_4C_NEWSTRUCTURE,34,0.9992085610058082
polynomial_mixed,5_3C_54PER_4C_NEWSTRUCTURE,35,0.9992089154318811
polynomial_mixed,5_3C_54PER_4C_NEWSTRUCTURE,36,0.9992089530122581
polynomial_mixed,5_3C_54PER_4C_NEWSTRUCTURE,37,0.9992086737469393
polynomial_mixed,5_3C_54PER_4C_NEWSTRUCTURE,38,0.9992080776359249
polynomial_mixed,5_3C_54PER_4C_NEWSTRUCTURE,39,0.9992071646792147
polynomial_mixed,5_3C_54PER_4C_NEWSTRUCTURE,40,0.9992059348768086
polynomial_mixed,5_3C_54PER_4C_NEWSTRUCTURE,41,0.999204388228707
polynomial_mixed,5_3C_54PER_4C_NEWSTRUCTURE,42,0.9992025247349096
polynomial_mixed,5_3C_54PER_4C_NEWSTRUCTURE,43,0.9992003443954164
polynomial_mixed,5_3C_54PER_4C_NEWSTRUCTURE,44,0.9991978472102274
polynomial_mixed,5_3C_54PER_4C_NEWSTRUCTURE,45,0.9991950331793428
polynomial_mixed,5_3C_54PER_4C_NEWSTRUCTURE,46,0.9991919023027623
polynomial_mixed,5_3C_54PER_4C_NEWSTRUCTURE,47,0.9991884545804862
polynomial_mixed,5_3C_54PER_4C_NEWSTRUCTURE,48,0.9991846900125142
polynomial_mixed,5_3C_54PER_4C_NEWSTRUCTURE,49,0.9991806085988466
polynomial_mixed,5_3C_54PER_4C_NEWSTRUCTURE,50,0.9991762103394831
polynomial_mixed,5_3C_54PER_4C_NEWSTRUCTURE,51,0.9991714952344241
polynomial_mixed,5_3C_54PER_4C_NEWSTRUCTURE,52,0.9991664632836691
polynomial_mixed,5_3C_54PER_4C_NEWSTRUCTURE,53,0.9991611144872184
polynomial_mixed,5_3C_54PER_4C_NEWSTRUCTURE,54,0.999155448845072
polynomial_mixed,5_3C_54PER_4C_NEWSTRUCTURE,55,0.99914946635723
polynomial_mixed,5_3C_54PER_4C_NEWSTRUCTURE,56,0.999143167023692
polynomial_mixed,5_3C_54PER_4C_NEWSTRUCTURE,57,0.9991365508444585
polynomial_mixed,5_3C_54PER_4C_NEWSTRUCTURE,58,0.999129617819529
polynomial_mixed,5_3C_54PER_4C_NEWSTRUCTURE,59,0.999122367948904
polynomial_mixed,5_3C_54PER_4C_NEWSTRUCTURE,60,0.9991148012325831
polynomial_mixed,5_3C_54PER_4C_NEWSTRUCTURE,61,0.9991069176705666
polynomial_mixed,5_3C_54PER_4C_NEWSTRUCTURE,62,0.9990987172628542
polynomial_mixed,5_3C_54PER_4C_NEWSTRUCTURE,63,0.9990902000094461
polynomial_mixed,5_3C_54PER_4C_NEWSTRUCTURE,64,0.9990813659103422
polynomial_mixed,5_3C_54PER_4C_NEWSTRUCTURE,65,0.9990722149655427
polynomial_mixed,5_3C_54PER_4C_NEWSTRUCTURE,66,0.9990627471750473
polynomial_mixed,5_3C_54PER_4C_NEWSTRUCTURE,67,0.9990529625388563
polynomial_mixed,5_3C_54PER_4C_NEWSTRUCTURE,68,0.9990428610569694
polynomial_mixed,5_3C_54PER_4C_NEWSTRUCTURE,69,0.999032442729387
polynomial_mixed,5_3C_54PER_4C_NEWSTRUCTURE,70,0.9990217075561085
polynomial_mixed,5_3C_54PER_4C_NEWSTRUCTURE,71,0.9990106555371345
polynomial_mixed,5_3C_54PER_4C_NEWSTRUCTURE,72,0.9989992866724647
polynomial_mixed,5_3C_54PER_4C_NEWSTRUCTURE,73,0.9989876009620993
polynomial_mixed,5_3C_54PER_4C_NEWSTRUCTURE,74,0.9989755984060379
polynomial_mixed,5_3C_54PER_4C_NEWSTRUCTURE,75,0.998963279004281
polynomial_mixed,5_3C_54PER_4C_NEWSTRUCTURE,76,0.9989506427568281
polynomial_mixed,5_3C_54PER_4C_NEWSTRUCTURE,77,0.9989376896636796
polynomial_mixed,5_3C_54PER_4C_NEWSTRUCTURE,78,0.9989244197248353
polynomial_mixed,5_3C_54PER_4C_NEWSTRUCTURE,79,0.9989108329402954
polynomial_mixed,5_3C_54PER_4C_NEWSTRUCTURE,80,0.9988969293100596
polynomial_mixed,5_3C_54PER_4C_NEWSTRUCTURE,81,0.9988827088341281
polynomial_mixed,5_3C_54PER_4C_NEWSTRUCTURE,82,0.9988681715125008
polynomial_mixed,5_3C_54PER_4C_NEWSTRUCTURE,83,0.9988533173451779
polynomial_mixed,5_3C_54PER_4C_NEWSTRUCTURE,84,0.9988381463321592
polynomial_mixed,5_3C_54PER_4C_NEWSTRUCTURE,85,0.9988226584734446
polynomial_mixed,5_3C_54PER_4C_NEWSTRUCTURE,86,0.9988068537690344
polynomial_mixed,5_3C_54PER_4C_NEWSTRUCTURE,87,0.9987907322189284
polynomial_mixed,5_3C_54PER_4C_NEWSTRUCTURE,88,0.9987742938231267
polynomial_mixed,5_3C_54PER_4C_NEWSTRUCTURE,89,0.9987575385816293
polynomial_mixed,5_3C_54PER_4C_NEWSTRUCTURE,90,0.9987404664944362
polynomial_mixed,5_3C_54PER_4C_NEWSTRUCTURE,91,0.9987230775615472
polynomial_mixed,5_3C_54PER_4C_NEWSTRUCTURE,92,0.9987053717829624
polynomial_mixed,5_3C_54PER_4C_NEWSTRUCTURE,93,0.9986873491586821
polynomial_mixed,5_3C_54PER_4C_NEWSTRUCTURE,94,0.9986690096887059
polynomial_mixed,5_3C_54PER_4C_NEWSTRUCTURE,95,0.998650353373034
polynomial_mixed,5_3C_54PER_4C_NEWSTRUCTURE,96,0.9986313802116662
polynomial_mixed,5_3C_54PER_4C_NEWSTRUCTURE,97,0.9986120902046028
polynomial_mixed,5_3C_54PER_4C_NEWSTRUCTURE,98,0.9985924833518437
polynomial_mixed,5_3C_54PER_4C_NEWSTRUCTURE,99,0.9985725596533889
polynomial_mixed,5_3C_54PER_4C_NEWSTRUCTURE,100,0.998552319109238
polynomial_mixed,5_3C_54PER_4C_NEWSTRUCTURE,101,0.9985317617193917
polynomial_mixed,5_3C_54PER_4C_NEWSTRUCTURE,102,0.9985108874838496
polynomial_mixed,5_3C_54PER_4C_NEWSTRUCTURE,103,0.9984896964026118
polynomial_mixed,5_3C_54PER_4C_NEWSTRUCTURE,104,0.998468188475678
polynomial_mixed,5_3C_54PER_4C_NEWSTRUCTURE,105,0.9984463637030487
polynomial_mixed,5_3C_54PER_4C_NEWSTRUCTURE,106,0.9984242220847236
polynomial_mixed,5_3C_54PER_4C_NEWSTRUCTURE,107,0.9984017636207029
polynomial_mixed,5_3C_54PER_4C_NEWSTRUCTURE,108,0.998378988310986
polynomial_mixed,5_3C_54PER_4C_NEWSTRUCTURE,109,0.9983558961555737
polynomial_mixed,5_3C_54PER_4C_NEWSTRUCTURE,110,0.9983324871544657
polynomial_mixed,5_3C_54PER_4C_NEWSTRUCTURE,111,0.9983087613076619
polynomial_mixed,5_3C_54PER_4C_NEWSTRUCTURE,112,0.9982847186151622
polynomial_mixed,5_3C_54PER_4C_NEWSTRUCTURE,113,0.9982603590769669
polynomial_mixed,5_3C_54PER_4C_NEWSTRUCTURE,114,0.9982356826930758
polynomial_mixed,5_3C_54PER_4C_NEWSTRUCTURE,115,0.9982106894634891
polynomial_mixed,5_3C_54PER_4C_NEWSTRUCTURE,116,0.9981853793882064
polynomial_mixed,5_3C_54PER_4C_NEWSTRUCTURE,117,0.9981597524672281
polynomial_mixed,5_3C_54PER_4C_NEWSTRUCTURE,118,0.9981338087005541
polynomial_mixed,5_3C_54PER_4C_NEWSTRUCTURE,119,0.9981075480881844
polynomial_mixed,5_3C_54PER_4C_NEWSTRUCTURE,120,0.9980809706301187
polynomial_mixed,5_3C_54PER_4C_NEWSTRUCTURE,121,0.9980540763263575
polynomial_mixed,5_3C_54PER_4C_NEWSTRUCTURE,122,0.9980268651769004
polynomial_mixed,5_3C_54PER_4C_NEWSTRUCTURE,123,0.9979993371817477
polynomial_mixed,5_3C_54PER_4C_NEWSTRUCTURE,124,0.997971492340899
polynomial_mixed,5_3C_54PER_4C_NEWSTRUCTURE,125,0.9979433306543548
polynomial_mixed,5_3C_54PER_4C_NEWSTRUCTURE,126,0.9979148521221148
polynomial_mixed,5_3C_54PER_4C_NEWSTRUCTURE,127,0.9978860567441792
polynomial_mixed,5_3C_54PER_4C_NEWSTRUCTURE,128,0.9978569445205475
polynomial_mixed,5_3C_54PER_4C_NEWSTRUCTURE,129,0.9978275154512203
polynomial_mixed,5_3C_54PER_4C_NEWSTRUCTURE,130,0.9977977695361974
polynomial_mixed,5_3C_54PER_4C_NEWSTRUCTURE,131,0.9977677067754787
polynomial_mixed,5_3C_54PER_4C_NEWSTRUCTURE,132,0.997737327169064
polynomial_mixed,5_3C_54PER_4C_NEWSTRUCTURE,133,0.9977066307169539
polynomial_mixed,5_3C_54PER_4C_NEWSTRUCTURE,134,0.9976756174191479
polynomial_mixed,5_3C_54PER_4C_NEWSTRUCTURE,135,0.9976442872756462
polynomial_mixed,5_3C_54PER_4C_NEWSTRUCTURE,136,0.9976126402864486
polynomial_mixed,5_3C_54PER_4C_NEWSTRUCTURE,137,0.9975806764515555
polynomial_mixed,5_3C_54PER_4C_NEWSTRUCTURE,138,0.9975483957709665
polynomial_mixed,5_3C_54PER_4C_NEWSTRUCTURE,139,0.997515798244682
polynomial_mixed,5_3C_54PER_4C_NEWSTRUCTURE,140,0.9974828838727013
polynomial_mixed,5_3C_54PER_4C_NEWSTRUCTURE,141,0.9974496526550252
polynomial_mixed,5_3C_54PER_4C_NEWSTRUCTURE,142,0.9974161045916533
polynomial_mixed,5_3C_54PER_4C_NEWSTRUCTURE,143,0.9973822396825857
polynomial_mixed,5_3C_54PER_4C_NEWSTRUCTURE,144,0.9973480579278221
polynomial_mixed,5_3C_54PER_4C_NEWSTRUCTURE,145,0.997313559327363
polynomial_mixed,5_3C_54PER_4C_NEWSTRUCTURE,146,0.9972787438812081
polynomial_mixed,5_3C_54PER_4C_NEWSTRUCTURE,147,0.9972436115893575
polynomial_mixed,5_3C_54PER_4C_NEWSTRUCTURE,148,0.997208162451811
polynomial_mixed,5_3C_54PER_4C_NEWSTRUCTURE,149,0.9971723964685688
polynomial_mixed,5_3C_54PER_4C_NEWSTRUCTURE,150,0.9971363136396311
polynomial_mixed,5_3C_54PER_4C_NEWSTRUCTURE,151,0.9970999139649974
polynomial_mixed,5_3C_54PER_4C_NEWSTRUCTURE,152,0.9970631974446679
polynomial_mixed,5_3C_54PER_4C_NEWSTRUCTURE,153,0.9970261640786429
polynomial_mixed,5_3C_54PER_4C_NEWSTRUCTURE,154,0.996988813866922
polynomial_mixed,5_3C_54PER_4C_NEWSTRUCTURE,155,0.9969511468095055
polynomial_mixed,5_3C_54PER_4C_NEWSTRUCTURE,156,0.9969131629063929
polynomial_mixed,5_3C_54PER_4C_NEWSTRUCTURE,157,0.9968748621575849
polynomial_mixed,5_3C_54PER_4C_NEWSTRUCTURE,158,0.9968362445630811
polynomial_mixed,5_3C_54PER_4C_NEWSTRUCTURE,159,0.9967973101228815
polynomial_mixed,5_3C_54PER_4C_NEWSTRUCTURE,160,0.996758058836986
polynomial_mixed,5_3C_54PER_4C_NEWSTRUCTURE,161,0.996718490705395
polynomial_mixed,5_3C_54PER_4C_NEWSTRUCTURE,162,0.9966786057281082
polynomial_mixed,5_3C_54PER_4C_NEWSTRUCTURE,163,0.9966384039051257
polynomial_mixed,5_3C_54PER_4C_NEWSTRUCTURE,164,0.9965978852364472
polynomial_mixed,5_3C_54PER_4C_NEWSTRUCTURE,165,0.9965570497220733
polynomial_mixed,5_3C_54PER_4C_NEWSTRUCTURE,166,0.9965158973620034
polynomial_mixed,5_3C_54PER_4C_NEWSTRUCTURE,167,0.996474428156238
polynomial_mixed,5_3C_54PER_4C_NEWSTRUCTURE,168,0.9964326421047767
polynomial_mixed,5_3C_54PER_4C_NEWSTRUCTURE,169,0.9963905392076196
polynomial_mixed,5_3C_54PER_4C_NEWSTRUCTURE,170,0.9963481194647668
polynomial_mixed,5_3C_54PER_4C_NEWSTRUCTURE,171,0.9963053828762183
polynomial_mixed,5_3C_54PER_4C_NEWSTRUCTURE,172,0.9962623294419741
polynomial_mixed,5_3C_54PER_4C_NEWSTRUCTURE,173,0.9962189591620338
polynomial_mixed,5_3C_54PER_4C_NEWSTRUCTURE,174,0.9961752720363982
polynomial_mixed,5_3C_54PER_4C_NEWSTRUCTURE,175,0.9961312680650667
polynomial_mixed,5_3C_54PER_4C_NEWSTRUCTURE,176,0.9960869472480395
polynomial_mixed,5_3C_54PER_4C_NEWSTRUCTURE,177,0.9960423095853164
polynomial_mixed,5_3C_54PER_4C_NEWSTRUCTURE,178,0.9959973550768977
polynomial_mixed,5_3C_54PER_4C_NEWSTRUCTURE,179,0.9959520837227832
polynomial_mixed,5_3C_54PER_4C_NEWSTRUCTURE,180,0.9959064955229731
polynomial_mixed,5_3C_54PER_4C_NEWSTRUCTURE,181,0.9958605904774669
polynomial_mixed,5_3C_54PER_4C_NEWSTRUCTURE,182,0.9958143685862653
polynomial_mixed,5_3C_54PER_4C_NEWSTRUCTURE,183,0.9957678298493678
polynomial_mixed,5_3C_54PER_4C_NEWSTRUCTURE,184,0.9957209742667746
polynomial_mixed,5_3C_54PER_4C_NEWSTRUCTURE,185,0.9956738018384855
polynomial_mixed,5_3C_54PER_4C_NEWSTRUCTURE,186,0.9956263125645008
polynomial_mixed,5_3C_54PER_4C_NEWSTRUCTURE,187,0.9955785064448205
polynomial_mixed,5_3C_54PER_4C_NEWSTRUCTURE,188,0.9955303834794443
polynomial_mixed,5_3C_54PER_4C_NEWSTRUCTURE,189,0.9954819436683723
polynomial_mixed,5_3C_54PER_4C_NEWSTRUCTURE,190,0.9954331870116045
polynomial_mixed,5_3C_54PER_4C_NEWSTRUCTURE,191,0.9953841135091412
polynomial_mixed,5_3C_54PER_4C_NEWSTRUCTURE,192,0.9953347231609821
polynomial_mixed,5_3C_54PER_4C_NEWSTRUCTURE,193,0.995285015967127
polynomial_mixed,5_3C_54PER_4C_NEWSTRUCTURE,194,0.9952349919275764
polynomial_mixed,5_3C_54PER_4C_NEWSTRUCTURE,195,0.9951846510423301
polynomial_mixed,5_3C_54PER_4C_NEWSTRUCTURE,196,0.995133993311388
polynomial_mixed,5_3C_54PER_4C_NEWSTRUCTURE,197,0.9950830187347499
polynomial_mixed,5_3C_54PER_4C_NEWSTRUCTURE,198,0.9950317273124163
polynomial_mixed,5_3C_54PER_4C_NEWSTRUCTURE,199,0.994980119044387
polynomial_mixed,5_3C_54PER_4C_NEWSTRUCTURE,200,0.9949281939306619
polynomial_mixed,5_6C_19PER_4_6C_NEWSTRUCTURE,1,0.9994281163013445
polynomial_mixed,5_6C_19PER_4_6C_NEWSTRUCTURE,2,0.9994303651099449
polynomial_mixed,5_6C_19PER_4_6C_NEWSTRUCTURE,3,0.9994323108562151
polynomial_mixed,5_6C_19PER_4_6C_NEWSTRUCTURE,4,0.9994339535401556
polynomial_mixed,5_6C_19PER_4_6C_NEWSTRUCTURE,5,0.9994352931617663
polynomial_mixed,5_6C_19PER_4_6C_NEWSTRUCTURE,6,0.999436329721047
polynomial_mixed,5_6C_19PER_4_6C_NEWSTRUCTURE,7,0.9994370632179979
polynomial_mixed,5_6C_19PER_4_6C_NEWSTRUCTURE,8,0.9994374936526189
polynomial_mixed,5_6C_19PER_4_6C_NEWSTRUCTURE,9,0.9994376210249101
polynomial_mixed,5_6C_19PER_4_6C_NEWSTRUCTURE,10,0.9994374453348714
polynomial_mixed,5_6C_19PER_4_6C_NEWSTRUCTURE,11,0.9994369665825029
polynomial_mixed,5_6C_19PER_4_6C_NEWSTRUCTURE,12,0.9994361847678045
polynomial_mixed,5_6C_19PER_4_6C_NEWSTRUCTURE,13,0.9994350998907763
polynomial_mixed,5_6C_19PER_4_6C_NEWSTRUCTURE,14,0.9994337119514181
polynomial_mixed,5_6C_19PER_4_6C_NEWSTRUCTURE,15,0.99943202094973
polynomial_mixed,5_6C_19PER_4_6C_NEWSTRUCTURE,16,0.9994300268857123
polynomial_mixed,5_6C_19PER_4_6C_NEWSTRUCTURE,17,0.9994277297593644
polynomial_mixed,5_6C_19PER_4_6C_NEWSTRUCTURE,18,0.9994251295706869
polynomial_mixed,5_6C_19PER_4_6C_NEWSTRUCTURE,19,0.9994222263196795
polynomial_mixed,5_6C_19PER_4_6C_NEWSTRUCTURE,20,0.9994190200063422
polynomial_mixed,5_6C_19PER_4_6C_NEWSTRUCTURE,21,0.9994155106306749
polynomial_mixed,5_6C_19PER_4_6C_NEWSTRUCTURE,22,0.9994116981926779
polynomial_mixed,5_6C_19PER_4_6C_NEWSTRUCTURE,23,0.9994075826923511
polynomial_mixed,5_6C_19PER_4_6C_NEWSTRUCTURE,24,0.9994031641296943
polynomial_mixed,5_6C_19PER_4_6C_NEWSTRUCTURE,25,0.9993984425047077
polynomial_mixed,5_6C_19PER_4_6C_NEWSTRUCTURE,26,0.9993934178173912
polynomial_mixed,5_6C_19PER_4_6C_NEWSTRUCTURE,27,0.9993880900677449
polynomial_mixed,5_6C_19PER_4_6C_NEWSTRUCTURE,28,0.9993824592557686
polynomial_mixed,5_6C_19PER_4_6C_NEWSTRUCTURE,29,0.9993765253814626
polynomial_mixed,5_6C_19PER_4_6C_NEWSTRUCTURE,30,0.9993702884448267
polynomial_mixed,5_6C_19PER_4_6C_NEWSTRUCTURE,31,0.9993637484458608
polynomial_mixed,5_6C_19PER_4_6C_NEWSTRUCTURE,32,0.9993569053845652
polynomial_mixed,5_6C_19PER_4_6C_NEWSTRUCTURE,33,0.9993497592609397
polynomial_mixed,5_6C_19PER_4_6C_NEWSTRUCTURE,34,0.9993423100749843
polynomial_mixed,5_6C_19PER_4_6C_NEWSTRUCTURE,35,0.9993345578266991
polynomial_mixed,5_6C_19PER_4_6C_NEWSTRUCTURE,36,0.999326502516084
polynomial_mixed,5_6C_19PER_4_6C_NEWSTRUCTURE,37,0.999318144143139
polynomial_mixed,5_6C_19PER_4_6C_NEWSTRUCTURE,38,0.9993094827078642
polynomial_mixed,5_6C_19PER_4_6C_NEWSTRUCTURE,39,0.9993005182102596
polynomial_mixed,5_6C_19PER_4_6C_NEWSTRUCTURE,40,0.999291250650325
polynomial_mixed,5_6C_19PER_4_6C_NEWSTRUCTURE,41,0.9992816800280606
polynomial_mixed,5_6C_19PER_4_6C_NEWSTRUCTURE,42,0.9992718063434664
polynomial_mixed,5_6C_19PER_4_6C_NEWSTRUCTURE,43,0.9992616295965422
polynomial_mixed,5_6C_19PER_4_6C_NEWSTRUCTURE,44,0.9992511497872882
polynomial_mixed,5_6C_19PER_4_6C_NEWSTRUCTURE,45,0.9992403669157044
polynomial_mixed,5_6C_19PER_4_6C_NEWSTRUCTURE,46,0.9992292809817906
polynomial_mixed,5_6C_19PER_4_6C_NEWSTRUCTURE,47,0.9992178919855471
polynomial_mixed,5_6C_19PER_4_6C_NEWSTRUCTURE,48,0.9992061999269737
polynomial_mixed,5_6C_19PER_4_6C_NEWSTRUCTURE,49,0.9991942048060702
polynomial_mixed,5_6C_19PER_4_6C_NEWSTRUCTURE,50,0.9991819066228372
polynomial_mixed,5_6C_19PER_4_6C_NEWSTRUCTURE,51,0.9991693053772741
polynomial_mixed,5_6C_19PER_4_6C_NEWSTRUCTURE,52,0.9991564010693812
polynomial_mixed,5_6C_19PER_4_6C_NEWSTRUCTURE,53,0.9991431936991585
polynomial_mixed,5_6C_19PER_4_6C_NEWSTRUCTURE,54,0.9991296832666059
polynomial_mixed,5_6C_19PER_4_6C_NEWSTRUCTURE,55,0.9991158697717235
polynomial_mixed,5_6C_19PER_4_6C_NEWSTRUCTURE,56,0.9991017532145111
polynomial_mixed,5_6C_19PER_4_6C_NEWSTRUCTURE,57,0.9990873335949688
polynomial_mixed,5_6C_19PER_4_6C_NEWSTRUCTURE,58,0.9990726109130968
polynomial_mixed,5_6C_19PER_4_6C_NEWSTRUCTURE,59,0.9990575851688949
polynomial_mixed,5_6C_19PER_4_6C_NEWSTRUCTURE,60,0.9990422563623631
polynomial_mixed,5_6C_19PER_4_6C_NEWSTRUCTURE,61,0.9990266244935015
polynomial_mixed,5_6C_19PER_4_6C_NEWSTRUCTURE,62,0.99901068956231
polynomial_mixed,5_6C_19PER_4_6C_NEWSTRUCTURE,63,0.9989944515687885
polynomial_mixed,5_6C_19PER_4_6C_NEWSTRUCTURE,64,0.9989779105129374
polynomial_mixed,5_6C_19PER_4_6C_NEWSTRUCTURE,65,0.9989610663947562
polynomial_mixed,5_6C_19PER_4_6C_NEWSTRUCTURE,66,0.9989439192142453
polynomial_mixed,5_6C_19PER_4_6C_NEWSTRUCTURE,67,0.9989264689714046
polynomial_mixed,5_6C_19PER_4_6C_NEWSTRUCTURE,68,0.9989087156662338
polynomial_mixed,5_6C_19PER_4_6C_NEWSTRUCTURE,69,0.9988906592987332
polynomial_mixed,5_6C_19PER_4_6C_NEWSTRUCTURE,70,0.9988722998689029
polynomial_mixed,5_6C_19PER_4_6C_NEWSTRUCTURE,71,0.9988536373767426
polynomial_mixed,5_6C_19PER_4_6C_NEWSTRUCTURE,72,0.9988346718222526
polynomial_mixed,5_6C_19PER_4_6C_NEWSTRUCTURE,73,0.9988154032054325
polynomial_mixed,5_6C_19PER_4_6C_NEWSTRUCTURE,74,0.9987958315262826
polynomial_mixed,5_6C_19PER_4_6C_NEWSTRUCTURE,75,0.998775956784803
polynomial_mixed,5_6C_19PER_4_6C_NEWSTRUCTURE,76,0.9987557789809934
polynomial_mixed,5_6C_19PER_4_6C_NEWSTRUCTURE,77,0.998735298114854
polynomial_mixed,5_6C_19PER_4_6C_NEWSTRUCTURE,78,0.9987145141863847
polynomial_mixed,5_6C_19PER_4_6C_NEWSTRUCTURE,79,0.9986934271955855
polynomial_mixed,5_6C_19PER_4_6C_NEWSTRUCTURE,80,0.9986720371424564
polynomial_mixed,5_6C_19PER_4_6C_NEWSTRUCTURE,81,0.9986503440269976
polynomial_mixed,5_6C_19PER_4_6C_NEWSTRUCTURE,82,0.9986283478492088
polynomial_mixed,5_6C_19PER_4_6C_NEWSTRUCTURE,83,0.9986060486090902
polynomial_mixed,5_6C_19PER_4_6C_NEWSTRUCTURE,84,0.9985834463066418
polynomial_mixed,5_6C_19PER_4_6C_NEWSTRUCTURE,85,0.9985605409418634
polynomial_mixed,5_6C_19PER_4_6C_NEWSTRUCTURE,86,0.9985373325147553
polynomial_mixed,5_6C_19PER_4_6C_NEWSTRUCTURE,87,0.9985138210253172
polynomial_mixed,5_6C_19PER_4_6C_NEWSTRUCTURE,88,0.9984900064735492
polynomial_mixed,5_6C_19PER_4_6C_NEWSTRUCTURE,89,0.9984658888594515
polynomial_mixed,5_6C_19PER_4_6C_NEWSTRUCTURE,90,0.9984414681830238
polynomial_mixed,5_6C_19PER_4_6C_NEWSTRUCTURE,91,0.9984167444442663
polynomial_mixed,5_6C_19PER_4_6C_NEWSTRUCTURE,92,0.998391717643179
polynomial_mixed,5_6C_19PER_4_6C_NEWSTRUCTURE,93,0.9983663877797617
polynomial_mixed,5_6C_19PER_4_6C_NEWSTRUCTURE,94,0.9983407548540146
polynomial_mixed,5_6C_19PER_4_6C_NEWSTRUCTURE,95,0.9983148188659378
polynomial_mixed,5_6C_19PER_4_6C_NEWSTRUCTURE,96,0.9982885798155309
polynomial_mixed,5_6C_19PER_4_6C_NEWSTRUCTURE,97,0.9982620377027942
polynomial_mixed,5_6C_19PER_4_6C_NEWSTRUCTURE,98,0.9982351925277277
polynomial_mixed,5_6C_19PER_4_6C_NEWSTRUCTURE,99,0.9982080442903313
polynomial_mixed,5_6C_19PER_4_6C_NEWSTRUCTURE,100,0.998180592990605
polynomial_mixed,5_6C_19PER_4_6C_NEWSTRUCTURE,101,0.998152838628549
polynomial_mixed,5_6C_19PER_4_6C_NEWSTRUCTURE,102,0.9981247812041629
polynomial_mixed,5_6C_19PER_4_6C_NEWSTRUCTURE,103,0.9980964207174472
polynomial_mixed,5_6C_19PER_4_6C_NEWSTRUCTURE,104,0.9980677571684013
polynomial_mixed,5_6C_19PER_4_6C_NEWSTRUCTURE,105,0.9980387905570258
polynomial_mixed,5_6C_19PER_4_6C_NEWSTRUCTURE,106,0.9980095208833204
polynomial_mixed,5_6C_19PER_4_6C_NEWSTRUCTURE,107,0.9979799481472851
polynomial_mixed,5_6C_19PER_4_6C_NEWSTRUCTURE,108,0.9979500723489199
polynomial_mixed,5_6C_19PER_4_6C_NEWSTRUCTURE,109,0.997919893488225
polynomial_mixed,5_6C_19PER_4_6C_NEWSTRUCTURE,110,0.9978894115652001
polynomial_mixed,5_6C_19PER_4_6C_NEWSTRUCTURE,111,0.9978586265798453
polynomial_mixed,5_6C_19PER_4_6C_NEWSTRUCTURE,112,0.9978275385321608
polynomial_mixed,5_6C_19PER_4_6C_NEWSTRUCTURE,113,0.9977961474221463
polynomial_mixed,5_6C_19PER_4_6C_NEWSTRUCTURE,114,0.9977644532498019
polynomial_mixed,5_6C_19PER_4_6C_NEWSTRUCTURE,115,0.9977324560151277
polynomial_mixed,5_6C_19PER_4_6C_NEWSTRUCTURE,116,0.9977001557181236
polynomial_mixed,5_6C_19PER_4_6C_NEWSTRUCTURE,117,0.9976675523587898
polynomial_mixed,5_6C_19PER_4_6C_NEWSTRUCTURE,118,0.997634645937126
polynomial_mixed,5_6C_19PER_4_6C_NEWSTRUCTURE,119,0.9976014364531324
polynomial_mixed,5_6C_19PER_4_6C_NEWSTRUCTURE,120,0.9975679239068089
polynomial_mixed,5_6C_19PER_4_6C_NEWSTRUCTURE,121,0.9975341082981555
polynomial_mixed,5_6C_19PER_4_6C_NEWSTRUCTURE,122,0.9974999896271722
polynomial_mixed,5_6C_19PER_4_6C_NEWSTRUCTURE,123,0.9974655678938592
polynomial_mixed,5_6C_19PER_4_6C_NEWSTRUCTURE,124,0.9974308430982163
polynomial_mixed,5_6C_19PER_4_6C_NEWSTRUCTURE,125,0.9973958152402435
polynomial_mixed,5_6C_19PER_4_6C_NEWSTRUCTURE,126,0.9973604843199408
polynomial_mixed,5_6C_19PER_4_6C_NEWSTRUCTURE,127,0.9973248503373082
polynomial_mixed,5_6C_19PER_4_6C_NEWSTRUCTURE,128,0.9972889132923458
polynomial_mixed,5_6C_19PER_4_6C_NEWSTRUCTURE,129,0.9972526731850536
polynomial_mixed,5_6C_19PER_4_6C_NEWSTRUCTURE,130,0.9972161300154314
polynomial_mixed,5_6C_19PER_4_6C_NEWSTRUCTURE,131,0.9971792837834794
polynomial_mixed,5_6C_19PER_4_6C_NEWSTRUCTURE,132,0.9971421344891976
polynomial_mixed,5_6C_19PER_4_6C_NEWSTRUCTURE,133,0.997104682132586
polynomial_mixed,5_6C_19PER_4_6C_NEWSTRUCTURE,134,0.9970669267136445
polynomial_mixed,5_6C_19PER_4_6C_NEWSTRUCTURE,135,0.997028868232373
polynomial_mixed,5_6C_19PER_4_6C_NEWSTRUCTURE,136,0.9969905066887716
polynomial_mixed,5_6C_19PER_4_6C_NEWSTRUCTURE,137,0.9969518420828406
polynomial_mixed,5_6C_19PER_4_6C_NEWSTRUCTURE,138,0.9969128744145795
polynomial_mixed,5_6C_19PER_4_6C_NEWSTRUCTURE,139,0.9968736036839886
polynomial_mixed,5_6C_19PER_4_6C_NEWSTRUCTURE,140,0.996834029891068
polynomial_mixed,5_6C_19PER_4_6C_NEWSTRUCTURE,141,0.9967941530358173
polynomial_mixed,5_6C_19PER_4_6C_NEWSTRUCTURE,142,0.9967539731182368
polynomial_mixed,5_6C_19PER_4_6C_NEWSTRUCTURE,143,0.9967134901383266
polynomial_mixed,5_6C_19PER_4_6C_NEWSTRUCTURE,144,0.9966727040960863
polynomial_mixed,5_6C_19PER_4_6C_NEWSTRUCTURE,145,0.9966316149915162
polynomial_mixed,5_6C_19PER_4_6C_NEWSTRUCTURE,146,0.9965902228246164
polynomial_mixed,5_6C_19PER_4_6C_NEWSTRUCTURE,147,0.9965485275953866
polynomial_mixed,5_6C_19PER_4_6C_NEWSTRUCTURE,148,0.9965065293038271
polynomial_mixed,5_6C_19PER_4_6C_NEWSTRUCTURE,149,0.9964642279499375
polynomial_mixed,5_6C_19PER_4_6C_NEWSTRUCTURE,150,0.9964216235337181
polynomial_mixed,5_6C_19PER_4_6C_NEWSTRUCTURE,151,0.996378716055169
polynomial_mixed,5_6C_19PER_4_6C_NEWSTRUCTURE,152,0.9963355055142898
polynomial_mixed,5_6C_19PER_4_6C_NEWSTRUCTURE,153,0.9962919919110809
polynomial_mixed,5_6C_19PER_4_6C_NEWSTRUCTURE,154,0.9962481752455421
polynomial_mixed,5_6C_19PER_4_6C_NEWSTRUCTURE,155,0.9962040555176734
polynomial_mixed,5_6C_19PER_4_6C_NEWSTRUCTURE,156,0.9961596327274749
polynomial_mixed,5_6C_19PER_4_6C_NEWSTRUCTURE,157,0.9961149068749465
polynomial_mixed,5_6C_19PER_4_6C_NEWSTRUCTURE,158,0.9960698779600883
polynomial_mixed,5_6C_19PER_4_6C_NEWSTRUCTURE,159,0.9960245459829001
polynomial_mixed,5_6C_19PER_4_6C_NEWSTRUCTURE,160,0.9959789109433822
polynomial_mixed,5_6C_19PER_4_6C_NEWSTRUCTURE,161,0.9959329728415344
polynomial_mixed,5_6C_19PER_4_6C_NEWSTRUCTURE,162,0.9958867316773566
polynomial_mixed,5_6C_19PER_4_6C_NEWSTRUCTURE,163,0.9958401874508491
polynomial_mixed,5_6C_19PER_4_6C_NEWSTRUCTURE,164,0.9957933401620117
polynomial_mixed,5_6C_19PER_4_6C_NEWSTRUCTURE,165,0.9957461898108445
polynomial_mixed,5_6C_19PER_4_6C_NEWSTRUCTURE,166,0.9956987363973473
polynomial_mixed,5_6C_19PER_4_6C_NEWSTRUCTURE,167,0.9956509799215202
polynomial_mixed,5_6C_19PER_4_6C_NEWSTRUCTURE,168,0.9956029203833634
polynomial_mixed,5_6C_19PER_4_6C_NEWSTRUCTURE,169,0.9955545577828766
polynomial_mixed,5_6C_19PER_4_6C_NEWSTRUCTURE,170,0.99550589212006
polynomial_mixed,5_6C_19PER_4_6C_NEWSTRUCTURE,171,0.9954569233949137
polynomial_mixed,5_6C_19PER_4_6C_NEWSTRUCTURE,172,0.9954076516074373
polynomial_mixed,5_6C_19PER_4_6C_NEWSTRUCTURE,173,0.9953580767576311
polynomial_mixed,5_6C_19PER_4_6C_NEWSTRUCTURE,174,0.9953081988454952
polynomial_mixed,5_6C_19PER_4_6C_NEWSTRUCTURE,175,0.9952580178710292
polynomial_mixed,5_6C_19PER_4_6C_NEWSTRUCTURE,176,0.9952075338342333
polynomial_mixed,5_6C_19PER_4_6C_NEWSTRUCTURE,177,0.9951567467351078
polynomial_mixed,5_6C_19PER_4_6C_NEWSTRUCTURE,178,0.9951056565736522
polynomial_mixed,5_6C_19PER_4_6C_NEWSTRUCTURE,179,0.995054263349867
polynomial_mixed,5_6C_19PER_4_6C_NEWSTRUCTURE,180,0.9950025670637518
polynomial_mixed,5_6C_19PER_4_6C_NEWSTRUCTURE,181,0.9949505677153067
polynomial_mixed,5_6C_19PER_4_6C_NEWSTRUCTURE,182,0.9948982653045317
polynomial_mixed,5_6C_19PER_4_6C_NEWSTRUCTURE,183,0.9948456598314269
polynomial_mixed,5_6C_19PER_4_6C_NEWSTRUCTURE,184,0.9947927512959922
polynomial_mixed,5_6C_19PER_4_6C_NEWSTRUCTURE,185,0.9947395396982278
polynomial_mixed,5_6C_19PER_4_6C_NEWSTRUCTURE,186,0.9946860250381333
polynomial_mixed,5_6C_19PER_4_6C_NEWSTRUCTURE,187,0.9946322073157091
polynomial_mixed,5_6C_19PER_4_6C_NEWSTRUCTURE,188,0.994578086530955
polynomial_mixed,5_6C_19PER_4_6C_NEWSTRUCTURE,189,0.994523662683871
polynomial_mixed,5_6C_19PER_4_6C_NEWSTRUCTURE,190,0.9944689357744572
polynomial_mixed,5_6C_19PER_4_6C_NEWSTRUCTURE,191,0.9944139058027135
polynomial_mixed,5_6C_19PER_4_6C_NEWSTRUCTURE,192,0.9943585727686399
polynomial_mixed,5_6C_19PER_4_6C_NEWSTRUCTURE,193,0.9943029366722365
polynomial_mixed,5_6C_19PER_4_6C_NEWSTRUCTURE,194,0.9942469975135033
polynomial_mixed,5_6C_19PER_4_6C_NEWSTRUCTURE,195,0.99419075529244
polynomial_mixed,5_6C_19PER_4_6C_NEWSTRUCTURE,196,0.9941342100090471
polynomial_mixed,5_6C_19PER_4_6C_NEWSTRUCTURE,197,0.9940773616633243
polynomial_mixed,5_6C_19PER_4_6C_NEWSTRUCTURE,198,0.9940202102552715
polynomial_mixed,5_6C_19PER_4_6C_NEWSTRUCTURE,199,0.993962755784889
polynomial_mixed,5_6C_19PER_4_6C_NEWSTRUCTURE,200,0.9939049982521765
polynomial_mixed,5_6C_36PER_4_3C_NEWSTRUCTURE,1,0.9992977152811522
polynomial_mixed,5_6C_36PER_4_3C_NEWSTRUCTURE,2,0.9993039300844981
polynomial_mixed,5_6C_36PER_4_3C_NEWSTRUCTURE,3,0.9993098444659231
polynomial_mixed,5_6C_36PER_4_3C_NEWSTRUCTURE,4,0.9993154584254268
polynomial_mixed,5_6C_36PER_4_3C_NEWSTRUCTURE,5,0.9993207719630092
polynomial_mixed,5_6C_36PER_4_3C_NEWSTRUCTURE,6,0.9993257850786705
polynomial_mixed,5_6C_36PER_4_3C_NEWSTRUCTURE,7,0.9993304977724108
polynomial_mixed,5_6C_36PER_4_3C_NEWSTRUCTURE,8,0.9993349100442297
polynomial_mixed,5_6C_36PER_4_3C_NEWSTRUCTURE,9,0.9993390218941275
polynomial_mixed,5_6C_36PER_4_3C_NEWSTRUCTURE,10,0.9993428333221042
polynomial_mixed,5_6C_36PER_4_3C_NEWSTRUCTURE,11,0.9993463443281595
polynomial_mixed,5_6C_36PER_4_3C_NEWSTRUCTURE,12,0.9993495549122938
polynomial_mixed,5_6C_36PER_4_3C_NEWSTRUCTURE,13,0.9993524650745069
polynomial_mixed,5_6C_36PER_4_3C_NEWSTRUCTURE,14,0.9993550748147988
polynomial_mixed,5_6C_36PER_4_3C_NEWSTRUCTURE,15,0.9993573841331695
polynomial_mixed,5_6C_36PER_4_3C_NEWSTRUCTURE,16,0.9993593930296192
polynomial_mixed,5_6C_36PER_4_3C_NEWSTRUCTURE,17,0.9993611015041475
polynomial_mixed,5_6C_36PER_4_3C_NEWSTRUCTURE,18,0.9993625095567547
polynomial_mixed,5_6C_36PER_4_3C_NEWSTRUCTURE,19,0.9993636171874407
polynomial_mixed,5_6C_36PER_4_3C_NEWSTRUCTURE,20,0.9993644243962055
polynomial_mixed,5_6C_36PER_4_3C_NEWSTRUCTURE,21,0.9993649311830493
polynomial_mixed,5_6C_36PER_4_3C_NEWSTRUCTURE,22,0.9993651375479717
polynomial_mixed,5_6C_36PER_4_3C_NEWSTRUCTURE,23,0.999365043490973
polynomial_mixed,5_6C_36PER_4_3C_NEWSTRUCTURE,24,0.9993646490120531
polynomial_mixed,5_6C_36PER_4_3C_NEWSTRUCTURE,25,0.9993639541112121
polynomial_mixed,5_6C_36PER_4_3C_NEWSTRUCTURE,26,0.9993629587884498
polynomial_mixed,5_6C_36PER_4_3C_NEWSTRUCTURE,27,0.9993616630437665
polynomial_mixed,5_6C_36PER_4_3C_NEWSTRUCTURE,28,0.999360066877162
polynomial_mixed,5_6C_36PER_4_3C_NEWSTRUCTURE,29,0.9993581702886362
polynomial_mixed,5_6C_36PER_4_3C_NEWSTRUCTURE,30,0.9993559732781893
polynomial_mixed,5_6C_36PER_4_3C_NEWSTRUCTURE,31,0.9993534758458211
polynomial_mixed,5_6C_36PER_4_3C_NEWSTRUCTURE,32,0.9993506779915318
polynomial_mixed,5_6C_36PER_4_3C_NEWSTRUCTURE,33,0.9993475797153214
polynomial_mixed,5_6C_36PER_4_3C_NEWSTRUCTURE,34,0.9993441810171898
polynomial_mixed,5_6C_36PER_4_3C_NEWSTRUCTURE,35,0.9993404818971369
polynomial_mixed,5_6C_36PER_4_3C_NEWSTRUCTURE,36,0.9993364823551629
polynomial_mixed,5_6C_36PER_4_3C_NEWSTRUCTURE,37,0.9993321823912678
polynomial_mixed,5_6C_36PER_4_3C_NEWSTRUCTURE,38,0.9993275820054514
polynomial_mixed,5_6C_36PER_4_3C_NEWSTRUCTURE,39,0.9993226811977138
polynomial_mixed,5_6C_36PER_4_3C_NEWSTRUCTURE,40,0.9993174799680552
polynomial_mixed,5_6C_36PER_4_3C_NEWSTRUCTURE,41,0.9993119783164752
polynomial_mixed,5_6C_36PER_4_3C_NEWSTRUCTURE,42,0.9993061762429741
polynomial_mixed,5_6C_36PER_4_3C_NEWSTRUCTURE,43,0.9993000737475519
polynomial_mixed,5_6C_36PER_4_3C_NEWSTRUCTURE,44,0.9992936708302085
polynomial_mixed,5_6C_36PER_4_3C_NEWSTRUCTURE,45,0.9992869674909439
polynomial_mixed,5_6C_36PER_4_3C_NEWSTRUCTURE,46,0.9992799637297581
polynomial_mixed,5_6C_36PER_4_3C_NEWSTRUCTURE,47,0.9992726595466511
polynomial_mixed,5_6C_36PER_4_3C_NEWSTRUCTURE,48,0.999265054941623
polynomial_mixed,5_6C_36PER_4_3C_NEWSTRUCTURE,49,0.9992571499146737
polynomial_mixed,5_6C_36PER_4_3C_NEWSTRUCTURE,50,0.9992489444658031
polynomial_mixed,5_6C_36PER_4_3C_NEWSTRUCTURE,51,0.9992404385950115
polynomial_mixed,5_6C_36PER_4_3C_NEWSTRUCTURE,52,0.9992316323022987
polynomial_mixed,5_6C_36PER_4_3C_NEWSTRUCTURE,53,0.9992225255876647
polynomial_mixed,5_6C_36PER_4_3C_NEWSTRUCTURE,54,0.9992131184511095
polynomial_mixed,5_6C_36PER_4_3C_NEWSTRUCTURE,55,0.9992034108926331
polynomial_mixed,5_6C_36PER_4_3C_NEWSTRUCTURE,56,0.9991934029122355
polynomial_mixed,5_6C_36PER_4_3C_NEWSTRUCTURE,57,0.9991830945099168
polynomial_mixed,5_6C_36PER_4_3C_NEWSTRUCTURE,58,0.999172485685677
polynomial_mixed,5_6C_36PER_4_3C_NEWSTRUCTURE,59,0.9991615764395158
polynomial_mixed,5_6C_36PER_4_3C_NEWSTRUCTURE,60,0.9991503667714335
polynomial_mixed,5_6C_36PER_4_3C_NEWSTRUCTURE,61,0.9991388566814301
polynomial_mixed,5_6C_36PER_4_3C_NEWSTRUCTURE,62,0.9991270461695054
polynomial_mixed,5_6C_36PER_4_3C_NEWSTRUCTURE,63,0.9991149352356596
polynomial_mixed,5_6C_36PER_4_3C_NEWSTRUCTURE,64,0.9991025238798927
polynomial_mixed,5_6C_36PER_4_3C_NEWSTRUCTURE,65,0.9990898121022045
polynomial_mixed,5_6C_36PER_4_3C_NEWSTRUCTURE,66,0.9990767999025952
polynomial_mixed,5_6C_36PER_4_3C_NEWSTRUCTURE,67,0.9990634872810648
polynomial_mixed,5_6C_36PER_4_3C_NEWSTRUCTURE,68,0.9990498742376129
polynomial_mixed,5_6C_36PER_4_3C_NEWSTRUCTURE,69,0.9990359607722401
polynomial_mixed,5_6C_36PER_4_3C_NEWSTRUCTURE,70,0.9990217468849462
polynomial_mixed,5_6C_36PER_4_3C_NEWSTRUCTURE,71,0.9990072325757309
polynomial_mixed,5_6C_36PER_4_3C_NEWSTRUCTURE,72,0.9989924178445945
polynomial_mixed,5_6C_36PER_4_3C_NEWSTRUCTURE,73,0.998977302691537
polynomial_mixed,5_6C_36PER_4_3C_NEWSTRUCTURE,74,0.9989618871165581
polynomial_mixed,5_6C_36PER_4_3C_NEWSTRUCTURE,75,0.9989461711196582
polynomial_mixed,5_6C_36PER_4_3C_NEWSTRUCTURE,76,0.9989301547008371
polynomial_mixed,5_6C_36PER_4_3C_NEWSTRUCTURE,77,0.9989138378600948
polynomial_mixed,5_6C_36PER_4_3C_NEWSTRUCTURE,78,0.9988972205974314
polynomial_mixed,5_6C_36PER_4_3C_NEWSTRUCTURE,79,0.9988803029128467
polynomial_mixed,5_6C_36PER_4_3C_NEWSTRUCTURE,80,0.9988630848063408
polynomial_mixed,5_6C_36PER_4_3C_NEWSTRUCTURE,81,0.9988455662779139
polynomial_mixed,5_6C_36PER_4_3C_NEWSTRUCTURE,82,0.9988277473275657
polynomial_mixed,5_6C_36PER_4_3C_NEWSTRUCTURE,83,0.9988096279552963
polynomial_mixed,5_6C_36PER_4_3C_NEWSTRUCTURE,84,0.9987912081611058
polynomial_mixed,5_6C_36PER_4_3C_NEWSTRUCTURE,85,0.9987724879449941
polynomial_mixed,5_6C_36PER_4_3C_NEWSTRUCTURE,86,0.9987534673069611
polynomial_mixed,5_6C_36PER_4_3C_NEWSTRUCTURE,87,0.9987341462470071
polynomial_mixed,5_6C_36PER_4_3C_NEWSTRUCTURE,88,0.9987145247651319
polynomial_mixed,5_6C_36PER_4_3C_NEWSTRUCTURE,89,0.9986946028613354
polynomial_mixed,5_6C_36PER_4_3C_NEWSTRUCTURE,90,0.9986743805356179
polynomial_mixed,5_6C_36PER_4_3C_NEWSTRUCTURE,91,0.9986538577879791
polynomial_mixed,5_6C_36PER_4_3C_NEWSTRUCTURE,92,0.9986330346184191
polynomial_mixed,5_6C_36PER_4_3C_NEWSTRUCTURE,93,0.998611911026938
polynomial_mixed,5_6C_36PER_4_3C_NEWSTRUCTURE,94,0.9985904870135357
polynomial_mixed,5_6C_36PER_4_3C_NEWSTRUCTURE,95,0.9985687625782121
polynomial_mixed,5_6C_36PER_4_3C_NEWSTRUCTURE,96,0.9985467377209675
polynomial_mixed,5_6C_36PER_4_3C_NEWSTRUCTURE,97,0.9985244124418017
polynomial_mixed,5_6C_36PER_4_3C_NEWSTRUCTURE,98,0.9985017867407145
polynomial_mixed,5_6C_36PER_4_3C_NEWSTRUCTURE,99,0.9984788606177064
polynomial_mixed,5_6C_36PER_4_3C_NEWSTRUCTURE,100,0.998455634072777
polynomial_mixed,5_6C_36PER_4_3C_NEWSTRUCTURE,101,0.9984321071059264
polynomial_mixed,5_6C_36PER_4_3C_NEWSTRUCTURE,102,0.9984082797171547
polynomial_mixed,5_6C_36PER_4_3C_NEWSTRUCTURE,103,0.9983841519064619
polynomial_mixed,5_6C_36PER_4_3C_NEWSTRUCTURE,104,0.9983597236738477
polynomial_mixed,5_6C_36PER_4_3C_NEWSTRUCTURE,105,0.9983349950193124
polynomial_mixed,5_6C_36PER_4_3C_NEWSTRUCTURE,106,0.998309965942856
polynomial_mixed,5_6C_36PER_4_3C_NEWSTRUCTURE,107,0.9982846364444784
polynomial_mixed,5_6C_36PER_4_3C_NEWSTRUCTURE,108,0.9982590065241796
polynomial_mixed,5_6C_36PER_4_3C_NEWSTRUCTURE,109,0.9982330761819597
polynomial_mixed,5_6C_36PER_4_3C_NEWSTRUCTURE,110,0.9982068454178186
polynomial_mixed,5_6C_36PER_4_3C_NEWSTRUCTURE,111,0.998180314231756
polynomial_mixed,5_6C_36PER_4_3C_NEWSTRUCTURE,112,0.9981534826237726
polynomial_mixed,5_6C_36PER_4_3C_NEWSTRUCTURE,113,0.9981263505938679
polynomial_mixed,5_6C_36PER_4_3C_NEWSTRUCTURE,114,0.9980989181420421
polynomial_mixed,5_6C_36PER_4_3C_NEWSTRUCTURE,115,0.9980711852682951
polynomial_mixed,5_6C_36PER_4_3C_NEWSTRUCTURE,116,0.9980431519726268
polynomial_mixed,5_6C_36PER_4_3C_NEWSTRUCTURE,117,0.9980148182550372
polynomial_mixed,5_6C_36PER_4_3C_NEWSTRUCTURE,118,0.9979861841155268
polynomial_mixed,5_6C_36PER_4_3C_NEWSTRUCTURE,119,0.997957249554095
polynomial_mixed,5_6C_36PER_4_3C_NEWSTRUCTURE,120,0.9979280145707421
polynomial_mixed,5_6C_36PER_4_3C_NEWSTRUCTURE,121,0.997898479165468
polynomial_mixed,5_6C_36PER_4_3C_NEWSTRUCTURE,122,0.9978686433382729
polynomial_mixed,5_6C_36PER_4_3C_NEWSTRUCTURE,123,0.9978385070891561
polynomial_mixed,5_6C_36PER_4_3C_NEWSTRUCTURE,124,0.9978080704181186
polynomial_mixed,5_6C_36PER_4_3C_NEWSTRUCTURE,125,0.9977773333251597
polynomial_mixed,5_6C_36PER_4_3C_NEWSTRUCTURE,126,0.9977462958102797
polynomial_mixed,5_6C_36PER_4_3C_NEWSTRUCTURE,127,0.9977149578734786
polynomial_mixed,5_6C_36PER_4_3C_NEWSTRUCTURE,128,0.9976833195147563
polynomial_mixed,5_6C_36PER_4_3C_NEWSTRUCTURE,129,0.9976513807341126
polynomial_mixed,5_6C_36PER_4_3C_NEWSTRUCTURE,130,0.997619141531548
polynomial_mixed,5_6C_36PER_4_3C_NEWSTRUCTURE,131,0.997586601907062
polynomial_mixed,5_6C_36PER_4_3C_NEWSTRUCTURE,132,0.997553761860655
polynomial_mixed,5_6C_36PER_4_3C_NEWSTRUCTURE,133,0.9975206213923268
polynomial_mixed,5_6C_36PER_4_3C_NEWSTRUCTURE,134,0.9974871805020774
polynomial_mixed,5_6C_36PER_4_3C_NEWSTRUCTURE,135,0.9974534391899067
polynomial_mixed,5_6C_36PER_4_3C_NEWSTRUCTURE,136,0.9974193974558149
polynomial_mixed,5_6C_36PER_4_3C_NEWSTRUCTURE,137,0.997385055299802
polynomial_mixed,5_6C_36PER_4_3C_NEWSTRUCTURE,138,0.9973504127218679
polynomial_mixed,5_6C_36PER_4_3C_NEWSTRUCTURE,139,0.9973154697220126
polynomial_mixed,5_6C_36PER_4_3C_NEWSTRUCTURE,140,0.9972802263002362
polynomial_mixed,5_6C_36PER_4_3C_NEWSTRUCTURE,141,0.9972446824565383
polynomial_mixed,5_6C_36PER_4_3C_NEWSTRUCTURE,142,0.9972088381909195
polynomial_mixed,5_6C_36PER_4_3C_NEWSTRUCTURE,143,0.9971726935033796
polynomial_mixed,5_6C_36PER_4_3C_NEWSTRUCTURE,144,0.9971362483939183
polynomial_mixed,5_6C_36PER_4_3C_NEWSTRUCTURE,145,0.997099502862536
polynomial_mixed,5_6C_36PER_4_3C_NEWSTRUCTURE,146,0.9970624569092325
polynomial_mixed,5_6C_36PER_4_3C_NEWSTRUCTURE,147,0.9970251105340076
polynomial_mixed,5_6C_36PER_4_3C_NEWSTRUCTURE,148,0.9969874637368616
polynomial_mixed,5_6C_36PER_4_3C_NEWSTRUCTURE,149,0.9969495165177946
polynomial_mixed,5_6C_36PER_4_3C_NEWSTRUCTURE,150,0.9969112688768064
polynomial_mixed,5_6C_36PER_4_3C_NEWSTRUCTURE,151,0.996872720813897
polynomial_mixed,5_6C_36PER_4_3C_NEWSTRUCTURE,152,0.9968338723290664
polynomial_mixed,5_6C_36PER_4_3C_NEWSTRUCTURE,153,0.9967947234223145
polynomial_mixed,5_6C_36PER_4_3C_NEWSTRUCTURE,154,0.9967552740936415
polynomial_mixed,5_6C_36PER_4_3C_NEWSTRUCTURE,155,0.9967155243430473
polynomial_mixed,5_6C_36PER_4_3C_NEWSTRUCTURE,156,0.996675474170532
polynomial_mixed,5_6C_36PER_4_3C_NEWSTRUCTURE,157,0.9966351235760955
polynomial_mixed,5_6C_36PER_4_3C_NEWSTRUCTURE,158,0.9965944725597379
polynomial_mixed,5_6C_36PER_4_3C_NEWSTRUCTURE,159,0.9965535211214589
polynomial_mixed,5_6C_36PER_4_3C_NEWSTRUCTURE,160,0.9965122692612588
polynomial_mixed,5_6C_36PER_4_3C_NEWSTRUCTURE,161,0.9964707169791377
polynomial_mixed,5_6C_36PER_4_3C_NEWSTRUCTURE,162,0.9964288642750952
polynomial_mixed,5_6C_36PER_4_3C_NEWSTRUCTURE,163,0.9963867111491318
polynomial_mixed,5_6C_36PER_4_3C_NEWSTRUCTURE,164,0.996344257601247
polynomial_mixed,5_6C_36PER_4_3C_NEWSTRUCTURE,165,0.9963015036314409
polynomial_mixed,5_6C_36PER_4_3C_NEWSTRUCTURE,166,0.9962584492397139
polynomial_mixed,5_6C_36PER_4_3C_NEWSTRUCTURE,167,0.9962150944260656
polynomial_mixed,5_6C_36PER_4_3C_NEWSTRUCTURE,168,0.9961714391904961
polynomial_mixed,5_6C_36PER_4_3C_NEWSTRUCTURE,169,0.9961274835330055
polynomial_mixed,5_6C_36PER_4_3C_NEWSTRUCTURE,170,0.9960832274535938
polynomial_mixed,5_6C_36PER_4_3C_NEWSTRUCTURE,171,0.9960386709522605
polynomial_mixed,5_6C_36PER_4_3C_NEWSTRUCTURE,172,0.9959938140290064
polynomial_mixed,5_6C_36PER_4_3C_NEWSTRUCTURE,173,0.9959486566838311
polynomial_mixed,5_6C_36PER_4_3C_NEWSTRUCTURE,174,0.9959031989167346
polynomial_mixed,5_6C_36PER_4_3C_NEWSTRUCTURE,175,0.9958574407277169
polynomial_mixed,5_6C_36PER_4_3C_NEWSTRUCTURE,176,0.9958113821167781
polynomial_mixed,5_6C_36PER_4_3C_NEWSTRUCTURE,177,0.9957650230839178
polynomial_mixed,5_6C_36PER_4_3C_NEWSTRUCTURE,178,0.9957183636291366
polynomial_mixed,5_6C_36PER_4_3C_NEWSTRUCTURE,179,0.9956714037524342
polynomial_mixed,5_6C_36PER_4_3C_NEWSTRUCTURE,180,0.9956241434538107
polynomial_mixed,5_6C_36PER_4_3C_NEWSTRUCTURE,181,0.9955765827332659
polynomial_mixed,5_6C_36PER_4_3C_NEWSTRUCTURE,182,0.9955287215908
polynomial_mixed,5_6C_36PER_4_3C_NEWSTRUCTURE,183,0.9954805600264126
polynomial_mixed,5_6C_36PER_4_3C_NEWSTRUCTURE,184,0.9954320980401044
polynomial_mixed,5_6C_36PER_4_3C_NEWSTRUCTURE,185,0.995383335631875
polynomial_mixed,5_6C_36PER_4_3C_NEWSTRUCTURE,186,0.9953342728017243
polynomial_mixed,5_6C_36PER_4_3C_NEWSTRUCTURE,187,0.9952849095496524
polynomial_mixed,5_6C_36PER_4_3C_NEWSTRUCTURE,188,0.9952352458756595
polynomial_mixed,5_6C_36PER_4_3C_NEWSTRUCTURE,189,0.9951852817797451
polynomial_mixed,5_6C_36PER_4_3C_NEWSTRUCTURE,190,0.9951350172619098
polynomial_mixed,5_6C_36PER_4_3C_NEWSTRUCTURE,191,0.9950844523221533
polynomial_mixed,5_6C_36PER_4_3C_NEWSTRUCTURE,192,0.9950335869604755
polynomial_mixed,5_6C_36PER_4_3C_NEWSTRUCTURE,193,0.9949824211768766
polynomial_mixed,5_6C_36PER_4_3C_NEWSTRUCTURE,194,0.9949309549713566
polynomial_mixed,5_6C_36PER_4_3C_NEWSTRUCTURE,195,0.9948791883439152
polynomial_mixed,5_6C_36PER_4_3C_NEWSTRUCTURE,196,0.9948271212945528
polynomial_mixed,5_6C_36PER_4_3C_NEWSTRUCTURE,197,0.9947747538232692
polynomial_mixed,5_6C_36PER_4_3C_NEWSTRUCTURE,198,0.9947220859300644
polynomial_mixed,5_6C_36PER_4_3C_NEWSTRUCTURE,199,0.9946691176149385
polynomial_mixed,5_6C_36PER_4_3C_NEWSTRUCTURE,200,0.9946158488778913
polynomial_mixed,3_7C_31PER_5_9C_NEWSTRUCTURE,1,1.001032391218391
polynomial_mixed,3_7C_31PER_5_9C_NEWSTRUCTURE,2,1.0008638502831597
polynomial_mixed,3_7C_31PER_5_9C_NEWSTRUCTURE,3,1.0006951381488058
polynomial_mixed,3_7C_31PER_5_9C_NEWSTRUCTURE,4,1.0005262548153295
polynomial_mixed,3_7C_31PER_5_9C_NEWSTRUCTURE,5,1.0003572002827312
polynomial_mixed,3_7C_31PER_5_9C_NEWSTRUCTURE,6,1.0001879745510103
polynomial_mixed,3_7C_31PER_5_9C_NEWSTRUCTURE,7,1.000018577620167
polynomial_mixed,3_7C_31PER_5_9C_NEWSTRUCTURE,8,0.9998490094902015
polynomial_mixed,3_7C_31PER_5_9C_NEWSTRUCTURE,9,0.9996792701611136
polynomial_mixed,3_7C_31PER_5_9C_NEWSTRUCTURE,10,0.9995093596329033
polynomial_mixed,3_7C_31PER_5_9C_NEWSTRUCTURE,11,0.9993392779055709
polynomial_mixed,3_7C_31PER_5_9C_NEWSTRUCTURE,12,0.9991690249791159
polynomial_mixed,3_7C_31PER_5_9C_NEWSTRUCTURE,13,0.9989986008535385
polynomial_mixed,3_7C_31PER_5_9C_NEWSTRUCTURE,14,0.9988280055288389
polynomial_mixed,3_7C_31PER_5_9C_NEWSTRUCTURE,15,0.9986572390050169
polynomial_mixed,3_7C_31PER_5_9C_NEWSTRUCTURE,16,0.9984863012820727
polynomial_mixed,3_7C_31PER_5_9C_NEWSTRUCTURE,17,0.9983151923600059
polynomial_mixed,3_7C_31PER_5_9C_NEWSTRUCTURE,18,0.9981439122388169
polynomial_mixed,3_7C_31PER_5_9C_NEWSTRUCTURE,19,0.9979724609185056
polynomial_mixed,3_7C_31PER_5_9C_NEWSTRUCTURE,20,0.9978008383990719
polynomial_mixed,3_7C_31PER_5_9C_NEWSTRUCTURE,21,0.9976290446805158
polynomial_mixed,3_7C_31PER_5_9C_NEWSTRUCTURE,22,0.9974570797628374
polynomial_mixed,3_7C_31PER_5_9C_NEWSTRUCTURE,23,0.9972849436460367
polynomial_mixed,3_7C_31PER_5_9C_NEWSTRUCTURE,24,0.9971126363301135
polynomial_mixed,3_7C_31PER_5_9C_NEWSTRUCTURE,25,0.9969401578150681
polynomial_mixed,3_7C_31PER_5_9C_NEWSTRUCTURE,26,0.9967675081009003
polynomial_mixed,3_7C_31PER_5_9C_NEWSTRUCTURE,27,0.9965946871876101
polynomial_mixed,3_7C_31PER_5_9C_NEWSTRUCTURE,28,0.9964216950751977
polynomial_mixed,3_7C_31PER_5_9C_NEWSTRUCTURE,29,0.9962485317636628
polynomial_mixed,3_7C_31PER_5_9C_NEWSTRUCTURE,30,0.9960751972530056
polynomial_mixed,3_7C_31PER_5_9C_NEWSTRUCTURE,31,0.9959016915432262
polynomial_mixed,3_7C_31PER_5_9C_NEWSTRUCTURE,32,0.9957280146343243
polynomial_mixed,3_7C_31PER_5_9C_NEWSTRUCTURE,33,0.9955541665263001
polynomial_mixed,3_7C_31PER_5_9C_NEWSTRUCTURE,34,0.9953801472191535
polynomial_mixed,3_7C_31PER_5_9C_NEWSTRUCTURE,35,0.9952059567128846
polynomial_mixed,3_7C_31PER_5_9C_NEWSTRUCTURE,36,0.9950315950074934
polynomial_mixed,3_7C_31PER_5_9C_NEWSTRUCTURE,37,0.9948570621029798
polynomial_mixed,3_7C_31PER_5_9C_NEWSTRUCTURE,38,0.9946823579993438
polynomial_mixed,3_7C_31PER_5_9C_NEWSTRUCTURE,39,0.9945074826965854
polynomial_mixed,3_7C_31PER_5_9C_NEWSTRUCTURE,40,0.9943324361947048
polynomial_mixed,3_7C_31PER_5_9C_NEWSTRUCTURE,41,0.9941572184937019
polynomial_mixed,3_7C_31PER_5_9C_NEWSTRUCTURE,42,0.9939818295935765
polynomial_mixed,3_7C_31PER_5_9C_NEWSTRUCTURE,43,0.9938062694943288
polynomial_mixed,3_7C_31PER_5_9C_NEWSTRUCTURE,44,0.9936305381959587
polynomial_mixed,3_7C_31PER_5_9C_NEWSTRUCTURE,45,0.9934546356984664
polynomial_mixed,3_7C_31PER_5_9C_NEWSTRUCTURE,46,0.9932785620018517
polynomial_mixed,3_7C_31PER_5_9C_NEWSTRUCTURE,47,0.9931023171061145
polynomial_mixed,3_7C_31PER_5_9C_NEWSTRUCTURE,48,0.9929259010112552
polynomial_mixed,3_7C_31PER_5_9C_NEWSTRUCTURE,49,0.9927493137172734
polynomial_mixed,3_7C_31PER_5_9C_NEWSTRUCTURE,50,0.9925725552241693
polynomial_mixed,3_7C_31PER_5_9C_NEWSTRUCTURE,51,0.9923956255319428
polynomial_mixed,3_7C_31PER_5_9C_NEWSTRUCTURE,52,0.992218524640594
polynomial_mixed,3_7C_31PER_5_9C_NEWSTRUCTURE,53,0.9920412525501229
polynomial_mixed,3_7C_31PER_5_9C_NEWSTRUCTURE,54,0.9918638092605293
polynomial_mixed,3_7C_31PER_5_9C_NEWSTRUCTURE,55,0.9916861947718135
polynomial_mixed,3_7C_31PER_5_9C_NEWSTRUCTURE,56,0.9915084090839753
polynomial_mixed,3_7C_31PER_5_9C_NEWSTRUCTURE,57,0.9913304521970148
polynomial_mixed,3_7C_31PER_5_9C_NEWSTRUCTURE,58,0.9911523241109319
polynomial_mixed,3_7C_31PER_5_9C_NEWSTRUCTURE,59,0.9909740248257266
polynomial_mixed,3_7C_31PER_5_9C_NEWSTRUCTURE,60,0.9907955543413991
polynomial_mixed,3_7C_31PER_5_9C_NEWSTRUCTURE,61,0.9906169126579492
polynomial_mixed,3_7C_31PER_5_9C_NEWSTRUCTURE,62,0.9904380997753768
polynomial_mixed,3_7C_31PER_5_9C_NEWSTRUCTURE,63,0.9902591156936823
polynomial_mixed,3_7C_31PER_5_9C_NEWSTRUCTURE,64,0.9900799604128652
polynomial_mixed,3_7C_31PER_5_9C_NEWSTRUCTURE,65,0.9899006339329259
polynomial_mixed,3_7C_31PER_5_9C_NEWSTRUCTURE,66,0.9897211362538643
polynomial_mixed,3_7C_31PER_5_9C_NEWSTRUCTURE,67,0.9895414673756803
polynomial_mixed,3_7C_31PER_5_9C_NEWSTRUCTURE,68,0.989361627298374
polynomial_mixed,3_7C_31PER_5_9C_NEWSTRUCTURE,69,0.9891816160219452
polynomial_mixed,3_7C_31PER_5_9C_NEWSTRUCTURE,70,0.9890014335463941
polynomial_mixed,3_7C_31PER_5_9C_NEWSTRUCTURE,71,0.9888210798717207
polynomial_mixed,3_7C_31PER_5_9C_NEWSTRUCTURE,72,0.988640554997925
polynomial_mixed,3_7C_31PER_5_9C_NEWSTRUCTURE,73,0.988459858925007
polynomial_mixed,3_7C_31PER_5_9C_NEWSTRUCTURE,74,0.9882789916529664
polynomial_mixed,3_7C_31PER_5_9C_NEWSTRUCTURE,75,0.9880979531818037
polynomial_mixed,3_7C_31PER_5_9C_NEWSTRUCTURE,76,0.9879167435115186
polynomial_mixed,3_7C_31PER_5_9C_NEWSTRUCTURE,77,0.987735362642111
polynomial_mixed,3_7C_31PER_5_9C_NEWSTRUCTURE,78,0.9875538105735813
polynomial_mixed,3_7C_31PER_5_9C_NEWSTRUCTURE,79,0.9873720873059291
polynomial_mixed,3_7C_31PER_5_9C_NEWSTRUCTURE,80,0.9871901928391545
polynomial_mixed,3_7C_31PER_5_9C_NEWSTRUCTURE,81,0.9870081271732577
polynomial_mixed,3_7C_31PER_5_9C_NEWSTRUCTURE,82,0.9868258903082384
polynomial_mixed,3_7C_31PER_5_9C_NEWSTRUCTURE,83,0.9866434822440969
polynomial_mixed,3_7C_31PER_5_9C_NEWSTRUCTURE,84,0.986460902980833
polynomial_mixed,3_7C_31PER_5_9C_NEWSTRUCTURE,85,0.9862781525184467
polynomial_mixed,3_7C_31PER_5_9C_NEWSTRUCTURE,86,0.9860952308569382
polynomial_mixed,3_7C_31PER_5_9C_NEWSTRUCTURE,87,0.9859121379963072
polynomial_mixed,3_7C_31PER_5_9C_NEWSTRUCTURE,88,0.985728873936554
polynomial_mixed,3_7C_31PER_5_9C_NEWSTRUCTURE,89,0.9855454386776782
polynomial_mixed,3_7C_31PER_5_9C_NEWSTRUCTURE,90,0.9853618322196803
polynomial_mixed,3_7C_31PER_5_9C_NEWSTRUCTURE,91,0.98517805456256
polynomial_mixed,3_7C_31PER_5_9C_NEWSTRUCTURE,92,0.9849941057063173
polynomial_mixed,3_7C_31PER_5_9C_NEWSTRUCTURE,93,0.9848099856509522
polynomial_mixed,3_7C_31PER_5_9C_NEWSTRUCTURE,94,0.9846256943964649
polynomial_mixed,3_7C_31PER_5_9C_NEWSTRUCTURE,95,0.9844412319428552
polynomial_mixed,3_7C_31PER_5_9C_NEWSTRUCTURE,96,0.9842565982901231
polynomial_mixed,3_7C_31PER_5_9C_NEWSTRUCTURE,97,0.9840717934382687
polynomial_mixed,3_7C_31PER_5_9C_NEWSTRUCTURE,98,0.9838868173872919
polynomial_mixed,3_7C_31PER_5_9C_NEWSTRUCTURE,99,0.9837016701371929
polynomial_mixed,3_7C_31PER_5_9C_NEWSTRUCTURE,100,0.9835163516879714
polynomial_mixed,3_7C_31PER_5_9C_NEWSTRUCTURE,101,0.9833308620396276
polynomial_mixed,3_7C_31PER_5_9C_NEWSTRUCTURE,102,0.9831452011921613
polynomial_mixed,3_7C_31PER_5_9C_NEWSTRUCTURE,103,0.9829593691455729
polynomial_mixed,3_7C_31PER_5_9C_NEWSTRUCTURE,104,0.982773365899862
polynomial_mixed,3_7C_31PER_5_9C_NEWSTRUCTURE,105,0.9825871914550288
polynomial_mixed,3_7C_31PER_5_9C_NEWSTRUCTURE,106,0.9824008458110733
polynomial_mixed,3_7C_31PER_5_9C_NEWSTRUCTURE,107,0.9822143289679954
polynomial_mixed,3_7C_31PER_5_9C_NEWSTRUCTURE,108,0.9820276409257952
polynomial_mixed,3_7C_31PER_5_9C_NEWSTRUCTURE,109,0.9818407816844726
polynomial_mixed,3_7C_31PER_5_9C_NEWSTRUCTURE,110,0.9816537512440277
polynomial_mixed,3_7C_31PER_5_9C_NEWSTRUCTURE,111,0.9814665496044604
polynomial_mixed,3_7C_31PER_5_9C_NEWSTRUCTURE,112,0.9812791767657708
polynomial_mixed,3_7C_31PER_5_9C_NEWSTRUCTURE,113,0.9810916327279589
polynomial_mixed,3_7C_31PER_5_9C_NEWSTRUCTURE,114,0.9809039174910246
polynomial_mixed,3_7C_31PER_5_9C_NEWSTRUCTURE,115,0.9807160310549679
polynomial_mixed,3_7C_31PER_5_9C_NEWSTRUCTURE,116,0.9805279734197889
polynomial_mixed,3_7C_31PER_5_9C_NEWSTRUCTURE,117,0.9803397445854874
polynomial_mixed,3_7C_31PER_5_9C_NEWSTRUCTURE,118,0.9801513445520639
polynomial_mixed,3_7C_31PER_5_9C_NEWSTRUCTURE,119,0.9799627733195179
polynomial_mixed,3_7C_31PER_5_9C_NEWSTRUCTURE,120,0.9797740308878494
polynomial_mixed,3_7C_31PER_5_9C_NEWSTRUCTURE,121,0.9795851172570587
polynomial_mixed,3_7C_31PER_5_9C_NEWSTRUCTURE,122,0.9793960324271456
polynomial_mixed,3_7C_31PER_5_9C_NEWSTRUCTURE,123,0.9792067763981102
polynomial_mixed,3_7C_31PER_5_9C_NEWSTRUCTURE,124,0.9790173491699524
polynomial_mixed,3_7C_31PER_5_9C_NEWSTRUCTURE,125,0.9788277507426723
polynomial_mixed,3_7C_31PER_5_9C_NEWSTRUCTURE,126,0.9786379811162698
polynomial_mixed,3_7C_31PER_5_9C_NEWSTRUCTURE,127,0.9784480402907448
polynomial_mixed,3_7C_31PER_5_9C_NEWSTRUCTURE,128,0.9782579282660978
polynomial_mixed,3_7C_31PER_5_9C_NEWSTRUCTURE,129,0.9780676450423283
polynomial_mixed,3_7C_31PER_5_9C_NEWSTRUCTURE,130,0.9778771906194363
polynomial_mixed,3_7C_31PER_5_9C_NEWSTRUCTURE,131,0.9776865649974222
polynomial_mixed,3_7C_31PER_5_9C_NEWSTRUCTURE,132,0.9774957681762856
polynomial_mixed,3_7C_31PER_5_9C_NEWSTRUCTURE,133,0.9773048001560267
polynomial_mixed,3_7C_31PER_5_9C_NEWSTRUCTURE,134,0.9771136609366454
polynomial_mixed,3_7C_31PER_5_9C_NEWSTRUCTURE,135,0.9769223505181419
polynomial_mixed,3_7C_31PER_5_9C_NEWSTRUCTURE,136,0.976730868900516
polynomial_mixed,3_7C_31PER_5_9C_NEWSTRUCTURE,137,0.9765392160837676
polynomial_mixed,3_7C_31PER_5_9C_NEWSTRUCTURE,138,0.976347392067897
polynomial_mixed,3_7C_31PER_5_9C_NEWSTRUCTURE,139,0.9761553968529041
polynomial_mixed,3_7C_31PER_5_9C_NEWSTRUCTURE,140,0.9759632304387886
polynomial_mixed,3_7C_31PER_5_9C_NEWSTRUCTURE,141,0.9757708928255511
polynomial_mixed,3_7C_31PER_5_9C_NEWSTRUCTURE,142,0.975578384013191
polynomial_mixed,3_7C_31PER_5_9C_NEWSTRUCTURE,143,0.9753857040017087
polynomial_mixed,3_7C_31PER_5_9C_NEWSTRUCTURE,144,0.975192852791104
polynomial_mixed,3_7C_31PER_5_9C_NEWSTRUCTURE,145,0.9749998303813768
polynomial_mixed,3_7C_31PER_5_9C_NEWSTRUCTURE,146,0.9748066367725274
polynomial_mixed,3_7C_31PER_5_9C_NEWSTRUCTURE,147,0.9746132719645556
polynomial_mixed,3_7C_31PER_5_9C_NEWSTRUCTURE,148,0.9744197359574616
polynomial_mixed,3_7C_31PER_5_9C_NEWSTRUCTURE,149,0.9742260287512452
polynomial_mixed,3_7C_31PER_5_9C_NEWSTRUCTURE,150,0.9740321503459063
polynomial_mixed,3_7C_31PER_5_9C_NEWSTRUCTURE,151,0.9738381007414452
polynomial_mixed,3_7C_31PER_5_9C_NEWSTRUCTURE,152,0.9736438799378616
polynomial_mixed,3_7C_31PER_5_9C_NEWSTRUCTURE,153,0.9734494879351558
polynomial_mixed,3_7C_31PER_5_9C_NEWSTRUCTURE,154,0.9732549247333278
polynomial_mixed,3_7C_31PER_5_9C_NEWSTRUCTURE,155,0.9730601903323771
polynomial_mixed,3_7C_31PER_5_9C_NEWSTRUCTURE,156,0.9728652847323043
polynomial_mixed,3_7C_31PER_5_9C_NEWSTRUCTURE,157,0.972670207933109
polynomial_mixed,3_7C_31PER_5_9C_NEWSTRUCTURE,158,0.9724749599347915
polynomial_mixed,3_7C_31PER_5_9C_NEWSTRUCTURE,159,0.9722795407373516
polynomial_mixed,3_7C_31PER_5_9C_NEWSTRUCTURE,160,0.9720839503407893
polynomial_mixed,3_7C_31PER_5_9C_NEWSTRUCTURE,161,0.9718881887451047
polynomial_mixed,3_7C_31PER_5_9C_NEWSTRUCTURE,162,0.9716922559502976
polynomial_mixed,3_7C_31PER_5_9C_NEWSTRUCTURE,163,0.9714961519563684
polynomial_mixed,3_7C_31PER_5_9C_NEWSTRUCTURE,164,0.9712998767633167
polynomial_mixed,3_7C_31PER_5_9C_NEWSTRUCTURE,165,0.9711034303711428
polynomial_mixed,3_7C_31PER_5_9C_NEWSTRUCTURE,166,0.9709068127798465
polynomial_mixed,3_7C_31PER_5_9C_NEWSTRUCTURE,167,0.9707100239894276
polynomial_mixed,3_7C_31PER_5_9C_NEWSTRUCTURE,168,0.9705130639998867
polynomial_mixed,3_7C_31PER_5_9C_NEWSTRUCTURE,169,0.9703159328112233
polynomial_mixed,3_7C_31PER_5_9C_NEWSTRUCTURE,170,0.9701186304234375
polynomial_mixed,3_7C_31PER_5_9C_NEWSTRUCTURE,171,0.9699211568365295
polynomial_mixed,3_7C_31PER_5_9C_NEWSTRUCTURE,172,0.969723512050499
polynomial_mixed,3_7C_31PER_5_9C_NEWSTRUCTURE,173,0.9695256960653462
polynomial_mixed,3_7C_31PER_5_9C_NEWSTRUCTURE,174,0.9693277088810712
polynomial_mixed,3_7C_31PER_5_9C_NEWSTRUCTURE,175,0.9691295504976737
polynomial_mixed,3_7C_31PER_5_9C_NEWSTRUCTURE,176,0.9689312209151539
polynomial_mixed,3_7C_31PER_5_9C_NEWSTRUCTURE,177,0.9687327201335116
polynomial_mixed,3_7C_31PER_5_9C_NEWSTRUCTURE,178,0.9685340481527472
polynomial_mixed,3_7C_31PER_5_9C_NEWSTRUCTURE,179,0.9683352049728604
polynomial_mixed,3_7C_31PER_5_9C_NEWSTRUCTURE,180,0.9681361905938511
polynomial_mixed,3_7C_31PER_5_9C_NEWSTRUCTURE,181,0.9679370050157196
polynomial_mixed,3_7C_31PER_5_9C_NEWSTRUCTURE,182,0.9677376482384656
polynomial_mixed,3_7C_31PER_5_9C_NEWSTRUCTURE,183,0.9675381202620894
polynomial_mixed,3_7C_31PER_5_9C_NEWSTRUCTURE,184,0.9673384210865908
polynomial_mixed,3_7C_31PER_5_9C_NEWSTRUCTURE,185,0.9671385507119699
polynomial_mixed,3_7C_31PER_5_9C_NEWSTRUCTURE,186,0.9669385091382267
polynomial_mixed,3_7C_31PER_5_9C_NEWSTRUCTURE,187,0.9667382963653609
polynomial_mixed,3_7C_31PER_5_9C_NEWSTRUCTURE,188,0.966537912393373
polynomial_mixed,3_7C_31PER_5_9C_NEWSTRUCTURE,189,0.9663373572222628
polynomial_mixed,3_7C_31PER_5_9C_NEWSTRUCTURE,190,0.96613663085203
polynomial_mixed,3_7C_31PER_5_9C_NEWSTRUCTURE,191,0.965935733282675
polynomial_mixed,3_7C_31PER_5_9C_NEWSTRUCTURE,192,0.9657346645141976
polynomial_mixed,3_7C_31PER_5_9C_NEWSTRUCTURE,193,0.965533424546598
polynomial_mixed,3_7C_31PER_5_9C_NEWSTRUCTURE,194,0.965332013379876
polynomial_mixed,3_7C_31PER_5_9C_NEWSTRUCTURE,195,0.9651304310140315
polynomial_mixed,3_7C_31PER_5_9C_NEWSTRUCTURE,196,0.9649286774490647
polynomial_mixed,3_7C_31PER_5_9C_NEWSTRUCTURE,197,0.9647267526849755
polynomial_mixed,3_7C_31PER_5_9C_NEWSTRUCTURE,198,0.9645246567217641
polynomial_mixed,3_7C_31PER_5_9C_NEWSTRUCTURE,199,0.9643223895594304
polynomial_mixed,3_7C_31PER_5_9C_NEWSTRUCTURE,200,0.9641199511979742
polynomial_mixed,4_8C_80PER_4_8C_NEWSTRUCTURE,1,0.9916453337652323
polynomial_mixed,4_8C_80PER_4_8C_NEWSTRUCTURE,2,0.9916574203403085
polynomial_mixed,4_8C_80PER_4_8C_NEWSTRUCTURE,3,0.9916692150362094
polynomial_mixed,4_8C_80PER_4_8C_NEWSTRUCTURE,4,0.9916807178529355
polynomial_mixed,4_8C_80PER_4_8C_NEWSTRUCTURE,5,0.9916919287904866
polynomial_mixed,4_8C_80PER_4_8C_NEWSTRUCTURE,6,0.9917028478488629
polynomial_mixed,4_8C_80PER_4_8C_NEWSTRUCTURE,7,0.9917134750280641
polynomial_mixed,4_8C_80PER_4_8C_NEWSTRUCTURE,8,0.9917238103280904
polynomial_mixed,4_8C_80PER_4_8C_NEWSTRUCTURE,9,0.9917338537489419
polynomial_mixed,4_8C_80PER_4_8C_NEWSTRUCTURE,10,0.9917436052906182
polynomial_mixed,4_8C_80PER_4_8C_NEWSTRUCTURE,11,0.9917530649531197
polynomial_mixed,4_8C_80PER_4_8C_NEWSTRUCTURE,12,0.9917622327364463
polynomial_mixed,4_8C_80PER_4_8C_NEWSTRUCTURE,13,0.9917711086405978
polynomial_mixed,4_8C_80PER_4_8C_NEWSTRUCTURE,14,0.9917796926655744
polynomial_mixed,4_8C_80PER_4_8C_NEWSTRUCTURE,15,0.9917879848113761
polynomial_mixed,4_8C_80PER_4_8C_NEWSTRUCTURE,16,0.9917959850780028
polynomial_mixed,4_8C_80PER_4_8C_NEWSTRUCTURE,17,0.9918036934654546
polynomial_mixed,4_8C_80PER_4_8C_NEWSTRUCTURE,18,0.9918111099737315
polynomial_mixed,4_8C_80PER_4_8C_NEWSTRUCTURE,19,0.9918182346028334
polynomial_mixed,4_8C_80PER_4_8C_NEWSTRUCTURE,20,0.9918250673527603
polynomial_mixed,4_8C_80PER_4_8C_NEWSTRUCTURE,21,0.9918316082235124
polynomial_mixed,4_8C_80PER_4_8C_NEWSTRUCTURE,22,0.9918378572150893
polynomial_mixed,4_8C_80PER_4_8C_NEWSTRUCTURE,23,0.9918438143274916
polynomial_mixed,4_8C_80PER_4_8C_NEWSTRUCTURE,24,0.9918494795607187
polynomial_mixed,4_8C_80PER_4_8C_NEWSTRUCTURE,25,0.9918548529147709
polynomial_mixed,4_8C_80PER_4_8C_NEWSTRUCTURE,26,0.9918599343896483
polynomial_mixed,4_8C_80PER_4_8C_NEWSTRUCTURE,27,0.9918647239853505
polynomial_mixed,4_8C_80PER_4_8C_NEWSTRUCTURE,28,0.991869221701878
polynomial_mixed,4_8C_80PER_4_8C_NEWSTRUCTURE,29,0.9918734275392305
polynomial_mixed,4_8C_80PER_4_8C_NEWSTRUCTURE,30,0.9918773414974079
polynomial_mixed,4_8C_80PER_4_8C_NEWSTRUCTURE,31,0.9918809635764104
polynomial_mixed,4_8C_80PER_4_8C_NEWSTRUCTURE,32,0.991884293776238
polynomial_mixed,4_8C_80PER_4_8C_NEWSTRUCTURE,33,0.9918873320968907
polynomial_mixed,4_8C_80PER_4_8C_NEWSTRUCTURE,34,0.9918900785383684
polynomial_mixed,4_8C_80PER_4_8C_NEWSTRUCTURE,35,0.9918925331006712
polynomial_mixed,4_8C_80PER_4_8C_NEWSTRUCTURE,36,0.9918946957837991
polynomial_mixed,4_8C_80PER_4_8C_NEWSTRUCTURE,37,0.9918965665877519
polynomial_mixed,4_8C_80PER_4_8C_NEWSTRUCTURE,38,0.9918981455125299
polynomial_mixed,4_8C_80PER_4_8C_NEWSTRUCTURE,39,0.991899432558133
polynomial_mixed,4_8C_80PER_4_8C_NEWSTRUCTURE,40,0.9919004277245609
polynomial_mixed,4_8C_80PER_4_8C_NEWSTRUCTURE,41,0.991901131011814
polynomial_mixed,4_8C_80PER_4_8C_NEWSTRUCTURE,42,0.9919015424198921
polynomial_mixed,4_8C_80PER_4_8C_NEWSTRUCTURE,43,0.9919016619487954
polynomial_mixed,4_8C_80PER_4_8C_NEWSTRUCTURE,44,0.9919014895985236
polynomial_mixed,4_8C_80PER_4_8C_NEWSTRUCTURE,45,0.991901025369077
polynomial_mixed,4_8C_80PER_4_8C_NEWSTRUCTURE,46,0.9919002692604554
polynomial_mixed,4_8C_80PER_4_8C_NEWSTRUCTURE,47,0.9918992212726587
polynomial_mixed,4_8C_80PER_4_8C_NEWSTRUCTURE,48,0.9918978814056872
polynomial_mixed,4_8C_80PER_4_8C_NEWSTRUCTURE,49,0.9918962496595407
polynomial_mixed,4_8C_80PER_4_8C_NEWSTRUCTURE,50,0.9918943260342193
polynomial_mixed,4_8C_80PER_4_8C_NEWSTRUCTURE,51,0.991892110529723
polynomial_mixed,4_8C_80PER_4_8C_NEWSTRUCTURE,52,0.9918896031460517
polynomial_mixed,4_8C_80PER_4_8C_NEWSTRUCTURE,53,0.9918868038832055
polynomial_mixed,4_8C_80PER_4_8C_NEWSTRUCTURE,54,0.9918837127411843
polynomial_mixed,4_8C_80PER_4_8C_NEWSTRUCTURE,55,0.9918803297199881
polynomial_mixed,4_8C_80PER_4_8C_NEWSTRUCTURE,56,0.9918766548196171
polynomial_mixed,4_8C_80PER_4_8C_NEWSTRUCTURE,57,0.991872688040071
polynomial_mixed,4_8C_80PER_4_8C_NEWSTRUCTURE,58,0.99186842938135
polynomial_mixed,4_8C_80PER_4_8C_NEWSTRUCTURE,59,0.9918638788434541
polynomial_mixed,4_8C_80PER_4_8C_NEWSTRUCTURE,60,0.9918590364263833
polynomial_mixed,4_8C_80PER_4_8C_NEWSTRUCTURE,61,0.9918539021301375
polynomial_mixed,4_8C_80PER_4_8C_NEWSTRUCTURE,62,0.9918484759547167
polynomial_mixed,4_8C_80PER_4_8C_NEWSTRUCTURE,63,0.991842757900121
polynomial_mixed,4_8C_80PER_4_8C_NEWSTRUCTURE,64,0.9918367479663504
polynomial_mixed,4_8C_80PER_4_8C_NEWSTRUCTURE,65,0.9918304461534048
polynomial_mixed,4_8C_80PER_4_8C_NEWSTRUCTURE,66,0.9918238524612841
polynomial_mixed,4_8C_80PER_4_8C_NEWSTRUCTURE,67,0.9918169668899888
polynomial_mixed,4_8C_80PER_4_8C_NEWSTRUCTURE,68,0.9918097894395183
polynomial_mixed,4_8C_80PER_4_8C_NEWSTRUCTURE,69,0.9918023201098729
polynomial_mixed,4_8C_80PER_4_8C_NEWSTRUCTURE,70,0.9917945589010526
polynomial_mixed,4_8C_80PER_4_8C_NEWSTRUCTURE,71,0.9917865058130574
polynomial_mixed,4_8C_80PER_4_8C_NEWSTRUCTURE,72,0.9917781608458871
polynomial_mixed,4_8C_80PER_4_8C_NEWSTRUCTURE,73,0.991769523999542
polynomial_mixed,4_8C_80PER_4_8C_NEWSTRUCTURE,74,0.9917605952740218
polynomial_mixed,4_8C_80PER_4_8C_NEWSTRUCTURE,75,0.9917513746693268
polynomial_mixed,4_8C_80PER_4_8C_NEWSTRUCTURE,76,0.9917418621854568
polynomial_mixed,4_8C_80PER_4_8C_NEWSTRUCTURE,77,0.9917320578224119
polynomial_mixed,4_8C_80PER_4_8C_NEWSTRUCTURE,78,0.991721961580192
polynomial_mixed,4_8C_80PER_4_8C_NEWSTRUCTURE,79,0.9917115734587971
polynomial_mixed,4_8C_80PER_4_8C_NEWSTRUCTURE,80,0.9917008934582274
polynomial_mixed,4_8C_80PER_4_8C_NEWSTRUCTURE,81,0.9916899215784827
polynomial_mixed,4_8C_80PER_4_8C_NEWSTRUCTURE,82,0.991678657819563
polynomial_mixed,4_8C_80PER_4_8C_NEWSTRUCTURE,83,0.9916671021814683
polynomial_mixed,4_8C_80PER_4_8C_NEWSTRUCTURE,84,0.9916552546641988
polynomial_mixed,4_8C_80PER_4_8C_NEWSTRUCTURE,85,0.9916431152677543
polynomial_mixed,4_8C_80PER_4_8C_NEWSTRUCTURE,86,0.9916306839921348
polynomial_mixed,4_8C_80PER_4_8C_NEWSTRUCTURE,87,0.9916179608373404
polynomial_mixed,4_8C_80PER_4_8C_NEWSTRUCTURE,88,0.9916049458033711
polynomial_mixed,4_8C_80PER_4_8C_NEWSTRUCTURE,89,0.9915916388902268
polynomial_mixed,4_8C_80PER_4_8C_NEWSTRUCTURE,90,0.9915780400979076
polynomial_mixed,4_8C_80PER_4_8C_NEWSTRUCTURE,91,0.9915641494264135
polynomial_mixed,4_8C_80PER_4_8C_NEWSTRUCTURE,92,0.9915499668757443
polynomial_mixed,4_8C_80PER_4_8C_NEWSTRUCTURE,93,0.9915354924459001
polynomial_mixed,4_8C_80PER_4_8C_NEWSTRUCTURE,94,0.9915207261368812
polynomial_mixed,4_8C_80PER_4_8C_NEWSTRUCTURE,95,0.9915056679486872
polynomial_mixed,4_8C_80PER_4_8C_NEWSTRUCTURE,96,0.9914903178813183
polynomial_mixed,4_8C_80PER_4_8C_NEWSTRUCTURE,97,0.9914746759347745
polynomial_mixed,4_8C_80PER_4_8C_NEWSTRUCTURE,98,0.9914587421090557
polynomial_mixed,4_8C_80PER_4_8C_NEWSTRUCTURE,99,0.9914425164041619
polynomial_mixed,4_8C_80PER_4_8C_NEWSTRUCTURE,100,0.9914259988200932
polynomial_mixed,4_8C_80PER_4_8C_NEWSTRUCTURE,101,0.9914091893568496
polynomial_mixed,4_8C_80PER_4_8C_NEWSTRUCTURE,102,0.991392088014431
polynomial_mixed,4_8C_80PER_4_8C_NEWSTRUCTURE,103,0.9913746947928375
polynomial_mixed,4_8C_80PER_4_8C_NEWSTRUCTURE,104,0.9913570096920691
polynomial_mixed,4_8C_80PER_4_8C_NEWSTRUCTURE,105,0.9913390327121256
polynomial_mixed,4_8C_80PER_4_8C_NEWSTRUCTURE,106,0.9913207638530072
polynomial_mixed,4_8C_80PER_4_8C_NEWSTRUCTURE,107,0.991302203114714
polynomial_mixed,4_8C_80PER_4_8C_NEWSTRUCTURE,108,0.9912833504972457
polynomial_mixed,4_8C_80PER_4_8C_NEWSTRUCTURE,109,0.9912642060006025
polynomial_mixed,4_8C_80PER_4_8C_NEWSTRUCTURE,110,0.9912447696247842
polynomial_mixed,4_8C_80PER_4_8C_NEWSTRUCTURE,111,0.9912250413697913
polynomial_mixed,4_8C_80PER_4_8C_NEWSTRUCTURE,112,0.9912050212356232
polynomial_mixed,4_8C_80PER_4_8C_NEWSTRUCTURE,113,0.9911847092222802
polynomial_mixed,4_8C_80PER_4_8C_NEWSTRUCTURE,114,0.9911641053297623
polynomial_mixed,4_8C_80PER_4_8C_NEWSTRUCTURE,115,0.9911432095580694
polynomial_mixed,4_8C_80PER_4_8C_NEWSTRUCTURE,116,0.9911220219072016
polynomial_mixed,4_8C_80PER_4_8C_NEWSTRUCTURE,117,0.9911005423771588
polynomial_mixed,4_8C_80PER_4_8C_NEWSTRUCTURE,118,0.9910787709679412
polynomial_mixed,4_8C_80PER_4_8C_NEWSTRUCTURE,119,0.9910567076795485
polynomial_mixed,4_8C_80PER_4_8C_NEWSTRUCTURE,120,0.9910343525119808
polynomial_mixed,4_8C_80PER_4_8C_NEWSTRUCTURE,121,0.9910117054652383
polynomial_mixed,4_8C_80PER_4_8C_NEWSTRUCTURE,122,0.9909887665393208
polynomial_mixed,4_8C_80PER_4_8C_NEWSTRUCTURE,123,0.9909655357342283
polynomial_mixed,4_8C_80PER_4_8C_NEWSTRUCTURE,124,0.990942013049961
polynomial_mixed,4_8C_80PER_4_8C_NEWSTRUCTURE,125,0.9909181984865186
polynomial_mixed,4_8C_80PER_4_8C_NEWSTRUCTURE,126,0.9908940920439013
polynomial_mixed,4_8C_80PER_4_8C_NEWSTRUCTURE,127,0.9908696937221091
polynomial_mixed,4_8C_80PER_4_8C_NEWSTRUCTURE,128,0.990845003521142
polynomial_mixed,4_8C_80PER_4_8C_NEWSTRUCTURE,129,0.9908200214409999
polynomial_mixed,4_8C_80PER_4_8C_NEWSTRUCTURE,130,0.9907947474816828
polynomial_mixed,4_8C_80PER_4_8C_NEWSTRUCTURE,131,0.9907691816431908
polynomial_mixed,4_8C_80PER_4_8C_NEWSTRUCTURE,132,0.9907433239255239
polynomial_mixed,4_8C_80PER_4_8C_NEWSTRUCTURE,133,0.990717174328682
polynomial_mixed,4_8C_80PER_4_8C_NEWSTRUCTURE,134,0.9906907328526652
polynomial_mixed,4_8C_80PER_4_8C_NEWSTRUCTURE,135,0.9906639994974734
polynomial_mixed,4_8C_80PER_4_8C_NEWSTRUCTURE,136,0.9906369742631066
polynomial_mixed,4_8C_80PER_4_8C_NEWSTRUCTURE,137,0.990609657149565
polynomial_mixed,4_8C_80PER_4_8C_NEWSTRUCTURE,138,0.9905820481568484
polynomial_mixed,4_8C_80PER_4_8C_NEWSTRUCTURE,139,0.9905541472849567
polynomial_mixed,4_8C_80PER_4_8C_NEWSTRUCTURE,140,0.9905259545338903
polynomial_mixed,4_8C_80PER_4_8C_NEWSTRUCTURE,141,0.9904974699036488
polynomial_mixed,4_8C_80PER_4_8C_NEWSTRUCTURE,142,0.9904686933942324
polynomial_mixed,4_8C_80PER_4_8C_NEWSTRUCTURE,143,0.990439625005641
polynomial_mixed,4_8C_80PER_4_8C_NEWSTRUCTURE,144,0.9904102647378746
polynomial_mixed,4_8C_80PER_4_8C_NEWSTRUCTURE,145,0.9903806125909335
polynomial_mixed,4_8C_80PER_4_8C_NEWSTRUCTURE,146,0.9903506685648173
polynomial_mixed,4_8C_80PER_4_8C_NEWSTRUCTURE,147,0.9903204326595261
polynomial_mixed,4_8C_80PER_4_8C_NEWSTRUCTURE,148,0.9902899048750601
polynomial_mixed,4_8C_80PER_4_8C_NEWSTRUCTURE,149,0.990259085211419
polynomial_mixed,4_8C_80PER_4_8C_NEWSTRUCTURE,150,0.990227973668603
polynomial_mixed,4_8C_80PER_4_8C_NEWSTRUCTURE,151,0.9901965702466122
polynomial_mixed,4_8C_80PER_4_8C_NEWSTRUCTURE,152,0.9901648749454464
polynomial_mixed,4_8C_80PER_4_8C_NEWSTRUCTURE,153,0.9901328877651056
polynomial_mixed,4_8C_80PER_4_8C_NEWSTRUCTURE,154,0.9901006087055897
polynomial_mixed,4_8C_80PER_4_8C_NEWSTRUCTURE,155,0.9900680377668991
polynomial_mixed,4_8C_80PER_4_8C_NEWSTRUCTURE,156,0.9900351749490334
polynomial_mixed,4_8C_80PER_4_8C_NEWSTRUCTURE,157,0.9900020202519928
polynomial_mixed,4_8C_80PER_4_8C_NEWSTRUCTURE,158,0.9899685736757773
polynomial_mixed,4_8C_80PER_4_8C_NEWSTRUCTURE,159,0.9899348352203868
polynomial_mixed,4_8C_80PER_4_8C_NEWSTRUCTURE,160,0.9899008048858213
polynomial_mixed,4_8C_80PER_4_8C_NEWSTRUCTURE,161,0.989866482672081
polynomial_mixed,4_8C_80PER_4_8C_NEWSTRUCTURE,162,0.9898318685791657
polynomial_mixed,4_8C_80PER_4_8C_NEWSTRUCTURE,163,0.9897969626070754
polynomial_mixed,4_8C_80PER_4_8C_NEWSTRUCTURE,164,0.9897617647558102
polynomial_mixed,4_8C_80PER_4_8C_NEWSTRUCTURE,165,0.9897262750253701
polynomial_mixed,4_8C_80PER_4_8C_NEWSTRUCTURE,166,0.989690493415755
polynomial_mixed,4_8C_80PER_4_8C_NEWSTRUCTURE,167,0.9896544199269649
polynomial_mixed,4_8C_80PER_4_8C_NEWSTRUCTURE,168,0.989618054559
polynomial_mixed,4_8C_80PER_4_8C_NEWSTRUCTURE,169,0.98958139731186
polynomial_mixed,4_8C_80PER_4_8C_NEWSTRUCTURE,170,0.9895444481855451
polynomial_mixed,4_8C_80PER_4_8C_NEWSTRUCTURE,171,0.9895072071800552
polynomial_mixed,4_8C_80PER_4_8C_NEWSTRUCTURE,172,0.9894696742953906
polynomial_mixed,4_8C_80PER_4_8C_NEWSTRUCTURE,173,0.9894318495315508
polynomial_mixed,4_8C_80PER_4_8C_NEWSTRUCTURE,174,0.989393732888536
polynomial_mixed,4_8C_80PER_4_8C_NEWSTRUCTURE,175,0.9893553243663465
polynomial_mixed,4_8C_80PER_4_8C_NEWSTRUCTURE,176,0.989316623964982
polynomial_mixed,4_8C_80PER_4_8C_NEWSTRUCTURE,177,0.9892776316844425
polynomial_mixed,4_8C_80PER_4_8C_NEWSTRUCTURE,178,0.989238347524728
polynomial_mixed,4_8C_80PER_4_8C_NEWSTRUCTURE,179,0.9891987714858387
polynomial_mixed,4_8C_80PER_4_8C_NEWSTRUCTURE,180,0.9891589035677743
polynomial_mixed,4_8C_80PER_4_8C_NEWSTRUCTURE,181,0.989118743770535
polynomial_mixed,4_8C_80PER_4_8C_NEWSTRUCTURE,182,0.9890782920941208
polynomial_mixed,4_8C_80PER_4_8C_NEWSTRUCTURE,183,0.9890375485385317
polynomial_mixed,4_8C_80PER_4_8C_NEWSTRUCTURE,184,0.9889965131037675
polynomial_mixed,4_8C_80PER_4_8C_NEWSTRUCTURE,185,0.9889551857898284
polynomial_mixed,4_8C_80PER_4_8C_NEWSTRUCTURE,186,0.9889135665967145
polynomial_mixed,4_8C_80PER_4_8C_NEWSTRUCTURE,187,0.9888716555244255
polynomial_mixed,4_8C_80PER_4_8C_NEWSTRUCTURE,188,0.9888294525729615
polynomial_mixed,4_8C_80PER_4_8C_NEWSTRUCTURE,189,0.9887869577423227
polynomial_mixed,4_8C_80PER_4_8C_NEWSTRUCTURE,190,0.9887441710325089
polynomial_mixed,4_8C_80PER_4_8C_NEWSTRUCTURE,191,0.9887010924435201
polynomial_mixed,4_8C_80PER_4_8C_NEWSTRUCTURE,192,0.9886577219753565
polynomial_mixed,4_8C_80PER_4_8C_NEWSTRUCTURE,193,0.9886140596280178
polynomial_mixed,4_8C_80PER_4_8C_NEWSTRUCTURE,194,0.9885701054015043
polynomial_mixed,4_8C_80PER_4_8C_NEWSTRUCTURE,195,0.9885258592958157
polynomial_mixed,4_8C_80PER_4_8C_NEWSTRUCTURE,196,0.9884813213109523
polynomial_mixed,4_8C_80PER_4_8C_NEWSTRUCTURE,197,0.9884364914469138
polynomial_mixed,4_8C_80PER_4_8C_NEWSTRUCTURE,198,0.9883913697037005
polynomial_mixed,4_8C_80PER_4_8C_NEWSTRUCTURE,199,0.9883459560813123
polynomial_mixed,4_8C_80PER_4_8C_NEWSTRUCTURE,200,0.9883002505797489
