Model,Policy,Cycle,SOHPred
spline_mixed,3_6C-80PER_3_6C,1,0.9971374485803688
spline_mixed,3_6C-80PER_3_6C,2,0.9972918261885275
spline_mixed,3_6C-80PER_3_6C,3,0.9974416925275529
spline_mixed,3_6C-80PER_3_6C,4,0.9975871070322215
spline_mixed,3_6C-80PER_3_6C,5,0.9977281291373112
spline_mixed,3_6C-80PER_3_6C,6,0.9978648182775989
spline_mixed,3_6C-80PER_3_6C,7,0.9979972338878619
spline_mixed,3_6C-80PER_3_6C,8,0.9981254354028773
spline_mixed,3_6C-80PER_3_6C,9,0.9982494822574227
spline_mixed,3_6C-80PER_3_6C,10,0.9983694338862749
spline_mixed,3_6C-80PER_3_6C,11,0.9984853497242114
spline_mixed,3_6C-80PER_3_6C,12,0.9985972892060093
spline_mixed,3_6C-80PER_3_6C,13,0.9987053117664461
spline_mixed,3_6C-80PER_3_6C,14,0.9988094768402986
spline_mixed,3_6C-80PER_3_6C,15,0.9989098438623445
spline_mixed,3_6C-80PER_3_6C,16,0.9990064722673606
spline_mixed,3_6C-80PER_3_6C,17,0.9990994214901245
spline_mixed,3_6C-80PER_3_6C,18,0.9991887509654132
spline_mixed,3_6C-80PER_3_6C,19,0.9992745201280041
spline_mixed,3_6C-80PER_3_6C,20,0.9993567884126744
spline_mixed,3_6C-80PER_3_6C,21,0.9994356152542011
spline_mixed,3_6C-80PER_3_6C,22,0.9995110600873618
spline_mixed,3_6C-80PER_3_6C,23,0.9995831823469333
spline_mixed,3_6C-80PER_3_6C,24,0.9996520414676934
spline_mixed,3_6C-80PER_3_6C,25,0.9997176968844188
spline_mixed,3_6C-80PER_3_6C,26,0.9997802080318872
spline_mixed,3_6C-80PER_3_6C,27,0.9998396343448754
spline_mixed,3_6C-80PER_3_6C,28,0.999896035258161
spline_mixed,3_6C-80PER_3_6C,29,0.999949470206521
spline_mixed,3_6C-80PER_3_6C,30,0.9999999986247327
spline_mixed,3_6C-80PER_3_6C,31,1.0000476799475735
spline_mixed,3_6C-80PER_3_6C,32,1.00009257360982
spline_mixed,3_6C-80PER_3_6C,33,1.0001347390462505
spline_mixed,3_6C-80PER_3_6C,34,1.0001742356916414
spline_mixed,3_6C-80PER_3_6C,35,1.0002111229807702
spline_mixed,3_6C-80PER_3_6C,36,1.000245460348414
spline_mixed,3_6C-80PER_3_6C,37,1.0002773072293503
spline_mixed,3_6C-80PER_3_6C,38,1.0003067230583562
spline_mixed,3_6C-80PER_3_6C,39,1.000333767270209
spline_mixed,3_6C-80PER_3_6C,40,1.0003584992996857
spline_mixed,3_6C-80PER_3_6C,41,1.0003809785815638
spline_mixed,3_6C-80PER_3_6C,42,1.0004012645506204
spline_mixed,3_6C-80PER_3_6C,43,1.000419416641633
spline_mixed,3_6C-80PER_3_6C,44,1.0004354942893783
spline_mixed,3_6C-80PER_3_6C,45,1.0004495569286338
spline_mixed,3_6C-80PER_3_6C,46,1.000461663994177
spline_mixed,3_6C-80PER_3_6C,47,1.0004718749207848
spline_mixed,3_6C-80PER_3_6C,48,1.0004802491432345
spline_mixed,3_6C-80PER_3_6C,49,1.0004868460963037
spline_mixed,3_6C-80PER_3_6C,50,1.000491725214769
spline_mixed,3_6C-80PER_3_6C,51,1.0004949425400813
spline_mixed,3_6C-80PER_3_6C,52,1.0004965405403843
spline_mixed,3_6C-80PER_3_6C,53,1.000496558290494
spline_mixed,3_6C-80PER_3_6C,54,1.0004950348652284
spline_mixed,3_6C-80PER_3_6C,55,1.0004920093394036
spline_mixed,3_6C-80PER_3_6C,56,1.0004875207878363
spline_mixed,3_6C-80PER_3_6C,57,1.0004816082853438
spline_mixed,3_6C-80PER_3_6C,58,1.0004743109067427
spline_mixed,3_6C-80PER_3_6C,59,1.0004656677268495
spline_mixed,3_6C-80PER_3_6C,60,1.0004557178204816
spline_mixed,3_6C-80PER_3_6C,61,1.0004445002624556
spline_mixed,3_6C-80PER_3_6C,62,1.0004320541275882
spline_mixed,3_6C-80PER_3_6C,63,1.0004184184906961
spline_mixed,3_6C-80PER_3_6C,64,1.0004036324265964
spline_mixed,3_6C-80PER_3_6C,65,1.0003877350101056
spline_mixed,3_6C-80PER_3_6C,66,1.0003707653160407
spline_mixed,3_6C-80PER_3_6C,67,1.0003527624192188
spline_mixed,3_6C-80PER_3_6C,68,1.0003337653944564
spline_mixed,3_6C-80PER_3_6C,69,1.0003138133165703
spline_mixed,3_6C-80PER_3_6C,70,1.0002929452603773
spline_mixed,3_6C-80PER_3_6C,71,1.0002712003006944
spline_mixed,3_6C-80PER_3_6C,72,1.0002486175123384
spline_mixed,3_6C-80PER_3_6C,73,1.0002252359701258
spline_mixed,3_6C-80PER_3_6C,74,1.000201094748874
spline_mixed,3_6C-80PER_3_6C,75,1.0001762329233992
spline_mixed,3_6C-80PER_3_6C,76,1.0001506895685186
spline_mixed,3_6C-80PER_3_6C,77,1.0001245037590487
spline_mixed,3_6C-80PER_3_6C,78,1.000097714569807
spline_mixed,3_6C-80PER_3_6C,79,1.0000703610756092
spline_mixed,3_6C-80PER_3_6C,80,1.000042482351273
spline_mixed,3_6C-80PER_3_6C,81,1.0000141174716153
spline_mixed,3_6C-80PER_3_6C,82,0.9999853055114524
spline_mixed,3_6C-80PER_3_6C,83,0.9999560855456012
spline_mixed,3_6C-80PER_3_6C,84,0.9999264966488787
spline_mixed,3_6C-80PER_3_6C,85,0.9998965778961015
spline_mixed,3_6C-80PER_3_6C,86,0.9998663683620868
spline_mixed,3_6C-80PER_3_6C,87,0.9998359071216508
spline_mixed,3_6C-80PER_3_6C,88,0.9998052332496111
spline_mixed,3_6C-80PER_3_6C,89,0.999774385820784
spline_mixed,3_6C-80PER_3_6C,90,0.9997434039099865
spline_mixed,3_6C-80PER_3_6C,91,0.999712326592035
spline_mixed,3_6C-80PER_3_6C,92,0.9996811929417471
spline_mixed,3_6C-80PER_3_6C,93,0.9996500420339389
spline_mixed,3_6C-80PER_3_6C,94,0.9996189129434276
spline_mixed,3_6C-80PER_3_6C,95,0.9995878447450298
spline_mixed,3_6C-80PER_3_6C,96,0.9995568765135626
spline_mixed,3_6C-80PER_3_6C,97,0.9995260473238426
spline_mixed,3_6C-80PER_3_6C,98,0.9994953962506867
spline_mixed,3_6C-80PER_3_6C,99,0.9994649623689115
spline_mixed,3_6C-80PER_3_6C,100,0.9994347847533341
spline_mixed,3_6C-80PER_3_6C,101,0.9994048933221072
spline_mixed,3_6C-80PER_3_6C,102,0.999375281366727
spline_mixed,3_6C-80PER_3_6C,103,0.9993459330220259
spline_mixed,3_6C-80PER_3_6C,104,0.9993168324228362
spline_mixed,3_6C-80PER_3_6C,105,0.9992879637039901
spline_mixed,3_6C-80PER_3_6C,106,0.9992593110003198
spline_mixed,3_6C-80PER_3_6C,107,0.9992308584466577
spline_mixed,3_6C-80PER_3_6C,108,0.999202590177836
spline_mixed,3_6C-80PER_3_6C,109,0.9991744903286872
spline_mixed,3_6C-80PER_3_6C,110,0.9991465430340433
spline_mixed,3_6C-80PER_3_6C,111,0.9991187324287366
spline_mixed,3_6C-80PER_3_6C,112,0.9990910426475995
spline_mixed,3_6C-80PER_3_6C,113,0.9990634578254641
spline_mixed,3_6C-80PER_3_6C,114,0.999035962097163
spline_mixed,3_6C-80PER_3_6C,115,0.9990085395975282
spline_mixed,3_6C-80PER_3_6C,116,0.998981174461392
spline_mixed,3_6C-80PER_3_6C,117,0.9989538508235868
spline_mixed,3_6C-80PER_3_6C,118,0.9989265528189446
spline_mixed,3_6C-80PER_3_6C,119,0.9988992645822982
spline_mixed,3_6C-80PER_3_6C,120,0.9988719702484792
spline_mixed,3_6C-80PER_3_6C,121,0.9988446539523204
spline_mixed,3_6C-80PER_3_6C,122,0.9988172998286539
spline_mixed,3_6C-80PER_3_6C,123,0.9987898920123119
spline_mixed,3_6C-80PER_3_6C,124,0.9987624146381268
spline_mixed,3_6C-80PER_3_6C,125,0.9987348518409307
spline_mixed,3_6C-80PER_3_6C,126,0.9987071877555561
spline_mixed,3_6C-80PER_3_6C,127,0.9986794065168352
spline_mixed,3_6C-80PER_3_6C,128,0.9986514922596003
spline_mixed,3_6C-80PER_3_6C,129,0.9986234291186835
spline_mixed,3_6C-80PER_3_6C,130,0.9985952012289172
spline_mixed,3_6C-80PER_3_6C,131,0.9985667927251337
spline_mixed,3_6C-80PER_3_6C,132,0.9985381877421653
spline_mixed,3_6C-80PER_3_6C,133,0.9985093704148442
spline_mixed,3_6C-80PER_3_6C,134,0.9984803248780028
spline_mixed,3_6C-80PER_3_6C,135,0.9984510352664732
spline_mixed,3_6C-80PER_3_6C,136,0.9984214857150874
spline_mixed,3_6C-80PER_3_6C,137,0.9983916603586784
spline_mixed,3_6C-80PER_3_6C,138,0.998361543332078
spline_mixed,3_6C-80PER_3_6C,139,0.9983311187701185
spline_mixed,3_6C-80PER_3_6C,140,0.9983003708076326
spline_mixed,3_6C-80PER_3_6C,141,0.9982692835794519
spline_mixed,3_6C-80PER_3_6C,142,0.998237841220409
spline_mixed,3_6C-80PER_3_6C,143,0.9982060278653361
spline_mixed,3_6C-80PER_3_6C,144,0.9981738276490656
spline_mixed,3_6C-80PER_3_6C,145,0.99814122470643
spline_mixed,3_6C-80PER_3_6C,146,0.9981082031722611
spline_mixed,3_6C-80PER_3_6C,147,0.9980747471813913
spline_mixed,3_6C-80PER_3_6C,148,0.9980408408686532
spline_mixed,3_6C-80PER_3_6C,149,0.9980064683688785
spline_mixed,3_6C-80PER_3_6C,150,0.9979716138169001
spline_mixed,3_6C-80PER_3_6C,151,0.9979362610364008
spline_mixed,3_6C-80PER_3_6C,152,0.9979003926064681
spline_mixed,3_6C-80PER_3_6C,153,0.9978639907950402
spline_mixed,3_6C-80PER_3_6C,154,0.9978270378700556
spline_mixed,3_6C-80PER_3_6C,155,0.9977895160994522
spline_mixed,3_6C-80PER_3_6C,156,0.9977514077511686
spline_mixed,3_6C-80PER_3_6C,157,0.997712695093143
spline_mixed,3_6C-80PER_3_6C,158,0.9976733603933137
spline_mixed,3_6C-80PER_3_6C,159,0.997633385919619
spline_mixed,3_6C-80PER_3_6C,160,0.9975927539399971
spline_mixed,3_6C-80PER_3_6C,161,0.9975514467223865
spline_mixed,3_6C-80PER_3_6C,162,0.9975094465347248
spline_mixed,3_6C-80PER_3_6C,163,0.9974667356449514
spline_mixed,3_6C-80PER_3_6C,164,0.9974232963210038
spline_mixed,3_6C-80PER_3_6C,165,0.9973791108308205
spline_mixed,3_6C-80PER_3_6C,166,0.9973341614423396
spline_mixed,3_6C-80PER_3_6C,167,0.9972884304234998
spline_mixed,3_6C-80PER_3_6C,168,0.9972419000422389
spline_mixed,3_6C-80PER_3_6C,169,0.9971945525664957
spline_mixed,3_6C-80PER_3_6C,170,0.9971463702642082
spline_mixed,3_6C-80PER_3_6C,171,0.9970973354033146
spline_mixed,3_6C-80PER_3_6C,172,0.9970474302517531
spline_mixed,3_6C-80PER_3_6C,173,0.9969966370774624
spline_mixed,3_6C-80PER_3_6C,174,0.9969449381483807
spline_mixed,3_6C-80PER_3_6C,175,0.9968923157324459
spline_mixed,3_6C-80PER_3_6C,176,0.9968387520975965
spline_mixed,3_6C-80PER_3_6C,177,0.996784229511771
spline_mixed,3_6C-80PER_3_6C,178,0.9967287302429075
spline_mixed,3_6C-80PER_3_6C,179,0.9966722365589443
spline_mixed,3_6C-80PER_3_6C,180,0.9966147307278196
spline_mixed,3_6C-80PER_3_6C,181,0.996556195017472
spline_mixed,3_6C-80PER_3_6C,182,0.9964966116958393
spline_mixed,3_6C-80PER_3_6C,183,0.99643596303086
spline_mixed,3_6C-80PER_3_6C,184,0.9963742312904726
spline_mixed,3_6C-80PER_3_6C,185,0.9963113987426151
spline_mixed,3_6C-80PER_3_6C,186,0.9962474476552262
spline_mixed,3_6C-80PER_3_6C,187,0.9961823602962436
spline_mixed,3_6C-80PER_3_6C,188,0.996116118933606
spline_mixed,3_6C-80PER_3_6C,189,0.9960487058352513
spline_mixed,3_6C-80PER_3_6C,190,0.9959801032691182
spline_mixed,3_6C-80PER_3_6C,191,0.9959102935031449
spline_mixed,3_6C-80PER_3_6C,192,0.9958392588052698
spline_mixed,3_6C-80PER_3_6C,193,0.9957669814434308
spline_mixed,3_6C-80PER_3_6C,194,0.9956934436855662
spline_mixed,3_6C-80PER_3_6C,195,0.9956186277996149
spline_mixed,3_6C-80PER_3_6C,196,0.9955425160535144
spline_mixed,3_6C-80PER_3_6C,197,0.9954650907152034
spline_mixed,3_6C-80PER_3_6C,198,0.9953863340526204
spline_mixed,3_6C-80PER_3_6C,199,0.9953062283337033
spline_mixed,3_6C-80PER_3_6C,200,0.9952247558263903
spline_mixed,80PER_3_6C,1,0.9980889125004111
spline_mixed,80PER_3_6C,2,0.9981264287360362
spline_mixed,80PER_3_6C,3,0.9981612466664788
spline_mixed,80PER_3_6C,4,0.998193402605705
spline_mixed,80PER_3_6C,5,0.9982229328676804
spline_mixed,80PER_3_6C,6,0.9982498737663712
spline_mixed,80PER_3_6C,7,0.9982742616157431
spline_mixed,80PER_3_6C,8,0.998296132729762
spline_mixed,80PER_3_6C,9,0.998315523422394
spline_mixed,80PER_3_6C,10,0.9983324700076048
spline_mixed,80PER_3_6C,11,0.9983470087993603
spline_mixed,80PER_3_6C,12,0.9983591761116266
spline_mixed,80PER_3_6C,13,0.9983690082583694
spline_mixed,80PER_3_6C,14,0.9983765415535546
spline_mixed,80PER_3_6C,15,0.9983818123111481
spline_mixed,80PER_3_6C,16,0.9983848568451159
spline_mixed,80PER_3_6C,17,0.9983857114694239
spline_mixed,80PER_3_6C,18,0.9983844124980378
spline_mixed,80PER_3_6C,19,0.9983809962449236
spline_mixed,80PER_3_6C,20,0.9983754990240473
spline_mixed,80PER_3_6C,21,0.9983679571493748
spline_mixed,80PER_3_6C,22,0.9983584069348718
spline_mixed,80PER_3_6C,23,0.9983468846945043
spline_mixed,80PER_3_6C,24,0.9983334267422384
spline_mixed,80PER_3_6C,25,0.9983180693920396
spline_mixed,80PER_3_6C,26,0.9983008489578741
spline_mixed,80PER_3_6C,27,0.9982818017537077
spline_mixed,80PER_3_6C,28,0.9982609640935063
spline_mixed,80PER_3_6C,29,0.9982383722912358
spline_mixed,80PER_3_6C,30,0.998214062660862
spline_mixed,80PER_3_6C,31,0.9981880715163508
spline_mixed,80PER_3_6C,32,0.9981604351716685
spline_mixed,80PER_3_6C,33,0.9981311899407804
spline_mixed,80PER_3_6C,34,0.9981003721376529
spline_mixed,80PER_3_6C,35,0.9980680180762516
spline_mixed,80PER_3_6C,36,0.9980341640705424
spline_mixed,80PER_3_6C,37,0.9979988464344913
spline_mixed,80PER_3_6C,38,0.9979621014820641
spline_mixed,80PER_3_6C,39,0.9979239655272268
spline_mixed,80PER_3_6C,40,0.9978844748839454
spline_mixed,80PER_3_6C,41,0.9978436658661856
spline_mixed,80PER_3_6C,42,0.9978015747879132
spline_mixed,80PER_3_6C,43,0.9977582379630943
spline_mixed,80PER_3_6C,44,0.9977136917056948
spline_mixed,80PER_3_6C,45,0.9976679723296806
spline_mixed,80PER_3_6C,46,0.9976211161490174
spline_mixed,80PER_3_6C,47,0.9975731594776713
spline_mixed,80PER_3_6C,48,0.9975241386296082
spline_mixed,80PER_3_6C,49,0.9974740899187937
spline_mixed,80PER_3_6C,50,0.9974230496591941
spline_mixed,80PER_3_6C,51,0.9973710511308198
spline_mixed,80PER_3_6C,52,0.9973181154778604
spline_mixed,80PER_3_6C,53,0.99726426081055
spline_mixed,80PER_3_6C,54,0.9972095052391229
spline_mixed,80PER_3_6C,55,0.997153866873813
spline_mixed,80PER_3_6C,56,0.997097363824855
spline_mixed,80PER_3_6C,57,0.9970400142024828
spline_mixed,80PER_3_6C,58,0.9969818361169306
spline_mixed,80PER_3_6C,59,0.9969228476784328
spline_mixed,80PER_3_6C,60,0.9968630669972236
spline_mixed,80PER_3_6C,61,0.9968025121835368
spline_mixed,80PER_3_6C,62,0.9967412013476069
spline_mixed,80PER_3_6C,63,0.9966791525996683
spline_mixed,80PER_3_6C,64,0.9966163840499549
spline_mixed,80PER_3_6C,65,0.996552913808701
spline_mixed,80PER_3_6C,66,0.996488759986141
spline_mixed,80PER_3_6C,67,0.9964239406925087
spline_mixed,80PER_3_6C,68,0.9963584740380387
spline_mixed,80PER_3_6C,69,0.996292378132965
spline_mixed,80PER_3_6C,70,0.9962256710875218
spline_mixed,80PER_3_6C,71,0.9961583710119435
spline_mixed,80PER_3_6C,72,0.9960904960164639
spline_mixed,80PER_3_6C,73,0.9960220642113178
spline_mixed,80PER_3_6C,74,0.9959530937067389
spline_mixed,80PER_3_6C,75,0.9958836026129615
spline_mixed,80PER_3_6C,76,0.9958136090402201
spline_mixed,80PER_3_6C,77,0.9957431310987486
spline_mixed,80PER_3_6C,78,0.9956721868987812
spline_mixed,80PER_3_6C,79,0.9956007945505525
spline_mixed,80PER_3_6C,80,0.9955289721642963
spline_mixed,80PER_3_6C,81,0.9954567378502469
spline_mixed,80PER_3_6C,82,0.9953841097186383
spline_mixed,80PER_3_6C,83,0.9953111058797053
spline_mixed,80PER_3_6C,84,0.9952377444436816
spline_mixed,80PER_3_6C,85,0.9951640435208015
spline_mixed,80PER_3_6C,86,0.9950900212212994
spline_mixed,80PER_3_6C,87,0.9950156956554093
spline_mixed,80PER_3_6C,88,0.9949410849333655
spline_mixed,80PER_3_6C,89,0.9948662071654022
spline_mixed,80PER_3_6C,90,0.9947910804617536
spline_mixed,80PER_3_6C,91,0.9947157229326539
spline_mixed,80PER_3_6C,92,0.9946401526883373
spline_mixed,80PER_3_6C,93,0.9945643878390379
spline_mixed,80PER_3_6C,94,0.9944884464949902
spline_mixed,80PER_3_6C,95,0.9944123467664281
spline_mixed,80PER_3_6C,96,0.994336106763586
spline_mixed,80PER_3_6C,97,0.994259744596698
spline_mixed,80PER_3_6C,98,0.9941832783759984
spline_mixed,80PER_3_6C,99,0.9941067262117212
spline_mixed,80PER_3_6C,100,0.9940301062141009
spline_mixed,80PER_3_6C,101,0.9939534322731094
spline_mixed,80PER_3_6C,102,0.99387670139767
spline_mixed,80PER_3_6C,103,0.9937999063764437
spline_mixed,80PER_3_6C,104,0.9937230399980916
spline_mixed,80PER_3_6C,105,0.9936460950512749
spline_mixed,80PER_3_6C,106,0.9935690643246546
spline_mixed,80PER_3_6C,107,0.9934919406068919
spline_mixed,80PER_3_6C,108,0.9934147166866479
spline_mixed,80PER_3_6C,109,0.9933373853525835
spline_mixed,80PER_3_6C,110,0.9932599393933601
spline_mixed,80PER_3_6C,111,0.9931823715976387
spline_mixed,80PER_3_6C,112,0.9931046747540802
spline_mixed,80PER_3_6C,113,0.9930268416513458
spline_mixed,80PER_3_6C,114,0.9929488650780967
spline_mixed,80PER_3_6C,115,0.992870737822994
spline_mixed,80PER_3_6C,116,0.9927924526746984
spline_mixed,80PER_3_6C,117,0.9927140024218717
spline_mixed,80PER_3_6C,118,0.9926353798531744
spline_mixed,80PER_3_6C,119,0.9925565777572677
spline_mixed,80PER_3_6C,120,0.992477588922813
spline_mixed,80PER_3_6C,121,0.9923984061384712
spline_mixed,80PER_3_6C,122,0.9923190221929034
spline_mixed,80PER_3_6C,123,0.9922394298747705
spline_mixed,80PER_3_6C,124,0.9921596219727341
spline_mixed,80PER_3_6C,125,0.9920795912754549
spline_mixed,80PER_3_6C,126,0.9919993305715938
spline_mixed,80PER_3_6C,127,0.9919188326498125
spline_mixed,80PER_3_6C,128,0.9918380902987717
spline_mixed,80PER_3_6C,129,0.9917570963071325
spline_mixed,80PER_3_6C,130,0.9916758434635562
spline_mixed,80PER_3_6C,131,0.9915943245567037
spline_mixed,80PER_3_6C,132,0.9915125323752363
spline_mixed,80PER_3_6C,133,0.9914304597078147
spline_mixed,80PER_3_6C,134,0.9913480993431004
spline_mixed,80PER_3_6C,135,0.9912654440697544
spline_mixed,80PER_3_6C,136,0.9911824866764377
spline_mixed,80PER_3_6C,137,0.9910992199518115
spline_mixed,80PER_3_6C,138,0.9910156366845367
spline_mixed,80PER_3_6C,139,0.9909317296632746
spline_mixed,80PER_3_6C,140,0.9908474916766863
spline_mixed,80PER_3_6C,141,0.9907629155134328
spline_mixed,80PER_3_6C,142,0.9906779939621753
spline_mixed,80PER_3_6C,143,0.9905927198115747
spline_mixed,80PER_3_6C,144,0.9905070858502923
spline_mixed,80PER_3_6C,145,0.9904210848669892
spline_mixed,80PER_3_6C,146,0.9903347096503263
spline_mixed,80PER_3_6C,147,0.9902479529889648
spline_mixed,80PER_3_6C,148,0.990160807671566
spline_mixed,80PER_3_6C,149,0.9900732664867907
spline_mixed,80PER_3_6C,150,0.9899853222233
spline_mixed,80PER_3_6C,151,0.9898969674863863
spline_mixed,80PER_3_6C,152,0.9898081941478657
spline_mixed,80PER_3_6C,153,0.9897189938961855
spline_mixed,80PER_3_6C,154,0.9896293584197928
spline_mixed,80PER_3_6C,155,0.9895392794071353
spline_mixed,80PER_3_6C,156,0.98944874854666
spline_mixed,80PER_3_6C,157,0.9893577575268142
spline_mixed,80PER_3_6C,158,0.9892662980360456
spline_mixed,80PER_3_6C,159,0.9891743617628008
spline_mixed,80PER_3_6C,160,0.9890819403955279
spline_mixed,80PER_3_6C,161,0.9889890256226734
spline_mixed,80PER_3_6C,162,0.9888956091326853
spline_mixed,80PER_3_6C,163,0.9888016826140105
spline_mixed,80PER_3_6C,164,0.9887072377550964
spline_mixed,80PER_3_6C,165,0.9886122662443902
spline_mixed,80PER_3_6C,166,0.9885167597703394
spline_mixed,80PER_3_6C,167,0.9884207100213911
spline_mixed,80PER_3_6C,168,0.9883241086859927
spline_mixed,80PER_3_6C,169,0.9882269474525914
spline_mixed,80PER_3_6C,170,0.9881292180096347
spline_mixed,80PER_3_6C,171,0.9880309120455698
spline_mixed,80PER_3_6C,172,0.9879320212488439
spline_mixed,80PER_3_6C,173,0.9878325373079044
spline_mixed,80PER_3_6C,174,0.9877324519111986
spline_mixed,80PER_3_6C,175,0.9876317567471737
spline_mixed,80PER_3_6C,176,0.9875304435042771
spline_mixed,80PER_3_6C,177,0.9874285038709562
spline_mixed,80PER_3_6C,178,0.9873259295356579
spline_mixed,80PER_3_6C,179,0.98722271218683
spline_mixed,80PER_3_6C,180,0.9871188435129195
spline_mixed,80PER_3_6C,181,0.9870143152023737
spline_mixed,80PER_3_6C,182,0.9869091189436401
spline_mixed,80PER_3_6C,183,0.9868032464251658
spline_mixed,80PER_3_6C,184,0.9866966893353981
spline_mixed,80PER_3_6C,185,0.9865894393627844
spline_mixed,80PER_3_6C,186,0.9864814881957721
spline_mixed,80PER_3_6C,187,0.9863728275228082
spline_mixed,80PER_3_6C,188,0.9862634490323402
spline_mixed,80PER_3_6C,189,0.9861533444128154
spline_mixed,80PER_3_6C,190,0.9860425053526809
spline_mixed,80PER_3_6C,191,0.9859309235403844
spline_mixed,80PER_3_6C,192,0.9858185906643727
spline_mixed,80PER_3_6C,193,0.9857054984130935
spline_mixed,80PER_3_6C,194,0.9855916384749939
spline_mixed,80PER_3_6C,195,0.9854770025385212
spline_mixed,80PER_3_6C,196,0.9853615822921228
spline_mixed,80PER_3_6C,197,0.985245369424246
spline_mixed,80PER_3_6C,198,0.9851283556233381
spline_mixed,80PER_3_6C,199,0.9850105325778463
spline_mixed,80PER_3_6C,200,0.9848918919762178
spline_mixed,4_8C_80PER_4_8C,1,0.9969441508274111
spline_mixed,4_8C_80PER_4_8C,2,0.9970864388960317
spline_mixed,4_8C_80PER_4_8C,3,0.9972241130137902
spline_mixed,4_8C_80PER_4_8C,4,0.9973572235981132
spline_mixed,4_8C_80PER_4_8C,5,0.9974858210664269
spline_mixed,4_8C_80PER_4_8C,6,0.9976099558361579
spline_mixed,4_8C_80PER_4_8C,7,0.9977296783247326
spline_mixed,4_8C_80PER_4_8C,8,0.9978450389495773
spline_mixed,4_8C_80PER_4_8C,9,0.9979560881281188
spline_mixed,4_8C_80PER_4_8C,10,0.9980628762777833
spline_mixed,4_8C_80PER_4_8C,11,0.9981654538159973
spline_mixed,4_8C_80PER_4_8C,12,0.9982638711601873
spline_mixed,4_8C_80PER_4_8C,13,0.9983581787277797
spline_mixed,4_8C_80PER_4_8C,14,0.998448426936201
spline_mixed,4_8C_80PER_4_8C,15,0.9985346662028776
spline_mixed,4_8C_80PER_4_8C,16,0.998616946945236
spline_mixed,4_8C_80PER_4_8C,17,0.9986953195807026
spline_mixed,4_8C_80PER_4_8C,18,0.9987698345267039
spline_mixed,4_8C_80PER_4_8C,19,0.9988405422006663
spline_mixed,4_8C_80PER_4_8C,20,0.9989074930200164
spline_mixed,4_8C_80PER_4_8C,21,0.9989707374021806
spline_mixed,4_8C_80PER_4_8C,22,0.9990303257645851
spline_mixed,4_8C_80PER_4_8C,23,0.9990863085246566
spline_mixed,4_8C_80PER_4_8C,24,0.9991387360998216
spline_mixed,4_8C_80PER_4_8C,25,0.9991876589075065
spline_mixed,4_8C_80PER_4_8C,26,0.9992331273651377
spline_mixed,4_8C_80PER_4_8C,27,0.9992751918901416
spline_mixed,4_8C_80PER_4_8C,28,0.9993139028999447
spline_mixed,4_8C_80PER_4_8C,29,0.9993493108119736
spline_mixed,4_8C_80PER_4_8C,30,0.9993814660436545
spline_mixed,4_8C_80PER_4_8C,31,0.999410419012414
spline_mixed,4_8C_80PER_4_8C,32,0.9994362201356787
spline_mixed,4_8C_80PER_4_8C,33,0.9994589198308748
spline_mixed,4_8C_80PER_4_8C,34,0.9994785685154288
spline_mixed,4_8C_80PER_4_8C,35,0.9994952166067672
spline_mixed,4_8C_80PER_4_8C,36,0.9995089145223165
spline_mixed,4_8C_80PER_4_8C,37,0.9995197126795031
spline_mixed,4_8C_80PER_4_8C,38,0.9995276614957535
spline_mixed,4_8C_80PER_4_8C,39,0.9995328113884939
spline_mixed,4_8C_80PER_4_8C,40,0.9995352127751512
spline_mixed,4_8C_80PER_4_8C,41,0.9995349160731516
spline_mixed,4_8C_80PER_4_8C,42,0.9995319716999215
spline_mixed,4_8C_80PER_4_8C,43,0.9995264300728874
spline_mixed,4_8C_80PER_4_8C,44,0.999518341609476
spline_mixed,4_8C_80PER_4_8C,45,0.9995077567271133
spline_mixed,4_8C_80PER_4_8C,46,0.999494725843226
spline_mixed,4_8C_80PER_4_8C,47,0.9994792993752406
spline_mixed,4_8C_80PER_4_8C,48,0.9994615277405835
spline_mixed,4_8C_80PER_4_8C,49,0.9994414613566811
spline_mixed,4_8C_80PER_4_8C,50,0.9994191506409599
spline_mixed,4_8C_80PER_4_8C,51,0.9993946435488463
spline_mixed,4_8C_80PER_4_8C,52,0.9993679781877657
spline_mixed,4_8C_80PER_4_8C,53,0.9993391902031437
spline_mixed,4_8C_80PER_4_8C,54,0.9993083152404056
spline_mixed,4_8C_80PER_4_8C,55,0.9992753889449769
spline_mixed,4_8C_80PER_4_8C,56,0.9992404469622829
spline_mixed,4_8C_80PER_4_8C,57,0.9992035249377493
spline_mixed,4_8C_80PER_4_8C,58,0.9991646585168014
spline_mixed,4_8C_80PER_4_8C,59,0.9991238833448646
spline_mixed,4_8C_80PER_4_8C,60,0.9990812350673642
spline_mixed,4_8C_80PER_4_8C,61,0.9990367493297261
spline_mixed,4_8C_80PER_4_8C,62,0.9989904617773753
spline_mixed,4_8C_80PER_4_8C,63,0.9989424080557372
spline_mixed,4_8C_80PER_4_8C,64,0.9988926238102375
spline_mixed,4_8C_80PER_4_8C,65,0.9988411446863015
spline_mixed,4_8C_80PER_4_8C,66,0.9987880063293547
spline_mixed,4_8C_80PER_4_8C,67,0.9987332443848225
spline_mixed,4_8C_80PER_4_8C,68,0.9986768944981302
spline_mixed,4_8C_80PER_4_8C,69,0.9986189923147035
spline_mixed,4_8C_80PER_4_8C,70,0.9985595734799678
spline_mixed,4_8C_80PER_4_8C,71,0.9984986736393482
spline_mixed,4_8C_80PER_4_8C,72,0.9984363284382706
spline_mixed,4_8C_80PER_4_8C,73,0.9983725735221599
spline_mixed,4_8C_80PER_4_8C,74,0.9983074445364419
spline_mixed,4_8C_80PER_4_8C,75,0.9982409771265423
spline_mixed,4_8C_80PER_4_8C,76,0.9981732069378858
spline_mixed,4_8C_80PER_4_8C,77,0.9981041696158984
spline_mixed,4_8C_80PER_4_8C,78,0.9980339008060054
spline_mixed,4_8C_80PER_4_8C,79,0.997962436153632
spline_mixed,4_8C_80PER_4_8C,80,0.9978898113042041
spline_mixed,4_8C_80PER_4_8C,81,0.9978160619031466
spline_mixed,4_8C_80PER_4_8C,82,0.9977412235958854
spline_mixed,4_8C_80PER_4_8C,83,0.9976653320278457
spline_mixed,4_8C_80PER_4_8C,84,0.9975884228444528
spline_mixed,4_8C_80PER_4_8C,85,0.9975105316911325
spline_mixed,4_8C_80PER_4_8C,86,0.99743169421331
spline_mixed,4_8C_80PER_4_8C,87,0.9973519460564106
spline_mixed,4_8C_80PER_4_8C,88,0.9972713228658601
spline_mixed,4_8C_80PER_4_8C,89,0.9971898602870837
spline_mixed,4_8C_80PER_4_8C,90,0.9971075939655066
spline_mixed,4_8C_80PER_4_8C,91,0.9970245595465548
spline_mixed,4_8C_80PER_4_8C,92,0.9969407926756535
spline_mixed,4_8C_80PER_4_8C,93,0.996856328998228
spline_mixed,4_8C_80PER_4_8C,94,0.9967712041597037
spline_mixed,4_8C_80PER_4_8C,95,0.9966854538055061
spline_mixed,4_8C_80PER_4_8C,96,0.9965991135810606
spline_mixed,4_8C_80PER_4_8C,97,0.9965122191317929
spline_mixed,4_8C_80PER_4_8C,98,0.9964248061031282
spline_mixed,4_8C_80PER_4_8C,99,0.9963369101404919
spline_mixed,4_8C_80PER_4_8C,100,0.9962485668893095
spline_mixed,4_8C_80PER_4_8C,101,0.9961598046432653
spline_mixed,4_8C_80PER_4_8C,102,0.9960706222890782
spline_mixed,4_8C_80PER_4_8C,103,0.9959810113617263
spline_mixed,4_8C_80PER_4_8C,104,0.9958909633961875
spline_mixed,4_8C_80PER_4_8C,105,0.9958004699274395
spline_mixed,4_8C_80PER_4_8C,106,0.9957095224904604
spline_mixed,4_8C_80PER_4_8C,107,0.9956181126202279
spline_mixed,4_8C_80PER_4_8C,108,0.9955262318517202
spline_mixed,4_8C_80PER_4_8C,109,0.9954338717199147
spline_mixed,4_8C_80PER_4_8C,110,0.9953410237597898
spline_mixed,4_8C_80PER_4_8C,111,0.9952476795063234
spline_mixed,4_8C_80PER_4_8C,112,0.9951538304944929
spline_mixed,4_8C_80PER_4_8C,113,0.9950594682592767
spline_mixed,4_8C_80PER_4_8C,114,0.9949645843356524
spline_mixed,4_8C_80PER_4_8C,115,0.994869170258598
spline_mixed,4_8C_80PER_4_8C,116,0.9947732175630913
spline_mixed,4_8C_80PER_4_8C,117,0.9946767177841105
spline_mixed,4_8C_80PER_4_8C,118,0.9945796624566331
spline_mixed,4_8C_80PER_4_8C,119,0.9944820431156371
spline_mixed,4_8C_80PER_4_8C,120,0.9943838512961006
spline_mixed,4_8C_80PER_4_8C,121,0.9942850785330015
spline_mixed,4_8C_80PER_4_8C,122,0.9941857163613175
spline_mixed,4_8C_80PER_4_8C,123,0.9940857563160264
spline_mixed,4_8C_80PER_4_8C,124,0.9939851899321063
spline_mixed,4_8C_80PER_4_8C,125,0.9938840087445352
spline_mixed,4_8C_80PER_4_8C,126,0.9937822042882907
spline_mixed,4_8C_80PER_4_8C,127,0.993679768098351
spline_mixed,4_8C_80PER_4_8C,128,0.9935766917096938
spline_mixed,4_8C_80PER_4_8C,129,0.9934729666572969
spline_mixed,4_8C_80PER_4_8C,130,0.9933685844761384
spline_mixed,4_8C_80PER_4_8C,131,0.9932635367011963
spline_mixed,4_8C_80PER_4_8C,132,0.9931578148674481
spline_mixed,4_8C_80PER_4_8C,133,0.9930514105098722
spline_mixed,4_8C_80PER_4_8C,134,0.9929443151634458
spline_mixed,4_8C_80PER_4_8C,135,0.9928365203631476
spline_mixed,4_8C_80PER_4_8C,136,0.992728017643955
spline_mixed,4_8C_80PER_4_8C,137,0.992618798540846
spline_mixed,4_8C_80PER_4_8C,138,0.9925088545887987
spline_mixed,4_8C_80PER_4_8C,139,0.9923981773227905
spline_mixed,4_8C_80PER_4_8C,140,0.9922867582777999
spline_mixed,4_8C_80PER_4_8C,141,0.9921745889888042
spline_mixed,4_8C_80PER_4_8C,142,0.9920616609907817
spline_mixed,4_8C_80PER_4_8C,143,0.9919479658187104
spline_mixed,4_8C_80PER_4_8C,144,0.9918334950075678
spline_mixed,4_8C_80PER_4_8C,145,0.991718240092332
spline_mixed,4_8C_80PER_4_8C,146,0.991602192607981
spline_mixed,4_8C_80PER_4_8C,147,0.9914853440894924
spline_mixed,4_8C_80PER_4_8C,148,0.9913676860718443
spline_mixed,4_8C_80PER_4_8C,149,0.9912492100900148
spline_mixed,4_8C_80PER_4_8C,150,0.9911299076789813
spline_mixed,4_8C_80PER_4_8C,151,0.9910097708276228
spline_mixed,4_8C_80PER_4_8C,152,0.9908887933404191
spline_mixed,4_8C_80PER_4_8C,153,0.9907669694757516
spline_mixed,4_8C_80PER_4_8C,154,0.9906442934920011
spline_mixed,4_8C_80PER_4_8C,155,0.9905207596475487
spline_mixed,4_8C_80PER_4_8C,156,0.9903963622007751
spline_mixed,4_8C_80PER_4_8C,157,0.9902710954100613
spline_mixed,4_8C_80PER_4_8C,158,0.9901449535337885
spline_mixed,4_8C_80PER_4_8C,159,0.9900179308303374
spline_mixed,4_8C_80PER_4_8C,160,0.9898900215580889
spline_mixed,4_8C_80PER_4_8C,161,0.9897612199754242
spline_mixed,4_8C_80PER_4_8C,162,0.9896315203407242
spline_mixed,4_8C_80PER_4_8C,163,0.9895009169123697
spline_mixed,4_8C_80PER_4_8C,164,0.9893694039487418
spline_mixed,4_8C_80PER_4_8C,165,0.9892369757082212
spline_mixed,4_8C_80PER_4_8C,166,0.9891036264491893
spline_mixed,4_8C_80PER_4_8C,167,0.9889693504300267
spline_mixed,4_8C_80PER_4_8C,168,0.9888341419091143
spline_mixed,4_8C_80PER_4_8C,169,0.9886979951448333
spline_mixed,4_8C_80PER_4_8C,170,0.9885609043955644
spline_mixed,4_8C_80PER_4_8C,171,0.9884228639196887
spline_mixed,4_8C_80PER_4_8C,172,0.9882838679755874
spline_mixed,4_8C_80PER_4_8C,173,0.988143910821641
spline_mixed,4_8C_80PER_4_8C,174,0.9880029867162307
spline_mixed,4_8C_80PER_4_8C,175,0.9878610899177374
spline_mixed,4_8C_80PER_4_8C,176,0.9877182146845419
spline_mixed,4_8C_80PER_4_8C,177,0.9875743552750255
spline_mixed,4_8C_80PER_4_8C,178,0.9874295059475688
spline_mixed,4_8C_80PER_4_8C,179,0.987283660960553
spline_mixed,4_8C_80PER_4_8C,180,0.9871368145723588
spline_mixed,4_8C_80PER_4_8C,181,0.9869889610413675
spline_mixed,4_8C_80PER_4_8C,182,0.9868400946259597
spline_mixed,4_8C_80PER_4_8C,183,0.9866902095845165
spline_mixed,4_8C_80PER_4_8C,184,0.9865393001754188
spline_mixed,4_8C_80PER_4_8C,185,0.9863873606570478
spline_mixed,4_8C_80PER_4_8C,186,0.9862343852877841
spline_mixed,4_8C_80PER_4_8C,187,0.9860803683260089
spline_mixed,4_8C_80PER_4_8C,188,0.9859253040301029
spline_mixed,4_8C_80PER_4_8C,189,0.9857691866584474
spline_mixed,4_8C_80PER_4_8C,190,0.9856120104694231
spline_mixed,4_8C_80PER_4_8C,191,0.985453769721411
spline_mixed,4_8C_80PER_4_8C,192,0.9852944586727921
spline_mixed,4_8C_80PER_4_8C,193,0.9851340715819472
spline_mixed,4_8C_80PER_4_8C,194,0.9849726027072574
spline_mixed,4_8C_80PER_4_8C,195,0.9848100463071036
spline_mixed,4_8C_80PER_4_8C,196,0.9846463966398669
spline_mixed,4_8C_80PER_4_8C,197,0.9844816479639279
spline_mixed,4_8C_80PER_4_8C,198,0.9843157945376679
spline_mixed,4_8C_80PER_4_8C,199,0.9841488306194678
spline_mixed,4_8C_80PER_4_8C,200,0.9839807504677083
spline_mixed,5C_67PER_4C_NEWSTRUCTURE,1,0.9980257586824551
spline_mixed,5C_67PER_4C_NEWSTRUCTURE,2,0.9981282436432526
spline_mixed,5C_67PER_4C_NEWSTRUCTURE,3,0.9982270856644541
spline_mixed,5C_67PER_4C_NEWSTRUCTURE,4,0.9983223407758262
spline_mixed,5C_67PER_4C_NEWSTRUCTURE,5,0.998414065007136
spline_mixed,5C_67PER_4C_NEWSTRUCTURE,6,0.9985023143881504
spline_mixed,5C_67PER_4C_NEWSTRUCTURE,7,0.9985871449486361
spline_mixed,5C_67PER_4C_NEWSTRUCTURE,8,0.9986686127183602
spline_mixed,5C_67PER_4C_NEWSTRUCTURE,9,0.9987467737270895
spline_mixed,5C_67PER_4C_NEWSTRUCTURE,10,0.998821684004591
spline_mixed,5C_67PER_4C_NEWSTRUCTURE,11,0.9988933995806314
spline_mixed,5C_67PER_4C_NEWSTRUCTURE,12,0.9989619764849779
spline_mixed,5C_67PER_4C_NEWSTRUCTURE,13,0.9990274707473971
spline_mixed,5C_67PER_4C_NEWSTRUCTURE,14,0.9990899383976559
spline_mixed,5C_67PER_4C_NEWSTRUCTURE,15,0.9991494354655215
spline_mixed,5C_67PER_4C_NEWSTRUCTURE,16,0.9992060179807605
spline_mixed,5C_67PER_4C_NEWSTRUCTURE,17,0.9992597419731399
spline_mixed,5C_67PER_4C_NEWSTRUCTURE,18,0.9993106634724266
spline_mixed,5C_67PER_4C_NEWSTRUCTURE,19,0.9993588385083876
spline_mixed,5C_67PER_4C_NEWSTRUCTURE,20,0.9994043231107895
spline_mixed,5C_67PER_4C_NEWSTRUCTURE,21,0.9994471733093995
spline_mixed,5C_67PER_4C_NEWSTRUCTURE,22,0.9994874451339844
spline_mixed,5C_67PER_4C_NEWSTRUCTURE,23,0.999525194614311
spline_mixed,5C_67PER_4C_NEWSTRUCTURE,24,0.9995604777801463
spline_mixed,5C_67PER_4C_NEWSTRUCTURE,25,0.9995933506612573
spline_mixed,5C_67PER_4C_NEWSTRUCTURE,26,0.9996238692874106
spline_mixed,5C_67PER_4C_NEWSTRUCTURE,27,0.9996520896883734
spline_mixed,5C_67PER_4C_NEWSTRUCTURE,28,0.9996780678939124
spline_mixed,5C_67PER_4C_NEWSTRUCTURE,29,0.9997018599337946
spline_mixed,5C_67PER_4C_NEWSTRUCTURE,30,0.999723521837787
spline_mixed,5C_67PER_4C_NEWSTRUCTURE,31,0.9997431096356562
spline_mixed,5C_67PER_4C_NEWSTRUCTURE,32,0.9997606793571693
spline_mixed,5C_67PER_4C_NEWSTRUCTURE,33,0.999776287032093
spline_mixed,5C_67PER_4C_NEWSTRUCTURE,34,0.9997899886901944
spline_mixed,5C_67PER_4C_NEWSTRUCTURE,35,0.9998018403612404
spline_mixed,5C_67PER_4C_NEWSTRUCTURE,36,0.9998118980749979
spline_mixed,5C_67PER_4C_NEWSTRUCTURE,37,0.9998202178612338
spline_mixed,5C_67PER_4C_NEWSTRUCTURE,38,0.9998268557497147
spline_mixed,5C_67PER_4C_NEWSTRUCTURE,39,0.9998318677702079
spline_mixed,5C_67PER_4C_NEWSTRUCTURE,40,0.9998353099524802
spline_mixed,5C_67PER_4C_NEWSTRUCTURE,41,0.9998372383262983
spline_mixed,5C_67PER_4C_NEWSTRUCTURE,42,0.9998377089214292
spline_mixed,5C_67PER_4C_NEWSTRUCTURE,43,0.99983677776764
spline_mixed,5C_67PER_4C_NEWSTRUCTURE,44,0.9998345008946972
spline_mixed,5C_67PER_4C_NEWSTRUCTURE,45,0.999830934332368
spline_mixed,5C_67PER_4C_NEWSTRUCTURE,46,0.9998261341104193
spline_mixed,5C_67PER_4C_NEWSTRUCTURE,47,0.9998201562586179
spline_mixed,5C_67PER_4C_NEWSTRUCTURE,48,0.9998130568067305
spline_mixed,5C_67PER_4C_NEWSTRUCTURE,49,0.9998048917845244
spline_mixed,5C_67PER_4C_NEWSTRUCTURE,50,0.9997957172217662
spline_mixed,5C_67PER_4C_NEWSTRUCTURE,51,0.9997855836869602
spline_mixed,5C_67PER_4C_NEWSTRUCTURE,52,0.9997745199035605
spline_mixed,5C_67PER_4C_NEWSTRUCTURE,53,0.999762549133758
spline_mixed,5C_67PER_4C_NEWSTRUCTURE,54,0.9997496946397437
spline_mixed,5C_67PER_4C_NEWSTRUCTURE,55,0.9997359796837092
spline_mixed,5C_67PER_4C_NEWSTRUCTURE,56,0.9997214275278454
spline_mixed,5C_67PER_4C_NEWSTRUCTURE,57,0.9997060614343435
spline_mixed,5C_67PER_4C_NEWSTRUCTURE,58,0.9996899046653949
spline_mixed,5C_67PER_4C_NEWSTRUCTURE,59,0.9996729804831903
spline_mixed,5C_67PER_4C_NEWSTRUCTURE,60,0.9996553121499213
spline_mixed,5C_67PER_4C_NEWSTRUCTURE,61,0.9996369229277791
spline_mixed,5C_67PER_4C_NEWSTRUCTURE,62,0.9996178360789545
spline_mixed,5C_67PER_4C_NEWSTRUCTURE,63,0.9995980748656389
spline_mixed,5C_67PER_4C_NEWSTRUCTURE,64,0.9995776625500234
spline_mixed,5C_67PER_4C_NEWSTRUCTURE,65,0.9995566223942993
spline_mixed,5C_67PER_4C_NEWSTRUCTURE,66,0.9995349776606578
spline_mixed,5C_67PER_4C_NEWSTRUCTURE,67,0.9995127516112898
spline_mixed,5C_67PER_4C_NEWSTRUCTURE,68,0.9994899675083868
spline_mixed,5C_67PER_4C_NEWSTRUCTURE,69,0.9994666486141397
spline_mixed,5C_67PER_4C_NEWSTRUCTURE,70,0.9994428181907399
spline_mixed,5C_67PER_4C_NEWSTRUCTURE,71,0.9994184995003784
spline_mixed,5C_67PER_4C_NEWSTRUCTURE,72,0.9993937158052464
spline_mixed,5C_67PER_4C_NEWSTRUCTURE,73,0.9993684903675353
spline_mixed,5C_67PER_4C_NEWSTRUCTURE,74,0.9993428464494358
spline_mixed,5C_67PER_4C_NEWSTRUCTURE,75,0.9993168073131397
spline_mixed,5C_67PER_4C_NEWSTRUCTURE,76,0.9992903962208375
spline_mixed,5C_67PER_4C_NEWSTRUCTURE,77,0.9992636364347209
spline_mixed,5C_67PER_4C_NEWSTRUCTURE,78,0.9992365512169809
spline_mixed,5C_67PER_4C_NEWSTRUCTURE,79,0.9992091638298085
spline_mixed,5C_67PER_4C_NEWSTRUCTURE,80,0.9991814975353952
spline_mixed,5C_67PER_4C_NEWSTRUCTURE,81,0.9991535755959319
spline_mixed,5C_67PER_4C_NEWSTRUCTURE,82,0.9991254212736099
spline_mixed,5C_67PER_4C_NEWSTRUCTURE,83,0.9990970578306204
spline_mixed,5C_67PER_4C_NEWSTRUCTURE,84,0.9990685085291545
spline_mixed,5C_67PER_4C_NEWSTRUCTURE,85,0.9990397966314035
spline_mixed,5C_67PER_4C_NEWSTRUCTURE,86,0.9990109453995583
spline_mixed,5C_67PER_4C_NEWSTRUCTURE,87,0.9989819780958102
spline_mixed,5C_67PER_4C_NEWSTRUCTURE,88,0.9989529179823505
spline_mixed,5C_67PER_4C_NEWSTRUCTURE,89,0.9989237883213704
spline_mixed,5C_67PER_4C_NEWSTRUCTURE,90,0.9988946123750609
spline_mixed,5C_67PER_4C_NEWSTRUCTURE,91,0.9988654134056132
spline_mixed,5C_67PER_4C_NEWSTRUCTURE,92,0.9988362146752185
spline_mixed,5C_67PER_4C_NEWSTRUCTURE,93,0.9988070394460681
spline_mixed,5C_67PER_4C_NEWSTRUCTURE,94,0.998777910980353
spline_mixed,5C_67PER_4C_NEWSTRUCTURE,95,0.9987488525402644
spline_mixed,5C_67PER_4C_NEWSTRUCTURE,96,0.9987198873879936
spline_mixed,5C_67PER_4C_NEWSTRUCTURE,97,0.9986910387857315
spline_mixed,5C_67PER_4C_NEWSTRUCTURE,98,0.9986623299956695
spline_mixed,5C_67PER_4C_NEWSTRUCTURE,99,0.9986337842799988
spline_mixed,5C_67PER_4C_NEWSTRUCTURE,100,0.9986054249009105
spline_mixed,5C_67PER_4C_NEWSTRUCTURE,101,0.9985772696628974
spline_mixed,5C_67PER_4C_NEWSTRUCTURE,102,0.9985493145396579
spline_mixed,5C_67PER_4C_NEWSTRUCTURE,103,0.9985215500471929
spline_mixed,5C_67PER_4C_NEWSTRUCTURE,104,0.9984939667015026
spline_mixed,5C_67PER_4C_NEWSTRUCTURE,105,0.9984665550185872
spline_mixed,5C_67PER_4C_NEWSTRUCTURE,106,0.9984393055144469
spline_mixed,5C_67PER_4C_NEWSTRUCTURE,107,0.9984122087050824
spline_mixed,5C_67PER_4C_NEWSTRUCTURE,108,0.9983852551064939
spline_mixed,5C_67PER_4C_NEWSTRUCTURE,109,0.9983584352346816
spline_mixed,5C_67PER_4C_NEWSTRUCTURE,110,0.9983317396056461
spline_mixed,5C_67PER_4C_NEWSTRUCTURE,111,0.9983051587353875
spline_mixed,5C_67PER_4C_NEWSTRUCTURE,112,0.9982786831399065
spline_mixed,5C_67PER_4C_NEWSTRUCTURE,113,0.9982523033352031
spline_mixed,5C_67PER_4C_NEWSTRUCTURE,114,0.9982260098372776
spline_mixed,5C_67PER_4C_NEWSTRUCTURE,115,0.9981997931621307
spline_mixed,5C_67PER_4C_NEWSTRUCTURE,116,0.9981736438257625
spline_mixed,5C_67PER_4C_NEWSTRUCTURE,117,0.9981475523441733
spline_mixed,5C_67PER_4C_NEWSTRUCTURE,118,0.9981215092333636
spline_mixed,5C_67PER_4C_NEWSTRUCTURE,119,0.9980955050093336
spline_mixed,5C_67PER_4C_NEWSTRUCTURE,120,0.9980695301880839
spline_mixed,5C_67PER_4C_NEWSTRUCTURE,121,0.9980435752856145
spline_mixed,5C_67PER_4C_NEWSTRUCTURE,122,0.9980176308179259
spline_mixed,5C_67PER_4C_NEWSTRUCTURE,123,0.9979916873010187
spline_mixed,5C_67PER_4C_NEWSTRUCTURE,124,0.9979657352508927
spline_mixed,5C_67PER_4C_NEWSTRUCTURE,125,0.9979397651835489
spline_mixed,5C_67PER_4C_NEWSTRUCTURE,126,0.9979137676149868
spline_mixed,5C_67PER_4C_NEWSTRUCTURE,127,0.9978877330612076
spline_mixed,5C_67PER_4C_NEWSTRUCTURE,128,0.9978616520382112
spline_mixed,5C_67PER_4C_NEWSTRUCTURE,129,0.9978355150619981
spline_mixed,5C_67PER_4C_NEWSTRUCTURE,130,0.9978093126485685
spline_mixed,5C_67PER_4C_NEWSTRUCTURE,131,0.9977830353139227
spline_mixed,5C_67PER_4C_NEWSTRUCTURE,132,0.9977566735740612
spline_mixed,5C_67PER_4C_NEWSTRUCTURE,133,0.9977302179449843
spline_mixed,5C_67PER_4C_NEWSTRUCTURE,134,0.9977036589426925
spline_mixed,5C_67PER_4C_NEWSTRUCTURE,135,0.9976769870831859
spline_mixed,5C_67PER_4C_NEWSTRUCTURE,136,0.9976501928824648
spline_mixed,5C_67PER_4C_NEWSTRUCTURE,137,0.9976232668565299
spline_mixed,5C_67PER_4C_NEWSTRUCTURE,138,0.9975961995213812
spline_mixed,5C_67PER_4C_NEWSTRUCTURE,139,0.9975689813930194
spline_mixed,5C_67PER_4C_NEWSTRUCTURE,140,0.9975416029874443
spline_mixed,5C_67PER_4C_NEWSTRUCTURE,141,0.9975140548206567
spline_mixed,5C_67PER_4C_NEWSTRUCTURE,142,0.9974863274086567
spline_mixed,5C_67PER_4C_NEWSTRUCTURE,143,0.9974584112674449
spline_mixed,5C_67PER_4C_NEWSTRUCTURE,144,0.9974302969130214
spline_mixed,5C_67PER_4C_NEWSTRUCTURE,145,0.9974019748613866
spline_mixed,5C_67PER_4C_NEWSTRUCTURE,146,0.9973734356285411
spline_mixed,5C_67PER_4C_NEWSTRUCTURE,147,0.9973446697304849
spline_mixed,5C_67PER_4C_NEWSTRUCTURE,148,0.9973156676832184
spline_mixed,5C_67PER_4C_NEWSTRUCTURE,149,0.9972864200027421
spline_mixed,5C_67PER_4C_NEWSTRUCTURE,150,0.9972569172050562
spline_mixed,5C_67PER_4C_NEWSTRUCTURE,151,0.9972271513865798
spline_mixed,5C_67PER_4C_NEWSTRUCTURE,152,0.9971971209654066
spline_mixed,5C_67PER_4C_NEWSTRUCTURE,153,0.9971668259400489
spline_mixed,5C_67PER_4C_NEWSTRUCTURE,154,0.9971362663090191
spline_mixed,5C_67PER_4C_NEWSTRUCTURE,155,0.9971054420708295
spline_mixed,5C_67PER_4C_NEWSTRUCTURE,156,0.9970743532239926
spline_mixed,5C_67PER_4C_NEWSTRUCTURE,157,0.9970429997670205
spline_mixed,5C_67PER_4C_NEWSTRUCTURE,158,0.9970113816984258
spline_mixed,5C_67PER_4C_NEWSTRUCTURE,159,0.9969794990167206
spline_mixed,5C_67PER_4C_NEWSTRUCTURE,160,0.9969473517204175
spline_mixed,5C_67PER_4C_NEWSTRUCTURE,161,0.9969149398080287
spline_mixed,5C_67PER_4C_NEWSTRUCTURE,162,0.996882263278067
spline_mixed,5C_67PER_4C_NEWSTRUCTURE,163,0.9968493221290441
spline_mixed,5C_67PER_4C_NEWSTRUCTURE,164,0.9968161163594726
spline_mixed,5C_67PER_4C_NEWSTRUCTURE,165,0.996782645967865
spline_mixed,5C_67PER_4C_NEWSTRUCTURE,166,0.9967489109527335
spline_mixed,5C_67PER_4C_NEWSTRUCTURE,167,0.9967149113125906
spline_mixed,5C_67PER_4C_NEWSTRUCTURE,168,0.9966806470459485
spline_mixed,5C_67PER_4C_NEWSTRUCTURE,169,0.9966461181513198
spline_mixed,5C_67PER_4C_NEWSTRUCTURE,170,0.9966113246272165
spline_mixed,5C_67PER_4C_NEWSTRUCTURE,171,0.9965762664721511
spline_mixed,5C_67PER_4C_NEWSTRUCTURE,172,0.9965409436846362
spline_mixed,5C_67PER_4C_NEWSTRUCTURE,173,0.9965053562631838
spline_mixed,5C_67PER_4C_NEWSTRUCTURE,174,0.9964695042063064
spline_mixed,5C_67PER_4C_NEWSTRUCTURE,175,0.9964333875125166
spline_mixed,5C_67PER_4C_NEWSTRUCTURE,176,0.9963970061803263
spline_mixed,5C_67PER_4C_NEWSTRUCTURE,177,0.9963603602082481
spline_mixed,5C_67PER_4C_NEWSTRUCTURE,178,0.9963234495947944
spline_mixed,5C_67PER_4C_NEWSTRUCTURE,179,0.9962862743384776
spline_mixed,5C_67PER_4C_NEWSTRUCTURE,180,0.9962488344378099
spline_mixed,5C_67PER_4C_NEWSTRUCTURE,181,0.9962111298913036
spline_mixed,5C_67PER_4C_NEWSTRUCTURE,182,0.9961731606974712
spline_mixed,5C_67PER_4C_NEWSTRUCTURE,183,0.9961349268548251
spline_mixed,5C_67PER_4C_NEWSTRUCTURE,184,0.9960964283618775
spline_mixed,5C_67PER_4C_NEWSTRUCTURE,185,0.9960576652171409
spline_mixed,5C_67PER_4C_NEWSTRUCTURE,186,0.9960186374191277
spline_mixed,5C_67PER_4C_NEWSTRUCTURE,187,0.9959793449663499
spline_mixed,5C_67PER_4C_NEWSTRUCTURE,188,0.9959397878573203
spline_mixed,5C_67PER_4C_NEWSTRUCTURE,189,0.995899966090551
spline_mixed,5C_67PER_4C_NEWSTRUCTURE,190,0.9958598796645545
spline_mixed,5C_67PER_4C_NEWSTRUCTURE,191,0.995819528577843
spline_mixed,5C_67PER_4C_NEWSTRUCTURE,192,0.9957789128289289
spline_mixed,5C_67PER_4C_NEWSTRUCTURE,193,0.9957380324163246
spline_mixed,5C_67PER_4C_NEWSTRUCTURE,194,0.9956968873385427
spline_mixed,5C_67PER_4C_NEWSTRUCTURE,195,0.9956554775940949
spline_mixed,5C_67PER_4C_NEWSTRUCTURE,196,0.9956138031814943
spline_mixed,5C_67PER_4C_NEWSTRUCTURE,197,0.9955718640992528
spline_mixed,5C_67PER_4C_NEWSTRUCTURE,198,0.9955296603458829
spline_mixed,5C_67PER_4C_NEWSTRUCTURE,199,0.995487191919897
spline_mixed,5C_67PER_4C_NEWSTRUCTURE,200,0.9954444588198074
spline_mixed,5_3C_54PER_4C_NEWSTRUCTURE,1,0.9978702500694854
spline_mixed,5_3C_54PER_4C_NEWSTRUCTURE,2,0.9979735996292128
spline_mixed,5_3C_54PER_4C_NEWSTRUCTURE,3,0.9980731713445529
spline_mixed,5_3C_54PER_4C_NEWSTRUCTURE,4,0.9981690248485292
spline_mixed,5_3C_54PER_4C_NEWSTRUCTURE,5,0.998261219774165
spline_mixed,5_3C_54PER_4C_NEWSTRUCTURE,6,0.9983498157544839
spline_mixed,5_3C_54PER_4C_NEWSTRUCTURE,7,0.9984348724225093
spline_mixed,5_3C_54PER_4C_NEWSTRUCTURE,8,0.9985164494112644
spline_mixed,5_3C_54PER_4C_NEWSTRUCTURE,9,0.9985946063537728
spline_mixed,5_3C_54PER_4C_NEWSTRUCTURE,10,0.9986694028830579
spline_mixed,5_3C_54PER_4C_NEWSTRUCTURE,11,0.9987408986321431
spline_mixed,5_3C_54PER_4C_NEWSTRUCTURE,12,0.9988091532340518
spline_mixed,5_3C_54PER_4C_NEWSTRUCTURE,13,0.9988742263218074
spline_mixed,5_3C_54PER_4C_NEWSTRUCTURE,14,0.9989361775284334
spline_mixed,5_3C_54PER_4C_NEWSTRUCTURE,15,0.9989950664869532
spline_mixed,5_3C_54PER_4C_NEWSTRUCTURE,16,0.9990509528303901
spline_mixed,5_3C_54PER_4C_NEWSTRUCTURE,17,0.9991038961917678
spline_mixed,5_3C_54PER_4C_NEWSTRUCTURE,18,0.9991539562041093
spline_mixed,5_3C_54PER_4C_NEWSTRUCTURE,19,0.9992011925004384
spline_mixed,5_3C_54PER_4C_NEWSTRUCTURE,20,0.9992456647137782
spline_mixed,5_3C_54PER_4C_NEWSTRUCTURE,21,0.9992874324771525
spline_mixed,5_3C_54PER_4C_NEWSTRUCTURE,22,0.9993265554235843
spline_mixed,5_3C_54PER_4C_NEWSTRUCTURE,23,0.9993630931860974
spline_mixed,5_3C_54PER_4C_NEWSTRUCTURE,24,0.9993971053977149
spline_mixed,5_3C_54PER_4C_NEWSTRUCTURE,25,0.9994286516914603
spline_mixed,5_3C_54PER_4C_NEWSTRUCTURE,26,0.9994577917003573
spline_mixed,5_3C_54PER_4C_NEWSTRUCTURE,27,0.9994845850574289
spline_mixed,5_3C_54PER_4C_NEWSTRUCTURE,28,0.9995090913956988
spline_mixed,5_3C_54PER_4C_NEWSTRUCTURE,29,0.9995313703481902
spline_mixed,5_3C_54PER_4C_NEWSTRUCTURE,30,0.9995514815479267
spline_mixed,5_3C_54PER_4C_NEWSTRUCTURE,31,0.9995694846279318
spline_mixed,5_3C_54PER_4C_NEWSTRUCTURE,32,0.9995854392212287
spline_mixed,5_3C_54PER_4C_NEWSTRUCTURE,33,0.9995994049608409
spline_mixed,5_3C_54PER_4C_NEWSTRUCTURE,34,0.9996114414797918
spline_mixed,5_3C_54PER_4C_NEWSTRUCTURE,35,0.9996216084111048
spline_mixed,5_3C_54PER_4C_NEWSTRUCTURE,36,0.9996299653878035
spline_mixed,5_3C_54PER_4C_NEWSTRUCTURE,37,0.999636572042911
spline_mixed,5_3C_54PER_4C_NEWSTRUCTURE,38,0.999641488009451
spline_mixed,5_3C_54PER_4C_NEWSTRUCTURE,39,0.9996447729204467
spline_mixed,5_3C_54PER_4C_NEWSTRUCTURE,40,0.9996464864089218
spline_mixed,5_3C_54PER_4C_NEWSTRUCTURE,41,0.9996466881078995
spline_mixed,5_3C_54PER_4C_NEWSTRUCTURE,42,0.9996454376504031
spline_mixed,5_3C_54PER_4C_NEWSTRUCTURE,43,0.9996427946694563
spline_mixed,5_3C_54PER_4C_NEWSTRUCTURE,44,0.9996388187980825
spline_mixed,5_3C_54PER_4C_NEWSTRUCTURE,45,0.9996335696693048
spline_mixed,5_3C_54PER_4C_NEWSTRUCTURE,46,0.999627106916147
spline_mixed,5_3C_54PER_4C_NEWSTRUCTURE,47,0.9996194901716323
spline_mixed,5_3C_54PER_4C_NEWSTRUCTURE,48,0.9996107790687843
spline_mixed,5_3C_54PER_4C_NEWSTRUCTURE,49,0.9996010332406262
spline_mixed,5_3C_54PER_4C_NEWSTRUCTURE,50,0.9995903123201815
spline_mixed,5_3C_54PER_4C_NEWSTRUCTURE,51,0.9995786697956712
spline_mixed,5_3C_54PER_4C_NEWSTRUCTURE,52,0.9995661345761072
spline_mixed,5_3C_54PER_4C_NEWSTRUCTURE,53,0.9995527294256987
spline_mixed,5_3C_54PER_4C_NEWSTRUCTURE,54,0.999538477108655
spline_mixed,5_3C_54PER_4C_NEWSTRUCTURE,55,0.9995234003891854
spline_mixed,5_3C_54PER_4C_NEWSTRUCTURE,56,0.9995075220314994
spline_mixed,5_3C_54PER_4C_NEWSTRUCTURE,57,0.9994908647998063
spline_mixed,5_3C_54PER_4C_NEWSTRUCTURE,58,0.9994734514583152
spline_mixed,5_3C_54PER_4C_NEWSTRUCTURE,59,0.9994553047712357
spline_mixed,5_3C_54PER_4C_NEWSTRUCTURE,60,0.999436447502777
spline_mixed,5_3C_54PER_4C_NEWSTRUCTURE,61,0.9994169024171488
spline_mixed,5_3C_54PER_4C_NEWSTRUCTURE,62,0.9993966922785599
spline_mixed,5_3C_54PER_4C_NEWSTRUCTURE,63,0.9993758398512198
spline_mixed,5_3C_54PER_4C_NEWSTRUCTURE,64,0.999354367899338
spline_mixed,5_3C_54PER_4C_NEWSTRUCTURE,65,0.9993322991871237
spline_mixed,5_3C_54PER_4C_NEWSTRUCTURE,66,0.9993096564787863
spline_mixed,5_3C_54PER_4C_NEWSTRUCTURE,67,0.9992864625385351
spline_mixed,5_3C_54PER_4C_NEWSTRUCTURE,68,0.9992627401305795
spline_mixed,5_3C_54PER_4C_NEWSTRUCTURE,69,0.9992385120191286
spline_mixed,5_3C_54PER_4C_NEWSTRUCTURE,70,0.9992138009683922
spline_mixed,5_3C_54PER_4C_NEWSTRUCTURE,71,0.9991886297425792
spline_mixed,5_3C_54PER_4C_NEWSTRUCTURE,72,0.999163021105899
spline_mixed,5_3C_54PER_4C_NEWSTRUCTURE,73,0.9991369978225612
spline_mixed,5_3C_54PER_4C_NEWSTRUCTURE,74,0.9991105826567749
spline_mixed,5_3C_54PER_4C_NEWSTRUCTURE,75,0.9990837983727494
spline_mixed,5_3C_54PER_4C_NEWSTRUCTURE,76,0.9990566677346944
spline_mixed,5_3C_54PER_4C_NEWSTRUCTURE,77,0.9990292135068187
spline_mixed,5_3C_54PER_4C_NEWSTRUCTURE,78,0.999001458453332
spline_mixed,5_3C_54PER_4C_NEWSTRUCTURE,79,0.9989734253384436
spline_mixed,5_3C_54PER_4C_NEWSTRUCTURE,80,0.9989451369263627
spline_mixed,5_3C_54PER_4C_NEWSTRUCTURE,81,0.9989166159812988
spline_mixed,5_3C_54PER_4C_NEWSTRUCTURE,82,0.9988878852674611
spline_mixed,5_3C_54PER_4C_NEWSTRUCTURE,83,0.9988589675490589
spline_mixed,5_3C_54PER_4C_NEWSTRUCTURE,84,0.9988298855903017
spline_mixed,5_3C_54PER_4C_NEWSTRUCTURE,85,0.9988006621553989
spline_mixed,5_3C_54PER_4C_NEWSTRUCTURE,86,0.9987713200085595
spline_mixed,5_3C_54PER_4C_NEWSTRUCTURE,87,0.998741881913993
spline_mixed,5_3C_54PER_4C_NEWSTRUCTURE,88,0.998712370635909
spline_mixed,5_3C_54PER_4C_NEWSTRUCTURE,89,0.9986828089385165
spline_mixed,5_3C_54PER_4C_NEWSTRUCTURE,90,0.9986532195860249
spline_mixed,5_3C_54PER_4C_NEWSTRUCTURE,91,0.9986236253426436
spline_mixed,5_3C_54PER_4C_NEWSTRUCTURE,92,0.998594048972582
spline_mixed,5_3C_54PER_4C_NEWSTRUCTURE,93,0.9985645132400492
spline_mixed,5_3C_54PER_4C_NEWSTRUCTURE,94,0.9985350409092547
spline_mixed,5_3C_54PER_4C_NEWSTRUCTURE,95,0.9985056547444079
spline_mixed,5_3C_54PER_4C_NEWSTRUCTURE,96,0.9984763775097182
spline_mixed,5_3C_54PER_4C_NEWSTRUCTURE,97,0.9984472319693946
spline_mixed,5_3C_54PER_4C_NEWSTRUCTURE,98,0.9984182408876466
spline_mixed,5_3C_54PER_4C_NEWSTRUCTURE,99,0.9983894270286838
spline_mixed,5_3C_54PER_4C_NEWSTRUCTURE,100,0.9983608131567152
spline_mixed,5_3C_54PER_4C_NEWSTRUCTURE,101,0.9983324166558636
spline_mixed,5_3C_54PER_4C_NEWSTRUCTURE,102,0.9983042333899058
spline_mixed,5_3C_54PER_4C_NEWSTRUCTURE,103,0.9982762538425316
spline_mixed,5_3C_54PER_4C_NEWSTRUCTURE,104,0.9982484684974315
spline_mixed,5_3C_54PER_4C_NEWSTRUCTURE,105,0.9982208678382952
spline_mixed,5_3C_54PER_4C_NEWSTRUCTURE,106,0.9981934423488131
spline_mixed,5_3C_54PER_4C_NEWSTRUCTURE,107,0.9981661825126751
spline_mixed,5_3C_54PER_4C_NEWSTRUCTURE,108,0.9981390788135711
spline_mixed,5_3C_54PER_4C_NEWSTRUCTURE,109,0.9981121217351916
spline_mixed,5_3C_54PER_4C_NEWSTRUCTURE,110,0.9980853017612263
spline_mixed,5_3C_54PER_4C_NEWSTRUCTURE,111,0.9980586093753654
spline_mixed,5_3C_54PER_4C_NEWSTRUCTURE,112,0.998032035061299
spline_mixed,5_3C_54PER_4C_NEWSTRUCTURE,113,0.9980055693027172
spline_mixed,5_3C_54PER_4C_NEWSTRUCTURE,114,0.9979792025833099
spline_mixed,5_3C_54PER_4C_NEWSTRUCTURE,115,0.9979529253867676
spline_mixed,5_3C_54PER_4C_NEWSTRUCTURE,116,0.9979267281967799
spline_mixed,5_3C_54PER_4C_NEWSTRUCTURE,117,0.9979006014970371
spline_mixed,5_3C_54PER_4C_NEWSTRUCTURE,118,0.9978745357712292
spline_mixed,5_3C_54PER_4C_NEWSTRUCTURE,119,0.9978485215030464
spline_mixed,5_3C_54PER_4C_NEWSTRUCTURE,120,0.9978225491761787
spline_mixed,5_3C_54PER_4C_NEWSTRUCTURE,121,0.9977966092743161
spline_mixed,5_3C_54PER_4C_NEWSTRUCTURE,122,0.9977706922811489
spline_mixed,5_3C_54PER_4C_NEWSTRUCTURE,123,0.997744788680367
spline_mixed,5_3C_54PER_4C_NEWSTRUCTURE,124,0.9977188889556604
spline_mixed,5_3C_54PER_4C_NEWSTRUCTURE,125,0.9976929835907195
spline_mixed,5_3C_54PER_4C_NEWSTRUCTURE,126,0.9976670630692339
spline_mixed,5_3C_54PER_4C_NEWSTRUCTURE,127,0.9976411178748942
spline_mixed,5_3C_54PER_4C_NEWSTRUCTURE,128,0.99761513849139
spline_mixed,5_3C_54PER_4C_NEWSTRUCTURE,129,0.9975891154024117
spline_mixed,5_3C_54PER_4C_NEWSTRUCTURE,130,0.9975630390916496
spline_mixed,5_3C_54PER_4C_NEWSTRUCTURE,131,0.9975369000427928
spline_mixed,5_3C_54PER_4C_NEWSTRUCTURE,132,0.9975106887395324
spline_mixed,5_3C_54PER_4C_NEWSTRUCTURE,133,0.9974843956655582
spline_mixed,5_3C_54PER_4C_NEWSTRUCTURE,134,0.99745801130456
spline_mixed,5_3C_54PER_4C_NEWSTRUCTURE,135,0.9974315261402281
spline_mixed,5_3C_54PER_4C_NEWSTRUCTURE,136,0.9974049306562525
spline_mixed,5_3C_54PER_4C_NEWSTRUCTURE,137,0.9973782153363234
spline_mixed,5_3C_54PER_4C_NEWSTRUCTURE,138,0.9973513706641307
spline_mixed,5_3C_54PER_4C_NEWSTRUCTURE,139,0.9973243871233647
spline_mixed,5_3C_54PER_4C_NEWSTRUCTURE,140,0.9972972551977153
spline_mixed,5_3C_54PER_4C_NEWSTRUCTURE,141,0.9972699653708725
spline_mixed,5_3C_54PER_4C_NEWSTRUCTURE,142,0.9972425081265267
spline_mixed,5_3C_54PER_4C_NEWSTRUCTURE,143,0.9972148739483676
spline_mixed,5_3C_54PER_4C_NEWSTRUCTURE,144,0.9971870533200855
spline_mixed,5_3C_54PER_4C_NEWSTRUCTURE,145,0.9971590367253705
spline_mixed,5_3C_54PER_4C_NEWSTRUCTURE,146,0.9971308146479126
spline_mixed,5_3C_54PER_4C_NEWSTRUCTURE,147,0.997102377571402
spline_mixed,5_3C_54PER_4C_NEWSTRUCTURE,148,0.9970737159795283
spline_mixed,5_3C_54PER_4C_NEWSTRUCTURE,149,0.9970448203559821
spline_mixed,5_3C_54PER_4C_NEWSTRUCTURE,150,0.9970156811844534
spline_mixed,5_3C_54PER_4C_NEWSTRUCTURE,151,0.9969862912096737
spline_mixed,5_3C_54PER_4C_NEWSTRUCTURE,152,0.9969566522205404
spline_mixed,5_3C_54PER_4C_NEWSTRUCTURE,153,0.9969267682669931
spline_mixed,5_3C_54PER_4C_NEWSTRUCTURE,154,0.9968966433989708
spline_mixed,5_3C_54PER_4C_NEWSTRUCTURE,155,0.9968662816664121
spline_mixed,5_3C_54PER_4C_NEWSTRUCTURE,156,0.9968356871192567
spline_mixed,5_3C_54PER_4C_NEWSTRUCTURE,157,0.9968048638074435
spline_mixed,5_3C_54PER_4C_NEWSTRUCTURE,158,0.9967738157809115
spline_mixed,5_3C_54PER_4C_NEWSTRUCTURE,159,0.9967425470896002
spline_mixed,5_3C_54PER_4C_NEWSTRUCTURE,160,0.9967110617834485
spline_mixed,5_3C_54PER_4C_NEWSTRUCTURE,161,0.9966793639123954
spline_mixed,5_3C_54PER_4C_NEWSTRUCTURE,162,0.9966474575263801
spline_mixed,5_3C_54PER_4C_NEWSTRUCTURE,163,0.9966153466753419
spline_mixed,5_3C_54PER_4C_NEWSTRUCTURE,164,0.9965830354092196
spline_mixed,5_3C_54PER_4C_NEWSTRUCTURE,165,0.9965505277779526
spline_mixed,5_3C_54PER_4C_NEWSTRUCTURE,166,0.9965178278314799
spline_mixed,5_3C_54PER_4C_NEWSTRUCTURE,167,0.9964849396197407
spline_mixed,5_3C_54PER_4C_NEWSTRUCTURE,168,0.9964518671926742
spline_mixed,5_3C_54PER_4C_NEWSTRUCTURE,169,0.9964186146002191
spline_mixed,5_3C_54PER_4C_NEWSTRUCTURE,170,0.996385185892315
spline_mixed,5_3C_54PER_4C_NEWSTRUCTURE,171,0.9963515851189008
spline_mixed,5_3C_54PER_4C_NEWSTRUCTURE,172,0.9963178163299157
spline_mixed,5_3C_54PER_4C_NEWSTRUCTURE,173,0.9962838835752987
spline_mixed,5_3C_54PER_4C_NEWSTRUCTURE,174,0.996249790904989
spline_mixed,5_3C_54PER_4C_NEWSTRUCTURE,175,0.9962155423689257
spline_mixed,5_3C_54PER_4C_NEWSTRUCTURE,176,0.996181142017048
spline_mixed,5_3C_54PER_4C_NEWSTRUCTURE,177,0.996146593899295
spline_mixed,5_3C_54PER_4C_NEWSTRUCTURE,178,0.9961119020656057
spline_mixed,5_3C_54PER_4C_NEWSTRUCTURE,179,0.9960770705659193
spline_mixed,5_3C_54PER_4C_NEWSTRUCTURE,180,0.9960421034501751
spline_mixed,5_3C_54PER_4C_NEWSTRUCTURE,181,0.9960070047683119
spline_mixed,5_3C_54PER_4C_NEWSTRUCTURE,182,0.9959717785702692
spline_mixed,5_3C_54PER_4C_NEWSTRUCTURE,183,0.9959364289059857
spline_mixed,5_3C_54PER_4C_NEWSTRUCTURE,184,0.9959009598254008
spline_mixed,5_3C_54PER_4C_NEWSTRUCTURE,185,0.9958653753784537
spline_mixed,5_3C_54PER_4C_NEWSTRUCTURE,186,0.995829679615083
spline_mixed,5_3C_54PER_4C_NEWSTRUCTURE,187,0.9957938765852283
spline_mixed,5_3C_54PER_4C_NEWSTRUCTURE,188,0.9957579703388288
spline_mixed,5_3C_54PER_4C_NEWSTRUCTURE,189,0.9957219649258233
spline_mixed,5_3C_54PER_4C_NEWSTRUCTURE,190,0.995685864396151
spline_mixed,5_3C_54PER_4C_NEWSTRUCTURE,191,0.9956496727997514
spline_mixed,5_3C_54PER_4C_NEWSTRUCTURE,192,0.995613394186563
spline_mixed,5_3C_54PER_4C_NEWSTRUCTURE,193,0.9955770326065253
spline_mixed,5_3C_54PER_4C_NEWSTRUCTURE,194,0.9955405921095773
spline_mixed,5_3C_54PER_4C_NEWSTRUCTURE,195,0.9955040767456582
spline_mixed,5_3C_54PER_4C_NEWSTRUCTURE,196,0.9954674905647071
spline_mixed,5_3C_54PER_4C_NEWSTRUCTURE,197,0.9954308376166632
spline_mixed,5_3C_54PER_4C_NEWSTRUCTURE,198,0.9953941219514655
spline_mixed,5_3C_54PER_4C_NEWSTRUCTURE,199,0.9953573476190531
spline_mixed,5_3C_54PER_4C_NEWSTRUCTURE,200,0.9953205186693651
spline_mixed,5_6C_19PER_4_6C_NEWSTRUCTURE,1,0.9983161187551887
spline_mixed,5_6C_19PER_4_6C_NEWSTRUCTURE,2,0.9984110323273805
spline_mixed,5_6C_19PER_4_6C_NEWSTRUCTURE,3,0.9985020669670295
spline_mixed,5_6C_19PER_4_6C_NEWSTRUCTURE,4,0.9985892858755874
spline_mixed,5_6C_19PER_4_6C_NEWSTRUCTURE,5,0.9986727522545064
spline_mixed,5_6C_19PER_4_6C_NEWSTRUCTURE,6,0.9987525293052382
spline_mixed,5_6C_19PER_4_6C_NEWSTRUCTURE,7,0.9988286802292349
spline_mixed,5_6C_19PER_4_6C_NEWSTRUCTURE,8,0.9989012682279483
spline_mixed,5_6C_19PER_4_6C_NEWSTRUCTURE,9,0.9989703565028305
spline_mixed,5_6C_19PER_4_6C_NEWSTRUCTURE,10,0.9990360082553333
spline_mixed,5_6C_19PER_4_6C_NEWSTRUCTURE,11,0.9990982866869088
spline_mixed,5_6C_19PER_4_6C_NEWSTRUCTURE,12,0.9991572549990089
spline_mixed,5_6C_19PER_4_6C_NEWSTRUCTURE,13,0.9992129763930854
spline_mixed,5_6C_19PER_4_6C_NEWSTRUCTURE,14,0.9992655140705903
spline_mixed,5_6C_19PER_4_6C_NEWSTRUCTURE,15,0.9993149312329755
spline_mixed,5_6C_19PER_4_6C_NEWSTRUCTURE,16,0.9993612910816931
spline_mixed,5_6C_19PER_4_6C_NEWSTRUCTURE,17,0.999404656818195
spline_mixed,5_6C_19PER_4_6C_NEWSTRUCTURE,18,0.9994450916439331
spline_mixed,5_6C_19PER_4_6C_NEWSTRUCTURE,19,0.9994826587603592
spline_mixed,5_6C_19PER_4_6C_NEWSTRUCTURE,20,0.9995174213689255
spline_mixed,5_6C_19PER_4_6C_NEWSTRUCTURE,21,0.9995494426710838
spline_mixed,5_6C_19PER_4_6C_NEWSTRUCTURE,22,0.999578785868286
spline_mixed,5_6C_19PER_4_6C_NEWSTRUCTURE,23,0.999605514161984
spline_mixed,5_6C_19PER_4_6C_NEWSTRUCTURE,24,0.99962969075363
spline_mixed,5_6C_19PER_4_6C_NEWSTRUCTURE,25,0.9996513788446756
spline_mixed,5_6C_19PER_4_6C_NEWSTRUCTURE,26,0.999670641636573
spline_mixed,5_6C_19PER_4_6C_NEWSTRUCTURE,27,0.9996875423307741
spline_mixed,5_6C_19PER_4_6C_NEWSTRUCTURE,28,0.9997021441287307
spline_mixed,5_6C_19PER_4_6C_NEWSTRUCTURE,29,0.9997145102318948
spline_mixed,5_6C_19PER_4_6C_NEWSTRUCTURE,30,0.9997247038417185
spline_mixed,5_6C_19PER_4_6C_NEWSTRUCTURE,31,0.9997327881596535
spline_mixed,5_6C_19PER_4_6C_NEWSTRUCTURE,32,0.9997388263871518
spline_mixed,5_6C_19PER_4_6C_NEWSTRUCTURE,33,0.9997428817256655
spline_mixed,5_6C_19PER_4_6C_NEWSTRUCTURE,34,0.9997450173766464
spline_mixed,5_6C_19PER_4_6C_NEWSTRUCTURE,35,0.9997452965415464
spline_mixed,5_6C_19PER_4_6C_NEWSTRUCTURE,36,0.9997437824218177
spline_mixed,5_6C_19PER_4_6C_NEWSTRUCTURE,37,0.9997405382189118
spline_mixed,5_6C_19PER_4_6C_NEWSTRUCTURE,38,0.9997356271342811
spline_mixed,5_6C_19PER_4_6C_NEWSTRUCTURE,39,0.9997291123693772
spline_mixed,5_6C_19PER_4_6C_NEWSTRUCTURE,40,0.9997210571256522
spline_mixed,5_6C_19PER_4_6C_NEWSTRUCTURE,41,0.999711524604558
spline_mixed,5_6C_19PER_4_6C_NEWSTRUCTURE,42,0.9997005780075466
spline_mixed,5_6C_19PER_4_6C_NEWSTRUCTURE,43,0.9996882805360698
spline_mixed,5_6C_19PER_4_6C_NEWSTRUCTURE,44,0.9996746953915797
spline_mixed,5_6C_19PER_4_6C_NEWSTRUCTURE,45,0.9996598857755281
spline_mixed,5_6C_19PER_4_6C_NEWSTRUCTURE,46,0.9996439148893672
spline_mixed,5_6C_19PER_4_6C_NEWSTRUCTURE,47,0.9996268459345485
spline_mixed,5_6C_19PER_4_6C_NEWSTRUCTURE,48,0.9996087421125243
spline_mixed,5_6C_19PER_4_6C_NEWSTRUCTURE,49,0.9995896666247465
spline_mixed,5_6C_19PER_4_6C_NEWSTRUCTURE,50,0.9995696826726669
spline_mixed,5_6C_19PER_4_6C_NEWSTRUCTURE,51,0.999548846723133
spline_mixed,5_6C_19PER_4_6C_NEWSTRUCTURE,52,0.9995271883045755
spline_mixed,5_6C_19PER_4_6C_NEWSTRUCTURE,53,0.9995047302108201
spline_mixed,5_6C_19PER_4_6C_NEWSTRUCTURE,54,0.9994814952356929
spline_mixed,5_6C_19PER_4_6C_NEWSTRUCTURE,55,0.9994575061730195
spline_mixed,5_6C_19PER_4_6C_NEWSTRUCTURE,56,0.9994327858166262
spline_mixed,5_6C_19PER_4_6C_NEWSTRUCTURE,57,0.9994073569603391
spline_mixed,5_6C_19PER_4_6C_NEWSTRUCTURE,58,0.9993812423979836
spline_mixed,5_6C_19PER_4_6C_NEWSTRUCTURE,59,0.9993544649233863
spline_mixed,5_6C_19PER_4_6C_NEWSTRUCTURE,60,0.9993270473303729
spline_mixed,5_6C_19PER_4_6C_NEWSTRUCTURE,61,0.9992990124127692
spline_mixed,5_6C_19PER_4_6C_NEWSTRUCTURE,62,0.9992703829644013
spline_mixed,5_6C_19PER_4_6C_NEWSTRUCTURE,63,0.9992411817790954
spline_mixed,5_6C_19PER_4_6C_NEWSTRUCTURE,64,0.9992114316506769
spline_mixed,5_6C_19PER_4_6C_NEWSTRUCTURE,65,0.9991811553729724
spline_mixed,5_6C_19PER_4_6C_NEWSTRUCTURE,66,0.9991503757398074
spline_mixed,5_6C_19PER_4_6C_NEWSTRUCTURE,67,0.999119115545008
spline_mixed,5_6C_19PER_4_6C_NEWSTRUCTURE,68,0.9990873975824003
spline_mixed,5_6C_19PER_4_6C_NEWSTRUCTURE,69,0.9990552446458101
spline_mixed,5_6C_19PER_4_6C_NEWSTRUCTURE,70,0.9990226795290633
spline_mixed,5_6C_19PER_4_6C_NEWSTRUCTURE,71,0.998989725025986
spline_mixed,5_6C_19PER_4_6C_NEWSTRUCTURE,72,0.9989564039304044
spline_mixed,5_6C_19PER_4_6C_NEWSTRUCTURE,73,0.9989227390361439
spline_mixed,5_6C_19PER_4_6C_NEWSTRUCTURE,74,0.998888753137031
spline_mixed,5_6C_19PER_4_6C_NEWSTRUCTURE,75,0.9988544690268911
spline_mixed,5_6C_19PER_4_6C_NEWSTRUCTURE,76,0.9988199094995509
spline_mixed,5_6C_19PER_4_6C_NEWSTRUCTURE,77,0.9987850973488358
spline_mixed,5_6C_19PER_4_6C_NEWSTRUCTURE,78,0.9987500553685718
spline_mixed,5_6C_19PER_4_6C_NEWSTRUCTURE,79,0.9987148063525851
spline_mixed,5_6C_19PER_4_6C_NEWSTRUCTURE,80,0.9986793730947016
spline_mixed,5_6C_19PER_4_6C_NEWSTRUCTURE,81,0.9986437783887471
spline_mixed,5_6C_19PER_4_6C_NEWSTRUCTURE,82,0.9986080450285476
spline_mixed,5_6C_19PER_4_6C_NEWSTRUCTURE,83,0.9985721958079293
spline_mixed,5_6C_19PER_4_6C_NEWSTRUCTURE,84,0.998536253520718
spline_mixed,5_6C_19PER_4_6C_NEWSTRUCTURE,85,0.9985002409607396
spline_mixed,5_6C_19PER_4_6C_NEWSTRUCTURE,86,0.9984641809218201
spline_mixed,5_6C_19PER_4_6C_NEWSTRUCTURE,87,0.9984280961977857
spline_mixed,5_6C_19PER_4_6C_NEWSTRUCTURE,88,0.998392009582462
spline_mixed,5_6C_19PER_4_6C_NEWSTRUCTURE,89,0.9983559438696751
spline_mixed,5_6C_19PER_4_6C_NEWSTRUCTURE,90,0.998319921853251
spline_mixed,5_6C_19PER_4_6C_NEWSTRUCTURE,91,0.9982839663270157
spline_mixed,5_6C_19PER_4_6C_NEWSTRUCTURE,92,0.998248100084795
spline_mixed,5_6C_19PER_4_6C_NEWSTRUCTURE,93,0.9982123459204151
spline_mixed,5_6C_19PER_4_6C_NEWSTRUCTURE,94,0.9981767266277018
spline_mixed,5_6C_19PER_4_6C_NEWSTRUCTURE,95,0.9981412650004811
spline_mixed,5_6C_19PER_4_6C_NEWSTRUCTURE,96,0.9981059838325789
spline_mixed,5_6C_19PER_4_6C_NEWSTRUCTURE,97,0.9980709059178213
spline_mixed,5_6C_19PER_4_6C_NEWSTRUCTURE,98,0.9980360540500341
spline_mixed,5_6C_19PER_4_6C_NEWSTRUCTURE,99,0.9980014510230435
spline_mixed,5_6C_19PER_4_6C_NEWSTRUCTURE,100,0.9979671196306753
spline_mixed,5_6C_19PER_4_6C_NEWSTRUCTURE,101,0.9979330767494432
spline_mixed,5_6C_19PER_4_6C_NEWSTRUCTURE,102,0.9978993155866124
spline_mixed,5_6C_19PER_4_6C_NEWSTRUCTURE,103,0.9978658234321356
spline_mixed,5_6C_19PER_4_6C_NEWSTRUCTURE,104,0.9978325875759658
spline_mixed,5_6C_19PER_4_6C_NEWSTRUCTURE,105,0.997799595308056
spline_mixed,5_6C_19PER_4_6C_NEWSTRUCTURE,106,0.9977668339183585
spline_mixed,5_6C_19PER_4_6C_NEWSTRUCTURE,107,0.9977342906968268
spline_mixed,5_6C_19PER_4_6C_NEWSTRUCTURE,108,0.9977019529334135
spline_mixed,5_6C_19PER_4_6C_NEWSTRUCTURE,109,0.9976698079180711
spline_mixed,5_6C_19PER_4_6C_NEWSTRUCTURE,110,0.9976378429407532
spline_mixed,5_6C_19PER_4_6C_NEWSTRUCTURE,111,0.997606045291412
spline_mixed,5_6C_19PER_4_6C_NEWSTRUCTURE,112,0.9975744022600006
spline_mixed,5_6C_19PER_4_6C_NEWSTRUCTURE,113,0.9975429011364719
spline_mixed,5_6C_19PER_4_6C_NEWSTRUCTURE,114,0.9975115292107786
spline_mixed,5_6C_19PER_4_6C_NEWSTRUCTURE,115,0.9974802737728738
spline_mixed,5_6C_19PER_4_6C_NEWSTRUCTURE,116,0.9974491221127102
spline_mixed,5_6C_19PER_4_6C_NEWSTRUCTURE,117,0.9974180615202406
spline_mixed,5_6C_19PER_4_6C_NEWSTRUCTURE,118,0.9973870792854179
spline_mixed,5_6C_19PER_4_6C_NEWSTRUCTURE,119,0.9973561626981952
spline_mixed,5_6C_19PER_4_6C_NEWSTRUCTURE,120,0.9973252990485251
spline_mixed,5_6C_19PER_4_6C_NEWSTRUCTURE,121,0.9972944756263603
spline_mixed,5_6C_19PER_4_6C_NEWSTRUCTURE,122,0.997263679721654
spline_mixed,5_6C_19PER_4_6C_NEWSTRUCTURE,123,0.9972328986243588
spline_mixed,5_6C_19PER_4_6C_NEWSTRUCTURE,124,0.9972021196244278
spline_mixed,5_6C_19PER_4_6C_NEWSTRUCTURE,125,0.9971713300118137
spline_mixed,5_6C_19PER_4_6C_NEWSTRUCTURE,126,0.9971405170764692
spline_mixed,5_6C_19PER_4_6C_NEWSTRUCTURE,127,0.9971096681083476
spline_mixed,5_6C_19PER_4_6C_NEWSTRUCTURE,128,0.9970787703974013
spline_mixed,5_6C_19PER_4_6C_NEWSTRUCTURE,129,0.9970478112335834
spline_mixed,5_6C_19PER_4_6C_NEWSTRUCTURE,130,0.9970167779068467
spline_mixed,5_6C_19PER_4_6C_NEWSTRUCTURE,131,0.9969856577071441
spline_mixed,5_6C_19PER_4_6C_NEWSTRUCTURE,132,0.9969544379244283
spline_mixed,5_6C_19PER_4_6C_NEWSTRUCTURE,133,0.9969231058486524
spline_mixed,5_6C_19PER_4_6C_NEWSTRUCTURE,134,0.9968916487697689
spline_mixed,5_6C_19PER_4_6C_NEWSTRUCTURE,135,0.996860053977731
spline_mixed,5_6C_19PER_4_6C_NEWSTRUCTURE,136,0.9968283087624916
spline_mixed,5_6C_19PER_4_6C_NEWSTRUCTURE,137,0.9967964004140034
spline_mixed,5_6C_19PER_4_6C_NEWSTRUCTURE,138,0.996764316222219
spline_mixed,5_6C_19PER_4_6C_NEWSTRUCTURE,139,0.9967320434770917
spline_mixed,5_6C_19PER_4_6C_NEWSTRUCTURE,140,0.9966995694685741
spline_mixed,5_6C_19PER_4_6C_NEWSTRUCTURE,141,0.9966668814866191
spline_mixed,5_6C_19PER_4_6C_NEWSTRUCTURE,142,0.9966339668211794
spline_mixed,5_6C_19PER_4_6C_NEWSTRUCTURE,143,0.9966008127622082
spline_mixed,5_6C_19PER_4_6C_NEWSTRUCTURE,144,0.996567406599658
spline_mixed,5_6C_19PER_4_6C_NEWSTRUCTURE,145,0.996533735623482
spline_mixed,5_6C_19PER_4_6C_NEWSTRUCTURE,146,0.996499787123633
spline_mixed,5_6C_19PER_4_6C_NEWSTRUCTURE,147,0.9964655483900636
spline_mixed,5_6C_19PER_4_6C_NEWSTRUCTURE,148,0.9964310067127269
spline_mixed,5_6C_19PER_4_6C_NEWSTRUCTURE,149,0.9963961493815755
spline_mixed,5_6C_19PER_4_6C_NEWSTRUCTURE,150,0.9963609636865625
spline_mixed,5_6C_19PER_4_6C_NEWSTRUCTURE,151,0.9963254388108093
spline_mixed,5_6C_19PER_4_6C_NEWSTRUCTURE,152,0.9962895715101107
spline_mixed,5_6C_19PER_4_6C_NEWSTRUCTURE,153,0.9962533604334304
spline_mixed,5_6C_19PER_4_6C_NEWSTRUCTURE,154,0.9962168042297322
spline_mixed,5_6C_19PER_4_6C_NEWSTRUCTURE,155,0.9961799015479795
spline_mixed,5_6C_19PER_4_6C_NEWSTRUCTURE,156,0.9961426510371361
spline_mixed,5_6C_19PER_4_6C_NEWSTRUCTURE,157,0.9961050513461654
spline_mixed,5_6C_19PER_4_6C_NEWSTRUCTURE,158,0.9960671011240311
spline_mixed,5_6C_19PER_4_6C_NEWSTRUCTURE,159,0.996028799019697
spline_mixed,5_6C_19PER_4_6C_NEWSTRUCTURE,160,0.9959901436821262
spline_mixed,5_6C_19PER_4_6C_NEWSTRUCTURE,161,0.995951133760283
spline_mixed,5_6C_19PER_4_6C_NEWSTRUCTURE,162,0.9959117679031303
spline_mixed,5_6C_19PER_4_6C_NEWSTRUCTURE,163,0.9958720447596322
spline_mixed,5_6C_19PER_4_6C_NEWSTRUCTURE,164,0.995831962978752
spline_mixed,5_6C_19PER_4_6C_NEWSTRUCTURE,165,0.9957915212094535
spline_mixed,5_6C_19PER_4_6C_NEWSTRUCTURE,166,0.9957507181007
spline_mixed,5_6C_19PER_4_6C_NEWSTRUCTURE,167,0.9957095523014555
spline_mixed,5_6C_19PER_4_6C_NEWSTRUCTURE,168,0.9956680224606836
spline_mixed,5_6C_19PER_4_6C_NEWSTRUCTURE,169,0.9956261272273477
spline_mixed,5_6C_19PER_4_6C_NEWSTRUCTURE,170,0.9955838652504113
spline_mixed,5_6C_19PER_4_6C_NEWSTRUCTURE,171,0.9955412351788382
spline_mixed,5_6C_19PER_4_6C_NEWSTRUCTURE,172,0.9954982356615919
spline_mixed,5_6C_19PER_4_6C_NEWSTRUCTURE,173,0.9954548653476363
spline_mixed,5_6C_19PER_4_6C_NEWSTRUCTURE,174,0.9954111228859346
spline_mixed,5_6C_19PER_4_6C_NEWSTRUCTURE,175,0.9953670069254505
spline_mixed,5_6C_19PER_4_6C_NEWSTRUCTURE,176,0.9953225161151479
spline_mixed,5_6C_19PER_4_6C_NEWSTRUCTURE,177,0.9952776491039899
spline_mixed,5_6C_19PER_4_6C_NEWSTRUCTURE,178,0.9952324045409403
spline_mixed,5_6C_19PER_4_6C_NEWSTRUCTURE,179,0.9951867810749632
spline_mixed,5_6C_19PER_4_6C_NEWSTRUCTURE,180,0.9951407773550215
spline_mixed,5_6C_19PER_4_6C_NEWSTRUCTURE,181,0.9950943920300792
spline_mixed,5_6C_19PER_4_6C_NEWSTRUCTURE,182,0.9950476237490998
spline_mixed,5_6C_19PER_4_6C_NEWSTRUCTURE,183,0.9950004711610468
spline_mixed,5_6C_19PER_4_6C_NEWSTRUCTURE,184,0.9949529329148838
spline_mixed,5_6C_19PER_4_6C_NEWSTRUCTURE,185,0.9949050076595748
spline_mixed,5_6C_19PER_4_6C_NEWSTRUCTURE,186,0.994856694044083
spline_mixed,5_6C_19PER_4_6C_NEWSTRUCTURE,187,0.994807990717372
spline_mixed,5_6C_19PER_4_6C_NEWSTRUCTURE,188,0.9947588963284058
spline_mixed,5_6C_19PER_4_6C_NEWSTRUCTURE,189,0.9947094095261474
spline_mixed,5_6C_19PER_4_6C_NEWSTRUCTURE,190,0.9946595289595609
spline_mixed,5_6C_19PER_4_6C_NEWSTRUCTURE,191,0.9946092532776096
spline_mixed,5_6C_19PER_4_6C_NEWSTRUCTURE,192,0.9945585811292574
spline_mixed,5_6C_19PER_4_6C_NEWSTRUCTURE,193,0.9945075111634677
spline_mixed,5_6C_19PER_4_6C_NEWSTRUCTURE,194,0.9944560420292041
spline_mixed,5_6C_19PER_4_6C_NEWSTRUCTURE,195,0.9944041723754303
spline_mixed,5_6C_19PER_4_6C_NEWSTRUCTURE,196,0.9943519008511099
spline_mixed,5_6C_19PER_4_6C_NEWSTRUCTURE,197,0.9942992261052065
spline_mixed,5_6C_19PER_4_6C_NEWSTRUCTURE,198,0.9942461467866837
spline_mixed,5_6C_19PER_4_6C_NEWSTRUCTURE,199,0.9941926615445047
spline_mixed,5_6C_19PER_4_6C_NEWSTRUCTURE,200,0.9941387690276339
spline_mixed,5_6C_36PER_4_3C_NEWSTRUCTURE,1,0.9981425664119408
spline_mixed,5_6C_36PER_4_3C_NEWSTRUCTURE,2,0.9982438742176486
spline_mixed,5_6C_36PER_4_3C_NEWSTRUCTURE,3,0.9983412595446848
spline_mixed,5_6C_36PER_4_3C_NEWSTRUCTURE,4,0.9984347856039658
spline_mixed,5_6C_36PER_4_3C_NEWSTRUCTURE,5,0.9985245156064083
spline_mixed,5_6C_36PER_4_3C_NEWSTRUCTURE,6,0.9986105127629293
spline_mixed,5_6C_36PER_4_3C_NEWSTRUCTURE,7,0.9986928402844453
spline_mixed,5_6C_36PER_4_3C_NEWSTRUCTURE,8,0.9987715613818728
spline_mixed,5_6C_36PER_4_3C_NEWSTRUCTURE,9,0.9988467392661287
spline_mixed,5_6C_36PER_4_3C_NEWSTRUCTURE,10,0.9989184371481293
spline_mixed,5_6C_36PER_4_3C_NEWSTRUCTURE,11,0.9989867182387917
spline_mixed,5_6C_36PER_4_3C_NEWSTRUCTURE,12,0.9990516457490324
spline_mixed,5_6C_36PER_4_3C_NEWSTRUCTURE,13,0.999113282889768
spline_mixed,5_6C_36PER_4_3C_NEWSTRUCTURE,14,0.9991716928719152
spline_mixed,5_6C_36PER_4_3C_NEWSTRUCTURE,15,0.9992269389063906
spline_mixed,5_6C_36PER_4_3C_NEWSTRUCTURE,16,0.9992790842041109
spline_mixed,5_6C_36PER_4_3C_NEWSTRUCTURE,17,0.999328191975993
spline_mixed,5_6C_36PER_4_3C_NEWSTRUCTURE,18,0.9993743254329532
spline_mixed,5_6C_36PER_4_3C_NEWSTRUCTURE,19,0.9994175477859084
spline_mixed,5_6C_36PER_4_3C_NEWSTRUCTURE,20,0.9994579222457751
spline_mixed,5_6C_36PER_4_3C_NEWSTRUCTURE,21,0.9994955120234701
spline_mixed,5_6C_36PER_4_3C_NEWSTRUCTURE,22,0.99953038032991
spline_mixed,5_6C_36PER_4_3C_NEWSTRUCTURE,23,0.9995625903760116
spline_mixed,5_6C_36PER_4_3C_NEWSTRUCTURE,24,0.9995922053726912
spline_mixed,5_6C_36PER_4_3C_NEWSTRUCTURE,25,0.9996192885308659
spline_mixed,5_6C_36PER_4_3C_NEWSTRUCTURE,26,0.9996439030614521
spline_mixed,5_6C_36PER_4_3C_NEWSTRUCTURE,27,0.9996661121753665
spline_mixed,5_6C_36PER_4_3C_NEWSTRUCTURE,28,0.9996859790835259
spline_mixed,5_6C_36PER_4_3C_NEWSTRUCTURE,29,0.9997035669968467
spline_mixed,5_6C_36PER_4_3C_NEWSTRUCTURE,30,0.9997189391262459
spline_mixed,5_6C_36PER_4_3C_NEWSTRUCTURE,31,0.9997321586826399
spline_mixed,5_6C_36PER_4_3C_NEWSTRUCTURE,32,0.9997432888769455
spline_mixed,5_6C_36PER_4_3C_NEWSTRUCTURE,33,0.9997523929200793
spline_mixed,5_6C_36PER_4_3C_NEWSTRUCTURE,34,0.9997595340229579
spline_mixed,5_6C_36PER_4_3C_NEWSTRUCTURE,35,0.9997647753964981
spline_mixed,5_6C_36PER_4_3C_NEWSTRUCTURE,36,0.9997681802516165
spline_mixed,5_6C_36PER_4_3C_NEWSTRUCTURE,37,0.9997698117992299
spline_mixed,5_6C_36PER_4_3C_NEWSTRUCTURE,38,0.9997697332502546
spline_mixed,5_6C_36PER_4_3C_NEWSTRUCTURE,39,0.9997680078156077
spline_mixed,5_6C_36PER_4_3C_NEWSTRUCTURE,40,0.9997646987062055
spline_mixed,5_6C_36PER_4_3C_NEWSTRUCTURE,41,0.9997598691329651
spline_mixed,5_6C_36PER_4_3C_NEWSTRUCTURE,42,0.9997535823068027
spline_mixed,5_6C_36PER_4_3C_NEWSTRUCTURE,43,0.9997459014386352
spline_mixed,5_6C_36PER_4_3C_NEWSTRUCTURE,44,0.9997368897393791
spline_mixed,5_6C_36PER_4_3C_NEWSTRUCTURE,45,0.9997266104199514
spline_mixed,5_6C_36PER_4_3C_NEWSTRUCTURE,46,0.9997151266912683
spline_mixed,5_6C_36PER_4_3C_NEWSTRUCTURE,47,0.9997025017642469
spline_mixed,5_6C_36PER_4_3C_NEWSTRUCTURE,48,0.9996887988498037
spline_mixed,5_6C_36PER_4_3C_NEWSTRUCTURE,49,0.9996740811588551
spline_mixed,5_6C_36PER_4_3C_NEWSTRUCTURE,50,0.9996584119023183
spline_mixed,5_6C_36PER_4_3C_NEWSTRUCTURE,51,0.9996418477356261
spline_mixed,5_6C_36PER_4_3C_NEWSTRUCTURE,52,0.9996244190922796
spline_mixed,5_6C_36PER_4_3C_NEWSTRUCTURE,53,0.9996061498502957
spline_mixed,5_6C_36PER_4_3C_NEWSTRUCTURE,54,0.9995870638876917
spline_mixed,5_6C_36PER_4_3C_NEWSTRUCTURE,55,0.9995671850824848
spline_mixed,5_6C_36PER_4_3C_NEWSTRUCTURE,56,0.9995465373126922
spline_mixed,5_6C_36PER_4_3C_NEWSTRUCTURE,57,0.9995251444563313
spline_mixed,5_6C_36PER_4_3C_NEWSTRUCTURE,58,0.9995030303914191
spline_mixed,5_6C_36PER_4_3C_NEWSTRUCTURE,59,0.9994802189959732
spline_mixed,5_6C_36PER_4_3C_NEWSTRUCTURE,60,0.9994567341480105
spline_mixed,5_6C_36PER_4_3C_NEWSTRUCTURE,61,0.9994325997255483
spline_mixed,5_6C_36PER_4_3C_NEWSTRUCTURE,62,0.9994078396066038
spline_mixed,5_6C_36PER_4_3C_NEWSTRUCTURE,63,0.9993824776691947
spline_mixed,5_6C_36PER_4_3C_NEWSTRUCTURE,64,0.9993565377913377
spline_mixed,5_6C_36PER_4_3C_NEWSTRUCTURE,65,0.9993300438510503
spline_mixed,5_6C_36PER_4_3C_NEWSTRUCTURE,66,0.9993030197263495
spline_mixed,5_6C_36PER_4_3C_NEWSTRUCTURE,67,0.9992754892952529
spline_mixed,5_6C_36PER_4_3C_NEWSTRUCTURE,68,0.9992474764357774
spline_mixed,5_6C_36PER_4_3C_NEWSTRUCTURE,69,0.9992190050259404
spline_mixed,5_6C_36PER_4_3C_NEWSTRUCTURE,70,0.9991900989437591
spline_mixed,5_6C_36PER_4_3C_NEWSTRUCTURE,71,0.9991607820672508
spline_mixed,5_6C_36PER_4_3C_NEWSTRUCTURE,72,0.9991310782744328
spline_mixed,5_6C_36PER_4_3C_NEWSTRUCTURE,73,0.9991010114433221
spline_mixed,5_6C_36PER_4_3C_NEWSTRUCTURE,74,0.9990706054519362
spline_mixed,5_6C_36PER_4_3C_NEWSTRUCTURE,75,0.9990398841782921
spline_mixed,5_6C_36PER_4_3C_NEWSTRUCTURE,76,0.9990088715004073
spline_mixed,5_6C_36PER_4_3C_NEWSTRUCTURE,77,0.9989775912962989
spline_mixed,5_6C_36PER_4_3C_NEWSTRUCTURE,78,0.9989460674439841
spline_mixed,5_6C_36PER_4_3C_NEWSTRUCTURE,79,0.9989143238214802
spline_mixed,5_6C_36PER_4_3C_NEWSTRUCTURE,80,0.9988823843068042
spline_mixed,5_6C_36PER_4_3C_NEWSTRUCTURE,81,0.9988502727779737
spline_mixed,5_6C_36PER_4_3C_NEWSTRUCTURE,82,0.998818013113006
spline_mixed,5_6C_36PER_4_3C_NEWSTRUCTURE,83,0.998785629189918
spline_mixed,5_6C_36PER_4_3C_NEWSTRUCTURE,84,0.9987531448867268
spline_mixed,5_6C_36PER_4_3C_NEWSTRUCTURE,85,0.9987205840814503
spline_mixed,5_6C_36PER_4_3C_NEWSTRUCTURE,86,0.9986879706521052
spline_mixed,5_6C_36PER_4_3C_NEWSTRUCTURE,87,0.9986553284767089
spline_mixed,5_6C_36PER_4_3C_NEWSTRUCTURE,88,0.9986226814332788
spline_mixed,5_6C_36PER_4_3C_NEWSTRUCTURE,89,0.9985900533998319
spline_mixed,5_6C_36PER_4_3C_NEWSTRUCTURE,90,0.9985574682543854
spline_mixed,5_6C_36PER_4_3C_NEWSTRUCTURE,91,0.9985249498749567
spline_mixed,5_6C_36PER_4_3C_NEWSTRUCTURE,92,0.9984925221395631
spline_mixed,5_6C_36PER_4_3C_NEWSTRUCTURE,93,0.9984602089262214
spline_mixed,5_6C_36PER_4_3C_NEWSTRUCTURE,94,0.9984280341129496
spline_mixed,5_6C_36PER_4_3C_NEWSTRUCTURE,95,0.9983960215777644
spline_mixed,5_6C_36PER_4_3C_NEWSTRUCTURE,96,0.998364195198683
spline_mixed,5_6C_36PER_4_3C_NEWSTRUCTURE,97,0.998332578853723
spline_mixed,5_6C_36PER_4_3C_NEWSTRUCTURE,98,0.9983011964209013
spline_mixed,5_6C_36PER_4_3C_NEWSTRUCTURE,99,0.9982700717782352
spline_mixed,5_6C_36PER_4_3C_NEWSTRUCTURE,100,0.9982392288037423
spline_mixed,5_6C_36PER_4_3C_NEWSTRUCTURE,101,0.9982086853722273
spline_mixed,5_6C_36PER_4_3C_NEWSTRUCTURE,102,0.9981784353456464
spline_mixed,5_6C_36PER_4_3C_NEWSTRUCTURE,103,0.9981484665827445
spline_mixed,5_6C_36PER_4_3C_NEWSTRUCTURE,104,0.9981187669422654
spline_mixed,5_6C_36PER_4_3C_NEWSTRUCTURE,105,0.9980893242829537
spline_mixed,5_6C_36PER_4_3C_NEWSTRUCTURE,106,0.9980601264635534
spline_mixed,5_6C_36PER_4_3C_NEWSTRUCTURE,107,0.9980311613428087
spline_mixed,5_6C_36PER_4_3C_NEWSTRUCTURE,108,0.9980024167794641
spline_mixed,5_6C_36PER_4_3C_NEWSTRUCTURE,109,0.9979738806322638
spline_mixed,5_6C_36PER_4_3C_NEWSTRUCTURE,110,0.997945540759952
spline_mixed,5_6C_36PER_4_3C_NEWSTRUCTURE,111,0.9979173850212729
spline_mixed,5_6C_36PER_4_3C_NEWSTRUCTURE,112,0.997889401274971
spline_mixed,5_6C_36PER_4_3C_NEWSTRUCTURE,113,0.9978615773797903
spline_mixed,5_6C_36PER_4_3C_NEWSTRUCTURE,114,0.9978339011944752
spline_mixed,5_6C_36PER_4_3C_NEWSTRUCTURE,115,0.9978063605777702
spline_mixed,5_6C_36PER_4_3C_NEWSTRUCTURE,116,0.997778943388419
spline_mixed,5_6C_36PER_4_3C_NEWSTRUCTURE,117,0.9977516374851664
spline_mixed,5_6C_36PER_4_3C_NEWSTRUCTURE,118,0.9977244307267563
spline_mixed,5_6C_36PER_4_3C_NEWSTRUCTURE,119,0.9976973109719331
spline_mixed,5_6C_36PER_4_3C_NEWSTRUCTURE,120,0.9976702660794411
spline_mixed,5_6C_36PER_4_3C_NEWSTRUCTURE,121,0.9976432839080246
spline_mixed,5_6C_36PER_4_3C_NEWSTRUCTURE,122,0.9976163523164278
spline_mixed,5_6C_36PER_4_3C_NEWSTRUCTURE,123,0.9975894591633947
spline_mixed,5_6C_36PER_4_3C_NEWSTRUCTURE,124,0.9975625923076701
spline_mixed,5_6C_36PER_4_3C_NEWSTRUCTURE,125,0.997535739607998
spline_mixed,5_6C_36PER_4_3C_NEWSTRUCTURE,126,0.9975088889231225
spline_mixed,5_6C_36PER_4_3C_NEWSTRUCTURE,127,0.9974820281117881
spline_mixed,5_6C_36PER_4_3C_NEWSTRUCTURE,128,0.9974551450327391
spline_mixed,5_6C_36PER_4_3C_NEWSTRUCTURE,129,0.9974282275447196
spline_mixed,5_6C_36PER_4_3C_NEWSTRUCTURE,130,0.9974012635064737
spline_mixed,5_6C_36PER_4_3C_NEWSTRUCTURE,131,0.997374240776746
spline_mixed,5_6C_36PER_4_3C_NEWSTRUCTURE,132,0.9973471472142806
spline_mixed,5_6C_36PER_4_3C_NEWSTRUCTURE,133,0.997319970677822
spline_mixed,5_6C_36PER_4_3C_NEWSTRUCTURE,134,0.997292699026114
spline_mixed,5_6C_36PER_4_3C_NEWSTRUCTURE,135,0.9972653201179014
spline_mixed,5_6C_36PER_4_3C_NEWSTRUCTURE,136,0.9972378218119279
spline_mixed,5_6C_36PER_4_3C_NEWSTRUCTURE,137,0.9972101919669383
spline_mixed,5_6C_36PER_4_3C_NEWSTRUCTURE,138,0.9971824184416764
spline_mixed,5_6C_36PER_4_3C_NEWSTRUCTURE,139,0.9971544890948868
spline_mixed,5_6C_36PER_4_3C_NEWSTRUCTURE,140,0.9971263917853137
spline_mixed,5_6C_36PER_4_3C_NEWSTRUCTURE,141,0.9970981143717014
spline_mixed,5_6C_36PER_4_3C_NEWSTRUCTURE,142,0.9970696447127938
spline_mixed,5_6C_36PER_4_3C_NEWSTRUCTURE,143,0.9970409706673358
spline_mixed,5_6C_36PER_4_3C_NEWSTRUCTURE,144,0.9970120800940709
spline_mixed,5_6C_36PER_4_3C_NEWSTRUCTURE,145,0.9969829608517441
spline_mixed,5_6C_36PER_4_3C_NEWSTRUCTURE,146,0.9969536007990992
spline_mixed,5_6C_36PER_4_3C_NEWSTRUCTURE,147,0.9969239877948805
spline_mixed,5_6C_36PER_4_3C_NEWSTRUCTURE,148,0.9968941096978325
spline_mixed,5_6C_36PER_4_3C_NEWSTRUCTURE,149,0.9968639543666992
spline_mixed,5_6C_36PER_4_3C_NEWSTRUCTURE,150,0.9968335096602253
spline_mixed,5_6C_36PER_4_3C_NEWSTRUCTURE,151,0.9968027651329218
spline_mixed,5_6C_36PER_4_3C_NEWSTRUCTURE,152,0.99677171712237
spline_mixed,5_6C_36PER_4_3C_NEWSTRUCTURE,153,0.9967403636619184
spline_mixed,5_6C_36PER_4_3C_NEWSTRUCTURE,154,0.996708702784915
spline_mixed,5_6C_36PER_4_3C_NEWSTRUCTURE,155,0.9966767325247083
spline_mixed,5_6C_36PER_4_3C_NEWSTRUCTURE,156,0.9966444509146469
spline_mixed,5_6C_36PER_4_3C_NEWSTRUCTURE,157,0.9966118559880786
spline_mixed,5_6C_36PER_4_3C_NEWSTRUCTURE,158,0.9965789457783519
spline_mixed,5_6C_36PER_4_3C_NEWSTRUCTURE,159,0.9965457183188157
spline_mixed,5_6C_36PER_4_3C_NEWSTRUCTURE,160,0.9965121716428175
spline_mixed,5_6C_36PER_4_3C_NEWSTRUCTURE,161,0.9964783037837062
spline_mixed,5_6C_36PER_4_3C_NEWSTRUCTURE,162,0.9964441127748298
spline_mixed,5_6C_36PER_4_3C_NEWSTRUCTURE,163,0.996409596649537
spline_mixed,5_6C_36PER_4_3C_NEWSTRUCTURE,164,0.9963747534411758
spline_mixed,5_6C_36PER_4_3C_NEWSTRUCTURE,165,0.9963395811830946
spline_mixed,5_6C_36PER_4_3C_NEWSTRUCTURE,166,0.9963040779086422
spline_mixed,5_6C_36PER_4_3C_NEWSTRUCTURE,167,0.9962682416511661
spline_mixed,5_6C_36PER_4_3C_NEWSTRUCTURE,168,0.9962320704440152
spline_mixed,5_6C_36PER_4_3C_NEWSTRUCTURE,169,0.9961955623205379
spline_mixed,5_6C_36PER_4_3C_NEWSTRUCTURE,170,0.9961587153140822
spline_mixed,5_6C_36PER_4_3C_NEWSTRUCTURE,171,0.9961215274579965
spline_mixed,5_6C_36PER_4_3C_NEWSTRUCTURE,172,0.9960839967856292
spline_mixed,5_6C_36PER_4_3C_NEWSTRUCTURE,173,0.9960461213303288
spline_mixed,5_6C_36PER_4_3C_NEWSTRUCTURE,174,0.9960078991254434
spline_mixed,5_6C_36PER_4_3C_NEWSTRUCTURE,175,0.9959693282043217
spline_mixed,5_6C_36PER_4_3C_NEWSTRUCTURE,176,0.9959304066003116
spline_mixed,5_6C_36PER_4_3C_NEWSTRUCTURE,177,0.9958911323467615
spline_mixed,5_6C_36PER_4_3C_NEWSTRUCTURE,178,0.9958515034770201
spline_mixed,5_6C_36PER_4_3C_NEWSTRUCTURE,179,0.9958115180244352
spline_mixed,5_6C_36PER_4_3C_NEWSTRUCTURE,180,0.9957711740223556
spline_mixed,5_6C_36PER_4_3C_NEWSTRUCTURE,181,0.9957304695041294
spline_mixed,5_6C_36PER_4_3C_NEWSTRUCTURE,182,0.995689402503105
spline_mixed,5_6C_36PER_4_3C_NEWSTRUCTURE,183,0.9956479710526307
spline_mixed,5_6C_36PER_4_3C_NEWSTRUCTURE,184,0.9956061731860549
spline_mixed,5_6C_36PER_4_3C_NEWSTRUCTURE,185,0.995564006936726
spline_mixed,5_6C_36PER_4_3C_NEWSTRUCTURE,186,0.9955214703379922
spline_mixed,5_6C_36PER_4_3C_NEWSTRUCTURE,187,0.9954785614232017
spline_mixed,5_6C_36PER_4_3C_NEWSTRUCTURE,188,0.9954352782257031
spline_mixed,5_6C_36PER_4_3C_NEWSTRUCTURE,189,0.9953916187788446
spline_mixed,5_6C_36PER_4_3C_NEWSTRUCTURE,190,0.9953475811159749
spline_mixed,5_6C_36PER_4_3C_NEWSTRUCTURE,191,0.9953031632704419
spline_mixed,5_6C_36PER_4_3C_NEWSTRUCTURE,192,0.9952583632755938
spline_mixed,5_6C_36PER_4_3C_NEWSTRUCTURE,193,0.9952131791647794
spline_mixed,5_6C_36PER_4_3C_NEWSTRUCTURE,194,0.9951676089713469
spline_mixed,5_6C_36PER_4_3C_NEWSTRUCTURE,195,0.9951216507286443
spline_mixed,5_6C_36PER_4_3C_NEWSTRUCTURE,196,0.9950753024700205
spline_mixed,5_6C_36PER_4_3C_NEWSTRUCTURE,197,0.9950285622288234
spline_mixed,5_6C_36PER_4_3C_NEWSTRUCTURE,198,0.9949814280384015
spline_mixed,5_6C_36PER_4_3C_NEWSTRUCTURE,199,0.9949338979321033
spline_mixed,5_6C_36PER_4_3C_NEWSTRUCTURE,200,0.9948859699432766
spline_mixed,3_7C_31PER_5_9C_NEWSTRUCTURE,1,1.0004796403275975
spline_mixed,3_7C_31PER_5_9C_NEWSTRUCTURE,2,1.0003503402108493
spline_mixed,3_7C_31PER_5_9C_NEWSTRUCTURE,3,1.0002196279082072
spline_mixed,3_7C_31PER_5_9C_NEWSTRUCTURE,4,1.0000875207872777
spline_mixed,3_7C_31PER_5_9C_NEWSTRUCTURE,5,0.9999540362156664
spline_mixed,3_7C_31PER_5_9C_NEWSTRUCTURE,6,0.9998191915609796
spline_mixed,3_7C_31PER_5_9C_NEWSTRUCTURE,7,0.9996830041908237
spline_mixed,3_7C_31PER_5_9C_NEWSTRUCTURE,8,0.9995454914728046
spline_mixed,3_7C_31PER_5_9C_NEWSTRUCTURE,9,0.9994066707745283
spline_mixed,3_7C_31PER_5_9C_NEWSTRUCTURE,10,0.9992665594636009
spline_mixed,3_7C_31PER_5_9C_NEWSTRUCTURE,11,0.9991251749076288
spline_mixed,3_7C_31PER_5_9C_NEWSTRUCTURE,12,0.9989825344742177
spline_mixed,3_7C_31PER_5_9C_NEWSTRUCTURE,13,0.9988386555309742
spline_mixed,3_7C_31PER_5_9C_NEWSTRUCTURE,14,0.9986935554455042
spline_mixed,3_7C_31PER_5_9C_NEWSTRUCTURE,15,0.9985472515854137
spline_mixed,3_7C_31PER_5_9C_NEWSTRUCTURE,16,0.9983997613183089
spline_mixed,3_7C_31PER_5_9C_NEWSTRUCTURE,17,0.9982511020117959
spline_mixed,3_7C_31PER_5_9C_NEWSTRUCTURE,18,0.9981012910334811
spline_mixed,3_7C_31PER_5_9C_NEWSTRUCTURE,19,0.9979503457509702
spline_mixed,3_7C_31PER_5_9C_NEWSTRUCTURE,20,0.9977982835318694
spline_mixed,3_7C_31PER_5_9C_NEWSTRUCTURE,21,0.9976451217437852
spline_mixed,3_7C_31PER_5_9C_NEWSTRUCTURE,22,0.9974908777543231
spline_mixed,3_7C_31PER_5_9C_NEWSTRUCTURE,23,0.9973355689310895
spline_mixed,3_7C_31PER_5_9C_NEWSTRUCTURE,24,0.9971792126416908
spline_mixed,3_7C_31PER_5_9C_NEWSTRUCTURE,25,0.9970218262537328
spline_mixed,3_7C_31PER_5_9C_NEWSTRUCTURE,26,0.9968634271348218
spline_mixed,3_7C_31PER_5_9C_NEWSTRUCTURE,27,0.9967040326525636
spline_mixed,3_7C_31PER_5_9C_NEWSTRUCTURE,28,0.9965436601745646
spline_mixed,3_7C_31PER_5_9C_NEWSTRUCTURE,29,0.9963823270684308
spline_mixed,3_7C_31PER_5_9C_NEWSTRUCTURE,30,0.9962200507017684
spline_mixed,3_7C_31PER_5_9C_NEWSTRUCTURE,31,0.9960568484421835
spline_mixed,3_7C_31PER_5_9C_NEWSTRUCTURE,32,0.9958927376572821
spline_mixed,3_7C_31PER_5_9C_NEWSTRUCTURE,33,0.9957277357146705
spline_mixed,3_7C_31PER_5_9C_NEWSTRUCTURE,34,0.9955618599819547
spline_mixed,3_7C_31PER_5_9C_NEWSTRUCTURE,35,0.9953951278267409
spline_mixed,3_7C_31PER_5_9C_NEWSTRUCTURE,36,0.9952275566166351
spline_mixed,3_7C_31PER_5_9C_NEWSTRUCTURE,37,0.9950591637192434
spline_mixed,3_7C_31PER_5_9C_NEWSTRUCTURE,38,0.9948899665021721
spline_mixed,3_7C_31PER_5_9C_NEWSTRUCTURE,39,0.9947199823330273
spline_mixed,3_7C_31PER_5_9C_NEWSTRUCTURE,40,0.9945492285794149
spline_mixed,3_7C_31PER_5_9C_NEWSTRUCTURE,41,0.9943777226089411
spline_mixed,3_7C_31PER_5_9C_NEWSTRUCTURE,42,0.9942054817892121
spline_mixed,3_7C_31PER_5_9C_NEWSTRUCTURE,43,0.994032523487834
spline_mixed,3_7C_31PER_5_9C_NEWSTRUCTURE,44,0.993858865072413
spline_mixed,3_7C_31PER_5_9C_NEWSTRUCTURE,45,0.9936845239105548
spline_mixed,3_7C_31PER_5_9C_NEWSTRUCTURE,46,0.9935095173698661
spline_mixed,3_7C_31PER_5_9C_NEWSTRUCTURE,47,0.9933338628179527
spline_mixed,3_7C_31PER_5_9C_NEWSTRUCTURE,48,0.9931575776224207
spline_mixed,3_7C_31PER_5_9C_NEWSTRUCTURE,49,0.9929806791508764
spline_mixed,3_7C_31PER_5_9C_NEWSTRUCTURE,50,0.9928031847709257
spline_mixed,3_7C_31PER_5_9C_NEWSTRUCTURE,51,0.9926251109887775
spline_mixed,3_7C_31PER_5_9C_NEWSTRUCTURE,52,0.9924464708650508
spline_mixed,3_7C_31PER_5_9C_NEWSTRUCTURE,53,0.9922672765989674
spline_mixed,3_7C_31PER_5_9C_NEWSTRUCTURE,54,0.9920875403897492
spline_mixed,3_7C_31PER_5_9C_NEWSTRUCTURE,55,0.9919072744366179
spline_mixed,3_7C_31PER_5_9C_NEWSTRUCTURE,56,0.9917264909387952
spline_mixed,3_7C_31PER_5_9C_NEWSTRUCTURE,57,0.9915452020955029
spline_mixed,3_7C_31PER_5_9C_NEWSTRUCTURE,58,0.9913634201059628
spline_mixed,3_7C_31PER_5_9C_NEWSTRUCTURE,59,0.9911811571693966
spline_mixed,3_7C_31PER_5_9C_NEWSTRUCTURE,60,0.990998425485026
spline_mixed,3_7C_31PER_5_9C_NEWSTRUCTURE,61,0.990815237252073
spline_mixed,3_7C_31PER_5_9C_NEWSTRUCTURE,62,0.9906316046697591
spline_mixed,3_7C_31PER_5_9C_NEWSTRUCTURE,63,0.990447539937306
spline_mixed,3_7C_31PER_5_9C_NEWSTRUCTURE,64,0.9902630552539359
spline_mixed,3_7C_31PER_5_9C_NEWSTRUCTURE,65,0.9900781628188703
spline_mixed,3_7C_31PER_5_9C_NEWSTRUCTURE,66,0.9898928748313309
spline_mixed,3_7C_31PER_5_9C_NEWSTRUCTURE,67,0.9897072034905396
spline_mixed,3_7C_31PER_5_9C_NEWSTRUCTURE,68,0.9895211609957181
spline_mixed,3_7C_31PER_5_9C_NEWSTRUCTURE,69,0.9893347595460881
spline_mixed,3_7C_31PER_5_9C_NEWSTRUCTURE,70,0.9891480113408715
spline_mixed,3_7C_31PER_5_9C_NEWSTRUCTURE,71,0.9889609285792899
spline_mixed,3_7C_31PER_5_9C_NEWSTRUCTURE,72,0.9887735234605651
spline_mixed,3_7C_31PER_5_9C_NEWSTRUCTURE,73,0.9885858081839191
spline_mixed,3_7C_31PER_5_9C_NEWSTRUCTURE,74,0.9883977949485734
spline_mixed,3_7C_31PER_5_9C_NEWSTRUCTURE,75,0.9882094959537499
spline_mixed,3_7C_31PER_5_9C_NEWSTRUCTURE,76,0.9880209233986701
spline_mixed,3_7C_31PER_5_9C_NEWSTRUCTURE,77,0.9878320894825562
spline_mixed,3_7C_31PER_5_9C_NEWSTRUCTURE,78,0.9876430064046295
spline_mixed,3_7C_31PER_5_9C_NEWSTRUCTURE,79,0.9874536863641123
spline_mixed,3_7C_31PER_5_9C_NEWSTRUCTURE,80,0.9872641415602259
spline_mixed,3_7C_31PER_5_9C_NEWSTRUCTURE,81,0.9870743841921922
spline_mixed,3_7C_31PER_5_9C_NEWSTRUCTURE,82,0.9868844264592331
spline_mixed,3_7C_31PER_5_9C_NEWSTRUCTURE,83,0.9866942805605702
spline_mixed,3_7C_31PER_5_9C_NEWSTRUCTURE,84,0.9865039586954254
spline_mixed,3_7C_31PER_5_9C_NEWSTRUCTURE,85,0.9863134730630202
spline_mixed,3_7C_31PER_5_9C_NEWSTRUCTURE,86,0.9861228358625768
spline_mixed,3_7C_31PER_5_9C_NEWSTRUCTURE,87,0.9859320592933163
spline_mixed,3_7C_31PER_5_9C_NEWSTRUCTURE,88,0.9857411555544612
spline_mixed,3_7C_31PER_5_9C_NEWSTRUCTURE,89,0.9855501368452327
spline_mixed,3_7C_31PER_5_9C_NEWSTRUCTURE,90,0.985359015364853
spline_mixed,3_7C_31PER_5_9C_NEWSTRUCTURE,91,0.9851678033125436
spline_mixed,3_7C_31PER_5_9C_NEWSTRUCTURE,92,0.9849765128875265
spline_mixed,3_7C_31PER_5_9C_NEWSTRUCTURE,93,0.9847851562890232
spline_mixed,3_7C_31PER_5_9C_NEWSTRUCTURE,94,0.9845937457162555
spline_mixed,3_7C_31PER_5_9C_NEWSTRUCTURE,95,0.9844022933684451
spline_mixed,3_7C_31PER_5_9C_NEWSTRUCTURE,96,0.9842108114448139
spline_mixed,3_7C_31PER_5_9C_NEWSTRUCTURE,97,0.9840193121445838
spline_mixed,3_7C_31PER_5_9C_NEWSTRUCTURE,98,0.9838278076669764
spline_mixed,3_7C_31PER_5_9C_NEWSTRUCTURE,99,0.9836363102112134
spline_mixed,3_7C_31PER_5_9C_NEWSTRUCTURE,100,0.9834448319765167
spline_mixed,3_7C_31PER_5_9C_NEWSTRUCTURE,101,0.9832533831621172
spline_mixed,3_7C_31PER_5_9C_NEWSTRUCTURE,102,0.9830619659672825
spline_mixed,3_7C_31PER_5_9C_NEWSTRUCTURE,103,0.9828705805912895
spline_mixed,3_7C_31PER_5_9C_NEWSTRUCTURE,104,0.9826792272334149
spline_mixed,3_7C_31PER_5_9C_NEWSTRUCTURE,105,0.9824879060929358
spline_mixed,3_7C_31PER_5_9C_NEWSTRUCTURE,106,0.9822966173691289
spline_mixed,3_7C_31PER_5_9C_NEWSTRUCTURE,107,0.9821053612612709
spline_mixed,3_7C_31PER_5_9C_NEWSTRUCTURE,108,0.9819141379686388
spline_mixed,3_7C_31PER_5_9C_NEWSTRUCTURE,109,0.9817229476905095
spline_mixed,3_7C_31PER_5_9C_NEWSTRUCTURE,110,0.9815317906261597
spline_mixed,3_7C_31PER_5_9C_NEWSTRUCTURE,111,0.9813406669748663
spline_mixed,3_7C_31PER_5_9C_NEWSTRUCTURE,112,0.9811495769359062
spline_mixed,3_7C_31PER_5_9C_NEWSTRUCTURE,113,0.9809585207085562
spline_mixed,3_7C_31PER_5_9C_NEWSTRUCTURE,114,0.980767498492093
spline_mixed,3_7C_31PER_5_9C_NEWSTRUCTURE,115,0.9805765104857936
spline_mixed,3_7C_31PER_5_9C_NEWSTRUCTURE,116,0.9803855568889348
spline_mixed,3_7C_31PER_5_9C_NEWSTRUCTURE,117,0.9801946379007935
spline_mixed,3_7C_31PER_5_9C_NEWSTRUCTURE,118,0.9800037537206462
spline_mixed,3_7C_31PER_5_9C_NEWSTRUCTURE,119,0.9798129045477701
spline_mixed,3_7C_31PER_5_9C_NEWSTRUCTURE,120,0.9796220905814422
spline_mixed,3_7C_31PER_5_9C_NEWSTRUCTURE,121,0.979431312020939
spline_mixed,3_7C_31PER_5_9C_NEWSTRUCTURE,122,0.9792405690655374
spline_mixed,3_7C_31PER_5_9C_NEWSTRUCTURE,123,0.9790498619145142
spline_mixed,3_7C_31PER_5_9C_NEWSTRUCTURE,124,0.9788591907671462
spline_mixed,3_7C_31PER_5_9C_NEWSTRUCTURE,125,0.9786685558227105
spline_mixed,3_7C_31PER_5_9C_NEWSTRUCTURE,126,0.9784779572804837
spline_mixed,3_7C_31PER_5_9C_NEWSTRUCTURE,127,0.978287395339743
spline_mixed,3_7C_31PER_5_9C_NEWSTRUCTURE,128,0.9780968701997647
spline_mixed,3_7C_31PER_5_9C_NEWSTRUCTURE,129,0.9779063820598258
spline_mixed,3_7C_31PER_5_9C_NEWSTRUCTURE,130,0.9777159311192035
spline_mixed,3_7C_31PER_5_9C_NEWSTRUCTURE,131,0.9775255175771742
spline_mixed,3_7C_31PER_5_9C_NEWSTRUCTURE,132,0.9773351416330149
spline_mixed,3_7C_31PER_5_9C_NEWSTRUCTURE,133,0.9771448034860026
spline_mixed,3_7C_31PER_5_9C_NEWSTRUCTURE,134,0.9769545033354139
spline_mixed,3_7C_31PER_5_9C_NEWSTRUCTURE,135,0.9767642413805258
spline_mixed,3_7C_31PER_5_9C_NEWSTRUCTURE,136,0.976574017820615
spline_mixed,3_7C_31PER_5_9C_NEWSTRUCTURE,137,0.9763838328549586
spline_mixed,3_7C_31PER_5_9C_NEWSTRUCTURE,138,0.9761936866828331
spline_mixed,3_7C_31PER_5_9C_NEWSTRUCTURE,139,0.9760035795035155
spline_mixed,3_7C_31PER_5_9C_NEWSTRUCTURE,140,0.9758135115162826
spline_mixed,3_7C_31PER_5_9C_NEWSTRUCTURE,141,0.9756234829204113
spline_mixed,3_7C_31PER_5_9C_NEWSTRUCTURE,142,0.9754334939151785
spline_mixed,3_7C_31PER_5_9C_NEWSTRUCTURE,143,0.9752435446998609
spline_mixed,3_7C_31PER_5_9C_NEWSTRUCTURE,144,0.9750536354737352
spline_mixed,3_7C_31PER_5_9C_NEWSTRUCTURE,145,0.9748637664360789
spline_mixed,3_7C_31PER_5_9C_NEWSTRUCTURE,146,0.974673937786168
spline_mixed,3_7C_31PER_5_9C_NEWSTRUCTURE,147,0.9744841497232798
spline_mixed,3_7C_31PER_5_9C_NEWSTRUCTURE,148,0.9742944024466911
spline_mixed,3_7C_31PER_5_9C_NEWSTRUCTURE,149,0.9741046961556785
spline_mixed,3_7C_31PER_5_9C_NEWSTRUCTURE,150,0.9739150310495193
spline_mixed,3_7C_31PER_5_9C_NEWSTRUCTURE,151,0.9737254081508829
spline_mixed,3_7C_31PER_5_9C_NEWSTRUCTURE,152,0.9735358317760128
spline_mixed,3_7C_31PER_5_9C_NEWSTRUCTURE,153,0.9733463070645446
spline_mixed,3_7C_31PER_5_9C_NEWSTRUCTURE,154,0.9731568391561145
spline_mixed,3_7C_31PER_5_9C_NEWSTRUCTURE,155,0.9729674331903586
spline_mixed,3_7C_31PER_5_9C_NEWSTRUCTURE,156,0.9727780943069125
spline_mixed,3_7C_31PER_5_9C_NEWSTRUCTURE,157,0.9725888276454128
spline_mixed,3_7C_31PER_5_9C_NEWSTRUCTURE,158,0.9723996383454951
spline_mixed,3_7C_31PER_5_9C_NEWSTRUCTURE,159,0.9722105315467958
spline_mixed,3_7C_31PER_5_9C_NEWSTRUCTURE,160,0.9720215123889506
spline_mixed,3_7C_31PER_5_9C_NEWSTRUCTURE,161,0.9718325860115957
spline_mixed,3_7C_31PER_5_9C_NEWSTRUCTURE,162,0.9716437575543672
spline_mixed,3_7C_31PER_5_9C_NEWSTRUCTURE,163,0.9714550321569009
spline_mixed,3_7C_31PER_5_9C_NEWSTRUCTURE,164,0.9712664149588329
spline_mixed,3_7C_31PER_5_9C_NEWSTRUCTURE,165,0.9710779110997994
spline_mixed,3_7C_31PER_5_9C_NEWSTRUCTURE,166,0.9708895257194363
spline_mixed,3_7C_31PER_5_9C_NEWSTRUCTURE,167,0.9707012639573795
spline_mixed,3_7C_31PER_5_9C_NEWSTRUCTURE,168,0.9705131309532652
spline_mixed,3_7C_31PER_5_9C_NEWSTRUCTURE,169,0.9703251318467296
spline_mixed,3_7C_31PER_5_9C_NEWSTRUCTURE,170,0.9701372717774084
spline_mixed,3_7C_31PER_5_9C_NEWSTRUCTURE,171,0.9699495558849376
spline_mixed,3_7C_31PER_5_9C_NEWSTRUCTURE,172,0.9697619893089536
spline_mixed,3_7C_31PER_5_9C_NEWSTRUCTURE,173,0.9695745771890921
spline_mixed,3_7C_31PER_5_9C_NEWSTRUCTURE,174,0.9693873246649894
spline_mixed,3_7C_31PER_5_9C_NEWSTRUCTURE,175,0.9692002368762813
spline_mixed,3_7C_31PER_5_9C_NEWSTRUCTURE,176,0.9690133189626038
spline_mixed,3_7C_31PER_5_9C_NEWSTRUCTURE,177,0.9688265760635931
spline_mixed,3_7C_31PER_5_9C_NEWSTRUCTURE,178,0.9686400133188852
spline_mixed,3_7C_31PER_5_9C_NEWSTRUCTURE,179,0.9684536358681161
spline_mixed,3_7C_31PER_5_9C_NEWSTRUCTURE,180,0.9682674488509218
spline_mixed,3_7C_31PER_5_9C_NEWSTRUCTURE,181,0.9680814574069384
spline_mixed,3_7C_31PER_5_9C_NEWSTRUCTURE,182,0.9678956666758017
spline_mixed,3_7C_31PER_5_9C_NEWSTRUCTURE,183,0.9677100817971481
spline_mixed,3_7C_31PER_5_9C_NEWSTRUCTURE,184,0.9675247079106133
spline_mixed,3_7C_31PER_5_9C_NEWSTRUCTURE,185,0.9673395501558336
spline_mixed,3_7C_31PER_5_9C_NEWSTRUCTURE,186,0.9671546136724447
spline_mixed,3_7C_31PER_5_9C_NEWSTRUCTURE,187,0.9669699036000831
spline_mixed,3_7C_31PER_5_9C_NEWSTRUCTURE,188,0.9667854250783844
spline_mixed,3_7C_31PER_5_9C_NEWSTRUCTURE,189,0.9666011832469849
spline_mixed,3_7C_31PER_5_9C_NEWSTRUCTURE,190,0.9664171832455204
spline_mixed,3_7C_31PER_5_9C_NEWSTRUCTURE,191,0.966233430213627
spline_mixed,3_7C_31PER_5_9C_NEWSTRUCTURE,192,0.966049929290941
spline_mixed,3_7C_31PER_5_9C_NEWSTRUCTURE,193,0.965866685617098
spline_mixed,3_7C_31PER_5_9C_NEWSTRUCTURE,194,0.9656837043317344
spline_mixed,3_7C_31PER_5_9C_NEWSTRUCTURE,195,0.9655009905744859
spline_mixed,3_7C_31PER_5_9C_NEWSTRUCTURE,196,0.9653185494849889
spline_mixed,3_7C_31PER_5_9C_NEWSTRUCTURE,197,0.965136386202879
spline_mixed,3_7C_31PER_5_9C_NEWSTRUCTURE,198,0.9649545058677925
spline_mixed,3_7C_31PER_5_9C_NEWSTRUCTURE,199,0.9647729136193656
spline_mixed,3_7C_31PER_5_9C_NEWSTRUCTURE,200,0.9645916145972339
spline_mixed,4_8C_80PER_4_8C_NEWSTRUCTURE,1,0.9906134396972629
spline_mixed,4_8C_80PER_4_8C_NEWSTRUCTURE,2,0.9907057285223118
spline_mixed,4_8C_80PER_4_8C_NEWSTRUCTURE,3,0.9907949144870354
spline_mixed,4_8C_80PER_4_8C_NEWSTRUCTURE,4,0.9908810415753941
spline_mixed,4_8C_80PER_4_8C_NEWSTRUCTURE,5,0.9909641537713484
spline_mixed,4_8C_80PER_4_8C_NEWSTRUCTURE,6,0.9910442950588587
spline_mixed,4_8C_80PER_4_8C_NEWSTRUCTURE,7,0.9911215094218854
spline_mixed,4_8C_80PER_4_8C_NEWSTRUCTURE,8,0.9911958408443889
spline_mixed,4_8C_80PER_4_8C_NEWSTRUCTURE,9,0.9912673333103295
spline_mixed,4_8C_80PER_4_8C_NEWSTRUCTURE,10,0.9913360308036676
spline_mixed,4_8C_80PER_4_8C_NEWSTRUCTURE,11,0.9914019773083637
spline_mixed,4_8C_80PER_4_8C_NEWSTRUCTURE,12,0.9914652168083782
spline_mixed,4_8C_80PER_4_8C_NEWSTRUCTURE,13,0.9915257932876713
spline_mixed,4_8C_80PER_4_8C_NEWSTRUCTURE,14,0.9915837507302037
spline_mixed,4_8C_80PER_4_8C_NEWSTRUCTURE,15,0.9916391331199356
spline_mixed,4_8C_80PER_4_8C_NEWSTRUCTURE,16,0.9916919844408273
spline_mixed,4_8C_80PER_4_8C_NEWSTRUCTURE,17,0.9917423486768393
spline_mixed,4_8C_80PER_4_8C_NEWSTRUCTURE,18,0.9917902698119321
spline_mixed,4_8C_80PER_4_8C_NEWSTRUCTURE,19,0.991835791830066
spline_mixed,4_8C_80PER_4_8C_NEWSTRUCTURE,20,0.9918789587152015
spline_mixed,4_8C_80PER_4_8C_NEWSTRUCTURE,21,0.9919198144512988
spline_mixed,4_8C_80PER_4_8C_NEWSTRUCTURE,22,0.9919584030223183
spline_mixed,4_8C_80PER_4_8C_NEWSTRUCTURE,23,0.9919947684122206
spline_mixed,4_8C_80PER_4_8C_NEWSTRUCTURE,24,0.992028954604966
spline_mixed,4_8C_80PER_4_8C_NEWSTRUCTURE,25,0.9920610055845148
spline_mixed,4_8C_80PER_4_8C_NEWSTRUCTURE,26,0.9920909653348277
spline_mixed,4_8C_80PER_4_8C_NEWSTRUCTURE,27,0.9921188778398646
spline_mixed,4_8C_80PER_4_8C_NEWSTRUCTURE,28,0.9921447870835863
spline_mixed,4_8C_80PER_4_8C_NEWSTRUCTURE,29,0.992168737049953
spline_mixed,4_8C_80PER_4_8C_NEWSTRUCTURE,30,0.9921907717229251
spline_mixed,4_8C_80PER_4_8C_NEWSTRUCTURE,31,0.9922109350864633
spline_mixed,4_8C_80PER_4_8C_NEWSTRUCTURE,32,0.9922292711245276
spline_mixed,4_8C_80PER_4_8C_NEWSTRUCTURE,33,0.9922458238210785
spline_mixed,4_8C_80PER_4_8C_NEWSTRUCTURE,34,0.9922606371600764
spline_mixed,4_8C_80PER_4_8C_NEWSTRUCTURE,35,0.9922737551254819
spline_mixed,4_8C_80PER_4_8C_NEWSTRUCTURE,36,0.9922852217012551
spline_mixed,4_8C_80PER_4_8C_NEWSTRUCTURE,37,0.9922950808713565
spline_mixed,4_8C_80PER_4_8C_NEWSTRUCTURE,38,0.9923033766197467
spline_mixed,4_8C_80PER_4_8C_NEWSTRUCTURE,39,0.9923101529303857
spline_mixed,4_8C_80PER_4_8C_NEWSTRUCTURE,40,0.9923154537872342
spline_mixed,4_8C_80PER_4_8C_NEWSTRUCTURE,41,0.9923193231742524
spline_mixed,4_8C_80PER_4_8C_NEWSTRUCTURE,42,0.9923218050754009
spline_mixed,4_8C_80PER_4_8C_NEWSTRUCTURE,43,0.99232294347464
spline_mixed,4_8C_80PER_4_8C_NEWSTRUCTURE,44,0.9923227823559302
spline_mixed,4_8C_80PER_4_8C_NEWSTRUCTURE,45,0.9923213657032317
spline_mixed,4_8C_80PER_4_8C_NEWSTRUCTURE,46,0.9923187375005048
spline_mixed,4_8C_80PER_4_8C_NEWSTRUCTURE,47,0.9923149417317102
spline_mixed,4_8C_80PER_4_8C_NEWSTRUCTURE,48,0.9923100223808082
spline_mixed,4_8C_80PER_4_8C_NEWSTRUCTURE,49,0.9923040234317592
spline_mixed,4_8C_80PER_4_8C_NEWSTRUCTURE,50,0.9922969888685235
spline_mixed,4_8C_80PER_4_8C_NEWSTRUCTURE,51,0.9922889596773266
spline_mixed,4_8C_80PER_4_8C_NEWSTRUCTURE,52,0.9922799648534535
spline_mixed,4_8C_80PER_4_8C_NEWSTRUCTURE,53,0.9922700303944544
spline_mixed,4_8C_80PER_4_8C_NEWSTRUCTURE,54,0.9922591822978793
spline_mixed,4_8C_80PER_4_8C_NEWSTRUCTURE,55,0.9922474465612787
spline_mixed,4_8C_80PER_4_8C_NEWSTRUCTURE,56,0.9922348491822025
spline_mixed,4_8C_80PER_4_8C_NEWSTRUCTURE,57,0.9922214161582006
spline_mixed,4_8C_80PER_4_8C_NEWSTRUCTURE,58,0.9922071734868234
spline_mixed,4_8C_80PER_4_8C_NEWSTRUCTURE,59,0.992192147165621
spline_mixed,4_8C_80PER_4_8C_NEWSTRUCTURE,60,0.9921763631921434
spline_mixed,4_8C_80PER_4_8C_NEWSTRUCTURE,61,0.9921598475639409
spline_mixed,4_8C_80PER_4_8C_NEWSTRUCTURE,62,0.9921426262785635
spline_mixed,4_8C_80PER_4_8C_NEWSTRUCTURE,63,0.9921247253335613
spline_mixed,4_8C_80PER_4_8C_NEWSTRUCTURE,64,0.9921061707264849
spline_mixed,4_8C_80PER_4_8C_NEWSTRUCTURE,65,0.9920869884548835
spline_mixed,4_8C_80PER_4_8C_NEWSTRUCTURE,66,0.9920672045163079
spline_mixed,4_8C_80PER_4_8C_NEWSTRUCTURE,67,0.9920468449083081
spline_mixed,4_8C_80PER_4_8C_NEWSTRUCTURE,68,0.9920259356284341
spline_mixed,4_8C_80PER_4_8C_NEWSTRUCTURE,69,0.9920045026742362
spline_mixed,4_8C_80PER_4_8C_NEWSTRUCTURE,70,0.9919825720432646
spline_mixed,4_8C_80PER_4_8C_NEWSTRUCTURE,71,0.991960169733069
spline_mixed,4_8C_80PER_4_8C_NEWSTRUCTURE,72,0.9919373217411999
spline_mixed,4_8C_80PER_4_8C_NEWSTRUCTURE,73,0.9919140540652072
spline_mixed,4_8C_80PER_4_8C_NEWSTRUCTURE,74,0.9918903927026413
spline_mixed,4_8C_80PER_4_8C_NEWSTRUCTURE,75,0.9918663636510521
spline_mixed,4_8C_80PER_4_8C_NEWSTRUCTURE,76,0.9918419929079898
spline_mixed,4_8C_80PER_4_8C_NEWSTRUCTURE,77,0.9918173064710045
spline_mixed,4_8C_80PER_4_8C_NEWSTRUCTURE,78,0.9917923303376464
spline_mixed,4_8C_80PER_4_8C_NEWSTRUCTURE,79,0.9917670905054655
spline_mixed,4_8C_80PER_4_8C_NEWSTRUCTURE,80,0.991741612972012
spline_mixed,4_8C_80PER_4_8C_NEWSTRUCTURE,81,0.9917159237348361
spline_mixed,4_8C_80PER_4_8C_NEWSTRUCTURE,82,0.9916900487914878
spline_mixed,4_8C_80PER_4_8C_NEWSTRUCTURE,83,0.9916640141395173
spline_mixed,4_8C_80PER_4_8C_NEWSTRUCTURE,84,0.9916378457764747
spline_mixed,4_8C_80PER_4_8C_NEWSTRUCTURE,85,0.99161156969991
spline_mixed,4_8C_80PER_4_8C_NEWSTRUCTURE,86,0.9915852119073736
spline_mixed,4_8C_80PER_4_8C_NEWSTRUCTURE,87,0.9915587983964154
spline_mixed,4_8C_80PER_4_8C_NEWSTRUCTURE,88,0.9915323551645856
spline_mixed,4_8C_80PER_4_8C_NEWSTRUCTURE,89,0.9915059082094343
spline_mixed,4_8C_80PER_4_8C_NEWSTRUCTURE,90,0.9914794835285117
spline_mixed,4_8C_80PER_4_8C_NEWSTRUCTURE,91,0.991453107119368
spline_mixed,4_8C_80PER_4_8C_NEWSTRUCTURE,92,0.9914268049795529
spline_mixed,4_8C_80PER_4_8C_NEWSTRUCTURE,93,0.9914006031066169
spline_mixed,4_8C_80PER_4_8C_NEWSTRUCTURE,94,0.9913745274981103
spline_mixed,4_8C_80PER_4_8C_NEWSTRUCTURE,95,0.9913486041515828
spline_mixed,4_8C_80PER_4_8C_NEWSTRUCTURE,96,0.9913228590645847
spline_mixed,4_8C_80PER_4_8C_NEWSTRUCTURE,97,0.991297318234666
spline_mixed,4_8C_80PER_4_8C_NEWSTRUCTURE,98,0.9912720076593773
spline_mixed,4_8C_80PER_4_8C_NEWSTRUCTURE,99,0.9912469533362681
spline_mixed,4_8C_80PER_4_8C_NEWSTRUCTURE,100,0.9912221812628889
spline_mixed,4_8C_80PER_4_8C_NEWSTRUCTURE,101,0.9911977112411094
spline_mixed,4_8C_80PER_4_8C_NEWSTRUCTURE,102,0.9911735382900784
spline_mixed,4_8C_80PER_4_8C_NEWSTRUCTURE,103,0.9911496512332645
spline_mixed,4_8C_80PER_4_8C_NEWSTRUCTURE,104,0.9911260388941358
spline_mixed,4_8C_80PER_4_8C_NEWSTRUCTURE,105,0.9911026900961609
spline_mixed,4_8C_80PER_4_8C_NEWSTRUCTURE,106,0.9910795936628084
spline_mixed,4_8C_80PER_4_8C_NEWSTRUCTURE,107,0.9910567384175465
spline_mixed,4_8C_80PER_4_8C_NEWSTRUCTURE,108,0.9910341131838438
spline_mixed,4_8C_80PER_4_8C_NEWSTRUCTURE,109,0.9910117067851688
spline_mixed,4_8C_80PER_4_8C_NEWSTRUCTURE,110,0.9909895080449899
spline_mixed,4_8C_80PER_4_8C_NEWSTRUCTURE,111,0.9909675057867754
spline_mixed,4_8C_80PER_4_8C_NEWSTRUCTURE,112,0.9909456888339939
spline_mixed,4_8C_80PER_4_8C_NEWSTRUCTURE,113,0.990924046010114
spline_mixed,4_8C_80PER_4_8C_NEWSTRUCTURE,114,0.9909025661386037
spline_mixed,4_8C_80PER_4_8C_NEWSTRUCTURE,115,0.9908812380429319
spline_mixed,4_8C_80PER_4_8C_NEWSTRUCTURE,116,0.9908600505465668
spline_mixed,4_8C_80PER_4_8C_NEWSTRUCTURE,117,0.9908389924729769
spline_mixed,4_8C_80PER_4_8C_NEWSTRUCTURE,118,0.9908180526456309
spline_mixed,4_8C_80PER_4_8C_NEWSTRUCTURE,119,0.9907972198879967
spline_mixed,4_8C_80PER_4_8C_NEWSTRUCTURE,120,0.9907764830235433
spline_mixed,4_8C_80PER_4_8C_NEWSTRUCTURE,121,0.9907558308757388
spline_mixed,4_8C_80PER_4_8C_NEWSTRUCTURE,122,0.9907352522680519
spline_mixed,4_8C_80PER_4_8C_NEWSTRUCTURE,123,0.9907147360239508
spline_mixed,4_8C_80PER_4_8C_NEWSTRUCTURE,124,0.990694270966904
spline_mixed,4_8C_80PER_4_8C_NEWSTRUCTURE,125,0.9906738459203802
spline_mixed,4_8C_80PER_4_8C_NEWSTRUCTURE,126,0.9906534497078476
spline_mixed,4_8C_80PER_4_8C_NEWSTRUCTURE,127,0.9906330711527747
spline_mixed,4_8C_80PER_4_8C_NEWSTRUCTURE,128,0.9906126990786299
spline_mixed,4_8C_80PER_4_8C_NEWSTRUCTURE,129,0.9905923223088818
spline_mixed,4_8C_80PER_4_8C_NEWSTRUCTURE,130,0.9905719296669987
spline_mixed,4_8C_80PER_4_8C_NEWSTRUCTURE,131,0.9905515099764493
spline_mixed,4_8C_80PER_4_8C_NEWSTRUCTURE,132,0.9905310520607016
spline_mixed,4_8C_80PER_4_8C_NEWSTRUCTURE,133,0.9905105447432245
spline_mixed,4_8C_80PER_4_8C_NEWSTRUCTURE,134,0.9904899768474862
spline_mixed,4_8C_80PER_4_8C_NEWSTRUCTURE,135,0.9904693371969552
spline_mixed,4_8C_80PER_4_8C_NEWSTRUCTURE,136,0.9904486146150999
spline_mixed,4_8C_80PER_4_8C_NEWSTRUCTURE,137,0.9904277979253889
spline_mixed,4_8C_80PER_4_8C_NEWSTRUCTURE,138,0.9904068759512906
spline_mixed,4_8C_80PER_4_8C_NEWSTRUCTURE,139,0.9903858375162734
spline_mixed,4_8C_80PER_4_8C_NEWSTRUCTURE,140,0.9903646714438057
spline_mixed,4_8C_80PER_4_8C_NEWSTRUCTURE,141,0.990343366557356
spline_mixed,4_8C_80PER_4_8C_NEWSTRUCTURE,142,0.9903219116803927
spline_mixed,4_8C_80PER_4_8C_NEWSTRUCTURE,143,0.9903002956363846
spline_mixed,4_8C_80PER_4_8C_NEWSTRUCTURE,144,0.9902785072487995
spline_mixed,4_8C_80PER_4_8C_NEWSTRUCTURE,145,0.9902565353411065
spline_mixed,4_8C_80PER_4_8C_NEWSTRUCTURE,146,0.9902343687367734
spline_mixed,4_8C_80PER_4_8C_NEWSTRUCTURE,147,0.9902119962592694
spline_mixed,4_8C_80PER_4_8C_NEWSTRUCTURE,148,0.9901894067320623
spline_mixed,4_8C_80PER_4_8C_NEWSTRUCTURE,149,0.9901665889786209
spline_mixed,4_8C_80PER_4_8C_NEWSTRUCTURE,150,0.9901435318224135
spline_mixed,4_8C_80PER_4_8C_NEWSTRUCTURE,151,0.9901202254408372
spline_mixed,4_8C_80PER_4_8C_NEWSTRUCTURE,152,0.9900966654270035
spline_mixed,4_8C_80PER_4_8C_NEWSTRUCTURE,153,0.9900728487279521
spline_mixed,4_8C_80PER_4_8C_NEWSTRUCTURE,154,0.9900487722907232
spline_mixed,4_8C_80PER_4_8C_NEWSTRUCTURE,155,0.9900244330623567
spline_mixed,4_8C_80PER_4_8C_NEWSTRUCTURE,156,0.9899998279898924
spline_mixed,4_8C_80PER_4_8C_NEWSTRUCTURE,157,0.9899749540203705
spline_mixed,4_8C_80PER_4_8C_NEWSTRUCTURE,158,0.9899498081008309
spline_mixed,4_8C_80PER_4_8C_NEWSTRUCTURE,159,0.9899243871783137
spline_mixed,4_8C_80PER_4_8C_NEWSTRUCTURE,160,0.9898986881998586
spline_mixed,4_8C_80PER_4_8C_NEWSTRUCTURE,161,0.9898727081125056
spline_mixed,4_8C_80PER_4_8C_NEWSTRUCTURE,162,0.9898464438632949
spline_mixed,4_8C_80PER_4_8C_NEWSTRUCTURE,163,0.9898198923992663
spline_mixed,4_8C_80PER_4_8C_NEWSTRUCTURE,164,0.9897930506674599
spline_mixed,4_8C_80PER_4_8C_NEWSTRUCTURE,165,0.9897659156149156
spline_mixed,4_8C_80PER_4_8C_NEWSTRUCTURE,166,0.989738484188673
spline_mixed,4_8C_80PER_4_8C_NEWSTRUCTURE,167,0.9897107533357729
spline_mixed,4_8C_80PER_4_8C_NEWSTRUCTURE,168,0.9896827200032544
spline_mixed,4_8C_80PER_4_8C_NEWSTRUCTURE,169,0.9896543811381581
spline_mixed,4_8C_80PER_4_8C_NEWSTRUCTURE,170,0.9896257336875236
spline_mixed,4_8C_80PER_4_8C_NEWSTRUCTURE,171,0.9895967745983911
spline_mixed,4_8C_80PER_4_8C_NEWSTRUCTURE,172,0.9895675008178004
spline_mixed,4_8C_80PER_4_8C_NEWSTRUCTURE,173,0.9895379092927915
spline_mixed,4_8C_80PER_4_8C_NEWSTRUCTURE,174,0.9895079969704044
spline_mixed,4_8C_80PER_4_8C_NEWSTRUCTURE,175,0.9894777607976792
spline_mixed,4_8C_80PER_4_8C_NEWSTRUCTURE,176,0.9894471977216558
spline_mixed,4_8C_80PER_4_8C_NEWSTRUCTURE,177,0.989416304689374
spline_mixed,4_8C_80PER_4_8C_NEWSTRUCTURE,178,0.9893850786478737
spline_mixed,4_8C_80PER_4_8C_NEWSTRUCTURE,179,0.9893535165441953
spline_mixed,4_8C_80PER_4_8C_NEWSTRUCTURE,180,0.9893216153253784
spline_mixed,4_8C_80PER_4_8C_NEWSTRUCTURE,181,0.9892893719384632
spline_mixed,4_8C_80PER_4_8C_NEWSTRUCTURE,182,0.9892567833304895
spline_mixed,4_8C_80PER_4_8C_NEWSTRUCTURE,183,0.9892238464484973
spline_mixed,4_8C_80PER_4_8C_NEWSTRUCTURE,184,0.9891905582395266
spline_mixed,4_8C_80PER_4_8C_NEWSTRUCTURE,185,0.9891569156506176
spline_mixed,4_8C_80PER_4_8C_NEWSTRUCTURE,186,0.9891229156288097
spline_mixed,4_8C_80PER_4_8C_NEWSTRUCTURE,187,0.9890885551211434
spline_mixed,4_8C_80PER_4_8C_NEWSTRUCTURE,188,0.9890538310746585
spline_mixed,4_8C_80PER_4_8C_NEWSTRUCTURE,189,0.9890187404363949
spline_mixed,4_8C_80PER_4_8C_NEWSTRUCTURE,190,0.9889832801533927
spline_mixed,4_8C_80PER_4_8C_NEWSTRUCTURE,191,0.9889474471726918
spline_mixed,4_8C_80PER_4_8C_NEWSTRUCTURE,192,0.9889112384413321
spline_mixed,4_8C_80PER_4_8C_NEWSTRUCTURE,193,0.9888746509063535
spline_mixed,4_8C_80PER_4_8C_NEWSTRUCTURE,194,0.9888376815147961
spline_mixed,4_8C_80PER_4_8C_NEWSTRUCTURE,195,0.9888003272137
spline_mixed,4_8C_80PER_4_8C_NEWSTRUCTURE,196,0.988762584950105
spline_mixed,4_8C_80PER_4_8C_NEWSTRUCTURE,197,0.9887244516710514
spline_mixed,4_8C_80PER_4_8C_NEWSTRUCTURE,198,0.9886859243235784
spline_mixed,4_8C_80PER_4_8C_NEWSTRUCTURE,199,0.9886469998547267
spline_mixed,4_8C_80PER_4_8C_NEWSTRUCTURE,200,0.9886076752115359
