Model,Policy,Cycle,SOHPred
polynomial_mixed,3_6C-80PER_3_6C,1,0.999950887600568
polynomial_mixed,3_6C-80PER_3_6C,2,0.9999934857353707
polynomial_mixed,3_6C-80PER_3_6C,3,1.0000354775965963
polynomial_mixed,3_6C-80PER_3_6C,4,1.0000768631842447
polynomial_mixed,3_6C-80PER_3_6C,5,1.000117642498316
polynomial_mixed,3_6C-80PER_3_6C,6,1.0001578155388102
polynomial_mixed,3_6C-80PER_3_6C,7,1.0001973823057273
polynomial_mixed,3_6C-80PER_3_6C,8,1.0002363427990675
polynomial_mixed,3_6C-80PER_3_6C,9,1.0002746970188303
polynomial_mixed,3_6C-80PER_3_6C,10,1.000312444965016
polynomial_mixed,3_6C-80PER_3_6C,11,1.0003495866376246
polynomial_mixed,3_6C-80PER_3_6C,12,1.0003861220366561
polynomial_mixed,3_6C-80PER_3_6C,13,1.000422051162111
polynomial_mixed,3_6C-80PER_3_6C,14,1.0004573740139882
polynomial_mixed,3_6C-80PER_3_6C,15,1.0004920905922883
polynomial_mixed,3_6C-80PER_3_6C,16,1.0005262008970113
polynomial_mixed,3_6C-80PER_3_6C,17,1.0005597049281574
polynomial_mixed,3_6C-80PER_3_6C,18,1.0005926026857261
polynomial_mixed,3_6C-80PER_3_6C,19,1.0006248941697178
polynomial_mixed,3_6C-80PER_3_6C,20,1.0006565793801325
polynomial_mixed,3_6C-80PER_3_6C,21,1.00068765831697
polynomial_mixed,3_6C-80PER_3_6C,22,1.0007181309802302
polynomial_mixed,3_6C-80PER_3_6C,23,1.0007479973699136
polynomial_mixed,3_6C-80PER_3_6C,24,1.0007772574860196
polynomial_mixed,3_6C-80PER_3_6C,25,1.0008059113285488
polynomial_mixed,3_6C-80PER_3_6C,26,1.0008339588975006
polynomial_mixed,3_6C-80PER_3_6C,27,1.0008614001928755
polynomial_mixed,3_6C-80PER_3_6C,28,1.000888235214673
polynomial_mixed,3_6C-80PER_3_6C,29,1.0009144639628937
polynomial_mixed,3_6C-80PER_3_6C,30,1.000940086437537
polynomial_mixed,3_6C-80PER_3_6C,31,1.0009651026386035
polynomial_mixed,3_6C-80PER_3_6C,32,1.0009895125660926
polynomial_mixed,3_6C-80PER_3_6C,33,1.0010133162200048
polynomial_mixed,3_6C-80PER_3_6C,34,1.0010365136003396
polynomial_mixed,3_6C-80PER_3_6C,35,1.0010591047070976
polynomial_mixed,3_6C-80PER_3_6C,36,1.0010810895402784
polynomial_mixed,3_6C-80PER_3_6C,37,1.0011024680998821
polynomial_mixed,3_6C-80PER_3_6C,38,1.0011232403859087
polynomial_mixed,3_6C-80PER_3_6C,39,1.0011434063983582
polynomial_mixed,3_6C-80PER_3_6C,40,1.0011629661372303
polynomial_mixed,3_6C-80PER_3_6C,41,1.0011819196025256
polynomial_mixed,3_6C-80PER_3_6C,42,1.0012002667942437
polynomial_mixed,3_6C-80PER_3_6C,43,1.0012180077123845
polynomial_mixed,3_6C-80PER_3_6C,44,1.0012351423569483
polynomial_mixed,3_6C-80PER_3_6C,45,1.001251670727935
polynomial_mixed,3_6C-80PER_3_6C,46,1.0012675928253447
polynomial_mixed,3_6C-80PER_3_6C,47,1.0012829086491772
polynomial_mixed,3_6C-80PER_3_6C,48,1.0012976181994326
polynomial_mixed,3_6C-80PER_3_6C,49,1.0013117214761107
polynomial_mixed,3_6C-80PER_3_6C,50,1.0013252184792119
polynomial_mixed,3_6C-80PER_3_6C,51,1.001338109208736
polynomial_mixed,3_6C-80PER_3_6C,52,1.0013503936646828
polynomial_mixed,3_6C-80PER_3_6C,53,1.0013620718470526
polynomial_mixed,3_6C-80PER_3_6C,54,1.0013731437558453
polynomial_mixed,3_6C-80PER_3_6C,55,1.0013836093910609
polynomial_mixed,3_6C-80PER_3_6C,56,1.0013934687526993
polynomial_mixed,3_6C-80PER_3_6C,57,1.0014027218407606
polynomial_mixed,3_6C-80PER_3_6C,58,1.0014113686552448
polynomial_mixed,3_6C-80PER_3_6C,59,1.001419409196152
polynomial_mixed,3_6C-80PER_3_6C,60,1.0014268434634819
polynomial_mixed,3_6C-80PER_3_6C,61,1.001433671457235
polynomial_mixed,3_6C-80PER_3_6C,62,1.0014398931774107
polynomial_mixed,3_6C-80PER_3_6C,63,1.0014455086240093
polynomial_mixed,3_6C-80PER_3_6C,64,1.001450517797031
polynomial_mixed,3_6C-80PER_3_6C,65,1.0014549206964753
polynomial_mixed,3_6C-80PER_3_6C,66,1.0014587173223426
polynomial_mixed,3_6C-80PER_3_6C,67,1.0014619076746327
polynomial_mixed,3_6C-80PER_3_6C,68,1.0014644917533457
polynomial_mixed,3_6C-80PER_3_6C,69,1.0014664695584816
polynomial_mixed,3_6C-80PER_3_6C,70,1.0014678410900406
polynomial_mixed,3_6C-80PER_3_6C,71,1.0014686063480223
polynomial_mixed,3_6C-80PER_3_6C,72,1.0014687653324268
polynomial_mixed,3_6C-80PER_3_6C,73,1.0014683180432544
polynomial_mixed,3_6C-80PER_3_6C,74,1.0014672644805047
polynomial_mixed,3_6C-80PER_3_6C,75,1.0014656046441779
polynomial_mixed,3_6C-80PER_3_6C,76,1.0014633385342742
polynomial_mixed,3_6C-80PER_3_6C,77,1.001460466150793
polynomial_mixed,3_6C-80PER_3_6C,78,1.001456987493735
polynomial_mixed,3_6C-80PER_3_6C,79,1.0014529025630998
polynomial_mixed,3_6C-80PER_3_6C,80,1.0014482113588874
polynomial_mixed,3_6C-80PER_3_6C,81,1.001442913881098
polynomial_mixed,3_6C-80PER_3_6C,82,1.0014370101297314
polynomial_mixed,3_6C-80PER_3_6C,83,1.0014305001047876
polynomial_mixed,3_6C-80PER_3_6C,84,1.001423383806267
polynomial_mixed,3_6C-80PER_3_6C,85,1.0014156612341691
polynomial_mixed,3_6C-80PER_3_6C,86,1.0014073323884942
polynomial_mixed,3_6C-80PER_3_6C,87,1.0013983972692422
polynomial_mixed,3_6C-80PER_3_6C,88,1.0013888558764128
polynomial_mixed,3_6C-80PER_3_6C,89,1.0013787082100065
polynomial_mixed,3_6C-80PER_3_6C,90,1.001367954270023
polynomial_mixed,3_6C-80PER_3_6C,91,1.0013565940564624
polynomial_mixed,3_6C-80PER_3_6C,92,1.0013446275693245
polynomial_mixed,3_6C-80PER_3_6C,93,1.0013320548086098
polynomial_mixed,3_6C-80PER_3_6C,94,1.0013188757743179
polynomial_mixed,3_6C-80PER_3_6C,95,1.0013050904664487
polynomial_mixed,3_6C-80PER_3_6C,96,1.0012906988850026
polynomial_mixed,3_6C-80PER_3_6C,97,1.0012757010299793
polynomial_mixed,3_6C-80PER_3_6C,98,1.001260096901379
polynomial_mixed,3_6C-80PER_3_6C,99,1.0012438864992013
polynomial_mixed,3_6C-80PER_3_6C,100,1.0012270698234467
polynomial_mixed,3_6C-80PER_3_6C,101,1.001209646874115
polynomial_mixed,3_6C-80PER_3_6C,102,1.0011916176512061
polynomial_mixed,3_6C-80PER_3_6C,103,1.0011729821547202
polynomial_mixed,3_6C-80PER_3_6C,104,1.0011537403846569
polynomial_mixed,3_6C-80PER_3_6C,105,1.0011338923410167
polynomial_mixed,3_6C-80PER_3_6C,106,1.0011134380237994
polynomial_mixed,3_6C-80PER_3_6C,107,1.001092377433005
polynomial_mixed,3_6C-80PER_3_6C,108,1.0010707105686334
polynomial_mixed,3_6C-80PER_3_6C,109,1.001048437430685
polynomial_mixed,3_6C-80PER_3_6C,110,1.0010255580191592
polynomial_mixed,3_6C-80PER_3_6C,111,1.0010020723340562
polynomial_mixed,3_6C-80PER_3_6C,112,1.0009779803753762
polynomial_mixed,3_6C-80PER_3_6C,113,1.000953282143119
polynomial_mixed,3_6C-80PER_3_6C,114,1.0009279776372848
polynomial_mixed,3_6C-80PER_3_6C,115,1.0009020668578734
polynomial_mixed,3_6C-80PER_3_6C,116,1.000875549804885
polynomial_mixed,3_6C-80PER_3_6C,117,1.0008484264783193
polynomial_mixed,3_6C-80PER_3_6C,118,1.0008206968781765
polynomial_mixed,3_6C-80PER_3_6C,119,1.0007923610044567
polynomial_mixed,3_6C-80PER_3_6C,120,1.0007634188571597
polynomial_mixed,3_6C-80PER_3_6C,121,1.0007338704362858
polynomial_mixed,3_6C-80PER_3_6C,122,1.0007037157418346
polynomial_mixed,3_6C-80PER_3_6C,123,1.0006729547738062
polynomial_mixed,3_6C-80PER_3_6C,124,1.0006415875322008
polynomial_mixed,3_6C-80PER_3_6C,125,1.0006096140170182
polynomial_mixed,3_6C-80PER_3_6C,126,1.0005770342282587
polynomial_mixed,3_6C-80PER_3_6C,127,1.000543848165922
polynomial_mixed,3_6C-80PER_3_6C,128,1.000510055830008
polynomial_mixed,3_6C-80PER_3_6C,129,1.000475657220517
polynomial_mixed,3_6C-80PER_3_6C,130,1.000440652337449
polynomial_mixed,3_6C-80PER_3_6C,131,1.0004050411808036
polynomial_mixed,3_6C-80PER_3_6C,132,1.0003688237505812
polynomial_mixed,3_6C-80PER_3_6C,133,1.0003320000467821
polynomial_mixed,3_6C-80PER_3_6C,134,1.0002945700694055
polynomial_mixed,3_6C-80PER_3_6C,135,1.000256533818452
polynomial_mixed,3_6C-80PER_3_6C,136,1.000217891293921
polynomial_mixed,3_6C-80PER_3_6C,137,1.000178642495813
polynomial_mixed,3_6C-80PER_3_6C,138,1.000138787424128
polynomial_mixed,3_6C-80PER_3_6C,139,1.0000983260788658
polynomial_mixed,3_6C-80PER_3_6C,140,1.0000572584600267
polynomial_mixed,3_6C-80PER_3_6C,141,1.0000155845676102
polynomial_mixed,3_6C-80PER_3_6C,142,0.9999733044016168
polynomial_mixed,3_6C-80PER_3_6C,143,0.9999304179620462
polynomial_mixed,3_6C-80PER_3_6C,144,0.9998869252488984
polynomial_mixed,3_6C-80PER_3_6C,145,0.9998428262621736
polynomial_mixed,3_6C-80PER_3_6C,146,0.9997981210018716
polynomial_mixed,3_6C-80PER_3_6C,147,0.9997528094679925
polynomial_mixed,3_6C-80PER_3_6C,148,0.9997068916605364
polynomial_mixed,3_6C-80PER_3_6C,149,0.999660367579503
polynomial_mixed,3_6C-80PER_3_6C,150,0.9996132372248926
polynomial_mixed,3_6C-80PER_3_6C,151,0.9995655005967051
polynomial_mixed,3_6C-80PER_3_6C,152,0.9995171576949404
polynomial_mixed,3_6C-80PER_3_6C,153,0.9994682085195987
polynomial_mixed,3_6C-80PER_3_6C,154,0.9994186530706798
polynomial_mixed,3_6C-80PER_3_6C,155,0.9993684913481838
polynomial_mixed,3_6C-80PER_3_6C,156,0.9993177233521107
polynomial_mixed,3_6C-80PER_3_6C,157,0.9992663490824607
polynomial_mixed,3_6C-80PER_3_6C,158,0.9992143685392333
polynomial_mixed,3_6C-80PER_3_6C,159,0.9991617817224289
polynomial_mixed,3_6C-80PER_3_6C,160,0.9991085886320473
polynomial_mixed,3_6C-80PER_3_6C,161,0.9990547892680886
polynomial_mixed,3_6C-80PER_3_6C,162,0.9990003836305528
polynomial_mixed,3_6C-80PER_3_6C,163,0.9989453717194399
polynomial_mixed,3_6C-80PER_3_6C,164,0.9988897535347498
polynomial_mixed,3_6C-80PER_3_6C,165,0.9988335290764827
polynomial_mixed,3_6C-80PER_3_6C,166,0.9987766983446384
polynomial_mixed,3_6C-80PER_3_6C,167,0.998719261339217
polynomial_mixed,3_6C-80PER_3_6C,168,0.9986612180602185
polynomial_mixed,3_6C-80PER_3_6C,169,0.9986025685076428
polynomial_mixed,3_6C-80PER_3_6C,170,0.9985433126814902
polynomial_mixed,3_6C-80PER_3_6C,171,0.9984834505817604
polynomial_mixed,3_6C-80PER_3_6C,172,0.9984229822084534
polynomial_mixed,3_6C-80PER_3_6C,173,0.9983619075615693
polynomial_mixed,3_6C-80PER_3_6C,174,0.9983002266411081
polynomial_mixed,3_6C-80PER_3_6C,175,0.9982379394470697
polynomial_mixed,3_6C-80PER_3_6C,176,0.9981750459794544
polynomial_mixed,3_6C-80PER_3_6C,177,0.9981115462382618
polynomial_mixed,3_6C-80PER_3_6C,178,0.9980474402234921
polynomial_mixed,3_6C-80PER_3_6C,179,0.9979827279351454
polynomial_mixed,3_6C-80PER_3_6C,180,0.9979174093732215
polynomial_mixed,3_6C-80PER_3_6C,181,0.9978514845377207
polynomial_mixed,3_6C-80PER_3_6C,182,0.9977849534286426
polynomial_mixed,3_6C-80PER_3_6C,183,0.9977178160459873
polynomial_mixed,3_6C-80PER_3_6C,184,0.997650072389755
polynomial_mixed,3_6C-80PER_3_6C,185,0.9975817224599455
polynomial_mixed,3_6C-80PER_3_6C,186,0.9975127662565589
polynomial_mixed,3_6C-80PER_3_6C,187,0.9974432037795953
polynomial_mixed,3_6C-80PER_3_6C,188,0.9973730350290544
polynomial_mixed,3_6C-80PER_3_6C,189,0.9973022600049365
polynomial_mixed,3_6C-80PER_3_6C,190,0.9972308787072415
polynomial_mixed,3_6C-80PER_3_6C,191,0.9971588911359693
polynomial_mixed,3_6C-80PER_3_6C,192,0.9970862972911201
polynomial_mixed,3_6C-80PER_3_6C,193,0.9970130971726936
polynomial_mixed,3_6C-80PER_3_6C,194,0.9969392907806901
polynomial_mixed,3_6C-80PER_3_6C,195,0.9968648781151095
polynomial_mixed,3_6C-80PER_3_6C,196,0.9967898591759518
polynomial_mixed,3_6C-80PER_3_6C,197,0.9967142339632169
polynomial_mixed,3_6C-80PER_3_6C,198,0.9966380024769049
polynomial_mixed,3_6C-80PER_3_6C,199,0.9965611647170158
polynomial_mixed,3_6C-80PER_3_6C,200,0.9964837206835497
polynomial_mixed,80PER_3_6C,1,0.9992039828112101
polynomial_mixed,80PER_3_6C,2,0.9991543555544203
polynomial_mixed,80PER_3_6C,3,0.9991042802712039
polynomial_mixed,80PER_3_6C,4,0.9990537569615607
polynomial_mixed,80PER_3_6C,5,0.9990027856254908
polynomial_mixed,80PER_3_6C,6,0.9989513662629945
polynomial_mixed,80PER_3_6C,7,0.9988994988740714
polynomial_mixed,80PER_3_6C,8,0.9988471834587216
polynomial_mixed,80PER_3_6C,9,0.9987944200169451
polynomial_mixed,80PER_3_6C,10,0.9987412085487422
polynomial_mixed,80PER_3_6C,11,0.9986875490541124
polynomial_mixed,80PER_3_6C,12,0.9986334415330559
polynomial_mixed,80PER_3_6C,13,0.9985788859855729
polynomial_mixed,80PER_3_6C,14,0.9985238824116632
polynomial_mixed,80PER_3_6C,15,0.9984684308113269
polynomial_mixed,80PER_3_6C,16,0.9984125311845637
polynomial_mixed,80PER_3_6C,17,0.9983561835313741
polynomial_mixed,80PER_3_6C,18,0.9982993878517578
polynomial_mixed,80PER_3_6C,19,0.9982421441457148
polynomial_mixed,80PER_3_6C,20,0.998184452413245
polynomial_mixed,80PER_3_6C,21,0.9981263126543489
polynomial_mixed,80PER_3_6C,22,0.9980677248690258
polynomial_mixed,80PER_3_6C,23,0.9980086890572762
polynomial_mixed,80PER_3_6C,24,0.9979492052190999
polynomial_mixed,80PER_3_6C,25,0.9978892733544971
polynomial_mixed,80PER_3_6C,26,0.9978288934634675
polynomial_mixed,80PER_3_6C,27,0.9977680655460112
polynomial_mixed,80PER_3_6C,28,0.9977067896021283
polynomial_mixed,80PER_3_6C,29,0.9976450656318188
polynomial_mixed,80PER_3_6C,30,0.9975828936350825
polynomial_mixed,80PER_3_6C,31,0.9975202736119196
polynomial_mixed,80PER_3_6C,32,0.9974572055623302
polynomial_mixed,80PER_3_6C,33,0.9973936894863139
polynomial_mixed,80PER_3_6C,34,0.9973297253838711
polynomial_mixed,80PER_3_6C,35,0.9972653132550016
polynomial_mixed,80PER_3_6C,36,0.9972004530997054
polynomial_mixed,80PER_3_6C,37,0.9971351449179826
polynomial_mixed,80PER_3_6C,38,0.9970693887098331
polynomial_mixed,80PER_3_6C,39,0.9970031844752569
polynomial_mixed,80PER_3_6C,40,0.9969365322142543
polynomial_mixed,80PER_3_6C,41,0.9968694319268248
polynomial_mixed,80PER_3_6C,42,0.9968018836129686
polynomial_mixed,80PER_3_6C,43,0.996733887272686
polynomial_mixed,80PER_3_6C,44,0.9966654429059765
polynomial_mixed,80PER_3_6C,45,0.9965965505128404
polynomial_mixed,80PER_3_6C,46,0.9965272100932776
polynomial_mixed,80PER_3_6C,47,0.9964574216472883
polynomial_mixed,80PER_3_6C,48,0.9963871851748722
polynomial_mixed,80PER_3_6C,49,0.9963165006760295
polynomial_mixed,80PER_3_6C,50,0.9962453681507601
polynomial_mixed,80PER_3_6C,51,0.9961737875990643
polynomial_mixed,80PER_3_6C,52,0.9961017590209416
polynomial_mixed,80PER_3_6C,53,0.9960292824163922
polynomial_mixed,80PER_3_6C,54,0.9959563577854161
polynomial_mixed,80PER_3_6C,55,0.9958829851280137
polynomial_mixed,80PER_3_6C,56,0.9958091644441843
polynomial_mixed,80PER_3_6C,57,0.9957348957339283
polynomial_mixed,80PER_3_6C,58,0.9956601789972458
polynomial_mixed,80PER_3_6C,59,0.9955850142341365
polynomial_mixed,80PER_3_6C,60,0.9955094014446005
polynomial_mixed,80PER_3_6C,61,0.9954333406286379
polynomial_mixed,80PER_3_6C,62,0.9953568317862488
polynomial_mixed,80PER_3_6C,63,0.9952798749174329
polynomial_mixed,80PER_3_6C,64,0.9952024700221902
polynomial_mixed,80PER_3_6C,65,0.995124617100521
polynomial_mixed,80PER_3_6C,66,0.9950463161524252
polynomial_mixed,80PER_3_6C,67,0.9949675671779027
polynomial_mixed,80PER_3_6C,68,0.9948883701769534
polynomial_mixed,80PER_3_6C,69,0.9948087251495777
polynomial_mixed,80PER_3_6C,70,0.9947286320957752
polynomial_mixed,80PER_3_6C,71,0.994648091015546
polynomial_mixed,80PER_3_6C,72,0.9945671019088902
polynomial_mixed,80PER_3_6C,73,0.9944856647758078
polynomial_mixed,80PER_3_6C,74,0.9944037796162987
polynomial_mixed,80PER_3_6C,75,0.9943214464303628
polynomial_mixed,80PER_3_6C,76,0.9942386652180003
polynomial_mixed,80PER_3_6C,77,0.9941554359792113
polynomial_mixed,80PER_3_6C,78,0.9940717587139956
polynomial_mixed,80PER_3_6C,79,0.9939876334223532
polynomial_mixed,80PER_3_6C,80,0.9939030601042841
polynomial_mixed,80PER_3_6C,81,0.9938180387597884
polynomial_mixed,80PER_3_6C,82,0.993732569388866
polynomial_mixed,80PER_3_6C,83,0.9936466519915169
polynomial_mixed,80PER_3_6C,84,0.9935602865677413
polynomial_mixed,80PER_3_6C,85,0.993473473117539
polynomial_mixed,80PER_3_6C,86,0.9933862116409099
polynomial_mixed,80PER_3_6C,87,0.9932985021378542
polynomial_mixed,80PER_3_6C,88,0.993210344608372
polynomial_mixed,80PER_3_6C,89,0.993121739052463
polynomial_mixed,80PER_3_6C,90,0.9930326854701274
polynomial_mixed,80PER_3_6C,91,0.992943183861365
polynomial_mixed,80PER_3_6C,92,0.9928532342261761
polynomial_mixed,80PER_3_6C,93,0.9927628365645605
polynomial_mixed,80PER_3_6C,94,0.9926719908765183
polynomial_mixed,80PER_3_6C,95,0.9925806971620493
polynomial_mixed,80PER_3_6C,96,0.9924889554211538
polynomial_mixed,80PER_3_6C,97,0.9923967656538315
polynomial_mixed,80PER_3_6C,98,0.9923041278600826
polynomial_mixed,80PER_3_6C,99,0.9922110420399072
polynomial_mixed,80PER_3_6C,100,0.9921175081933049
polynomial_mixed,80PER_3_6C,101,0.992023526320276
polynomial_mixed,80PER_3_6C,102,0.9919290964208205
polynomial_mixed,80PER_3_6C,103,0.9918342184949385
polynomial_mixed,80PER_3_6C,104,0.9917388925426296
polynomial_mixed,80PER_3_6C,105,0.9916431185638941
polynomial_mixed,80PER_3_6C,106,0.9915468965587318
polynomial_mixed,80PER_3_6C,107,0.9914502265271432
polynomial_mixed,80PER_3_6C,108,0.9913531084691277
polynomial_mixed,80PER_3_6C,109,0.9912555423846856
polynomial_mixed,80PER_3_6C,110,0.9911575282738169
polynomial_mixed,80PER_3_6C,111,0.9910590661365214
polynomial_mixed,80PER_3_6C,112,0.9909601559727993
polynomial_mixed,80PER_3_6C,113,0.9908607977826506
polynomial_mixed,80PER_3_6C,114,0.9907609915660752
polynomial_mixed,80PER_3_6C,115,0.9906607373230731
polynomial_mixed,80PER_3_6C,116,0.9905600350536444
polynomial_mixed,80PER_3_6C,117,0.990458884757789
polynomial_mixed,80PER_3_6C,118,0.990357286435507
polynomial_mixed,80PER_3_6C,119,0.9902552400867983
polynomial_mixed,80PER_3_6C,120,0.990152745711663
polynomial_mixed,80PER_3_6C,121,0.990049803310101
polynomial_mixed,80PER_3_6C,122,0.9899464128821124
polynomial_mixed,80PER_3_6C,123,0.9898425744276971
polynomial_mixed,80PER_3_6C,124,0.989738287946855
polynomial_mixed,80PER_3_6C,125,0.9896335534395866
polynomial_mixed,80PER_3_6C,126,0.9895283709058912
polynomial_mixed,80PER_3_6C,127,0.9894227403457693
polynomial_mixed,80PER_3_6C,128,0.9893166617592206
polynomial_mixed,80PER_3_6C,129,0.9892101351462455
polynomial_mixed,80PER_3_6C,130,0.9891031605068435
polynomial_mixed,80PER_3_6C,131,0.9889957378410149
polynomial_mixed,80PER_3_6C,132,0.9888878671487598
polynomial_mixed,80PER_3_6C,133,0.9887795484300779
polynomial_mixed,80PER_3_6C,134,0.9886707816849694
polynomial_mixed,80PER_3_6C,135,0.9885615669134341
polynomial_mixed,80PER_3_6C,136,0.9884519041154723
polynomial_mixed,80PER_3_6C,137,0.9883417932910838
polynomial_mixed,80PER_3_6C,138,0.9882312344402686
polynomial_mixed,80PER_3_6C,139,0.9881202275630268
polynomial_mixed,80PER_3_6C,140,0.9880087726593584
polynomial_mixed,80PER_3_6C,141,0.9878968697292633
polynomial_mixed,80PER_3_6C,142,0.9877845187727414
polynomial_mixed,80PER_3_6C,143,0.987671719789793
polynomial_mixed,80PER_3_6C,144,0.987558472780418
polynomial_mixed,80PER_3_6C,145,0.9874447777446161
polynomial_mixed,80PER_3_6C,146,0.9873306346823877
polynomial_mixed,80PER_3_6C,147,0.9872160435937326
polynomial_mixed,80PER_3_6C,148,0.987101004478651
polynomial_mixed,80PER_3_6C,149,0.9869855173371426
polynomial_mixed,80PER_3_6C,150,0.9868695821692075
polynomial_mixed,80PER_3_6C,151,0.9867531989748458
polynomial_mixed,80PER_3_6C,152,0.9866363677540575
polynomial_mixed,80PER_3_6C,153,0.9865190885068424
polynomial_mixed,80PER_3_6C,154,0.9864013612332008
polynomial_mixed,80PER_3_6C,155,0.9862831859331325
polynomial_mixed,80PER_3_6C,156,0.9861645626066374
polynomial_mixed,80PER_3_6C,157,0.9860454912537158
polynomial_mixed,80PER_3_6C,158,0.9859259718743675
polynomial_mixed,80PER_3_6C,159,0.9858060044685926
polynomial_mixed,80PER_3_6C,160,0.9856855890363909
polynomial_mixed,80PER_3_6C,161,0.9855647255777626
polynomial_mixed,80PER_3_6C,162,0.9854434140927077
polynomial_mixed,80PER_3_6C,163,0.9853216545812262
polynomial_mixed,80PER_3_6C,164,0.985199447043318
polynomial_mixed,80PER_3_6C,165,0.9850767914789831
polynomial_mixed,80PER_3_6C,166,0.9849536878882216
polynomial_mixed,80PER_3_6C,167,0.9848301362710333
polynomial_mixed,80PER_3_6C,168,0.9847061366274185
polynomial_mixed,80PER_3_6C,169,0.9845816889573769
polynomial_mixed,80PER_3_6C,170,0.9844567932609087
polynomial_mixed,80PER_3_6C,171,0.9843314495380139
polynomial_mixed,80PER_3_6C,172,0.9842056577886924
polynomial_mixed,80PER_3_6C,173,0.9840794180129442
polynomial_mixed,80PER_3_6C,174,0.9839527302107695
polynomial_mixed,80PER_3_6C,175,0.983825594382168
polynomial_mixed,80PER_3_6C,176,0.9836980105271399
polynomial_mixed,80PER_3_6C,177,0.9835699786456852
polynomial_mixed,80PER_3_6C,178,0.9834414987378037
polynomial_mixed,80PER_3_6C,179,0.9833125708034955
polynomial_mixed,80PER_3_6C,180,0.9831831948427608
polynomial_mixed,80PER_3_6C,181,0.9830533708555995
polynomial_mixed,80PER_3_6C,182,0.9829230988420113
polynomial_mixed,80PER_3_6C,183,0.9827923788019967
polynomial_mixed,80PER_3_6C,184,0.9826612107355552
polynomial_mixed,80PER_3_6C,185,0.9825295946426873
polynomial_mixed,80PER_3_6C,186,0.9823975305233925
polynomial_mixed,80PER_3_6C,187,0.9822650183776712
polynomial_mixed,80PER_3_6C,188,0.9821320582055232
polynomial_mixed,80PER_3_6C,189,0.9819986500069485
polynomial_mixed,80PER_3_6C,190,0.9818647937819472
polynomial_mixed,80PER_3_6C,191,0.9817304895305192
polynomial_mixed,80PER_3_6C,192,0.9815957372526647
polynomial_mixed,80PER_3_6C,193,0.9814605369483833
polynomial_mixed,80PER_3_6C,194,0.9813248886176754
polynomial_mixed,80PER_3_6C,195,0.9811887922605408
polynomial_mixed,80PER_3_6C,196,0.9810522478769795
polynomial_mixed,80PER_3_6C,197,0.9809152554669917
polynomial_mixed,80PER_3_6C,198,0.980777815030577
polynomial_mixed,80PER_3_6C,199,0.9806399265677358
polynomial_mixed,80PER_3_6C,200,0.9805015900784679
polynomial_mixed,4_8C_80PER_4_8C,1,0.9981552178439381
polynomial_mixed,4_8C_80PER_4_8C,2,0.9981975251729774
polynomial_mixed,4_8C_80PER_4_8C,3,0.9982387349291666
polynomial_mixed,4_8C_80PER_4_8C,4,0.9982788471125055
polynomial_mixed,4_8C_80PER_4_8C,5,0.9983178617229939
polynomial_mixed,4_8C_80PER_4_8C,6,0.9983557787606321
polynomial_mixed,4_8C_80PER_4_8C,7,0.9983925982254198
polynomial_mixed,4_8C_80PER_4_8C,8,0.9984283201173575
polynomial_mixed,4_8C_80PER_4_8C,9,0.9984629444364448
polynomial_mixed,4_8C_80PER_4_8C,10,0.9984964711826816
polynomial_mixed,4_8C_80PER_4_8C,11,0.9985289003560683
polynomial_mixed,4_8C_80PER_4_8C,12,0.9985602319566047
polynomial_mixed,4_8C_80PER_4_8C,13,0.9985904659842907
polynomial_mixed,4_8C_80PER_4_8C,14,0.9986196024391264
polynomial_mixed,4_8C_80PER_4_8C,15,0.9986476413211118
polynomial_mixed,4_8C_80PER_4_8C,16,0.998674582630247
polynomial_mixed,4_8C_80PER_4_8C,17,0.9987004263665318
polynomial_mixed,4_8C_80PER_4_8C,18,0.9987251725299663
polynomial_mixed,4_8C_80PER_4_8C,19,0.9987488211205505
polynomial_mixed,4_8C_80PER_4_8C,20,0.9987713721382844
polynomial_mixed,4_8C_80PER_4_8C,21,0.998792825583168
polynomial_mixed,4_8C_80PER_4_8C,22,0.9988131814552013
polynomial_mixed,4_8C_80PER_4_8C,23,0.9988324397543842
polynomial_mixed,4_8C_80PER_4_8C,24,0.9988506004807169
polynomial_mixed,4_8C_80PER_4_8C,25,0.9988676636341993
polynomial_mixed,4_8C_80PER_4_8C,26,0.9988836292148313
polynomial_mixed,4_8C_80PER_4_8C,27,0.9988984972226131
polynomial_mixed,4_8C_80PER_4_8C,28,0.9989122676575446
polynomial_mixed,4_8C_80PER_4_8C,29,0.9989249405196257
polynomial_mixed,4_8C_80PER_4_8C,30,0.9989365158088566
polynomial_mixed,4_8C_80PER_4_8C,31,0.9989469935252372
polynomial_mixed,4_8C_80PER_4_8C,32,0.9989563736687673
polynomial_mixed,4_8C_80PER_4_8C,33,0.9989646562394473
polynomial_mixed,4_8C_80PER_4_8C,34,0.9989718412372769
polynomial_mixed,4_8C_80PER_4_8C,35,0.9989779286622562
polynomial_mixed,4_8C_80PER_4_8C,36,0.9989829185143853
polynomial_mixed,4_8C_80PER_4_8C,37,0.9989868107936639
polynomial_mixed,4_8C_80PER_4_8C,38,0.9989896055000924
polynomial_mixed,4_8C_80PER_4_8C,39,0.9989913026336705
polynomial_mixed,4_8C_80PER_4_8C,40,0.9989919021943983
polynomial_mixed,4_8C_80PER_4_8C,41,0.9989914041822758
polynomial_mixed,4_8C_80PER_4_8C,42,0.9989898085973029
polynomial_mixed,4_8C_80PER_4_8C,43,0.9989871154394798
polynomial_mixed,4_8C_80PER_4_8C,44,0.9989833247088064
polynomial_mixed,4_8C_80PER_4_8C,45,0.9989784364052827
polynomial_mixed,4_8C_80PER_4_8C,46,0.9989724505289086
polynomial_mixed,4_8C_80PER_4_8C,47,0.9989653670796842
polynomial_mixed,4_8C_80PER_4_8C,48,0.9989571860576097
polynomial_mixed,4_8C_80PER_4_8C,49,0.9989479074626847
polynomial_mixed,4_8C_80PER_4_8C,50,0.9989375312949094
polynomial_mixed,4_8C_80PER_4_8C,51,0.998926057554284
polynomial_mixed,4_8C_80PER_4_8C,52,0.998913486240808
polynomial_mixed,4_8C_80PER_4_8C,53,0.9988998173544819
polynomial_mixed,4_8C_80PER_4_8C,54,0.9988850508953052
polynomial_mixed,4_8C_80PER_4_8C,55,0.9988691868632786
polynomial_mixed,4_8C_80PER_4_8C,56,0.9988522252584014
polynomial_mixed,4_8C_80PER_4_8C,57,0.998834166080674
polynomial_mixed,4_8C_80PER_4_8C,58,0.9988150093300965
polynomial_mixed,4_8C_80PER_4_8C,59,0.9987947550066684
polynomial_mixed,4_8C_80PER_4_8C,60,0.99877340311039
polynomial_mixed,4_8C_80PER_4_8C,61,0.9987509536412615
polynomial_mixed,4_8C_80PER_4_8C,62,0.9987274065992826
polynomial_mixed,4_8C_80PER_4_8C,63,0.9987027619844533
polynomial_mixed,4_8C_80PER_4_8C,64,0.9986770197967739
polynomial_mixed,4_8C_80PER_4_8C,65,0.998650180036244
polynomial_mixed,4_8C_80PER_4_8C,66,0.9986222427028638
polynomial_mixed,4_8C_80PER_4_8C,67,0.9985932077966335
polynomial_mixed,4_8C_80PER_4_8C,68,0.9985630753175527
polynomial_mixed,4_8C_80PER_4_8C,69,0.9985318452656216
polynomial_mixed,4_8C_80PER_4_8C,70,0.9984995176408403
polynomial_mixed,4_8C_80PER_4_8C,71,0.9984660924432086
polynomial_mixed,4_8C_80PER_4_8C,72,0.9984315696727266
polynomial_mixed,4_8C_80PER_4_8C,73,0.9983959493293942
polynomial_mixed,4_8C_80PER_4_8C,74,0.9983592314132118
polynomial_mixed,4_8C_80PER_4_8C,75,0.9983214159241789
polynomial_mixed,4_8C_80PER_4_8C,76,0.9982825028622956
polynomial_mixed,4_8C_80PER_4_8C,77,0.9982424922275622
polynomial_mixed,4_8C_80PER_4_8C,78,0.9982013840199784
polynomial_mixed,4_8C_80PER_4_8C,79,0.9981591782395443
polynomial_mixed,4_8C_80PER_4_8C,80,0.99811587488626
polynomial_mixed,4_8C_80PER_4_8C,81,0.9980714739601252
polynomial_mixed,4_8C_80PER_4_8C,82,0.99802597546114
polynomial_mixed,4_8C_80PER_4_8C,83,0.9979793793893049
polynomial_mixed,4_8C_80PER_4_8C,84,0.9979316857446192
polynomial_mixed,4_8C_80PER_4_8C,85,0.9978828945270832
polynomial_mixed,4_8C_80PER_4_8C,86,0.9978330057366971
polynomial_mixed,4_8C_80PER_4_8C,87,0.9977820193734604
polynomial_mixed,4_8C_80PER_4_8C,88,0.9977299354373735
polynomial_mixed,4_8C_80PER_4_8C,89,0.9976767539284366
polynomial_mixed,4_8C_80PER_4_8C,90,0.997622474846649
polynomial_mixed,4_8C_80PER_4_8C,91,0.9975670981920112
polynomial_mixed,4_8C_80PER_4_8C,92,0.9975106239645231
polynomial_mixed,4_8C_80PER_4_8C,93,0.9974530521641848
polynomial_mixed,4_8C_80PER_4_8C,94,0.997394382790996
polynomial_mixed,4_8C_80PER_4_8C,95,0.997334615844957
polynomial_mixed,4_8C_80PER_4_8C,96,0.9972737513260679
polynomial_mixed,4_8C_80PER_4_8C,97,0.9972117892343282
polynomial_mixed,4_8C_80PER_4_8C,98,0.9971487295697382
polynomial_mixed,4_8C_80PER_4_8C,99,0.9970845723322982
polynomial_mixed,4_8C_80PER_4_8C,100,0.9970193175220076
polynomial_mixed,4_8C_80PER_4_8C,101,0.9969529651388667
polynomial_mixed,4_8C_80PER_4_8C,102,0.9968855151828757
polynomial_mixed,4_8C_80PER_4_8C,103,0.9968169676540343
polynomial_mixed,4_8C_80PER_4_8C,104,0.9967473225523424
polynomial_mixed,4_8C_80PER_4_8C,105,0.9966765798778006
polynomial_mixed,4_8C_80PER_4_8C,106,0.9966047396304081
polynomial_mixed,4_8C_80PER_4_8C,107,0.9965318018101654
polynomial_mixed,4_8C_80PER_4_8C,108,0.9964577664170724
polynomial_mixed,4_8C_80PER_4_8C,109,0.9963826334511292
polynomial_mixed,4_8C_80PER_4_8C,110,0.9963064029123356
polynomial_mixed,4_8C_80PER_4_8C,111,0.9962290748006917
polynomial_mixed,4_8C_80PER_4_8C,112,0.9961506491161977
polynomial_mixed,4_8C_80PER_4_8C,113,0.9960711258588532
polynomial_mixed,4_8C_80PER_4_8C,114,0.9959905050286583
polynomial_mixed,4_8C_80PER_4_8C,115,0.9959087866256133
polynomial_mixed,4_8C_80PER_4_8C,116,0.9958259706497179
polynomial_mixed,4_8C_80PER_4_8C,117,0.9957420571009721
polynomial_mixed,4_8C_80PER_4_8C,118,0.9956570459793762
polynomial_mixed,4_8C_80PER_4_8C,119,0.9955709372849298
polynomial_mixed,4_8C_80PER_4_8C,120,0.9954837310176331
polynomial_mixed,4_8C_80PER_4_8C,121,0.9953954271774864
polynomial_mixed,4_8C_80PER_4_8C,122,0.9953060257644891
polynomial_mixed,4_8C_80PER_4_8C,123,0.9952155267786414
polynomial_mixed,4_8C_80PER_4_8C,124,0.9951239302199438
polynomial_mixed,4_8C_80PER_4_8C,125,0.9950312360883956
polynomial_mixed,4_8C_80PER_4_8C,126,0.9949374443839971
polynomial_mixed,4_8C_80PER_4_8C,127,0.9948425551067482
polynomial_mixed,4_8C_80PER_4_8C,128,0.9947465682566493
polynomial_mixed,4_8C_80PER_4_8C,129,0.9946494838336999
polynomial_mixed,4_8C_80PER_4_8C,130,0.9945513018379002
polynomial_mixed,4_8C_80PER_4_8C,131,0.9944520222692503
polynomial_mixed,4_8C_80PER_4_8C,132,0.99435164512775
polynomial_mixed,4_8C_80PER_4_8C,133,0.9942501704133994
polynomial_mixed,4_8C_80PER_4_8C,134,0.9941475981261986
polynomial_mixed,4_8C_80PER_4_8C,135,0.9940439282661473
polynomial_mixed,4_8C_80PER_4_8C,136,0.9939391608332457
polynomial_mixed,4_8C_80PER_4_8C,137,0.9938332958274941
polynomial_mixed,4_8C_80PER_4_8C,138,0.9937263332488919
polynomial_mixed,4_8C_80PER_4_8C,139,0.9936182730974394
polynomial_mixed,4_8C_80PER_4_8C,140,0.9935091153731369
polynomial_mixed,4_8C_80PER_4_8C,141,0.9933988600759838
polynomial_mixed,4_8C_80PER_4_8C,142,0.9932875072059804
polynomial_mixed,4_8C_80PER_4_8C,143,0.9931750567631269
polynomial_mixed,4_8C_80PER_4_8C,144,0.9930615087474229
polynomial_mixed,4_8C_80PER_4_8C,145,0.9929468631588686
polynomial_mixed,4_8C_80PER_4_8C,146,0.992831119997464
polynomial_mixed,4_8C_80PER_4_8C,147,0.9927142792632092
polynomial_mixed,4_8C_80PER_4_8C,148,0.992596340956104
polynomial_mixed,4_8C_80PER_4_8C,149,0.9924773050761485
polynomial_mixed,4_8C_80PER_4_8C,150,0.9923571716233429
polynomial_mixed,4_8C_80PER_4_8C,151,0.9922359405976867
polynomial_mixed,4_8C_80PER_4_8C,152,0.9921136119991802
polynomial_mixed,4_8C_80PER_4_8C,153,0.9919901858278237
polynomial_mixed,4_8C_80PER_4_8C,154,0.9918656620836167
polynomial_mixed,4_8C_80PER_4_8C,155,0.9917400407665593
polynomial_mixed,4_8C_80PER_4_8C,156,0.9916133218766519
polynomial_mixed,4_8C_80PER_4_8C,157,0.9914855054138939
polynomial_mixed,4_8C_80PER_4_8C,158,0.9913565913782856
polynomial_mixed,4_8C_80PER_4_8C,159,0.9912265797698272
polynomial_mixed,4_8C_80PER_4_8C,160,0.9910954705885183
polynomial_mixed,4_8C_80PER_4_8C,161,0.9909632638343592
polynomial_mixed,4_8C_80PER_4_8C,162,0.9908299595073496
polynomial_mixed,4_8C_80PER_4_8C,163,0.9906955576074901
polynomial_mixed,4_8C_80PER_4_8C,164,0.9905600581347799
polynomial_mixed,4_8C_80PER_4_8C,165,0.9904234610892195
polynomial_mixed,4_8C_80PER_4_8C,166,0.990285766470809
polynomial_mixed,4_8C_80PER_4_8C,167,0.990146974279548
polynomial_mixed,4_8C_80PER_4_8C,168,0.9900070845154366
polynomial_mixed,4_8C_80PER_4_8C,169,0.9898660971784752
polynomial_mixed,4_8C_80PER_4_8C,170,0.9897240122686632
polynomial_mixed,4_8C_80PER_4_8C,171,0.989580829786001
polynomial_mixed,4_8C_80PER_4_8C,172,0.9894365497304887
polynomial_mixed,4_8C_80PER_4_8C,173,0.9892911721021258
polynomial_mixed,4_8C_80PER_4_8C,174,0.9891446969009127
polynomial_mixed,4_8C_80PER_4_8C,175,0.9889971241268494
polynomial_mixed,4_8C_80PER_4_8C,176,0.9888484537799357
polynomial_mixed,4_8C_80PER_4_8C,177,0.9886986858601715
polynomial_mixed,4_8C_80PER_4_8C,178,0.9885478203675574
polynomial_mixed,4_8C_80PER_4_8C,179,0.9883958573020927
polynomial_mixed,4_8C_80PER_4_8C,180,0.9882427966637777
polynomial_mixed,4_8C_80PER_4_8C,181,0.9880886384526124
polynomial_mixed,4_8C_80PER_4_8C,182,0.987933382668597
polynomial_mixed,4_8C_80PER_4_8C,183,0.9877770293117311
polynomial_mixed,4_8C_80PER_4_8C,184,0.9876195783820149
polynomial_mixed,4_8C_80PER_4_8C,185,0.9874610298794486
polynomial_mixed,4_8C_80PER_4_8C,186,0.9873013838040318
polynomial_mixed,4_8C_80PER_4_8C,187,0.9871406401557646
polynomial_mixed,4_8C_80PER_4_8C,188,0.9869787989346475
polynomial_mixed,4_8C_80PER_4_8C,189,0.9868158601406797
polynomial_mixed,4_8C_80PER_4_8C,190,0.9866518237738616
polynomial_mixed,4_8C_80PER_4_8C,191,0.9864866898341935
polynomial_mixed,4_8C_80PER_4_8C,192,0.9863204583216748
polynomial_mixed,4_8C_80PER_4_8C,193,0.9861531292363058
polynomial_mixed,4_8C_80PER_4_8C,194,0.9859847025780868
polynomial_mixed,4_8C_80PER_4_8C,195,0.9858151783470173
polynomial_mixed,4_8C_80PER_4_8C,196,0.9856445565430973
polynomial_mixed,4_8C_80PER_4_8C,197,0.9854728371663274
polynomial_mixed,4_8C_80PER_4_8C,198,0.9853000202167069
polynomial_mixed,4_8C_80PER_4_8C,199,0.9851261056942361
polynomial_mixed,4_8C_80PER_4_8C,200,0.984951093598915
polynomial_mixed,5_6C_19PER_4_6C_NEWSTRUCTURE,1,0.9994645568500117
polynomial_mixed,5_6C_19PER_4_6C_NEWSTRUCTURE,2,0.9994652712438993
polynomial_mixed,5_6C_19PER_4_6C_NEWSTRUCTURE,3,0.9994656871660126
polynomial_mixed,5_6C_19PER_4_6C_NEWSTRUCTURE,4,0.9994658046163518
polynomial_mixed,5_6C_19PER_4_6C_NEWSTRUCTURE,5,0.9994656235949166
polynomial_mixed,5_6C_19PER_4_6C_NEWSTRUCTURE,6,0.9994651441017073
polynomial_mixed,5_6C_19PER_4_6C_NEWSTRUCTURE,7,0.9994643661367235
polynomial_mixed,5_6C_19PER_4_6C_NEWSTRUCTURE,8,0.9994632896999656
polynomial_mixed,5_6C_19PER_4_6C_NEWSTRUCTURE,9,0.9994619147914333
polynomial_mixed,5_6C_19PER_4_6C_NEWSTRUCTURE,10,0.9994602414111268
polynomial_mixed,5_6C_19PER_4_6C_NEWSTRUCTURE,11,0.9994582695590459
polynomial_mixed,5_6C_19PER_4_6C_NEWSTRUCTURE,12,0.9994559992351909
polynomial_mixed,5_6C_19PER_4_6C_NEWSTRUCTURE,13,0.9994534304395616
polynomial_mixed,5_6C_19PER_4_6C_NEWSTRUCTURE,14,0.999450563172158
polynomial_mixed,5_6C_19PER_4_6C_NEWSTRUCTURE,15,0.9994473974329801
polynomial_mixed,5_6C_19PER_4_6C_NEWSTRUCTURE,16,0.9994439332220278
polynomial_mixed,5_6C_19PER_4_6C_NEWSTRUCTURE,17,0.9994401705393015
polynomial_mixed,5_6C_19PER_4_6C_NEWSTRUCTURE,18,0.9994361093848008
polynomial_mixed,5_6C_19PER_4_6C_NEWSTRUCTURE,19,0.9994317497585258
polynomial_mixed,5_6C_19PER_4_6C_NEWSTRUCTURE,20,0.9994270916604766
polynomial_mixed,5_6C_19PER_4_6C_NEWSTRUCTURE,21,0.9994221350906529
polynomial_mixed,5_6C_19PER_4_6C_NEWSTRUCTURE,22,0.9994168800490552
polynomial_mixed,5_6C_19PER_4_6C_NEWSTRUCTURE,23,0.9994113265356831
polynomial_mixed,5_6C_19PER_4_6C_NEWSTRUCTURE,24,0.9994054745505367
polynomial_mixed,5_6C_19PER_4_6C_NEWSTRUCTURE,25,0.9993993240936161
polynomial_mixed,5_6C_19PER_4_6C_NEWSTRUCTURE,26,0.9993928751649211
polynomial_mixed,5_6C_19PER_4_6C_NEWSTRUCTURE,27,0.999386127764452
polynomial_mixed,5_6C_19PER_4_6C_NEWSTRUCTURE,28,0.9993790818922086
polynomial_mixed,5_6C_19PER_4_6C_NEWSTRUCTURE,29,0.9993717375481909
polynomial_mixed,5_6C_19PER_4_6C_NEWSTRUCTURE,30,0.9993640947323988
polynomial_mixed,5_6C_19PER_4_6C_NEWSTRUCTURE,31,0.9993561534448326
polynomial_mixed,5_6C_19PER_4_6C_NEWSTRUCTURE,32,0.9993479136854919
polynomial_mixed,5_6C_19PER_4_6C_NEWSTRUCTURE,33,0.9993393754543771
polynomial_mixed,5_6C_19PER_4_6C_NEWSTRUCTURE,34,0.9993305387514881
polynomial_mixed,5_6C_19PER_4_6C_NEWSTRUCTURE,35,0.9993214035768248
polynomial_mixed,5_6C_19PER_4_6C_NEWSTRUCTURE,36,0.9993119699303871
polynomial_mixed,5_6C_19PER_4_6C_NEWSTRUCTURE,37,0.9993022378121752
polynomial_mixed,5_6C_19PER_4_6C_NEWSTRUCTURE,38,0.9992922072221889
polynomial_mixed,5_6C_19PER_4_6C_NEWSTRUCTURE,39,0.9992818781604285
polynomial_mixed,5_6C_19PER_4_6C_NEWSTRUCTURE,40,0.9992712506268937
polynomial_mixed,5_6C_19PER_4_6C_NEWSTRUCTURE,41,0.9992603246215848
polynomial_mixed,5_6C_19PER_4_6C_NEWSTRUCTURE,42,0.9992491001445015
polynomial_mixed,5_6C_19PER_4_6C_NEWSTRUCTURE,43,0.999237577195644
polynomial_mixed,5_6C_19PER_4_6C_NEWSTRUCTURE,44,0.999225755775012
polynomial_mixed,5_6C_19PER_4_6C_NEWSTRUCTURE,45,0.9992136358826059
polynomial_mixed,5_6C_19PER_4_6C_NEWSTRUCTURE,46,0.9992012175184256
polynomial_mixed,5_6C_19PER_4_6C_NEWSTRUCTURE,47,0.9991885006824709
polynomial_mixed,5_6C_19PER_4_6C_NEWSTRUCTURE,48,0.999175485374742
polynomial_mixed,5_6C_19PER_4_6C_NEWSTRUCTURE,49,0.9991621715952387
polynomial_mixed,5_6C_19PER_4_6C_NEWSTRUCTURE,50,0.9991485593439613
polynomial_mixed,5_6C_19PER_4_6C_NEWSTRUCTURE,51,0.9991346486209095
polynomial_mixed,5_6C_19PER_4_6C_NEWSTRUCTURE,52,0.9991204394260835
polynomial_mixed,5_6C_19PER_4_6C_NEWSTRUCTURE,53,0.9991059317594833
polynomial_mixed,5_6C_19PER_4_6C_NEWSTRUCTURE,54,0.9990911256211087
polynomial_mixed,5_6C_19PER_4_6C_NEWSTRUCTURE,55,0.9990760210109597
polynomial_mixed,5_6C_19PER_4_6C_NEWSTRUCTURE,56,0.9990606179290367
polynomial_mixed,5_6C_19PER_4_6C_NEWSTRUCTURE,57,0.9990449163753392
polynomial_mixed,5_6C_19PER_4_6C_NEWSTRUCTURE,58,0.9990289163498676
polynomial_mixed,5_6C_19PER_4_6C_NEWSTRUCTURE,59,0.9990126178526216
polynomial_mixed,5_6C_19PER_4_6C_NEWSTRUCTURE,60,0.9989960208836015
polynomial_mixed,5_6C_19PER_4_6C_NEWSTRUCTURE,61,0.9989791254428069
polynomial_mixed,5_6C_19PER_4_6C_NEWSTRUCTURE,62,0.9989619315302382
polynomial_mixed,5_6C_19PER_4_6C_NEWSTRUCTURE,63,0.9989444391458951
polynomial_mixed,5_6C_19PER_4_6C_NEWSTRUCTURE,64,0.9989266482897778
polynomial_mixed,5_6C_19PER_4_6C_NEWSTRUCTURE,65,0.9989085589618862
polynomial_mixed,5_6C_19PER_4_6C_NEWSTRUCTURE,66,0.9988901711622205
polynomial_mixed,5_6C_19PER_4_6C_NEWSTRUCTURE,67,0.9988714848907801
polynomial_mixed,5_6C_19PER_4_6C_NEWSTRUCTURE,68,0.9988525001475658
polynomial_mixed,5_6C_19PER_4_6C_NEWSTRUCTURE,69,0.9988332169325771
polynomial_mixed,5_6C_19PER_4_6C_NEWSTRUCTURE,70,0.9988136352458141
polynomial_mixed,5_6C_19PER_4_6C_NEWSTRUCTURE,71,0.998793755087277
polynomial_mixed,5_6C_19PER_4_6C_NEWSTRUCTURE,72,0.9987735764569654
polynomial_mixed,5_6C_19PER_4_6C_NEWSTRUCTURE,73,0.9987530993548795
polynomial_mixed,5_6C_19PER_4_6C_NEWSTRUCTURE,74,0.9987323237810195
polynomial_mixed,5_6C_19PER_4_6C_NEWSTRUCTURE,75,0.9987112497353853
polynomial_mixed,5_6C_19PER_4_6C_NEWSTRUCTURE,76,0.9986898772179766
polynomial_mixed,5_6C_19PER_4_6C_NEWSTRUCTURE,77,0.9986682062287938
polynomial_mixed,5_6C_19PER_4_6C_NEWSTRUCTURE,78,0.9986462367678366
polynomial_mixed,5_6C_19PER_4_6C_NEWSTRUCTURE,79,0.9986239688351052
polynomial_mixed,5_6C_19PER_4_6C_NEWSTRUCTURE,80,0.9986014024305995
polynomial_mixed,5_6C_19PER_4_6C_NEWSTRUCTURE,81,0.9985785375543195
polynomial_mixed,5_6C_19PER_4_6C_NEWSTRUCTURE,82,0.9985553742062653
polynomial_mixed,5_6C_19PER_4_6C_NEWSTRUCTURE,83,0.9985319123864368
polynomial_mixed,5_6C_19PER_4_6C_NEWSTRUCTURE,84,0.9985081520948339
polynomial_mixed,5_6C_19PER_4_6C_NEWSTRUCTURE,85,0.9984840933314568
polynomial_mixed,5_6C_19PER_4_6C_NEWSTRUCTURE,86,0.9984597360963056
polynomial_mixed,5_6C_19PER_4_6C_NEWSTRUCTURE,87,0.9984350803893799
polynomial_mixed,5_6C_19PER_4_6C_NEWSTRUCTURE,88,0.99841012621068
polynomial_mixed,5_6C_19PER_4_6C_NEWSTRUCTURE,89,0.9983848735602059
polynomial_mixed,5_6C_19PER_4_6C_NEWSTRUCTURE,90,0.9983593224379573
polynomial_mixed,5_6C_19PER_4_6C_NEWSTRUCTURE,91,0.9983334728439347
polynomial_mixed,5_6C_19PER_4_6C_NEWSTRUCTURE,92,0.9983073247781377
polynomial_mixed,5_6C_19PER_4_6C_NEWSTRUCTURE,93,0.9982808782405664
polynomial_mixed,5_6C_19PER_4_6C_NEWSTRUCTURE,94,0.9982541332312209
polynomial_mixed,5_6C_19PER_4_6C_NEWSTRUCTURE,95,0.9982270897501012
polynomial_mixed,5_6C_19PER_4_6C_NEWSTRUCTURE,96,0.998199747797207
polynomial_mixed,5_6C_19PER_4_6C_NEWSTRUCTURE,97,0.9981721073725387
polynomial_mixed,5_6C_19PER_4_6C_NEWSTRUCTURE,98,0.998144168476096
polynomial_mixed,5_6C_19PER_4_6C_NEWSTRUCTURE,99,0.9981159311078791
polynomial_mixed,5_6C_19PER_4_6C_NEWSTRUCTURE,100,0.998087395267888
polynomial_mixed,5_6C_19PER_4_6C_NEWSTRUCTURE,101,0.9980585609561224
polynomial_mixed,5_6C_19PER_4_6C_NEWSTRUCTURE,102,0.9980294281725828
polynomial_mixed,5_6C_19PER_4_6C_NEWSTRUCTURE,103,0.9979999969172687
polynomial_mixed,5_6C_19PER_4_6C_NEWSTRUCTURE,104,0.9979702671901804
polynomial_mixed,5_6C_19PER_4_6C_NEWSTRUCTURE,105,0.997940238991318
polynomial_mixed,5_6C_19PER_4_6C_NEWSTRUCTURE,106,0.9979099123206812
polynomial_mixed,5_6C_19PER_4_6C_NEWSTRUCTURE,107,0.99787928717827
polynomial_mixed,5_6C_19PER_4_6C_NEWSTRUCTURE,108,0.9978483635640846
polynomial_mixed,5_6C_19PER_4_6C_NEWSTRUCTURE,109,0.997817141478125
polynomial_mixed,5_6C_19PER_4_6C_NEWSTRUCTURE,110,0.9977856209203911
polynomial_mixed,5_6C_19PER_4_6C_NEWSTRUCTURE,111,0.9977538018908829
polynomial_mixed,5_6C_19PER_4_6C_NEWSTRUCTURE,112,0.9977216843896005
polynomial_mixed,5_6C_19PER_4_6C_NEWSTRUCTURE,113,0.9976892684165436
polynomial_mixed,5_6C_19PER_4_6C_NEWSTRUCTURE,114,0.9976565539717126
polynomial_mixed,5_6C_19PER_4_6C_NEWSTRUCTURE,115,0.9976235410551074
polynomial_mixed,5_6C_19PER_4_6C_NEWSTRUCTURE,116,0.9975902296667278
polynomial_mixed,5_6C_19PER_4_6C_NEWSTRUCTURE,117,0.9975566198065741
polynomial_mixed,5_6C_19PER_4_6C_NEWSTRUCTURE,118,0.9975227114746459
polynomial_mixed,5_6C_19PER_4_6C_NEWSTRUCTURE,119,0.9974885046709434
polynomial_mixed,5_6C_19PER_4_6C_NEWSTRUCTURE,120,0.9974539993954668
polynomial_mixed,5_6C_19PER_4_6C_NEWSTRUCTURE,121,0.9974191956482159
polynomial_mixed,5_6C_19PER_4_6C_NEWSTRUCTURE,122,0.9973840934291907
polynomial_mixed,5_6C_19PER_4_6C_NEWSTRUCTURE,123,0.9973486927383912
polynomial_mixed,5_6C_19PER_4_6C_NEWSTRUCTURE,124,0.9973129935758174
polynomial_mixed,5_6C_19PER_4_6C_NEWSTRUCTURE,125,0.9972769959414693
polynomial_mixed,5_6C_19PER_4_6C_NEWSTRUCTURE,126,0.9972406998353471
polynomial_mixed,5_6C_19PER_4_6C_NEWSTRUCTURE,127,0.9972041052574505
polynomial_mixed,5_6C_19PER_4_6C_NEWSTRUCTURE,128,0.9971672122077797
polynomial_mixed,5_6C_19PER_4_6C_NEWSTRUCTURE,129,0.9971300206863346
polynomial_mixed,5_6C_19PER_4_6C_NEWSTRUCTURE,130,0.9970925306931151
polynomial_mixed,5_6C_19PER_4_6C_NEWSTRUCTURE,131,0.9970547422281215
polynomial_mixed,5_6C_19PER_4_6C_NEWSTRUCTURE,132,0.9970166552913535
polynomial_mixed,5_6C_19PER_4_6C_NEWSTRUCTURE,133,0.9969782698828114
polynomial_mixed,5_6C_19PER_4_6C_NEWSTRUCTURE,134,0.9969395860024949
polynomial_mixed,5_6C_19PER_4_6C_NEWSTRUCTURE,135,0.9969006036504041
polynomial_mixed,5_6C_19PER_4_6C_NEWSTRUCTURE,136,0.9968613228265389
polynomial_mixed,5_6C_19PER_4_6C_NEWSTRUCTURE,137,0.9968217435308997
polynomial_mixed,5_6C_19PER_4_6C_NEWSTRUCTURE,138,0.9967818657634862
polynomial_mixed,5_6C_19PER_4_6C_NEWSTRUCTURE,139,0.9967416895242982
polynomial_mixed,5_6C_19PER_4_6C_NEWSTRUCTURE,140,0.9967012148133362
polynomial_mixed,5_6C_19PER_4_6C_NEWSTRUCTURE,141,0.9966604416305997
polynomial_mixed,5_6C_19PER_4_6C_NEWSTRUCTURE,142,0.9966193699760889
polynomial_mixed,5_6C_19PER_4_6C_NEWSTRUCTURE,143,0.996577999849804
polynomial_mixed,5_6C_19PER_4_6C_NEWSTRUCTURE,144,0.9965363312517448
polynomial_mixed,5_6C_19PER_4_6C_NEWSTRUCTURE,145,0.9964943641819113
polynomial_mixed,5_6C_19PER_4_6C_NEWSTRUCTURE,146,0.9964520986403036
polynomial_mixed,5_6C_19PER_4_6C_NEWSTRUCTURE,147,0.9964095346269214
polynomial_mixed,5_6C_19PER_4_6C_NEWSTRUCTURE,148,0.9963666721417651
polynomial_mixed,5_6C_19PER_4_6C_NEWSTRUCTURE,149,0.9963235111848345
polynomial_mixed,5_6C_19PER_4_6C_NEWSTRUCTURE,150,0.9962800517561297
polynomial_mixed,5_6C_19PER_4_6C_NEWSTRUCTURE,151,0.9962362938556505
polynomial_mixed,5_6C_19PER_4_6C_NEWSTRUCTURE,152,0.9961922374833971
polynomial_mixed,5_6C_19PER_4_6C_NEWSTRUCTURE,153,0.9961478826393693
polynomial_mixed,5_6C_19PER_4_6C_NEWSTRUCTURE,154,0.9961032293235673
polynomial_mixed,5_6C_19PER_4_6C_NEWSTRUCTURE,155,0.9960582775359911
polynomial_mixed,5_6C_19PER_4_6C_NEWSTRUCTURE,156,0.9960130272766407
polynomial_mixed,5_6C_19PER_4_6C_NEWSTRUCTURE,157,0.9959674785455158
polynomial_mixed,5_6C_19PER_4_6C_NEWSTRUCTURE,158,0.9959216313426168
polynomial_mixed,5_6C_19PER_4_6C_NEWSTRUCTURE,159,0.9958754856679434
polynomial_mixed,5_6C_19PER_4_6C_NEWSTRUCTURE,160,0.9958290415214958
polynomial_mixed,5_6C_19PER_4_6C_NEWSTRUCTURE,161,0.9957822989032739
polynomial_mixed,5_6C_19PER_4_6C_NEWSTRUCTURE,162,0.9957352578132778
polynomial_mixed,5_6C_19PER_4_6C_NEWSTRUCTURE,163,0.9956879182515073
polynomial_mixed,5_6C_19PER_4_6C_NEWSTRUCTURE,164,0.9956402802179626
polynomial_mixed,5_6C_19PER_4_6C_NEWSTRUCTURE,165,0.9955923437126435
polynomial_mixed,5_6C_19PER_4_6C_NEWSTRUCTURE,166,0.9955441087355503
polynomial_mixed,5_6C_19PER_4_6C_NEWSTRUCTURE,167,0.9954955752866828
polynomial_mixed,5_6C_19PER_4_6C_NEWSTRUCTURE,168,0.995446743366041
polynomial_mixed,5_6C_19PER_4_6C_NEWSTRUCTURE,169,0.995397612973625
polynomial_mixed,5_6C_19PER_4_6C_NEWSTRUCTURE,170,0.9953481841094345
polynomial_mixed,5_6C_19PER_4_6C_NEWSTRUCTURE,171,0.9952984567734698
polynomial_mixed,5_6C_19PER_4_6C_NEWSTRUCTURE,172,0.995248430965731
polynomial_mixed,5_6C_19PER_4_6C_NEWSTRUCTURE,173,0.9951981066862178
polynomial_mixed,5_6C_19PER_4_6C_NEWSTRUCTURE,174,0.9951474839349304
polynomial_mixed,5_6C_19PER_4_6C_NEWSTRUCTURE,175,0.9950965627118686
polynomial_mixed,5_6C_19PER_4_6C_NEWSTRUCTURE,176,0.9950453430170326
polynomial_mixed,5_6C_19PER_4_6C_NEWSTRUCTURE,177,0.9949938248504223
polynomial_mixed,5_6C_19PER_4_6C_NEWSTRUCTURE,178,0.9949420082120378
polynomial_mixed,5_6C_19PER_4_6C_NEWSTRUCTURE,179,0.994889893101879
polynomial_mixed,5_6C_19PER_4_6C_NEWSTRUCTURE,180,0.9948374795199459
polynomial_mixed,5_6C_19PER_4_6C_NEWSTRUCTURE,181,0.9947847674662386
polynomial_mixed,5_6C_19PER_4_6C_NEWSTRUCTURE,182,0.9947317569407568
polynomial_mixed,5_6C_19PER_4_6C_NEWSTRUCTURE,183,0.9946784479435009
polynomial_mixed,5_6C_19PER_4_6C_NEWSTRUCTURE,184,0.9946248404744708
polynomial_mixed,5_6C_19PER_4_6C_NEWSTRUCTURE,185,0.9945709345336663
polynomial_mixed,5_6C_19PER_4_6C_NEWSTRUCTURE,186,0.9945167301210875
polynomial_mixed,5_6C_19PER_4_6C_NEWSTRUCTURE,187,0.9944622272367346
polynomial_mixed,5_6C_19PER_4_6C_NEWSTRUCTURE,188,0.9944074258806072
polynomial_mixed,5_6C_19PER_4_6C_NEWSTRUCTURE,189,0.9943523260527056
polynomial_mixed,5_6C_19PER_4_6C_NEWSTRUCTURE,190,0.9942969277530298
polynomial_mixed,5_6C_19PER_4_6C_NEWSTRUCTURE,191,0.9942412309815797
polynomial_mixed,5_6C_19PER_4_6C_NEWSTRUCTURE,192,0.9941852357383554
polynomial_mixed,5_6C_19PER_4_6C_NEWSTRUCTURE,193,0.9941289420233566
polynomial_mixed,5_6C_19PER_4_6C_NEWSTRUCTURE,194,0.9940723498365837
polynomial_mixed,5_6C_19PER_4_6C_NEWSTRUCTURE,195,0.9940154591780365
polynomial_mixed,5_6C_19PER_4_6C_NEWSTRUCTURE,196,0.9939582700477151
polynomial_mixed,5_6C_19PER_4_6C_NEWSTRUCTURE,197,0.9939007824456193
polynomial_mixed,5_6C_19PER_4_6C_NEWSTRUCTURE,198,0.9938429963717493
polynomial_mixed,5_6C_19PER_4_6C_NEWSTRUCTURE,199,0.9937849118261048
polynomial_mixed,5_6C_19PER_4_6C_NEWSTRUCTURE,200,0.9937265288086863
polynomial_mixed,5_6C_36PER_4_3C_NEWSTRUCTURE,1,0.9993888246864957
polynomial_mixed,5_6C_36PER_4_3C_NEWSTRUCTURE,2,0.9993925076688099
polynomial_mixed,5_6C_36PER_4_3C_NEWSTRUCTURE,3,0.9993959048358051
polynomial_mixed,5_6C_36PER_4_3C_NEWSTRUCTURE,4,0.9993990161874813
polynomial_mixed,5_6C_36PER_4_3C_NEWSTRUCTURE,5,0.9994018417238384
polynomial_mixed,5_6C_36PER_4_3C_NEWSTRUCTURE,6,0.9994043814448765
polynomial_mixed,5_6C_36PER_4_3C_NEWSTRUCTURE,7,0.9994066353505955
polynomial_mixed,5_6C_36PER_4_3C_NEWSTRUCTURE,8,0.9994086034409956
polynomial_mixed,5_6C_36PER_4_3C_NEWSTRUCTURE,9,0.9994102857160766
polynomial_mixed,5_6C_36PER_4_3C_NEWSTRUCTURE,10,0.9994116821758385
polynomial_mixed,5_6C_36PER_4_3C_NEWSTRUCTURE,11,0.9994127928202816
polynomial_mixed,5_6C_36PER_4_3C_NEWSTRUCTURE,12,0.9994136176494055
polynomial_mixed,5_6C_36PER_4_3C_NEWSTRUCTURE,13,0.9994141566632105
polynomial_mixed,5_6C_36PER_4_3C_NEWSTRUCTURE,14,0.9994144098616964
polynomial_mixed,5_6C_36PER_4_3C_NEWSTRUCTURE,15,0.9994143772448633
polynomial_mixed,5_6C_36PER_4_3C_NEWSTRUCTURE,16,0.9994140588127112
polynomial_mixed,5_6C_36PER_4_3C_NEWSTRUCTURE,17,0.9994134545652399
polynomial_mixed,5_6C_36PER_4_3C_NEWSTRUCTURE,18,0.9994125645024498
polynomial_mixed,5_6C_36PER_4_3C_NEWSTRUCTURE,19,0.9994113886243405
polynomial_mixed,5_6C_36PER_4_3C_NEWSTRUCTURE,20,0.9994099269309124
polynomial_mixed,5_6C_36PER_4_3C_NEWSTRUCTURE,21,0.999408179422165
polynomial_mixed,5_6C_36PER_4_3C_NEWSTRUCTURE,22,0.9994061460980986
polynomial_mixed,5_6C_36PER_4_3C_NEWSTRUCTURE,23,0.9994038269587134
polynomial_mixed,5_6C_36PER_4_3C_NEWSTRUCTURE,24,0.999401222004009
polynomial_mixed,5_6C_36PER_4_3C_NEWSTRUCTURE,25,0.9993983312339857
polynomial_mixed,5_6C_36PER_4_3C_NEWSTRUCTURE,26,0.9993951546486433
polynomial_mixed,5_6C_36PER_4_3C_NEWSTRUCTURE,27,0.999391692247982
polynomial_mixed,5_6C_36PER_4_3C_NEWSTRUCTURE,28,0.9993879440320015
polynomial_mixed,5_6C_36PER_4_3C_NEWSTRUCTURE,29,0.9993839100007019
polynomial_mixed,5_6C_36PER_4_3C_NEWSTRUCTURE,30,0.9993795901540835
polynomial_mixed,5_6C_36PER_4_3C_NEWSTRUCTURE,31,0.9993749844921459
polynomial_mixed,5_6C_36PER_4_3C_NEWSTRUCTURE,32,0.9993700930148894
polynomial_mixed,5_6C_36PER_4_3C_NEWSTRUCTURE,33,0.9993649157223139
polynomial_mixed,5_6C_36PER_4_3C_NEWSTRUCTURE,34,0.9993594526144194
polynomial_mixed,5_6C_36PER_4_3C_NEWSTRUCTURE,35,0.9993537036912057
polynomial_mixed,5_6C_36PER_4_3C_NEWSTRUCTURE,36,0.999347668952673
polynomial_mixed,5_6C_36PER_4_3C_NEWSTRUCTURE,37,0.9993413483988214
polynomial_mixed,5_6C_36PER_4_3C_NEWSTRUCTURE,38,0.9993347420296507
polynomial_mixed,5_6C_36PER_4_3C_NEWSTRUCTURE,39,0.999327849845161
polynomial_mixed,5_6C_36PER_4_3C_NEWSTRUCTURE,40,0.9993206718453522
polynomial_mixed,5_6C_36PER_4_3C_NEWSTRUCTURE,41,0.9993132080302245
polynomial_mixed,5_6C_36PER_4_3C_NEWSTRUCTURE,42,0.9993054583997777
polynomial_mixed,5_6C_36PER_4_3C_NEWSTRUCTURE,43,0.9992974229540119
polynomial_mixed,5_6C_36PER_4_3C_NEWSTRUCTURE,44,0.9992891016929271
polynomial_mixed,5_6C_36PER_4_3C_NEWSTRUCTURE,45,0.9992804946165232
polynomial_mixed,5_6C_36PER_4_3C_NEWSTRUCTURE,46,0.9992716017248003
polynomial_mixed,5_6C_36PER_4_3C_NEWSTRUCTURE,47,0.9992624230177585
polynomial_mixed,5_6C_36PER_4_3C_NEWSTRUCTURE,48,0.9992529584953975
polynomial_mixed,5_6C_36PER_4_3C_NEWSTRUCTURE,49,0.9992432081577175
polynomial_mixed,5_6C_36PER_4_3C_NEWSTRUCTURE,50,0.9992331720047185
polynomial_mixed,5_6C_36PER_4_3C_NEWSTRUCTURE,51,0.9992228500364005
polynomial_mixed,5_6C_36PER_4_3C_NEWSTRUCTURE,52,0.9992122422527635
polynomial_mixed,5_6C_36PER_4_3C_NEWSTRUCTURE,53,0.9992013486538075
polynomial_mixed,5_6C_36PER_4_3C_NEWSTRUCTURE,54,0.9991901692395324
polynomial_mixed,5_6C_36PER_4_3C_NEWSTRUCTURE,55,0.9991787040099384
polynomial_mixed,5_6C_36PER_4_3C_NEWSTRUCTURE,56,0.9991669529650252
polynomial_mixed,5_6C_36PER_4_3C_NEWSTRUCTURE,57,0.999154916104793
polynomial_mixed,5_6C_36PER_4_3C_NEWSTRUCTURE,58,0.9991425934292418
polynomial_mixed,5_6C_36PER_4_3C_NEWSTRUCTURE,59,0.9991299849383717
polynomial_mixed,5_6C_36PER_4_3C_NEWSTRUCTURE,60,0.9991170906321825
polynomial_mixed,5_6C_36PER_4_3C_NEWSTRUCTURE,61,0.9991039105106742
polynomial_mixed,5_6C_36PER_4_3C_NEWSTRUCTURE,62,0.999090444573847
polynomial_mixed,5_6C_36PER_4_3C_NEWSTRUCTURE,63,0.9990766928217006
polynomial_mixed,5_6C_36PER_4_3C_NEWSTRUCTURE,64,0.9990626552542352
polynomial_mixed,5_6C_36PER_4_3C_NEWSTRUCTURE,65,0.9990483318714509
polynomial_mixed,5_6C_36PER_4_3C_NEWSTRUCTURE,66,0.9990337226733476
polynomial_mixed,5_6C_36PER_4_3C_NEWSTRUCTURE,67,0.9990188276599252
polynomial_mixed,5_6C_36PER_4_3C_NEWSTRUCTURE,68,0.9990036468311837
polynomial_mixed,5_6C_36PER_4_3C_NEWSTRUCTURE,69,0.9989881801871233
polynomial_mixed,5_6C_36PER_4_3C_NEWSTRUCTURE,70,0.9989724277277439
polynomial_mixed,5_6C_36PER_4_3C_NEWSTRUCTURE,71,0.9989563894530453
polynomial_mixed,5_6C_36PER_4_3C_NEWSTRUCTURE,72,0.9989400653630278
polynomial_mixed,5_6C_36PER_4_3C_NEWSTRUCTURE,73,0.9989234554576912
polynomial_mixed,5_6C_36PER_4_3C_NEWSTRUCTURE,74,0.9989065597370358
polynomial_mixed,5_6C_36PER_4_3C_NEWSTRUCTURE,75,0.9988893782010612
polynomial_mixed,5_6C_36PER_4_3C_NEWSTRUCTURE,76,0.9988719108497676
polynomial_mixed,5_6C_36PER_4_3C_NEWSTRUCTURE,77,0.9988541576831549
polynomial_mixed,5_6C_36PER_4_3C_NEWSTRUCTURE,78,0.9988361187012231
polynomial_mixed,5_6C_36PER_4_3C_NEWSTRUCTURE,79,0.9988177939039725
polynomial_mixed,5_6C_36PER_4_3C_NEWSTRUCTURE,80,0.9987991832914028
polynomial_mixed,5_6C_36PER_4_3C_NEWSTRUCTURE,81,0.998780286863514
polynomial_mixed,5_6C_36PER_4_3C_NEWSTRUCTURE,82,0.9987611046203063
polynomial_mixed,5_6C_36PER_4_3C_NEWSTRUCTURE,83,0.9987416365617796
polynomial_mixed,5_6C_36PER_4_3C_NEWSTRUCTURE,84,0.9987218826879337
polynomial_mixed,5_6C_36PER_4_3C_NEWSTRUCTURE,85,0.9987018429987689
polynomial_mixed,5_6C_36PER_4_3C_NEWSTRUCTURE,86,0.998681517494285
polynomial_mixed,5_6C_36PER_4_3C_NEWSTRUCTURE,87,0.9986609061744821
polynomial_mixed,5_6C_36PER_4_3C_NEWSTRUCTURE,88,0.9986400090393602
polynomial_mixed,5_6C_36PER_4_3C_NEWSTRUCTURE,89,0.9986188260889193
polynomial_mixed,5_6C_36PER_4_3C_NEWSTRUCTURE,90,0.9985973573231594
polynomial_mixed,5_6C_36PER_4_3C_NEWSTRUCTURE,91,0.9985756027420803
polynomial_mixed,5_6C_36PER_4_3C_NEWSTRUCTURE,92,0.9985535623456823
polynomial_mixed,5_6C_36PER_4_3C_NEWSTRUCTURE,93,0.9985312361339653
polynomial_mixed,5_6C_36PER_4_3C_NEWSTRUCTURE,94,0.9985086241069292
polynomial_mixed,5_6C_36PER_4_3C_NEWSTRUCTURE,95,0.9984857262645742
polynomial_mixed,5_6C_36PER_4_3C_NEWSTRUCTURE,96,0.9984625426069
polynomial_mixed,5_6C_36PER_4_3C_NEWSTRUCTURE,97,0.998439073133907
polynomial_mixed,5_6C_36PER_4_3C_NEWSTRUCTURE,98,0.9984153178455948
polynomial_mixed,5_6C_36PER_4_3C_NEWSTRUCTURE,99,0.9983912767419636
polynomial_mixed,5_6C_36PER_4_3C_NEWSTRUCTURE,100,0.9983669498230134
polynomial_mixed,5_6C_36PER_4_3C_NEWSTRUCTURE,101,0.9983423370887441
polynomial_mixed,5_6C_36PER_4_3C_NEWSTRUCTURE,102,0.9983174385391559
polynomial_mixed,5_6C_36PER_4_3C_NEWSTRUCTURE,103,0.9982922541742486
polynomial_mixed,5_6C_36PER_4_3C_NEWSTRUCTURE,104,0.9982667839940224
polynomial_mixed,5_6C_36PER_4_3C_NEWSTRUCTURE,105,0.998241027998477
polynomial_mixed,5_6C_36PER_4_3C_NEWSTRUCTURE,106,0.9982149861876126
polynomial_mixed,5_6C_36PER_4_3C_NEWSTRUCTURE,107,0.9981886585614292
polynomial_mixed,5_6C_36PER_4_3C_NEWSTRUCTURE,108,0.9981620451199269
polynomial_mixed,5_6C_36PER_4_3C_NEWSTRUCTURE,109,0.9981351458631055
polynomial_mixed,5_6C_36PER_4_3C_NEWSTRUCTURE,110,0.998107960790965
polynomial_mixed,5_6C_36PER_4_3C_NEWSTRUCTURE,111,0.9980804899035056
polynomial_mixed,5_6C_36PER_4_3C_NEWSTRUCTURE,112,0.9980527332007271
polynomial_mixed,5_6C_36PER_4_3C_NEWSTRUCTURE,113,0.9980246906826294
polynomial_mixed,5_6C_36PER_4_3C_NEWSTRUCTURE,114,0.997996362349213
polynomial_mixed,5_6C_36PER_4_3C_NEWSTRUCTURE,115,0.9979677482004774
polynomial_mixed,5_6C_36PER_4_3C_NEWSTRUCTURE,116,0.9979388482364229
polynomial_mixed,5_6C_36PER_4_3C_NEWSTRUCTURE,117,0.9979096624570492
polynomial_mixed,5_6C_36PER_4_3C_NEWSTRUCTURE,118,0.9978801908623566
polynomial_mixed,5_6C_36PER_4_3C_NEWSTRUCTURE,119,0.9978504334523448
polynomial_mixed,5_6C_36PER_4_3C_NEWSTRUCTURE,120,0.9978203902270141
polynomial_mixed,5_6C_36PER_4_3C_NEWSTRUCTURE,121,0.9977900611863645
polynomial_mixed,5_6C_36PER_4_3C_NEWSTRUCTURE,122,0.9977594463303957
polynomial_mixed,5_6C_36PER_4_3C_NEWSTRUCTURE,123,0.997728545659108
polynomial_mixed,5_6C_36PER_4_3C_NEWSTRUCTURE,124,0.9976973591725011
polynomial_mixed,5_6C_36PER_4_3C_NEWSTRUCTURE,125,0.9976658868705753
polynomial_mixed,5_6C_36PER_4_3C_NEWSTRUCTURE,126,0.9976341287533305
polynomial_mixed,5_6C_36PER_4_3C_NEWSTRUCTURE,127,0.9976020848207666
polynomial_mixed,5_6C_36PER_4_3C_NEWSTRUCTURE,128,0.9975697550728837
polynomial_mixed,5_6C_36PER_4_3C_NEWSTRUCTURE,129,0.9975371395096818
polynomial_mixed,5_6C_36PER_4_3C_NEWSTRUCTURE,130,0.997504238131161
polynomial_mixed,5_6C_36PER_4_3C_NEWSTRUCTURE,131,0.9974710509373209
polynomial_mixed,5_6C_36PER_4_3C_NEWSTRUCTURE,132,0.997437577928162
polynomial_mixed,5_6C_36PER_4_3C_NEWSTRUCTURE,133,0.9974038191036839
polynomial_mixed,5_6C_36PER_4_3C_NEWSTRUCTURE,134,0.9973697744638869
polynomial_mixed,5_6C_36PER_4_3C_NEWSTRUCTURE,135,0.9973354440087708
polynomial_mixed,5_6C_36PER_4_3C_NEWSTRUCTURE,136,0.9973008277383357
polynomial_mixed,5_6C_36PER_4_3C_NEWSTRUCTURE,137,0.9972659256525817
polynomial_mixed,5_6C_36PER_4_3C_NEWSTRUCTURE,138,0.9972307377515085
polynomial_mixed,5_6C_36PER_4_3C_NEWSTRUCTURE,139,0.9971952640351164
polynomial_mixed,5_6C_36PER_4_3C_NEWSTRUCTURE,140,0.9971595045034052
polynomial_mixed,5_6C_36PER_4_3C_NEWSTRUCTURE,141,0.9971234591563749
polynomial_mixed,5_6C_36PER_4_3C_NEWSTRUCTURE,142,0.9970871279940258
polynomial_mixed,5_6C_36PER_4_3C_NEWSTRUCTURE,143,0.9970505110163574
polynomial_mixed,5_6C_36PER_4_3C_NEWSTRUCTURE,144,0.9970136082233702
polynomial_mixed,5_6C_36PER_4_3C_NEWSTRUCTURE,145,0.9969764196150639
polynomial_mixed,5_6C_36PER_4_3C_NEWSTRUCTURE,146,0.9969389451914386
polynomial_mixed,5_6C_36PER_4_3C_NEWSTRUCTURE,147,0.9969011849524941
polynomial_mixed,5_6C_36PER_4_3C_NEWSTRUCTURE,148,0.9968631388982307
polynomial_mixed,5_6C_36PER_4_3C_NEWSTRUCTURE,149,0.9968248070286484
polynomial_mixed,5_6C_36PER_4_3C_NEWSTRUCTURE,150,0.996786189343747
polynomial_mixed,5_6C_36PER_4_3C_NEWSTRUCTURE,151,0.9967472858435265
polynomial_mixed,5_6C_36PER_4_3C_NEWSTRUCTURE,152,0.9967080965279871
polynomial_mixed,5_6C_36PER_4_3C_NEWSTRUCTURE,153,0.9966686213971285
polynomial_mixed,5_6C_36PER_4_3C_NEWSTRUCTURE,154,0.996628860450951
polynomial_mixed,5_6C_36PER_4_3C_NEWSTRUCTURE,155,0.9965888136894544
polynomial_mixed,5_6C_36PER_4_3C_NEWSTRUCTURE,156,0.9965484811126387
polynomial_mixed,5_6C_36PER_4_3C_NEWSTRUCTURE,157,0.9965078627205043
polynomial_mixed,5_6C_36PER_4_3C_NEWSTRUCTURE,158,0.9964669585130507
polynomial_mixed,5_6C_36PER_4_3C_NEWSTRUCTURE,159,0.996425768490278
polynomial_mixed,5_6C_36PER_4_3C_NEWSTRUCTURE,160,0.9963842926521862
polynomial_mixed,5_6C_36PER_4_3C_NEWSTRUCTURE,161,0.9963425309987757
polynomial_mixed,5_6C_36PER_4_3C_NEWSTRUCTURE,162,0.996300483530046
polynomial_mixed,5_6C_36PER_4_3C_NEWSTRUCTURE,163,0.9962581502459972
polynomial_mixed,5_6C_36PER_4_3C_NEWSTRUCTURE,164,0.9962155311466293
polynomial_mixed,5_6C_36PER_4_3C_NEWSTRUCTURE,165,0.9961726262319425
polynomial_mixed,5_6C_36PER_4_3C_NEWSTRUCTURE,166,0.9961294355019369
polynomial_mixed,5_6C_36PER_4_3C_NEWSTRUCTURE,167,0.996085958956612
polynomial_mixed,5_6C_36PER_4_3C_NEWSTRUCTURE,168,0.996042196595968
polynomial_mixed,5_6C_36PER_4_3C_NEWSTRUCTURE,169,0.9959981484200051
polynomial_mixed,5_6C_36PER_4_3C_NEWSTRUCTURE,170,0.9959538144287231
polynomial_mixed,5_6C_36PER_4_3C_NEWSTRUCTURE,171,0.9959091946221224
polynomial_mixed,5_6C_36PER_4_3C_NEWSTRUCTURE,172,0.9958642890002023
polynomial_mixed,5_6C_36PER_4_3C_NEWSTRUCTURE,173,0.9958190975629633
polynomial_mixed,5_6C_36PER_4_3C_NEWSTRUCTURE,174,0.9957736203104053
polynomial_mixed,5_6C_36PER_4_3C_NEWSTRUCTURE,175,0.9957278572425283
polynomial_mixed,5_6C_36PER_4_3C_NEWSTRUCTURE,176,0.9956818083593323
polynomial_mixed,5_6C_36PER_4_3C_NEWSTRUCTURE,177,0.9956354736608172
polynomial_mixed,5_6C_36PER_4_3C_NEWSTRUCTURE,178,0.995588853146983
polynomial_mixed,5_6C_36PER_4_3C_NEWSTRUCTURE,179,0.9955419468178298
polynomial_mixed,5_6C_36PER_4_3C_NEWSTRUCTURE,180,0.9954947546733578
polynomial_mixed,5_6C_36PER_4_3C_NEWSTRUCTURE,181,0.9954472767135666
polynomial_mixed,5_6C_36PER_4_3C_NEWSTRUCTURE,182,0.9953995129384563
polynomial_mixed,5_6C_36PER_4_3C_NEWSTRUCTURE,183,0.995351463348027
polynomial_mixed,5_6C_36PER_4_3C_NEWSTRUCTURE,184,0.9953031279422787
polynomial_mixed,5_6C_36PER_4_3C_NEWSTRUCTURE,185,0.9952545067212116
polynomial_mixed,5_6C_36PER_4_3C_NEWSTRUCTURE,186,0.9952055996848252
polynomial_mixed,5_6C_36PER_4_3C_NEWSTRUCTURE,187,0.9951564068331198
polynomial_mixed,5_6C_36PER_4_3C_NEWSTRUCTURE,188,0.9951069281660955
polynomial_mixed,5_6C_36PER_4_3C_NEWSTRUCTURE,189,0.9950571636837522
polynomial_mixed,5_6C_36PER_4_3C_NEWSTRUCTURE,190,0.9950071133860897
polynomial_mixed,5_6C_36PER_4_3C_NEWSTRUCTURE,191,0.9949567772731083
polynomial_mixed,5_6C_36PER_4_3C_NEWSTRUCTURE,192,0.9949061553448078
polynomial_mixed,5_6C_36PER_4_3C_NEWSTRUCTURE,193,0.9948552476011883
polynomial_mixed,5_6C_36PER_4_3C_NEWSTRUCTURE,194,0.9948040540422499
polynomial_mixed,5_6C_36PER_4_3C_NEWSTRUCTURE,195,0.9947525746679924
polynomial_mixed,5_6C_36PER_4_3C_NEWSTRUCTURE,196,0.9947008094784158
polynomial_mixed,5_6C_36PER_4_3C_NEWSTRUCTURE,197,0.9946487584735201
polynomial_mixed,5_6C_36PER_4_3C_NEWSTRUCTURE,198,0.9945964216533054
polynomial_mixed,5_6C_36PER_4_3C_NEWSTRUCTURE,199,0.994543799017772
polynomial_mixed,5_6C_36PER_4_3C_NEWSTRUCTURE,200,0.9944908905669193
polynomial_mixed,4_8C_80PER_4_8C_NEWSTRUCTURE,1,0.9901303835177019
polynomial_mixed,4_8C_80PER_4_8C_NEWSTRUCTURE,2,0.9901429723728491
polynomial_mixed,4_8C_80PER_4_8C_NEWSTRUCTURE,3,0.9901552750948548
polynomial_mixed,4_8C_80PER_4_8C_NEWSTRUCTURE,4,0.9901672916837189
polynomial_mixed,4_8C_80PER_4_8C_NEWSTRUCTURE,5,0.9901790221394415
polynomial_mixed,4_8C_80PER_4_8C_NEWSTRUCTURE,6,0.9901904664620226
polynomial_mixed,4_8C_80PER_4_8C_NEWSTRUCTURE,7,0.9902016246514621
polynomial_mixed,4_8C_80PER_4_8C_NEWSTRUCTURE,8,0.9902124967077601
polynomial_mixed,4_8C_80PER_4_8C_NEWSTRUCTURE,9,0.9902230826309166
polynomial_mixed,4_8C_80PER_4_8C_NEWSTRUCTURE,10,0.9902333824209315
polynomial_mixed,4_8C_80PER_4_8C_NEWSTRUCTURE,11,0.990243396077805
polynomial_mixed,4_8C_80PER_4_8C_NEWSTRUCTURE,12,0.9902531236015368
polynomial_mixed,4_8C_80PER_4_8C_NEWSTRUCTURE,13,0.9902625649921273
polynomial_mixed,4_8C_80PER_4_8C_NEWSTRUCTURE,14,0.9902717202495761
polynomial_mixed,4_8C_80PER_4_8C_NEWSTRUCTURE,15,0.9902805893738834
polynomial_mixed,4_8C_80PER_4_8C_NEWSTRUCTURE,16,0.9902891723650492
polynomial_mixed,4_8C_80PER_4_8C_NEWSTRUCTURE,17,0.9902974692230735
polynomial_mixed,4_8C_80PER_4_8C_NEWSTRUCTURE,18,0.9903054799479561
polynomial_mixed,4_8C_80PER_4_8C_NEWSTRUCTURE,19,0.9903132045396974
polynomial_mixed,4_8C_80PER_4_8C_NEWSTRUCTURE,20,0.990320642998297
polynomial_mixed,4_8C_80PER_4_8C_NEWSTRUCTURE,21,0.9903277953237553
polynomial_mixed,4_8C_80PER_4_8C_NEWSTRUCTURE,22,0.9903346615160719
polynomial_mixed,4_8C_80PER_4_8C_NEWSTRUCTURE,23,0.9903412415752469
polynomial_mixed,4_8C_80PER_4_8C_NEWSTRUCTURE,24,0.9903475355012805
polynomial_mixed,4_8C_80PER_4_8C_NEWSTRUCTURE,25,0.9903535432941725
polynomial_mixed,4_8C_80PER_4_8C_NEWSTRUCTURE,26,0.990359264953923
polynomial_mixed,4_8C_80PER_4_8C_NEWSTRUCTURE,27,0.9903647004805319
polynomial_mixed,4_8C_80PER_4_8C_NEWSTRUCTURE,28,0.9903698498739995
polynomial_mixed,4_8C_80PER_4_8C_NEWSTRUCTURE,29,0.9903747131343253
polynomial_mixed,4_8C_80PER_4_8C_NEWSTRUCTURE,30,0.9903792902615097
polynomial_mixed,4_8C_80PER_4_8C_NEWSTRUCTURE,31,0.9903835812555526
polynomial_mixed,4_8C_80PER_4_8C_NEWSTRUCTURE,32,0.9903875861164539
polynomial_mixed,4_8C_80PER_4_8C_NEWSTRUCTURE,33,0.9903913048442137
polynomial_mixed,4_8C_80PER_4_8C_NEWSTRUCTURE,34,0.990394737438832
polynomial_mixed,4_8C_80PER_4_8C_NEWSTRUCTURE,35,0.9903978839003087
polynomial_mixed,4_8C_80PER_4_8C_NEWSTRUCTURE,36,0.9904007442286439
polynomial_mixed,4_8C_80PER_4_8C_NEWSTRUCTURE,37,0.9904033184238376
polynomial_mixed,4_8C_80PER_4_8C_NEWSTRUCTURE,38,0.9904056064858897
polynomial_mixed,4_8C_80PER_4_8C_NEWSTRUCTURE,39,0.9904076084148004
polynomial_mixed,4_8C_80PER_4_8C_NEWSTRUCTURE,40,0.9904093242105695
polynomial_mixed,4_8C_80PER_4_8C_NEWSTRUCTURE,41,0.990410753873197
polynomial_mixed,4_8C_80PER_4_8C_NEWSTRUCTURE,42,0.9904118974026831
polynomial_mixed,4_8C_80PER_4_8C_NEWSTRUCTURE,43,0.9904127547990275
polynomial_mixed,4_8C_80PER_4_8C_NEWSTRUCTURE,44,0.9904133260622305
polynomial_mixed,4_8C_80PER_4_8C_NEWSTRUCTURE,45,0.9904136111922921
polynomial_mixed,4_8C_80PER_4_8C_NEWSTRUCTURE,46,0.9904136101892119
polynomial_mixed,4_8C_80PER_4_8C_NEWSTRUCTURE,47,0.9904133230529903
polynomial_mixed,4_8C_80PER_4_8C_NEWSTRUCTURE,48,0.9904127497836271
polynomial_mixed,4_8C_80PER_4_8C_NEWSTRUCTURE,49,0.9904118903811225
polynomial_mixed,4_8C_80PER_4_8C_NEWSTRUCTURE,50,0.9904107448454763
polynomial_mixed,4_8C_80PER_4_8C_NEWSTRUCTURE,51,0.9904093131766887
polynomial_mixed,4_8C_80PER_4_8C_NEWSTRUCTURE,52,0.9904075953747593
polynomial_mixed,4_8C_80PER_4_8C_NEWSTRUCTURE,53,0.9904055914396886
polynomial_mixed,4_8C_80PER_4_8C_NEWSTRUCTURE,54,0.9904033013714763
polynomial_mixed,4_8C_80PER_4_8C_NEWSTRUCTURE,55,0.9904007251701225
polynomial_mixed,4_8C_80PER_4_8C_NEWSTRUCTURE,56,0.990397862835627
polynomial_mixed,4_8C_80PER_4_8C_NEWSTRUCTURE,57,0.9903947143679902
polynomial_mixed,4_8C_80PER_4_8C_NEWSTRUCTURE,58,0.9903912797672118
polynomial_mixed,4_8C_80PER_4_8C_NEWSTRUCTURE,59,0.9903875590332918
polynomial_mixed,4_8C_80PER_4_8C_NEWSTRUCTURE,60,0.9903835521662303
polynomial_mixed,4_8C_80PER_4_8C_NEWSTRUCTURE,61,0.9903792591660273
polynomial_mixed,4_8C_80PER_4_8C_NEWSTRUCTURE,62,0.9903746800326827
polynomial_mixed,4_8C_80PER_4_8C_NEWSTRUCTURE,63,0.9903698147661967
polynomial_mixed,4_8C_80PER_4_8C_NEWSTRUCTURE,64,0.990364663366569
polynomial_mixed,4_8C_80PER_4_8C_NEWSTRUCTURE,65,0.9903592258338
polynomial_mixed,4_8C_80PER_4_8C_NEWSTRUCTURE,66,0.9903535021678893
polynomial_mixed,4_8C_80PER_4_8C_NEWSTRUCTURE,67,0.9903474923688371
polynomial_mixed,4_8C_80PER_4_8C_NEWSTRUCTURE,68,0.9903411964366434
polynomial_mixed,4_8C_80PER_4_8C_NEWSTRUCTURE,69,0.9903346143713082
polynomial_mixed,4_8C_80PER_4_8C_NEWSTRUCTURE,70,0.9903277461728315
polynomial_mixed,4_8C_80PER_4_8C_NEWSTRUCTURE,71,0.9903205918412131
polynomial_mixed,4_8C_80PER_4_8C_NEWSTRUCTURE,72,0.9903131513764534
polynomial_mixed,4_8C_80PER_4_8C_NEWSTRUCTURE,73,0.9903054247785519
polynomial_mixed,4_8C_80PER_4_8C_NEWSTRUCTURE,74,0.9902974120475091
polynomial_mixed,4_8C_80PER_4_8C_NEWSTRUCTURE,75,0.9902891131833246
polynomial_mixed,4_8C_80PER_4_8C_NEWSTRUCTURE,76,0.9902805281859987
polynomial_mixed,4_8C_80PER_4_8C_NEWSTRUCTURE,77,0.9902716570555312
polynomial_mixed,4_8C_80PER_4_8C_NEWSTRUCTURE,78,0.9902624997919223
polynomial_mixed,4_8C_80PER_4_8C_NEWSTRUCTURE,79,0.9902530563951717
polynomial_mixed,4_8C_80PER_4_8C_NEWSTRUCTURE,80,0.9902433268652796
polynomial_mixed,4_8C_80PER_4_8C_NEWSTRUCTURE,81,0.990233311202246
polynomial_mixed,4_8C_80PER_4_8C_NEWSTRUCTURE,82,0.9902230094060709
polynomial_mixed,4_8C_80PER_4_8C_NEWSTRUCTURE,83,0.9902124214767543
polynomial_mixed,4_8C_80PER_4_8C_NEWSTRUCTURE,84,0.9902015474142961
polynomial_mixed,4_8C_80PER_4_8C_NEWSTRUCTURE,85,0.9901903872186963
polynomial_mixed,4_8C_80PER_4_8C_NEWSTRUCTURE,86,0.9901789408899552
polynomial_mixed,4_8C_80PER_4_8C_NEWSTRUCTURE,87,0.9901672084280724
polynomial_mixed,4_8C_80PER_4_8C_NEWSTRUCTURE,88,0.9901551898330481
polynomial_mixed,4_8C_80PER_4_8C_NEWSTRUCTURE,89,0.9901428851048824
polynomial_mixed,4_8C_80PER_4_8C_NEWSTRUCTURE,90,0.9901302942435749
polynomial_mixed,4_8C_80PER_4_8C_NEWSTRUCTURE,91,0.9901174172491262
polynomial_mixed,4_8C_80PER_4_8C_NEWSTRUCTURE,92,0.9901042541215357
polynomial_mixed,4_8C_80PER_4_8C_NEWSTRUCTURE,93,0.9900908048608038
polynomial_mixed,4_8C_80PER_4_8C_NEWSTRUCTURE,94,0.9900770694669303
polynomial_mixed,4_8C_80PER_4_8C_NEWSTRUCTURE,95,0.9900630479399153
polynomial_mixed,4_8C_80PER_4_8C_NEWSTRUCTURE,96,0.9900487402797588
polynomial_mixed,4_8C_80PER_4_8C_NEWSTRUCTURE,97,0.9900341464864607
polynomial_mixed,4_8C_80PER_4_8C_NEWSTRUCTURE,98,0.9900192665600211
polynomial_mixed,4_8C_80PER_4_8C_NEWSTRUCTURE,99,0.9900041005004401
polynomial_mixed,4_8C_80PER_4_8C_NEWSTRUCTURE,100,0.9899886483077174
polynomial_mixed,4_8C_80PER_4_8C_NEWSTRUCTURE,101,0.9899729099818533
polynomial_mixed,4_8C_80PER_4_8C_NEWSTRUCTURE,102,0.9899568855228476
polynomial_mixed,4_8C_80PER_4_8C_NEWSTRUCTURE,103,0.9899405749307003
polynomial_mixed,4_8C_80PER_4_8C_NEWSTRUCTURE,104,0.9899239782054116
polynomial_mixed,4_8C_80PER_4_8C_NEWSTRUCTURE,105,0.9899070953469813
polynomial_mixed,4_8C_80PER_4_8C_NEWSTRUCTURE,106,0.9898899263554094
polynomial_mixed,4_8C_80PER_4_8C_NEWSTRUCTURE,107,0.9898724712306961
polynomial_mixed,4_8C_80PER_4_8C_NEWSTRUCTURE,108,0.9898547299728412
polynomial_mixed,4_8C_80PER_4_8C_NEWSTRUCTURE,109,0.9898367025818449
polynomial_mixed,4_8C_80PER_4_8C_NEWSTRUCTURE,110,0.989818389057707
polynomial_mixed,4_8C_80PER_4_8C_NEWSTRUCTURE,111,0.9897997894004275
polynomial_mixed,4_8C_80PER_4_8C_NEWSTRUCTURE,112,0.9897809036100066
polynomial_mixed,4_8C_80PER_4_8C_NEWSTRUCTURE,113,0.989761731686444
polynomial_mixed,4_8C_80PER_4_8C_NEWSTRUCTURE,114,0.98974227362974
polynomial_mixed,4_8C_80PER_4_8C_NEWSTRUCTURE,115,0.9897225294398944
polynomial_mixed,4_8C_80PER_4_8C_NEWSTRUCTURE,116,0.9897024991169073
polynomial_mixed,4_8C_80PER_4_8C_NEWSTRUCTURE,117,0.9896821826607787
polynomial_mixed,4_8C_80PER_4_8C_NEWSTRUCTURE,118,0.9896615800715086
polynomial_mixed,4_8C_80PER_4_8C_NEWSTRUCTURE,119,0.9896406913490968
polynomial_mixed,4_8C_80PER_4_8C_NEWSTRUCTURE,120,0.9896195164935436
polynomial_mixed,4_8C_80PER_4_8C_NEWSTRUCTURE,121,0.9895980555048489
polynomial_mixed,4_8C_80PER_4_8C_NEWSTRUCTURE,122,0.9895763083830127
polynomial_mixed,4_8C_80PER_4_8C_NEWSTRUCTURE,123,0.9895542751280348
polynomial_mixed,4_8C_80PER_4_8C_NEWSTRUCTURE,124,0.9895319557399155
polynomial_mixed,4_8C_80PER_4_8C_NEWSTRUCTURE,125,0.9895093502186546
polynomial_mixed,4_8C_80PER_4_8C_NEWSTRUCTURE,126,0.9894864585642523
polynomial_mixed,4_8C_80PER_4_8C_NEWSTRUCTURE,127,0.9894632807767083
polynomial_mixed,4_8C_80PER_4_8C_NEWSTRUCTURE,128,0.9894398168560229
polynomial_mixed,4_8C_80PER_4_8C_NEWSTRUCTURE,129,0.9894160668021958
polynomial_mixed,4_8C_80PER_4_8C_NEWSTRUCTURE,130,0.9893920306152274
polynomial_mixed,4_8C_80PER_4_8C_NEWSTRUCTURE,131,0.9893677082951173
polynomial_mixed,4_8C_80PER_4_8C_NEWSTRUCTURE,132,0.9893430998418659
polynomial_mixed,4_8C_80PER_4_8C_NEWSTRUCTURE,133,0.9893182052554729
polynomial_mixed,4_8C_80PER_4_8C_NEWSTRUCTURE,134,0.9892930245359381
polynomial_mixed,4_8C_80PER_4_8C_NEWSTRUCTURE,135,0.989267557683262
polynomial_mixed,4_8C_80PER_4_8C_NEWSTRUCTURE,136,0.9892418046974444
polynomial_mixed,4_8C_80PER_4_8C_NEWSTRUCTURE,137,0.9892157655784852
polynomial_mixed,4_8C_80PER_4_8C_NEWSTRUCTURE,138,0.9891894403263843
polynomial_mixed,4_8C_80PER_4_8C_NEWSTRUCTURE,139,0.9891628289411422
polynomial_mixed,4_8C_80PER_4_8C_NEWSTRUCTURE,140,0.9891359314227584
polynomial_mixed,4_8C_80PER_4_8C_NEWSTRUCTURE,141,0.989108747771233
polynomial_mixed,4_8C_80PER_4_8C_NEWSTRUCTURE,142,0.9890812779865662
polynomial_mixed,4_8C_80PER_4_8C_NEWSTRUCTURE,143,0.9890535220687579
polynomial_mixed,4_8C_80PER_4_8C_NEWSTRUCTURE,144,0.9890254800178079
polynomial_mixed,4_8C_80PER_4_8C_NEWSTRUCTURE,145,0.9889971518337165
polynomial_mixed,4_8C_80PER_4_8C_NEWSTRUCTURE,146,0.9889685375164835
polynomial_mixed,4_8C_80PER_4_8C_NEWSTRUCTURE,147,0.9889396370661091
polynomial_mixed,4_8C_80PER_4_8C_NEWSTRUCTURE,148,0.988910450482593
polynomial_mixed,4_8C_80PER_4_8C_NEWSTRUCTURE,149,0.9888809777659355
polynomial_mixed,4_8C_80PER_4_8C_NEWSTRUCTURE,150,0.9888512189161364
polynomial_mixed,4_8C_80PER_4_8C_NEWSTRUCTURE,151,0.9888211739331958
polynomial_mixed,4_8C_80PER_4_8C_NEWSTRUCTURE,152,0.9887908428171136
polynomial_mixed,4_8C_80PER_4_8C_NEWSTRUCTURE,153,0.98876022556789
polynomial_mixed,4_8C_80PER_4_8C_NEWSTRUCTURE,154,0.9887293221855249
polynomial_mixed,4_8C_80PER_4_8C_NEWSTRUCTURE,155,0.988698132670018
polynomial_mixed,4_8C_80PER_4_8C_NEWSTRUCTURE,156,0.9886666570213699
polynomial_mixed,4_8C_80PER_4_8C_NEWSTRUCTURE,157,0.98863489523958
polynomial_mixed,4_8C_80PER_4_8C_NEWSTRUCTURE,158,0.9886028473246488
polynomial_mixed,4_8C_80PER_4_8C_NEWSTRUCTURE,159,0.9885705132765759
polynomial_mixed,4_8C_80PER_4_8C_NEWSTRUCTURE,160,0.9885378930953616
polynomial_mixed,4_8C_80PER_4_8C_NEWSTRUCTURE,161,0.9885049867810056
polynomial_mixed,4_8C_80PER_4_8C_NEWSTRUCTURE,162,0.9884717943335083
polynomial_mixed,4_8C_80PER_4_8C_NEWSTRUCTURE,163,0.9884383157528692
polynomial_mixed,4_8C_80PER_4_8C_NEWSTRUCTURE,164,0.9884045510390889
polynomial_mixed,4_8C_80PER_4_8C_NEWSTRUCTURE,165,0.9883705001921668
polynomial_mixed,4_8C_80PER_4_8C_NEWSTRUCTURE,166,0.9883361632121033
polynomial_mixed,4_8C_80PER_4_8C_NEWSTRUCTURE,167,0.9883015400988981
polynomial_mixed,4_8C_80PER_4_8C_NEWSTRUCTURE,168,0.9882666308525516
polynomial_mixed,4_8C_80PER_4_8C_NEWSTRUCTURE,169,0.9882314354730635
polynomial_mixed,4_8C_80PER_4_8C_NEWSTRUCTURE,170,0.9881959539604338
polynomial_mixed,4_8C_80PER_4_8C_NEWSTRUCTURE,171,0.9881601863146626
polynomial_mixed,4_8C_80PER_4_8C_NEWSTRUCTURE,172,0.9881241325357499
polynomial_mixed,4_8C_80PER_4_8C_NEWSTRUCTURE,173,0.9880877926236956
polynomial_mixed,4_8C_80PER_4_8C_NEWSTRUCTURE,174,0.9880511665784999
polynomial_mixed,4_8C_80PER_4_8C_NEWSTRUCTURE,175,0.9880142544001626
polynomial_mixed,4_8C_80PER_4_8C_NEWSTRUCTURE,176,0.9879770560886838
polynomial_mixed,4_8C_80PER_4_8C_NEWSTRUCTURE,177,0.9879395716440634
polynomial_mixed,4_8C_80PER_4_8C_NEWSTRUCTURE,178,0.9879018010663015
polynomial_mixed,4_8C_80PER_4_8C_NEWSTRUCTURE,179,0.9878637443553981
polynomial_mixed,4_8C_80PER_4_8C_NEWSTRUCTURE,180,0.9878254015113531
polynomial_mixed,4_8C_80PER_4_8C_NEWSTRUCTURE,181,0.9877867725341668
polynomial_mixed,4_8C_80PER_4_8C_NEWSTRUCTURE,182,0.9877478574238387
polynomial_mixed,4_8C_80PER_4_8C_NEWSTRUCTURE,183,0.9877086561803692
polynomial_mixed,4_8C_80PER_4_8C_NEWSTRUCTURE,184,0.9876691688037581
polynomial_mixed,4_8C_80PER_4_8C_NEWSTRUCTURE,185,0.9876293952940056
polynomial_mixed,4_8C_80PER_4_8C_NEWSTRUCTURE,186,0.9875893356511114
polynomial_mixed,4_8C_80PER_4_8C_NEWSTRUCTURE,187,0.9875489898750758
polynomial_mixed,4_8C_80PER_4_8C_NEWSTRUCTURE,188,0.9875083579658985
polynomial_mixed,4_8C_80PER_4_8C_NEWSTRUCTURE,189,0.9874674399235799
polynomial_mixed,4_8C_80PER_4_8C_NEWSTRUCTURE,190,0.9874262357481196
polynomial_mixed,4_8C_80PER_4_8C_NEWSTRUCTURE,191,0.9873847454395179
polynomial_mixed,4_8C_80PER_4_8C_NEWSTRUCTURE,192,0.9873429689977746
polynomial_mixed,4_8C_80PER_4_8C_NEWSTRUCTURE,193,0.9873009064228898
polynomial_mixed,4_8C_80PER_4_8C_NEWSTRUCTURE,194,0.9872585577148634
polynomial_mixed,4_8C_80PER_4_8C_NEWSTRUCTURE,195,0.9872159228736956
polynomial_mixed,4_8C_80PER_4_8C_NEWSTRUCTURE,196,0.9871730018993862
polynomial_mixed,4_8C_80PER_4_8C_NEWSTRUCTURE,197,0.9871297947919353
polynomial_mixed,4_8C_80PER_4_8C_NEWSTRUCTURE,198,0.9870863015513428
polynomial_mixed,4_8C_80PER_4_8C_NEWSTRUCTURE,199,0.9870425221776088
polynomial_mixed,4_8C_80PER_4_8C_NEWSTRUCTURE,200,0.9869984566707334
polynomial_mixed,5C_67PER_4C_NEWSTRUCTURE,1,0.999190561105173
polynomial_mixed,5C_67PER_4C_NEWSTRUCTURE,2,0.9992032594069342
polynomial_mixed,5C_67PER_4C_NEWSTRUCTURE,3,0.9992156261264266
polynomial_mixed,5C_67PER_4C_NEWSTRUCTURE,4,0.9992276612636501
polynomial_mixed,5C_67PER_4C_NEWSTRUCTURE,5,0.9992393648186046
polynomial_mixed,5C_67PER_4C_NEWSTRUCTURE,6,0.9992507367912904
polynomial_mixed,5C_67PER_4C_NEWSTRUCTURE,7,0.9992617771817074
polynomial_mixed,5C_67PER_4C_NEWSTRUCTURE,8,0.9992724859898554
polynomial_mixed,5C_67PER_4C_NEWSTRUCTURE,9,0.9992828632157346
polynomial_mixed,5C_67PER_4C_NEWSTRUCTURE,10,0.999292908859345
polynomial_mixed,5C_67PER_4C_NEWSTRUCTURE,11,0.9993026229206865
polynomial_mixed,5C_67PER_4C_NEWSTRUCTURE,12,0.9993120053997592
polynomial_mixed,5C_67PER_4C_NEWSTRUCTURE,13,0.9993210562965629
polynomial_mixed,5C_67PER_4C_NEWSTRUCTURE,14,0.9993297756110978
polynomial_mixed,5C_67PER_4C_NEWSTRUCTURE,15,0.9993381633433639
polynomial_mixed,5C_67PER_4C_NEWSTRUCTURE,16,0.9993462194933611
polynomial_mixed,5C_67PER_4C_NEWSTRUCTURE,17,0.9993539440610895
polynomial_mixed,5C_67PER_4C_NEWSTRUCTURE,18,0.999361337046549
polynomial_mixed,5C_67PER_4C_NEWSTRUCTURE,19,0.9993683984497396
polynomial_mixed,5C_67PER_4C_NEWSTRUCTURE,20,0.9993751282706614
polynomial_mixed,5C_67PER_4C_NEWSTRUCTURE,21,0.9993815265093143
polynomial_mixed,5C_67PER_4C_NEWSTRUCTURE,22,0.9993875931656984
polynomial_mixed,5C_67PER_4C_NEWSTRUCTURE,23,0.9993933282398136
polynomial_mixed,5C_67PER_4C_NEWSTRUCTURE,24,0.9993987317316599
polynomial_mixed,5C_67PER_4C_NEWSTRUCTURE,25,0.9994038036412375
polynomial_mixed,5C_67PER_4C_NEWSTRUCTURE,26,0.9994085439685462
polynomial_mixed,5C_67PER_4C_NEWSTRUCTURE,27,0.9994129527135859
polynomial_mixed,5C_67PER_4C_NEWSTRUCTURE,28,0.9994170298763568
polynomial_mixed,5C_67PER_4C_NEWSTRUCTURE,29,0.9994207754568589
polynomial_mixed,5C_67PER_4C_NEWSTRUCTURE,30,0.999424189455092
polynomial_mixed,5C_67PER_4C_NEWSTRUCTURE,31,0.9994272718710565
polynomial_mixed,5C_67PER_4C_NEWSTRUCTURE,32,0.999430022704752
polynomial_mixed,5C_67PER_4C_NEWSTRUCTURE,33,0.9994324419561788
polynomial_mixed,5C_67PER_4C_NEWSTRUCTURE,34,0.9994345296253364
polynomial_mixed,5C_67PER_4C_NEWSTRUCTURE,35,0.9994362857122253
polynomial_mixed,5C_67PER_4C_NEWSTRUCTURE,36,0.9994377102168455
polynomial_mixed,5C_67PER_4C_NEWSTRUCTURE,37,0.9994388031391966
polynomial_mixed,5C_67PER_4C_NEWSTRUCTURE,38,0.999439564479279
polynomial_mixed,5C_67PER_4C_NEWSTRUCTURE,39,0.9994399942370926
polynomial_mixed,5C_67PER_4C_NEWSTRUCTURE,40,0.9994400924126372
polynomial_mixed,5C_67PER_4C_NEWSTRUCTURE,41,0.999439859005913
polynomial_mixed,5C_67PER_4C_NEWSTRUCTURE,42,0.99943929401692
polynomial_mixed,5C_67PER_4C_NEWSTRUCTURE,43,0.999438397445658
polynomial_mixed,5C_67PER_4C_NEWSTRUCTURE,44,0.9994371692921273
polynomial_mixed,5C_67PER_4C_NEWSTRUCTURE,45,0.9994356095563276
polynomial_mixed,5C_67PER_4C_NEWSTRUCTURE,46,0.9994337182382592
polynomial_mixed,5C_67PER_4C_NEWSTRUCTURE,47,0.9994314953379219
polynomial_mixed,5C_67PER_4C_NEWSTRUCTURE,48,0.9994289408553155
polynomial_mixed,5C_67PER_4C_NEWSTRUCTURE,49,0.9994260547904406
polynomial_mixed,5C_67PER_4C_NEWSTRUCTURE,50,0.9994228371432966
polynomial_mixed,5C_67PER_4C_NEWSTRUCTURE,51,0.9994192879138838
polynomial_mixed,5C_67PER_4C_NEWSTRUCTURE,52,0.9994154071022022
polynomial_mixed,5C_67PER_4C_NEWSTRUCTURE,53,0.9994111947082518
polynomial_mixed,5C_67PER_4C_NEWSTRUCTURE,54,0.9994066507320325
polynomial_mixed,5C_67PER_4C_NEWSTRUCTURE,55,0.9994017751735442
polynomial_mixed,5C_67PER_4C_NEWSTRUCTURE,56,0.9993965680327872
polynomial_mixed,5C_67PER_4C_NEWSTRUCTURE,57,0.9993910293097613
polynomial_mixed,5C_67PER_4C_NEWSTRUCTURE,58,0.9993851590044666
polynomial_mixed,5C_67PER_4C_NEWSTRUCTURE,59,0.9993789571169028
polynomial_mixed,5C_67PER_4C_NEWSTRUCTURE,60,0.9993724236470705
polynomial_mixed,5C_67PER_4C_NEWSTRUCTURE,61,0.999365558594969
polynomial_mixed,5C_67PER_4C_NEWSTRUCTURE,62,0.9993583619605989
polynomial_mixed,5C_67PER_4C_NEWSTRUCTURE,63,0.9993508337439598
polynomial_mixed,5C_67PER_4C_NEWSTRUCTURE,64,0.999342973945052
polynomial_mixed,5C_67PER_4C_NEWSTRUCTURE,65,0.9993347825638751
polynomial_mixed,5C_67PER_4C_NEWSTRUCTURE,66,0.9993262596004295
polynomial_mixed,5C_67PER_4C_NEWSTRUCTURE,67,0.9993174050547151
polynomial_mixed,5C_67PER_4C_NEWSTRUCTURE,68,0.9993082189267317
polynomial_mixed,5C_67PER_4C_NEWSTRUCTURE,69,0.9992987012164796
polynomial_mixed,5C_67PER_4C_NEWSTRUCTURE,70,0.9992888519239586
polynomial_mixed,5C_67PER_4C_NEWSTRUCTURE,71,0.9992786710491688
polynomial_mixed,5C_67PER_4C_NEWSTRUCTURE,72,0.9992681585921098
polynomial_mixed,5C_67PER_4C_NEWSTRUCTURE,73,0.9992573145527823
polynomial_mixed,5C_67PER_4C_NEWSTRUCTURE,74,0.9992461389311859
polynomial_mixed,5C_67PER_4C_NEWSTRUCTURE,75,0.9992346317273204
polynomial_mixed,5C_67PER_4C_NEWSTRUCTURE,76,0.9992227929411863
polynomial_mixed,5C_67PER_4C_NEWSTRUCTURE,77,0.9992106225727834
polynomial_mixed,5C_67PER_4C_NEWSTRUCTURE,78,0.9991981206221113
polynomial_mixed,5C_67PER_4C_NEWSTRUCTURE,79,0.9991852870891706
polynomial_mixed,5C_67PER_4C_NEWSTRUCTURE,80,0.9991721219739611
polynomial_mixed,5C_67PER_4C_NEWSTRUCTURE,81,0.9991586252764825
polynomial_mixed,5C_67PER_4C_NEWSTRUCTURE,82,0.9991447969967352
polynomial_mixed,5C_67PER_4C_NEWSTRUCTURE,83,0.9991306371347191
polynomial_mixed,5C_67PER_4C_NEWSTRUCTURE,84,0.9991161456904339
polynomial_mixed,5C_67PER_4C_NEWSTRUCTURE,85,0.9991013226638801
polynomial_mixed,5C_67PER_4C_NEWSTRUCTURE,86,0.9990861680550573
polynomial_mixed,5C_67PER_4C_NEWSTRUCTURE,87,0.9990706818639659
polynomial_mixed,5C_67PER_4C_NEWSTRUCTURE,88,0.9990548640906053
polynomial_mixed,5C_67PER_4C_NEWSTRUCTURE,89,0.999038714734976
polynomial_mixed,5C_67PER_4C_NEWSTRUCTURE,90,0.9990222337970779
polynomial_mixed,5C_67PER_4C_NEWSTRUCTURE,91,0.9990054212769107
polynomial_mixed,5C_67PER_4C_NEWSTRUCTURE,92,0.9989882771744749
polynomial_mixed,5C_67PER_4C_NEWSTRUCTURE,93,0.9989708014897702
polynomial_mixed,5C_67PER_4C_NEWSTRUCTURE,94,0.9989529942227965
polynomial_mixed,5C_67PER_4C_NEWSTRUCTURE,95,0.9989348553735541
polynomial_mixed,5C_67PER_4C_NEWSTRUCTURE,96,0.9989163849420428
polynomial_mixed,5C_67PER_4C_NEWSTRUCTURE,97,0.9988975829282625
polynomial_mixed,5C_67PER_4C_NEWSTRUCTURE,98,0.9988784493322136
polynomial_mixed,5C_67PER_4C_NEWSTRUCTURE,99,0.9988589841538957
polynomial_mixed,5C_67PER_4C_NEWSTRUCTURE,100,0.998839187393309
polynomial_mixed,5C_67PER_4C_NEWSTRUCTURE,101,0.9988190590504533
polynomial_mixed,5C_67PER_4C_NEWSTRUCTURE,102,0.9987985991253289
polynomial_mixed,5C_67PER_4C_NEWSTRUCTURE,103,0.9987778076179357
polynomial_mixed,5C_67PER_4C_NEWSTRUCTURE,104,0.9987566845282734
polynomial_mixed,5C_67PER_4C_NEWSTRUCTURE,105,0.9987352298563424
polynomial_mixed,5C_67PER_4C_NEWSTRUCTURE,106,0.9987134436021426
polynomial_mixed,5C_67PER_4C_NEWSTRUCTURE,107,0.9986913257656737
polynomial_mixed,5C_67PER_4C_NEWSTRUCTURE,108,0.9986688763469361
polynomial_mixed,5C_67PER_4C_NEWSTRUCTURE,109,0.9986460953459299
polynomial_mixed,5C_67PER_4C_NEWSTRUCTURE,110,0.9986229827626544
polynomial_mixed,5C_67PER_4C_NEWSTRUCTURE,111,0.9985995385971103
polynomial_mixed,5C_67PER_4C_NEWSTRUCTURE,112,0.9985757628492973
polynomial_mixed,5C_67PER_4C_NEWSTRUCTURE,113,0.9985516555192155
polynomial_mixed,5C_67PER_4C_NEWSTRUCTURE,114,0.9985272166068646
polynomial_mixed,5C_67PER_4C_NEWSTRUCTURE,115,0.9985024461122451
polynomial_mixed,5C_67PER_4C_NEWSTRUCTURE,116,0.9984773440353567
polynomial_mixed,5C_67PER_4C_NEWSTRUCTURE,117,0.9984519103761993
polynomial_mixed,5C_67PER_4C_NEWSTRUCTURE,118,0.9984261451347731
polynomial_mixed,5C_67PER_4C_NEWSTRUCTURE,119,0.9984000483110782
polynomial_mixed,5C_67PER_4C_NEWSTRUCTURE,120,0.9983736199051142
polynomial_mixed,5C_67PER_4C_NEWSTRUCTURE,121,0.9983468599168815
polynomial_mixed,5C_67PER_4C_NEWSTRUCTURE,122,0.99831976834638
polynomial_mixed,5C_67PER_4C_NEWSTRUCTURE,123,0.9982923451936094
polynomial_mixed,5C_67PER_4C_NEWSTRUCTURE,124,0.9982645904585702
polynomial_mixed,5C_67PER_4C_NEWSTRUCTURE,125,0.9982365041412621
polynomial_mixed,5C_67PER_4C_NEWSTRUCTURE,126,0.998208086241685
polynomial_mixed,5C_67PER_4C_NEWSTRUCTURE,127,0.9981793367598392
polynomial_mixed,5C_67PER_4C_NEWSTRUCTURE,128,0.9981502556957245
polynomial_mixed,5C_67PER_4C_NEWSTRUCTURE,129,0.998120843049341
polynomial_mixed,5C_67PER_4C_NEWSTRUCTURE,130,0.9980910988206884
polynomial_mixed,5C_67PER_4C_NEWSTRUCTURE,131,0.9980610230097672
polynomial_mixed,5C_67PER_4C_NEWSTRUCTURE,132,0.9980306156165771
polynomial_mixed,5C_67PER_4C_NEWSTRUCTURE,133,0.9979998766411179
polynomial_mixed,5C_67PER_4C_NEWSTRUCTURE,134,0.9979688060833901
polynomial_mixed,5C_67PER_4C_NEWSTRUCTURE,135,0.9979374039433935
polynomial_mixed,5C_67PER_4C_NEWSTRUCTURE,136,0.9979056702211277
polynomial_mixed,5C_67PER_4C_NEWSTRUCTURE,137,0.9978736049165934
polynomial_mixed,5C_67PER_4C_NEWSTRUCTURE,138,0.9978412080297901
polynomial_mixed,5C_67PER_4C_NEWSTRUCTURE,139,0.9978084795607178
polynomial_mixed,5C_67PER_4C_NEWSTRUCTURE,140,0.997775419509377
polynomial_mixed,5C_67PER_4C_NEWSTRUCTURE,141,0.9977420278757672
polynomial_mixed,5C_67PER_4C_NEWSTRUCTURE,142,0.9977083046598885
polynomial_mixed,5C_67PER_4C_NEWSTRUCTURE,143,0.9976742498617408
polynomial_mixed,5C_67PER_4C_NEWSTRUCTURE,144,0.9976398634813244
polynomial_mixed,5C_67PER_4C_NEWSTRUCTURE,145,0.9976051455186392
polynomial_mixed,5C_67PER_4C_NEWSTRUCTURE,146,0.997570095973685
polynomial_mixed,5C_67PER_4C_NEWSTRUCTURE,147,0.997534714846462
polynomial_mixed,5C_67PER_4C_NEWSTRUCTURE,148,0.9974990021369702
polynomial_mixed,5C_67PER_4C_NEWSTRUCTURE,149,0.9974629578452093
polynomial_mixed,5C_67PER_4C_NEWSTRUCTURE,150,0.9974265819711798
polynomial_mixed,5C_67PER_4C_NEWSTRUCTURE,151,0.9973898745148815
polynomial_mixed,5C_67PER_4C_NEWSTRUCTURE,152,0.997352835476314
polynomial_mixed,5C_67PER_4C_NEWSTRUCTURE,153,0.997315464855478
polynomial_mixed,5C_67PER_4C_NEWSTRUCTURE,154,0.9972777626523731
polynomial_mixed,5C_67PER_4C_NEWSTRUCTURE,155,0.9972397288669993
polynomial_mixed,5C_67PER_4C_NEWSTRUCTURE,156,0.9972013634993564
polynomial_mixed,5C_67PER_4C_NEWSTRUCTURE,157,0.997162666549445
polynomial_mixed,5C_67PER_4C_NEWSTRUCTURE,158,0.9971236380172646
polynomial_mixed,5C_67PER_4C_NEWSTRUCTURE,159,0.9970842779028152
polynomial_mixed,5C_67PER_4C_NEWSTRUCTURE,160,0.997044586206097
polynomial_mixed,5C_67PER_4C_NEWSTRUCTURE,161,0.9970045629271101
polynomial_mixed,5C_67PER_4C_NEWSTRUCTURE,162,0.9969642080658542
polynomial_mixed,5C_67PER_4C_NEWSTRUCTURE,163,0.9969235216223296
polynomial_mixed,5C_67PER_4C_NEWSTRUCTURE,164,0.9968825035965361
polynomial_mixed,5C_67PER_4C_NEWSTRUCTURE,165,0.9968411539884735
polynomial_mixed,5C_67PER_4C_NEWSTRUCTURE,166,0.9967994727981423
polynomial_mixed,5C_67PER_4C_NEWSTRUCTURE,167,0.9967574600255422
polynomial_mixed,5C_67PER_4C_NEWSTRUCTURE,168,0.9967151156706731
polynomial_mixed,5C_67PER_4C_NEWSTRUCTURE,169,0.9966724397335353
polynomial_mixed,5C_67PER_4C_NEWSTRUCTURE,170,0.9966294322141287
polynomial_mixed,5C_67PER_4C_NEWSTRUCTURE,171,0.9965860931124532
polynomial_mixed,5C_67PER_4C_NEWSTRUCTURE,172,0.9965424224285087
polynomial_mixed,5C_67PER_4C_NEWSTRUCTURE,173,0.9964984201622954
polynomial_mixed,5C_67PER_4C_NEWSTRUCTURE,174,0.9964540863138134
polynomial_mixed,5C_67PER_4C_NEWSTRUCTURE,175,0.9964094208830622
polynomial_mixed,5C_67PER_4C_NEWSTRUCTURE,176,0.9963644238700424
polynomial_mixed,5C_67PER_4C_NEWSTRUCTURE,177,0.9963190952747538
polynomial_mixed,5C_67PER_4C_NEWSTRUCTURE,178,0.9962734350971961
polynomial_mixed,5C_67PER_4C_NEWSTRUCTURE,179,0.9962274433373698
polynomial_mixed,5C_67PER_4C_NEWSTRUCTURE,180,0.9961811199952746
polynomial_mixed,5C_67PER_4C_NEWSTRUCTURE,181,0.9961344650709103
polynomial_mixed,5C_67PER_4C_NEWSTRUCTURE,182,0.9960874785642774
polynomial_mixed,5C_67PER_4C_NEWSTRUCTURE,183,0.9960401604753756
polynomial_mixed,5C_67PER_4C_NEWSTRUCTURE,184,0.995992510804205
polynomial_mixed,5C_67PER_4C_NEWSTRUCTURE,185,0.9959445295507653
polynomial_mixed,5C_67PER_4C_NEWSTRUCTURE,186,0.995896216715057
polynomial_mixed,5C_67PER_4C_NEWSTRUCTURE,187,0.9958475722970798
polynomial_mixed,5C_67PER_4C_NEWSTRUCTURE,188,0.9957985962968335
polynomial_mixed,5C_67PER_4C_NEWSTRUCTURE,189,0.9957492887143186
polynomial_mixed,5C_67PER_4C_NEWSTRUCTURE,190,0.9956996495495348
polynomial_mixed,5C_67PER_4C_NEWSTRUCTURE,191,0.995649678802482
polynomial_mixed,5C_67PER_4C_NEWSTRUCTURE,192,0.9955993764731605
polynomial_mixed,5C_67PER_4C_NEWSTRUCTURE,193,0.9955487425615702
polynomial_mixed,5C_67PER_4C_NEWSTRUCTURE,194,0.9954977770677108
polynomial_mixed,5C_67PER_4C_NEWSTRUCTURE,195,0.9954464799915828
polynomial_mixed,5C_67PER_4C_NEWSTRUCTURE,196,0.9953948513331858
polynomial_mixed,5C_67PER_4C_NEWSTRUCTURE,197,0.99534289109252
polynomial_mixed,5C_67PER_4C_NEWSTRUCTURE,198,0.9952905992695853
polynomial_mixed,5C_67PER_4C_NEWSTRUCTURE,199,0.9952379758643818
polynomial_mixed,5C_67PER_4C_NEWSTRUCTURE,200,0.9951850208769094
polynomial_mixed,5_3C_54PER_4C_NEWSTRUCTURE,1,0.9989867239925467
polynomial_mixed,5_3C_54PER_4C_NEWSTRUCTURE,2,0.9989982244805597
polynomial_mixed,5_3C_54PER_4C_NEWSTRUCTURE,3,0.9990094102584589
polynomial_mixed,5_3C_54PER_4C_NEWSTRUCTURE,4,0.9990202813262443
polynomial_mixed,5_3C_54PER_4C_NEWSTRUCTURE,5,0.9990308376839158
polynomial_mixed,5_3C_54PER_4C_NEWSTRUCTURE,6,0.9990410793314733
polynomial_mixed,5_3C_54PER_4C_NEWSTRUCTURE,7,0.9990510062689171
polynomial_mixed,5_3C_54PER_4C_NEWSTRUCTURE,8,0.999060618496247
polynomial_mixed,5_3C_54PER_4C_NEWSTRUCTURE,9,0.9990699160134631
polynomial_mixed,5_3C_54PER_4C_NEWSTRUCTURE,10,0.9990788988205652
polynomial_mixed,5_3C_54PER_4C_NEWSTRUCTURE,11,0.9990875669175535
polynomial_mixed,5_3C_54PER_4C_NEWSTRUCTURE,12,0.9990959203044281
polynomial_mixed,5_3C_54PER_4C_NEWSTRUCTURE,13,0.9991039589811885
polynomial_mixed,5_3C_54PER_4C_NEWSTRUCTURE,14,0.9991116829478354
polynomial_mixed,5_3C_54PER_4C_NEWSTRUCTURE,15,0.9991190922043682
polynomial_mixed,5_3C_54PER_4C_NEWSTRUCTURE,16,0.9991261867507873
polynomial_mixed,5_3C_54PER_4C_NEWSTRUCTURE,17,0.9991329665870924
polynomial_mixed,5_3C_54PER_4C_NEWSTRUCTURE,18,0.9991394317132837
polynomial_mixed,5_3C_54PER_4C_NEWSTRUCTURE,19,0.9991455821293612
polynomial_mixed,5_3C_54PER_4C_NEWSTRUCTURE,20,0.9991514178353248
polynomial_mixed,5_3C_54PER_4C_NEWSTRUCTURE,21,0.9991569388311745
polynomial_mixed,5_3C_54PER_4C_NEWSTRUCTURE,22,0.9991621451169104
polynomial_mixed,5_3C_54PER_4C_NEWSTRUCTURE,23,0.9991670366925325
polynomial_mixed,5_3C_54PER_4C_NEWSTRUCTURE,24,0.9991716135580406
polynomial_mixed,5_3C_54PER_4C_NEWSTRUCTURE,25,0.9991758757134348
polynomial_mixed,5_3C_54PER_4C_NEWSTRUCTURE,26,0.9991798231587153
polynomial_mixed,5_3C_54PER_4C_NEWSTRUCTURE,27,0.9991834558938819
polynomial_mixed,5_3C_54PER_4C_NEWSTRUCTURE,28,0.9991867739189346
polynomial_mixed,5_3C_54PER_4C_NEWSTRUCTURE,29,0.9991897772338735
polynomial_mixed,5_3C_54PER_4C_NEWSTRUCTURE,30,0.9991924658386986
polynomial_mixed,5_3C_54PER_4C_NEWSTRUCTURE,31,0.9991948397334097
polynomial_mixed,5_3C_54PER_4C_NEWSTRUCTURE,32,0.9991968989180069
polynomial_mixed,5_3C_54PER_4C_NEWSTRUCTURE,33,0.9991986433924904
polynomial_mixed,5_3C_54PER_4C_NEWSTRUCTURE,34,0.99920007315686
polynomial_mixed,5_3C_54PER_4C_NEWSTRUCTURE,35,0.9992011882111157
polynomial_mixed,5_3C_54PER_4C_NEWSTRUCTURE,36,0.9992019885552575
polynomial_mixed,5_3C_54PER_4C_NEWSTRUCTURE,37,0.9992024741892855
polynomial_mixed,5_3C_54PER_4C_NEWSTRUCTURE,38,0.9992026451131998
polynomial_mixed,5_3C_54PER_4C_NEWSTRUCTURE,39,0.999202501327
polynomial_mixed,5_3C_54PER_4C_NEWSTRUCTURE,40,0.9992020428306864
polynomial_mixed,5_3C_54PER_4C_NEWSTRUCTURE,41,0.999201269624259
polynomial_mixed,5_3C_54PER_4C_NEWSTRUCTURE,42,0.9992001817077177
polynomial_mixed,5_3C_54PER_4C_NEWSTRUCTURE,43,0.9991987790810625
polynomial_mixed,5_3C_54PER_4C_NEWSTRUCTURE,44,0.9991970617442936
polynomial_mixed,5_3C_54PER_4C_NEWSTRUCTURE,45,0.9991950296974107
polynomial_mixed,5_3C_54PER_4C_NEWSTRUCTURE,46,0.999192682940414
polynomial_mixed,5_3C_54PER_4C_NEWSTRUCTURE,47,0.9991900214733034
polynomial_mixed,5_3C_54PER_4C_NEWSTRUCTURE,48,0.9991870452960789
polynomial_mixed,5_3C_54PER_4C_NEWSTRUCTURE,49,0.9991837544087407
polynomial_mixed,5_3C_54PER_4C_NEWSTRUCTURE,50,0.9991801488112886
polynomial_mixed,5_3C_54PER_4C_NEWSTRUCTURE,51,0.9991762285037225
polynomial_mixed,5_3C_54PER_4C_NEWSTRUCTURE,52,0.9991719934860427
polynomial_mixed,5_3C_54PER_4C_NEWSTRUCTURE,53,0.999167443758249
polynomial_mixed,5_3C_54PER_4C_NEWSTRUCTURE,54,0.9991625793203412
polynomial_mixed,5_3C_54PER_4C_NEWSTRUCTURE,55,0.9991574001723198
polynomial_mixed,5_3C_54PER_4C_NEWSTRUCTURE,56,0.9991519063141846
polynomial_mixed,5_3C_54PER_4C_NEWSTRUCTURE,57,0.9991460977459354
polynomial_mixed,5_3C_54PER_4C_NEWSTRUCTURE,58,0.9991399744675723
polynomial_mixed,5_3C_54PER_4C_NEWSTRUCTURE,59,0.9991335364790955
polynomial_mixed,5_3C_54PER_4C_NEWSTRUCTURE,60,0.9991267837805048
polynomial_mixed,5_3C_54PER_4C_NEWSTRUCTURE,61,0.9991197163718002
polynomial_mixed,5_3C_54PER_4C_NEWSTRUCTURE,62,0.9991123342529817
polynomial_mixed,5_3C_54PER_4C_NEWSTRUCTURE,63,0.9991046374240494
polynomial_mixed,5_3C_54PER_4C_NEWSTRUCTURE,64,0.9990966258850033
polynomial_mixed,5_3C_54PER_4C_NEWSTRUCTURE,65,0.9990882996358431
polynomial_mixed,5_3C_54PER_4C_NEWSTRUCTURE,66,0.9990796586765693
polynomial_mixed,5_3C_54PER_4C_NEWSTRUCTURE,67,0.9990707030071816
polynomial_mixed,5_3C_54PER_4C_NEWSTRUCTURE,68,0.99906143262768
polynomial_mixed,5_3C_54PER_4C_NEWSTRUCTURE,69,0.9990518475380645
polynomial_mixed,5_3C_54PER_4C_NEWSTRUCTURE,70,0.9990419477383352
polynomial_mixed,5_3C_54PER_4C_NEWSTRUCTURE,71,0.999031733228492
polynomial_mixed,5_3C_54PER_4C_NEWSTRUCTURE,72,0.999021204008535
polynomial_mixed,5_3C_54PER_4C_NEWSTRUCTURE,73,0.9990103600784641
polynomial_mixed,5_3C_54PER_4C_NEWSTRUCTURE,74,0.9989992014382794
polynomial_mixed,5_3C_54PER_4C_NEWSTRUCTURE,75,0.9989877280879808
polynomial_mixed,5_3C_54PER_4C_NEWSTRUCTURE,76,0.9989759400275683
polynomial_mixed,5_3C_54PER_4C_NEWSTRUCTURE,77,0.998963837257042
polynomial_mixed,5_3C_54PER_4C_NEWSTRUCTURE,78,0.9989514197764018
polynomial_mixed,5_3C_54PER_4C_NEWSTRUCTURE,79,0.9989386875856477
polynomial_mixed,5_3C_54PER_4C_NEWSTRUCTURE,80,0.9989256406847797
polynomial_mixed,5_3C_54PER_4C_NEWSTRUCTURE,81,0.9989122790737981
polynomial_mixed,5_3C_54PER_4C_NEWSTRUCTURE,82,0.9988986027527025
polynomial_mixed,5_3C_54PER_4C_NEWSTRUCTURE,83,0.998884611721493
polynomial_mixed,5_3C_54PER_4C_NEWSTRUCTURE,84,0.9988703059801696
polynomial_mixed,5_3C_54PER_4C_NEWSTRUCTURE,85,0.9988556855287325
polynomial_mixed,5_3C_54PER_4C_NEWSTRUCTURE,86,0.9988407503671815
polynomial_mixed,5_3C_54PER_4C_NEWSTRUCTURE,87,0.9988255004955164
polynomial_mixed,5_3C_54PER_4C_NEWSTRUCTURE,88,0.9988099359137378
polynomial_mixed,5_3C_54PER_4C_NEWSTRUCTURE,89,0.9987940566218451
polynomial_mixed,5_3C_54PER_4C_NEWSTRUCTURE,90,0.9987778626198386
polynomial_mixed,5_3C_54PER_4C_NEWSTRUCTURE,91,0.9987613539077184
polynomial_mixed,5_3C_54PER_4C_NEWSTRUCTURE,92,0.9987445304854841
polynomial_mixed,5_3C_54PER_4C_NEWSTRUCTURE,93,0.9987273923531359
polynomial_mixed,5_3C_54PER_4C_NEWSTRUCTURE,94,0.9987099395106741
polynomial_mixed,5_3C_54PER_4C_NEWSTRUCTURE,95,0.9986921719580983
polynomial_mixed,5_3C_54PER_4C_NEWSTRUCTURE,96,0.9986740896954088
polynomial_mixed,5_3C_54PER_4C_NEWSTRUCTURE,97,0.9986556927226052
polynomial_mixed,5_3C_54PER_4C_NEWSTRUCTURE,98,0.9986369810396878
polynomial_mixed,5_3C_54PER_4C_NEWSTRUCTURE,99,0.9986179546466567
polynomial_mixed,5_3C_54PER_4C_NEWSTRUCTURE,100,0.9985986135435115
polynomial_mixed,5_3C_54PER_4C_NEWSTRUCTURE,101,0.9985789577302526
polynomial_mixed,5_3C_54PER_4C_NEWSTRUCTURE,102,0.99855898720688
polynomial_mixed,5_3C_54PER_4C_NEWSTRUCTURE,103,0.9985387019733932
polynomial_mixed,5_3C_54PER_4C_NEWSTRUCTURE,104,0.9985181020297926
polynomial_mixed,5_3C_54PER_4C_NEWSTRUCTURE,105,0.9984971873760784
polynomial_mixed,5_3C_54PER_4C_NEWSTRUCTURE,106,0.9984759580122501
polynomial_mixed,5_3C_54PER_4C_NEWSTRUCTURE,107,0.9984544139383082
polynomial_mixed,5_3C_54PER_4C_NEWSTRUCTURE,108,0.9984325551542522
polynomial_mixed,5_3C_54PER_4C_NEWSTRUCTURE,109,0.9984103816600823
polynomial_mixed,5_3C_54PER_4C_NEWSTRUCTURE,110,0.9983878934557988
polynomial_mixed,5_3C_54PER_4C_NEWSTRUCTURE,111,0.9983650905414012
polynomial_mixed,5_3C_54PER_4C_NEWSTRUCTURE,112,0.9983419729168898
polynomial_mixed,5_3C_54PER_4C_NEWSTRUCTURE,113,0.9983185405822647
polynomial_mixed,5_3C_54PER_4C_NEWSTRUCTURE,114,0.9982947935375255
polynomial_mixed,5_3C_54PER_4C_NEWSTRUCTURE,115,0.9982707317826728
polynomial_mixed,5_3C_54PER_4C_NEWSTRUCTURE,116,0.9982463553177059
polynomial_mixed,5_3C_54PER_4C_NEWSTRUCTURE,117,0.9982216641426251
polynomial_mixed,5_3C_54PER_4C_NEWSTRUCTURE,118,0.9981966582574308
polynomial_mixed,5_3C_54PER_4C_NEWSTRUCTURE,119,0.9981713376621223
polynomial_mixed,5_3C_54PER_4C_NEWSTRUCTURE,120,0.9981457023567
polynomial_mixed,5_3C_54PER_4C_NEWSTRUCTURE,121,0.998119752341164
polynomial_mixed,5_3C_54PER_4C_NEWSTRUCTURE,122,0.998093487615514
polynomial_mixed,5_3C_54PER_4C_NEWSTRUCTURE,123,0.9980669081797501
polynomial_mixed,5_3C_54PER_4C_NEWSTRUCTURE,124,0.9980400140338727
polynomial_mixed,5_3C_54PER_4C_NEWSTRUCTURE,125,0.998012805177881
polynomial_mixed,5_3C_54PER_4C_NEWSTRUCTURE,126,0.9979852816117758
polynomial_mixed,5_3C_54PER_4C_NEWSTRUCTURE,127,0.9979574433355565
polynomial_mixed,5_3C_54PER_4C_NEWSTRUCTURE,128,0.9979292903492233
polynomial_mixed,5_3C_54PER_4C_NEWSTRUCTURE,129,0.9979008226527765
polynomial_mixed,5_3C_54PER_4C_NEWSTRUCTURE,130,0.9978720402462156
polynomial_mixed,5_3C_54PER_4C_NEWSTRUCTURE,131,0.9978429431295408
polynomial_mixed,5_3C_54PER_4C_NEWSTRUCTURE,132,0.9978135313027524
polynomial_mixed,5_3C_54PER_4C_NEWSTRUCTURE,133,0.9977838047658499
polynomial_mixed,5_3C_54PER_4C_NEWSTRUCTURE,134,0.9977537635188336
polynomial_mixed,5_3C_54PER_4C_NEWSTRUCTURE,135,0.9977234075617036
polynomial_mixed,5_3C_54PER_4C_NEWSTRUCTURE,136,0.9976927368944596
polynomial_mixed,5_3C_54PER_4C_NEWSTRUCTURE,137,0.9976617515171019
polynomial_mixed,5_3C_54PER_4C_NEWSTRUCTURE,138,0.9976304514296301
polynomial_mixed,5_3C_54PER_4C_NEWSTRUCTURE,139,0.9975988366320445
polynomial_mixed,5_3C_54PER_4C_NEWSTRUCTURE,140,0.9975669071243454
polynomial_mixed,5_3C_54PER_4C_NEWSTRUCTURE,141,0.997534662906532
polynomial_mixed,5_3C_54PER_4C_NEWSTRUCTURE,142,0.9975021039786048
polynomial_mixed,5_3C_54PER_4C_NEWSTRUCTURE,143,0.997469230340564
polynomial_mixed,5_3C_54PER_4C_NEWSTRUCTURE,144,0.9974360419924091
polynomial_mixed,5_3C_54PER_4C_NEWSTRUCTURE,145,0.9974025389341403
polynomial_mixed,5_3C_54PER_4C_NEWSTRUCTURE,146,0.9973687211657579
polynomial_mixed,5_3C_54PER_4C_NEWSTRUCTURE,147,0.9973345886872614
polynomial_mixed,5_3C_54PER_4C_NEWSTRUCTURE,148,0.9973001414986513
polynomial_mixed,5_3C_54PER_4C_NEWSTRUCTURE,149,0.9972653795999271
polynomial_mixed,5_3C_54PER_4C_NEWSTRUCTURE,150,0.9972303029910891
polynomial_mixed,5_3C_54PER_4C_NEWSTRUCTURE,151,0.9971949116721374
polynomial_mixed,5_3C_54PER_4C_NEWSTRUCTURE,152,0.9971592056430716
polynomial_mixed,5_3C_54PER_4C_NEWSTRUCTURE,153,0.997123184903892
polynomial_mixed,5_3C_54PER_4C_NEWSTRUCTURE,154,0.9970868494545987
polynomial_mixed,5_3C_54PER_4C_NEWSTRUCTURE,155,0.9970501992951913
polynomial_mixed,5_3C_54PER_4C_NEWSTRUCTURE,156,0.9970132344256701
polynomial_mixed,5_3C_54PER_4C_NEWSTRUCTURE,157,0.9969759548460353
polynomial_mixed,5_3C_54PER_4C_NEWSTRUCTURE,158,0.9969383605562864
polynomial_mixed,5_3C_54PER_4C_NEWSTRUCTURE,159,0.9969004515564238
polynomial_mixed,5_3C_54PER_4C_NEWSTRUCTURE,160,0.9968622278464472
polynomial_mixed,5_3C_54PER_4C_NEWSTRUCTURE,161,0.9968236894263567
polynomial_mixed,5_3C_54PER_4C_NEWSTRUCTURE,162,0.9967848362961524
polynomial_mixed,5_3C_54PER_4C_NEWSTRUCTURE,163,0.9967456684558342
polynomial_mixed,5_3C_54PER_4C_NEWSTRUCTURE,164,0.9967061859054022
polynomial_mixed,5_3C_54PER_4C_NEWSTRUCTURE,165,0.9966663886448565
polynomial_mixed,5_3C_54PER_4C_NEWSTRUCTURE,166,0.9966262766741967
polynomial_mixed,5_3C_54PER_4C_NEWSTRUCTURE,167,0.9965858499934233
polynomial_mixed,5_3C_54PER_4C_NEWSTRUCTURE,168,0.9965451086025358
polynomial_mixed,5_3C_54PER_4C_NEWSTRUCTURE,169,0.9965040525015344
polynomial_mixed,5_3C_54PER_4C_NEWSTRUCTURE,170,0.9964626816904194
polynomial_mixed,5_3C_54PER_4C_NEWSTRUCTURE,171,0.9964209961691903
polynomial_mixed,5_3C_54PER_4C_NEWSTRUCTURE,172,0.9963789959378474
polynomial_mixed,5_3C_54PER_4C_NEWSTRUCTURE,173,0.9963366809963908
polynomial_mixed,5_3C_54PER_4C_NEWSTRUCTURE,174,0.9962940513448202
polynomial_mixed,5_3C_54PER_4C_NEWSTRUCTURE,175,0.9962511069831357
polynomial_mixed,5_3C_54PER_4C_NEWSTRUCTURE,176,0.9962078479113375
polynomial_mixed,5_3C_54PER_4C_NEWSTRUCTURE,177,0.9961642741294253
polynomial_mixed,5_3C_54PER_4C_NEWSTRUCTURE,178,0.9961203856373994
polynomial_mixed,5_3C_54PER_4C_NEWSTRUCTURE,179,0.9960761824352594
polynomial_mixed,5_3C_54PER_4C_NEWSTRUCTURE,180,0.9960316645230056
polynomial_mixed,5_3C_54PER_4C_NEWSTRUCTURE,181,0.9959868319006382
polynomial_mixed,5_3C_54PER_4C_NEWSTRUCTURE,182,0.9959416845681567
polynomial_mixed,5_3C_54PER_4C_NEWSTRUCTURE,183,0.9958962225255613
polynomial_mixed,5_3C_54PER_4C_NEWSTRUCTURE,184,0.9958504457728523
polynomial_mixed,5_3C_54PER_4C_NEWSTRUCTURE,185,0.9958043543100292
polynomial_mixed,5_3C_54PER_4C_NEWSTRUCTURE,186,0.9957579481370923
polynomial_mixed,5_3C_54PER_4C_NEWSTRUCTURE,187,0.9957112272540417
polynomial_mixed,5_3C_54PER_4C_NEWSTRUCTURE,188,0.9956641916608769
polynomial_mixed,5_3C_54PER_4C_NEWSTRUCTURE,189,0.9956168413575986
polynomial_mixed,5_3C_54PER_4C_NEWSTRUCTURE,190,0.9955691763442063
polynomial_mixed,5_3C_54PER_4C_NEWSTRUCTURE,191,0.9955211966207
polynomial_mixed,5_3C_54PER_4C_NEWSTRUCTURE,192,0.9954729021870802
polynomial_mixed,5_3C_54PER_4C_NEWSTRUCTURE,193,0.9954242930433462
polynomial_mixed,5_3C_54PER_4C_NEWSTRUCTURE,194,0.9953753691894984
polynomial_mixed,5_3C_54PER_4C_NEWSTRUCTURE,195,0.9953261306255369
polynomial_mixed,5_3C_54PER_4C_NEWSTRUCTURE,196,0.9952765773514614
polynomial_mixed,5_3C_54PER_4C_NEWSTRUCTURE,197,0.995226709367272
polynomial_mixed,5_3C_54PER_4C_NEWSTRUCTURE,198,0.995176526672969
polynomial_mixed,5_3C_54PER_4C_NEWSTRUCTURE,199,0.9951260292685519
polynomial_mixed,5_3C_54PER_4C_NEWSTRUCTURE,200,0.9950752171540211
polynomial_mixed,3_7C_31PER_5_9C_NEWSTRUCTURE,1,1.0012846871874836
polynomial_mixed,3_7C_31PER_5_9C_NEWSTRUCTURE,2,1.001122180382749
polynomial_mixed,3_7C_31PER_5_9C_NEWSTRUCTURE,3,1.0009594941415825
polynomial_mixed,3_7C_31PER_5_9C_NEWSTRUCTURE,4,1.000796628463983
polynomial_mixed,3_7C_31PER_5_9C_NEWSTRUCTURE,5,1.0006335833499518
polynomial_mixed,3_7C_31PER_5_9C_NEWSTRUCTURE,6,1.0004703587994876
polynomial_mixed,3_7C_31PER_5_9C_NEWSTRUCTURE,7,1.0003069548125916
polynomial_mixed,3_7C_31PER_5_9C_NEWSTRUCTURE,8,1.0001433713892631
polynomial_mixed,3_7C_31PER_5_9C_NEWSTRUCTURE,9,0.9999796085295022
polynomial_mixed,3_7C_31PER_5_9C_NEWSTRUCTURE,10,0.9998156662333089
polynomial_mixed,3_7C_31PER_5_9C_NEWSTRUCTURE,11,0.9996515445006834
polynomial_mixed,3_7C_31PER_5_9C_NEWSTRUCTURE,12,0.9994872433316254
polynomial_mixed,3_7C_31PER_5_9C_NEWSTRUCTURE,13,0.9993227627261352
polynomial_mixed,3_7C_31PER_5_9C_NEWSTRUCTURE,14,0.9991581026842125
polynomial_mixed,3_7C_31PER_5_9C_NEWSTRUCTURE,15,0.9989932632058575
polynomial_mixed,3_7C_31PER_5_9C_NEWSTRUCTURE,16,0.9988282442910701
polynomial_mixed,3_7C_31PER_5_9C_NEWSTRUCTURE,17,0.9986630459398504
polynomial_mixed,3_7C_31PER_5_9C_NEWSTRUCTURE,18,0.9984976681521984
polynomial_mixed,3_7C_31PER_5_9C_NEWSTRUCTURE,19,0.998332110928114
polynomial_mixed,3_7C_31PER_5_9C_NEWSTRUCTURE,20,0.9981663742675972
polynomial_mixed,3_7C_31PER_5_9C_NEWSTRUCTURE,21,0.9980004581706482
polynomial_mixed,3_7C_31PER_5_9C_NEWSTRUCTURE,22,0.9978343626372668
polynomial_mixed,3_7C_31PER_5_9C_NEWSTRUCTURE,23,0.997668087667453
polynomial_mixed,3_7C_31PER_5_9C_NEWSTRUCTURE,24,0.9975016332612068
polynomial_mixed,3_7C_31PER_5_9C_NEWSTRUCTURE,25,0.9973349994185283
polynomial_mixed,3_7C_31PER_5_9C_NEWSTRUCTURE,26,0.9971681861394175
polynomial_mixed,3_7C_31PER_5_9C_NEWSTRUCTURE,27,0.9970011934238743
polynomial_mixed,3_7C_31PER_5_9C_NEWSTRUCTURE,28,0.9968340212718988
polynomial_mixed,3_7C_31PER_5_9C_NEWSTRUCTURE,29,0.9966666696834908
polynomial_mixed,3_7C_31PER_5_9C_NEWSTRUCTURE,30,0.9964991386586506
polynomial_mixed,3_7C_31PER_5_9C_NEWSTRUCTURE,31,0.996331428197378
polynomial_mixed,3_7C_31PER_5_9C_NEWSTRUCTURE,32,0.9961635382996732
polynomial_mixed,3_7C_31PER_5_9C_NEWSTRUCTURE,33,0.9959954689655358
polynomial_mixed,3_7C_31PER_5_9C_NEWSTRUCTURE,34,0.9958272201949662
polynomial_mixed,3_7C_31PER_5_9C_NEWSTRUCTURE,35,0.9956587919879643
polynomial_mixed,3_7C_31PER_5_9C_NEWSTRUCTURE,36,0.9954901843445298
polynomial_mixed,3_7C_31PER_5_9C_NEWSTRUCTURE,37,0.9953213972646632
polynomial_mixed,3_7C_31PER_5_9C_NEWSTRUCTURE,38,0.9951524307483641
polynomial_mixed,3_7C_31PER_5_9C_NEWSTRUCTURE,39,0.9949832847956328
polynomial_mixed,3_7C_31PER_5_9C_NEWSTRUCTURE,40,0.9948139594064691
polynomial_mixed,3_7C_31PER_5_9C_NEWSTRUCTURE,41,0.9946444545808729
polynomial_mixed,3_7C_31PER_5_9C_NEWSTRUCTURE,42,0.9944747703188445
polynomial_mixed,3_7C_31PER_5_9C_NEWSTRUCTURE,43,0.9943049066203837
polynomial_mixed,3_7C_31PER_5_9C_NEWSTRUCTURE,44,0.9941348634854905
polynomial_mixed,3_7C_31PER_5_9C_NEWSTRUCTURE,45,0.993964640914165
polynomial_mixed,3_7C_31PER_5_9C_NEWSTRUCTURE,46,0.9937942389064073
polynomial_mixed,3_7C_31PER_5_9C_NEWSTRUCTURE,47,0.9936236574622171
polynomial_mixed,3_7C_31PER_5_9C_NEWSTRUCTURE,48,0.9934528965815946
polynomial_mixed,3_7C_31PER_5_9C_NEWSTRUCTURE,49,0.9932819562645397
polynomial_mixed,3_7C_31PER_5_9C_NEWSTRUCTURE,50,0.9931108365110525
polynomial_mixed,3_7C_31PER_5_9C_NEWSTRUCTURE,51,0.9929395373211328
polynomial_mixed,3_7C_31PER_5_9C_NEWSTRUCTURE,52,0.9927680586947809
polynomial_mixed,3_7C_31PER_5_9C_NEWSTRUCTURE,53,0.9925964006319967
polynomial_mixed,3_7C_31PER_5_9C_NEWSTRUCTURE,54,0.99242456313278
polynomial_mixed,3_7C_31PER_5_9C_NEWSTRUCTURE,55,0.9922525461971311
polynomial_mixed,3_7C_31PER_5_9C_NEWSTRUCTURE,56,0.9920803498250498
polynomial_mixed,3_7C_31PER_5_9C_NEWSTRUCTURE,57,0.9919079740165361
polynomial_mixed,3_7C_31PER_5_9C_NEWSTRUCTURE,58,0.99173541877159
polynomial_mixed,3_7C_31PER_5_9C_NEWSTRUCTURE,59,0.9915626840902116
polynomial_mixed,3_7C_31PER_5_9C_NEWSTRUCTURE,60,0.991389769972401
polynomial_mixed,3_7C_31PER_5_9C_NEWSTRUCTURE,61,0.9912166764181579
polynomial_mixed,3_7C_31PER_5_9C_NEWSTRUCTURE,62,0.9910434034274824
polynomial_mixed,3_7C_31PER_5_9C_NEWSTRUCTURE,63,0.9908699510003747
polynomial_mixed,3_7C_31PER_5_9C_NEWSTRUCTURE,64,0.9906963191368345
polynomial_mixed,3_7C_31PER_5_9C_NEWSTRUCTURE,65,0.990522507836862
polynomial_mixed,3_7C_31PER_5_9C_NEWSTRUCTURE,66,0.9903485171004571
polynomial_mixed,3_7C_31PER_5_9C_NEWSTRUCTURE,67,0.99017434692762
polynomial_mixed,3_7C_31PER_5_9C_NEWSTRUCTURE,68,0.9899999973183505
polynomial_mixed,3_7C_31PER_5_9C_NEWSTRUCTURE,69,0.9898254682726487
polynomial_mixed,3_7C_31PER_5_9C_NEWSTRUCTURE,70,0.9896507597905144
polynomial_mixed,3_7C_31PER_5_9C_NEWSTRUCTURE,71,0.9894758718719479
polynomial_mixed,3_7C_31PER_5_9C_NEWSTRUCTURE,72,0.9893008045169489
polynomial_mixed,3_7C_31PER_5_9C_NEWSTRUCTURE,73,0.9891255577255176
polynomial_mixed,3_7C_31PER_5_9C_NEWSTRUCTURE,74,0.988950131497654
polynomial_mixed,3_7C_31PER_5_9C_NEWSTRUCTURE,75,0.9887745258333581
polynomial_mixed,3_7C_31PER_5_9C_NEWSTRUCTURE,76,0.9885987407326298
polynomial_mixed,3_7C_31PER_5_9C_NEWSTRUCTURE,77,0.988422776195469
polynomial_mixed,3_7C_31PER_5_9C_NEWSTRUCTURE,78,0.988246632221876
polynomial_mixed,3_7C_31PER_5_9C_NEWSTRUCTURE,79,0.9880703088118507
polynomial_mixed,3_7C_31PER_5_9C_NEWSTRUCTURE,80,0.9878938059653929
polynomial_mixed,3_7C_31PER_5_9C_NEWSTRUCTURE,81,0.9877171236825029
polynomial_mixed,3_7C_31PER_5_9C_NEWSTRUCTURE,82,0.9875402619631806
polynomial_mixed,3_7C_31PER_5_9C_NEWSTRUCTURE,83,0.9873632208074258
polynomial_mixed,3_7C_31PER_5_9C_NEWSTRUCTURE,84,0.9871860002152386
polynomial_mixed,3_7C_31PER_5_9C_NEWSTRUCTURE,85,0.9870086001866191
polynomial_mixed,3_7C_31PER_5_9C_NEWSTRUCTURE,86,0.9868310207215673
polynomial_mixed,3_7C_31PER_5_9C_NEWSTRUCTURE,87,0.9866532618200831
polynomial_mixed,3_7C_31PER_5_9C_NEWSTRUCTURE,88,0.9864753234821666
polynomial_mixed,3_7C_31PER_5_9C_NEWSTRUCTURE,89,0.9862972057078178
polynomial_mixed,3_7C_31PER_5_9C_NEWSTRUCTURE,90,0.9861189084970365
polynomial_mixed,3_7C_31PER_5_9C_NEWSTRUCTURE,91,0.9859404318498229
polynomial_mixed,3_7C_31PER_5_9C_NEWSTRUCTURE,92,0.9857617757661771
polynomial_mixed,3_7C_31PER_5_9C_NEWSTRUCTURE,93,0.9855829402460988
polynomial_mixed,3_7C_31PER_5_9C_NEWSTRUCTURE,94,0.9854039252895882
polynomial_mixed,3_7C_31PER_5_9C_NEWSTRUCTURE,95,0.9852247308966452
polynomial_mixed,3_7C_31PER_5_9C_NEWSTRUCTURE,96,0.9850453570672699
polynomial_mixed,3_7C_31PER_5_9C_NEWSTRUCTURE,97,0.9848658038014623
polynomial_mixed,3_7C_31PER_5_9C_NEWSTRUCTURE,98,0.9846860710992222
polynomial_mixed,3_7C_31PER_5_9C_NEWSTRUCTURE,99,0.9845061589605498
polynomial_mixed,3_7C_31PER_5_9C_NEWSTRUCTURE,100,0.9843260673854451
polynomial_mixed,3_7C_31PER_5_9C_NEWSTRUCTURE,101,0.9841457963739081
polynomial_mixed,3_7C_31PER_5_9C_NEWSTRUCTURE,102,0.9839653459259387
polynomial_mixed,3_7C_31PER_5_9C_NEWSTRUCTURE,103,0.9837847160415369
polynomial_mixed,3_7C_31PER_5_9C_NEWSTRUCTURE,104,0.9836039067207029
polynomial_mixed,3_7C_31PER_5_9C_NEWSTRUCTURE,105,0.9834229179634364
polynomial_mixed,3_7C_31PER_5_9C_NEWSTRUCTURE,106,0.9832417497697375
polynomial_mixed,3_7C_31PER_5_9C_NEWSTRUCTURE,107,0.9830604021396063
polynomial_mixed,3_7C_31PER_5_9C_NEWSTRUCTURE,108,0.9828788750730428
polynomial_mixed,3_7C_31PER_5_9C_NEWSTRUCTURE,109,0.982697168570047
polynomial_mixed,3_7C_31PER_5_9C_NEWSTRUCTURE,110,0.9825152826306188
polynomial_mixed,3_7C_31PER_5_9C_NEWSTRUCTURE,111,0.9823332172547583
polynomial_mixed,3_7C_31PER_5_9C_NEWSTRUCTURE,112,0.9821509724424653
polynomial_mixed,3_7C_31PER_5_9C_NEWSTRUCTURE,113,0.9819685481937401
polynomial_mixed,3_7C_31PER_5_9C_NEWSTRUCTURE,114,0.9817859445085825
polynomial_mixed,3_7C_31PER_5_9C_NEWSTRUCTURE,115,0.9816031613869924
polynomial_mixed,3_7C_31PER_5_9C_NEWSTRUCTURE,116,0.9814201988289701
polynomial_mixed,3_7C_31PER_5_9C_NEWSTRUCTURE,117,0.9812370568345156
polynomial_mixed,3_7C_31PER_5_9C_NEWSTRUCTURE,118,0.9810537354036286
polynomial_mixed,3_7C_31PER_5_9C_NEWSTRUCTURE,119,0.9808702345363092
polynomial_mixed,3_7C_31PER_5_9C_NEWSTRUCTURE,120,0.9806865542325575
polynomial_mixed,3_7C_31PER_5_9C_NEWSTRUCTURE,121,0.9805026944923734
polynomial_mixed,3_7C_31PER_5_9C_NEWSTRUCTURE,122,0.980318655315757
polynomial_mixed,3_7C_31PER_5_9C_NEWSTRUCTURE,123,0.9801344367027083
polynomial_mixed,3_7C_31PER_5_9C_NEWSTRUCTURE,124,0.9799500386532273
polynomial_mixed,3_7C_31PER_5_9C_NEWSTRUCTURE,125,0.9797654611673138
polynomial_mixed,3_7C_31PER_5_9C_NEWSTRUCTURE,126,0.9795807042449679
polynomial_mixed,3_7C_31PER_5_9C_NEWSTRUCTURE,127,0.9793957678861898
polynomial_mixed,3_7C_31PER_5_9C_NEWSTRUCTURE,128,0.9792106520909792
polynomial_mixed,3_7C_31PER_5_9C_NEWSTRUCTURE,129,0.9790253568593363
polynomial_mixed,3_7C_31PER_5_9C_NEWSTRUCTURE,130,0.9788398821912612
polynomial_mixed,3_7C_31PER_5_9C_NEWSTRUCTURE,131,0.9786542280867537
polynomial_mixed,3_7C_31PER_5_9C_NEWSTRUCTURE,132,0.9784683945458138
polynomial_mixed,3_7C_31PER_5_9C_NEWSTRUCTURE,133,0.9782823815684415
polynomial_mixed,3_7C_31PER_5_9C_NEWSTRUCTURE,134,0.9780961891546369
polynomial_mixed,3_7C_31PER_5_9C_NEWSTRUCTURE,135,0.9779098173044
polynomial_mixed,3_7C_31PER_5_9C_NEWSTRUCTURE,136,0.9777232660177306
polynomial_mixed,3_7C_31PER_5_9C_NEWSTRUCTURE,137,0.9775365352946289
polynomial_mixed,3_7C_31PER_5_9C_NEWSTRUCTURE,138,0.977349625135095
polynomial_mixed,3_7C_31PER_5_9C_NEWSTRUCTURE,139,0.9771625355391287
polynomial_mixed,3_7C_31PER_5_9C_NEWSTRUCTURE,140,0.97697526650673
polynomial_mixed,3_7C_31PER_5_9C_NEWSTRUCTURE,141,0.9767878180378989
polynomial_mixed,3_7C_31PER_5_9C_NEWSTRUCTURE,142,0.9766001901326355
polynomial_mixed,3_7C_31PER_5_9C_NEWSTRUCTURE,143,0.9764123827909398
polynomial_mixed,3_7C_31PER_5_9C_NEWSTRUCTURE,144,0.9762243960128116
polynomial_mixed,3_7C_31PER_5_9C_NEWSTRUCTURE,145,0.9760362297982513
polynomial_mixed,3_7C_31PER_5_9C_NEWSTRUCTURE,146,0.9758478841472584
polynomial_mixed,3_7C_31PER_5_9C_NEWSTRUCTURE,147,0.9756593590598334
polynomial_mixed,3_7C_31PER_5_9C_NEWSTRUCTURE,148,0.9754706545359758
polynomial_mixed,3_7C_31PER_5_9C_NEWSTRUCTURE,149,0.975281770575686
polynomial_mixed,3_7C_31PER_5_9C_NEWSTRUCTURE,150,0.9750927071789638
polynomial_mixed,3_7C_31PER_5_9C_NEWSTRUCTURE,151,0.9749034643458092
polynomial_mixed,3_7C_31PER_5_9C_NEWSTRUCTURE,152,0.9747140420762224
polynomial_mixed,3_7C_31PER_5_9C_NEWSTRUCTURE,153,0.9745244403702031
polynomial_mixed,3_7C_31PER_5_9C_NEWSTRUCTURE,154,0.9743346592277515
polynomial_mixed,3_7C_31PER_5_9C_NEWSTRUCTURE,155,0.9741446986488675
polynomial_mixed,3_7C_31PER_5_9C_NEWSTRUCTURE,156,0.9739545586335513
polynomial_mixed,3_7C_31PER_5_9C_NEWSTRUCTURE,157,0.9737642391818025
polynomial_mixed,3_7C_31PER_5_9C_NEWSTRUCTURE,158,0.9735737402936215
polynomial_mixed,3_7C_31PER_5_9C_NEWSTRUCTURE,159,0.9733830619690084
polynomial_mixed,3_7C_31PER_5_9C_NEWSTRUCTURE,160,0.9731922042079626
polynomial_mixed,3_7C_31PER_5_9C_NEWSTRUCTURE,161,0.9730011670104846
polynomial_mixed,3_7C_31PER_5_9C_NEWSTRUCTURE,162,0.9728099503765741
polynomial_mixed,3_7C_31PER_5_9C_NEWSTRUCTURE,163,0.9726185543062315
polynomial_mixed,3_7C_31PER_5_9C_NEWSTRUCTURE,164,0.9724269787994563
polynomial_mixed,3_7C_31PER_5_9C_NEWSTRUCTURE,165,0.9722352238562488
polynomial_mixed,3_7C_31PER_5_9C_NEWSTRUCTURE,166,0.9720432894766091
polynomial_mixed,3_7C_31PER_5_9C_NEWSTRUCTURE,167,0.971851175660537
polynomial_mixed,3_7C_31PER_5_9C_NEWSTRUCTURE,168,0.9716588824080326
polynomial_mixed,3_7C_31PER_5_9C_NEWSTRUCTURE,169,0.9714664097190957
polynomial_mixed,3_7C_31PER_5_9C_NEWSTRUCTURE,170,0.9712737575937265
polynomial_mixed,3_7C_31PER_5_9C_NEWSTRUCTURE,171,0.9710809260319249
polynomial_mixed,3_7C_31PER_5_9C_NEWSTRUCTURE,172,0.970887915033691
polynomial_mixed,3_7C_31PER_5_9C_NEWSTRUCTURE,173,0.9706947245990248
polynomial_mixed,3_7C_31PER_5_9C_NEWSTRUCTURE,174,0.9705013547279263
polynomial_mixed,3_7C_31PER_5_9C_NEWSTRUCTURE,175,0.9703078054203953
polynomial_mixed,3_7C_31PER_5_9C_NEWSTRUCTURE,176,0.970114076676432
polynomial_mixed,3_7C_31PER_5_9C_NEWSTRUCTURE,177,0.9699201684960364
polynomial_mixed,3_7C_31PER_5_9C_NEWSTRUCTURE,178,0.9697260808792083
polynomial_mixed,3_7C_31PER_5_9C_NEWSTRUCTURE,179,0.969531813825948
polynomial_mixed,3_7C_31PER_5_9C_NEWSTRUCTURE,180,0.9693373673362554
polynomial_mixed,3_7C_31PER_5_9C_NEWSTRUCTURE,181,0.9691427414101303
polynomial_mixed,3_7C_31PER_5_9C_NEWSTRUCTURE,182,0.968947936047573
polynomial_mixed,3_7C_31PER_5_9C_NEWSTRUCTURE,183,0.9687529512485832
polynomial_mixed,3_7C_31PER_5_9C_NEWSTRUCTURE,184,0.9685577870131611
polynomial_mixed,3_7C_31PER_5_9C_NEWSTRUCTURE,185,0.9683624433413067
polynomial_mixed,3_7C_31PER_5_9C_NEWSTRUCTURE,186,0.9681669202330199
polynomial_mixed,3_7C_31PER_5_9C_NEWSTRUCTURE,187,0.9679712176883009
polynomial_mixed,3_7C_31PER_5_9C_NEWSTRUCTURE,188,0.9677753357071494
polynomial_mixed,3_7C_31PER_5_9C_NEWSTRUCTURE,189,0.9675792742895655
polynomial_mixed,3_7C_31PER_5_9C_NEWSTRUCTURE,190,0.9673830334355493
polynomial_mixed,3_7C_31PER_5_9C_NEWSTRUCTURE,191,0.9671866131451008
polynomial_mixed,3_7C_31PER_5_9C_NEWSTRUCTURE,192,0.9669900134182199
polynomial_mixed,3_7C_31PER_5_9C_NEWSTRUCTURE,193,0.9667932342549066
polynomial_mixed,3_7C_31PER_5_9C_NEWSTRUCTURE,194,0.9665962756551612
polynomial_mixed,3_7C_31PER_5_9C_NEWSTRUCTURE,195,0.9663991376189832
polynomial_mixed,3_7C_31PER_5_9C_NEWSTRUCTURE,196,0.9662018201463729
polynomial_mixed,3_7C_31PER_5_9C_NEWSTRUCTURE,197,0.9660043232373303
polynomial_mixed,3_7C_31PER_5_9C_NEWSTRUCTURE,198,0.9658066468918552
polynomial_mixed,3_7C_31PER_5_9C_NEWSTRUCTURE,199,0.9656087911099479
polynomial_mixed,3_7C_31PER_5_9C_NEWSTRUCTURE,200,0.9654107558916083
spline_mixed,3_6C-80PER_3_6C,1,0.9986141963110045
spline_mixed,3_6C-80PER_3_6C,2,0.9987532718055789
spline_mixed,3_6C-80PER_3_6C,3,0.9988887042024844
spline_mixed,3_6C-80PER_3_6C,4,0.9990205341812463
spline_mixed,3_6C-80PER_3_6C,5,0.9991488024213901
spline_mixed,3_6C-80PER_3_6C,6,0.9992735496024417
spline_mixed,3_6C-80PER_3_6C,7,0.9993948164039265
spline_mixed,3_6C-80PER_3_6C,8,0.9995126435053703
spline_mixed,3_6C-80PER_3_6C,9,0.9996270715862986
spline_mixed,3_6C-80PER_3_6C,10,0.9997381413262371
spline_mixed,3_6C-80PER_3_6C,11,0.9998458934047113
spline_mixed,3_6C-80PER_3_6C,12,0.999950368501247
spline_mixed,3_6C-80PER_3_6C,13,1.0000516072953698
spline_mixed,3_6C-80PER_3_6C,14,1.000149650466605
spline_mixed,3_6C-80PER_3_6C,15,1.0002445386944785
spline_mixed,3_6C-80PER_3_6C,16,1.000336312658516
spline_mixed,3_6C-80PER_3_6C,17,1.000425013038243
spline_mixed,3_6C-80PER_3_6C,18,1.0005106805131851
spline_mixed,3_6C-80PER_3_6C,19,1.000593355762868
spline_mixed,3_6C-80PER_3_6C,20,1.000673079466817
spline_mixed,3_6C-80PER_3_6C,21,1.0007498923045581
spline_mixed,3_6C-80PER_3_6C,22,1.0008238349556169
spline_mixed,3_6C-80PER_3_6C,23,1.0008949480995188
spline_mixed,3_6C-80PER_3_6C,24,1.0009632724157898
spline_mixed,3_6C-80PER_3_6C,25,1.001028848583955
spline_mixed,3_6C-80PER_3_6C,26,1.00109171728354
spline_mixed,3_6C-80PER_3_6C,27,1.0011519191940712
spline_mixed,3_6C-80PER_3_6C,28,1.0012094949950734
spline_mixed,3_6C-80PER_3_6C,29,1.0012644853660728
spline_mixed,3_6C-80PER_3_6C,30,1.0013169309865946
spline_mixed,3_6C-80PER_3_6C,31,1.0013668725361646
spline_mixed,3_6C-80PER_3_6C,32,1.0014143506943085
spline_mixed,3_6C-80PER_3_6C,33,1.0014594061405517
spline_mixed,3_6C-80PER_3_6C,34,1.00150207955442
spline_mixed,3_6C-80PER_3_6C,35,1.001542411615439
spline_mixed,3_6C-80PER_3_6C,36,1.001580443003134
spline_mixed,3_6C-80PER_3_6C,37,1.0016162143970313
spline_mixed,3_6C-80PER_3_6C,38,1.001649766476656
spline_mixed,3_6C-80PER_3_6C,39,1.0016811399215337
spline_mixed,3_6C-80PER_3_6C,40,1.0017103754111902
spline_mixed,3_6C-80PER_3_6C,41,1.0017375136251512
spline_mixed,3_6C-80PER_3_6C,42,1.0017625952429419
spline_mixed,3_6C-80PER_3_6C,43,1.0017856609440885
spline_mixed,3_6C-80PER_3_6C,44,1.0018067514081161
spline_mixed,3_6C-80PER_3_6C,45,1.0018259073145508
spline_mixed,3_6C-80PER_3_6C,46,1.001843169342918
spline_mixed,3_6C-80PER_3_6C,47,1.0018585781727432
spline_mixed,3_6C-80PER_3_6C,48,1.0018721744835521
spline_mixed,3_6C-80PER_3_6C,49,1.0018839989548702
spline_mixed,3_6C-80PER_3_6C,50,1.0018940922662234
spline_mixed,3_6C-80PER_3_6C,51,1.0019024942714667
spline_mixed,3_6C-80PER_3_6C,52,1.0019092415217734
spline_mixed,3_6C-80PER_3_6C,53,1.0019143697426462
spline_mixed,3_6C-80PER_3_6C,54,1.0019179146595885
spline_mixed,3_6C-80PER_3_6C,55,1.0019199119981024
spline_mixed,3_6C-80PER_3_6C,56,1.001920397483691
spline_mixed,3_6C-80PER_3_6C,57,1.0019194068418575
spline_mixed,3_6C-80PER_3_6C,58,1.0019169757981041
spline_mixed,3_6C-80PER_3_6C,59,1.0019131400779342
spline_mixed,3_6C-80PER_3_6C,60,1.0019079354068505
spline_mixed,3_6C-80PER_3_6C,61,1.0019013975103557
spline_mixed,3_6C-80PER_3_6C,62,1.0018935621139524
spline_mixed,3_6C-80PER_3_6C,63,1.001884464943144
spline_mixed,3_6C-80PER_3_6C,64,1.001874141723433
spline_mixed,3_6C-80PER_3_6C,65,1.001862628180322
spline_mixed,3_6C-80PER_3_6C,66,1.0018499600393143
spline_mixed,3_6C-80PER_3_6C,67,1.0018361730259127
spline_mixed,3_6C-80PER_3_6C,68,1.0018213028656198
spline_mixed,3_6C-80PER_3_6C,69,1.0018053852839386
spline_mixed,3_6C-80PER_3_6C,70,1.001788456006372
spline_mixed,3_6C-80PER_3_6C,71,1.0017705507584225
spline_mixed,3_6C-80PER_3_6C,72,1.001751705265593
spline_mixed,3_6C-80PER_3_6C,73,1.0017319552533868
spline_mixed,3_6C-80PER_3_6C,74,1.0017113364473063
spline_mixed,3_6C-80PER_3_6C,75,1.0016898845728543
spline_mixed,3_6C-80PER_3_6C,76,1.001667635355534
spline_mixed,3_6C-80PER_3_6C,77,1.001644624520848
spline_mixed,3_6C-80PER_3_6C,78,1.001620887794299
spline_mixed,3_6C-80PER_3_6C,79,1.0015964609013903
spline_mixed,3_6C-80PER_3_6C,80,1.0015713795676242
spline_mixed,3_6C-80PER_3_6C,81,1.0015456795185038
spline_mixed,3_6C-80PER_3_6C,82,1.001519396479532
spline_mixed,3_6C-80PER_3_6C,83,1.0014925661762115
spline_mixed,3_6C-80PER_3_6C,84,1.0014652243340452
spline_mixed,3_6C-80PER_3_6C,85,1.0014374066785359
spline_mixed,3_6C-80PER_3_6C,86,1.0014091489351866
spline_mixed,3_6C-80PER_3_6C,87,1.0013804868294998
spline_mixed,3_6C-80PER_3_6C,88,1.0013514560869787
spline_mixed,3_6C-80PER_3_6C,89,1.0013220924331259
spline_mixed,3_6C-80PER_3_6C,90,1.0012924315934442
spline_mixed,3_6C-80PER_3_6C,91,1.0012625092934364
spline_mixed,3_6C-80PER_3_6C,92,1.001232361258606
spline_mixed,3_6C-80PER_3_6C,93,1.001202023214455
spline_mixed,3_6C-80PER_3_6C,94,1.0011715308864864
spline_mixed,3_6C-80PER_3_6C,95,1.0011409200002035
spline_mixed,3_6C-80PER_3_6C,96,1.0011102262811087
spline_mixed,3_6C-80PER_3_6C,97,1.001079485454705
spline_mixed,3_6C-80PER_3_6C,98,1.001048733246495
spline_mixed,3_6C-80PER_3_6C,99,1.001018005381982
spline_mixed,3_6C-80PER_3_6C,100,1.0009873375866682
spline_mixed,3_6C-80PER_3_6C,101,1.0009567582477776
spline_mixed,3_6C-80PER_3_6C,102,1.0009262663994143
spline_mixed,3_6C-80PER_3_6C,103,1.0008958537374038
spline_mixed,3_6C-80PER_3_6C,104,1.0008655119575705
spline_mixed,3_6C-80PER_3_6C,105,1.00083523275574
spline_mixed,3_6C-80PER_3_6C,106,1.000805007827737
spline_mixed,3_6C-80PER_3_6C,107,1.0007748288693872
spline_mixed,3_6C-80PER_3_6C,108,1.0007446875765151
spline_mixed,3_6C-80PER_3_6C,109,1.0007145756449458
spline_mixed,3_6C-80PER_3_6C,110,1.0006844847705045
spline_mixed,3_6C-80PER_3_6C,111,1.0006544066490164
spline_mixed,3_6C-80PER_3_6C,112,1.0006243329763065
spline_mixed,3_6C-80PER_3_6C,113,1.0005942554481995
spline_mixed,3_6C-80PER_3_6C,114,1.0005641657605209
spline_mixed,3_6C-80PER_3_6C,115,1.0005340556090956
spline_mixed,3_6C-80PER_3_6C,116,1.0005039166897485
spline_mixed,3_6C-80PER_3_6C,117,1.000473740698305
spline_mixed,3_6C-80PER_3_6C,118,1.0004435193305898
spline_mixed,3_6C-80PER_3_6C,119,1.0004132442824285
spline_mixed,3_6C-80PER_3_6C,120,1.0003829072496457
spline_mixed,3_6C-80PER_3_6C,121,1.0003524999280662
spline_mixed,3_6C-80PER_3_6C,122,1.0003220140135158
spline_mixed,3_6C-80PER_3_6C,123,1.0002914412018193
spline_mixed,3_6C-80PER_3_6C,124,1.0002607731888018
spline_mixed,3_6C-80PER_3_6C,125,1.0002300016702876
spline_mixed,3_6C-80PER_3_6C,126,1.000199118342103
spline_mixed,3_6C-80PER_3_6C,127,1.0001681149000725
spline_mixed,3_6C-80PER_3_6C,128,1.0001369830400209
spline_mixed,3_6C-80PER_3_6C,129,1.0001057144577732
spline_mixed,3_6C-80PER_3_6C,130,1.0000743008491553
spline_mixed,3_6C-80PER_3_6C,131,1.0000427339099913
spline_mixed,3_6C-80PER_3_6C,132,1.0000110053361069
spline_mixed,3_6C-80PER_3_6C,133,0.9999791068233269
spline_mixed,3_6C-80PER_3_6C,134,0.9999470300674765
spline_mixed,3_6C-80PER_3_6C,135,0.9999147667643806
spline_mixed,3_6C-80PER_3_6C,136,0.9998823086098645
spline_mixed,3_6C-80PER_3_6C,137,0.9998496472997529
spline_mixed,3_6C-80PER_3_6C,138,0.9998167745298712
spline_mixed,3_6C-80PER_3_6C,139,0.9997836819960442
spline_mixed,3_6C-80PER_3_6C,140,0.9997503613940971
spline_mixed,3_6C-80PER_3_6C,141,0.9997168044198551
spline_mixed,3_6C-80PER_3_6C,142,0.9996830027691431
spline_mixed,3_6C-80PER_3_6C,143,0.9996489481377862
spline_mixed,3_6C-80PER_3_6C,144,0.9996146322216094
spline_mixed,3_6C-80PER_3_6C,145,0.9995800467164377
spline_mixed,3_6C-80PER_3_6C,146,0.9995451833180965
spline_mixed,3_6C-80PER_3_6C,147,0.9995100337224104
spline_mixed,3_6C-80PER_3_6C,148,0.9994745896252051
spline_mixed,3_6C-80PER_3_6C,149,0.999438842722305
spline_mixed,3_6C-80PER_3_6C,150,0.9994027847095355
spline_mixed,3_6C-80PER_3_6C,151,0.999366405862858
spline_mixed,3_6C-80PER_3_6C,152,0.9993296907787799
spline_mixed,3_6C-80PER_3_6C,153,0.9992926226339445
spline_mixed,3_6C-80PER_3_6C,154,0.9992551846049956
spline_mixed,3_6C-80PER_3_6C,155,0.9992173598685768
spline_mixed,3_6C-80PER_3_6C,156,0.9991791316013318
spline_mixed,3_6C-80PER_3_6C,157,0.9991404829799044
spline_mixed,3_6C-80PER_3_6C,158,0.9991013971809378
spline_mixed,3_6C-80PER_3_6C,159,0.9990618573810761
spline_mixed,3_6C-80PER_3_6C,160,0.9990218467569627
spline_mixed,3_6C-80PER_3_6C,161,0.9989813484852411
spline_mixed,3_6C-80PER_3_6C,162,0.9989403457425553
spline_mixed,3_6C-80PER_3_6C,163,0.9988988217055487
spline_mixed,3_6C-80PER_3_6C,164,0.9988567595508648
spline_mixed,3_6C-80PER_3_6C,165,0.9988141424551475
spline_mixed,3_6C-80PER_3_6C,166,0.9987709535950405
spline_mixed,3_6C-80PER_3_6C,167,0.9987271761471871
spline_mixed,3_6C-80PER_3_6C,168,0.9986827932882312
spline_mixed,3_6C-80PER_3_6C,169,0.9986377881948163
spline_mixed,3_6C-80PER_3_6C,170,0.998592144043586
spline_mixed,3_6C-80PER_3_6C,171,0.9985458440111842
spline_mixed,3_6C-80PER_3_6C,172,0.9984988712742541
spline_mixed,3_6C-80PER_3_6C,173,0.9984512090094397
spline_mixed,3_6C-80PER_3_6C,174,0.9984028403933847
spline_mixed,3_6C-80PER_3_6C,175,0.9983537486027324
spline_mixed,3_6C-80PER_3_6C,176,0.9983039168141268
spline_mixed,3_6C-80PER_3_6C,177,0.9982533282042111
spline_mixed,3_6C-80PER_3_6C,178,0.9982019659496293
spline_mixed,3_6C-80PER_3_6C,179,0.9981498132270248
spline_mixed,3_6C-80PER_3_6C,180,0.9980968532130414
spline_mixed,3_6C-80PER_3_6C,181,0.9980430690843226
spline_mixed,3_6C-80PER_3_6C,182,0.9979884440175122
spline_mixed,3_6C-80PER_3_6C,183,0.9979329611892538
spline_mixed,3_6C-80PER_3_6C,184,0.997876603776191
spline_mixed,3_6C-80PER_3_6C,185,0.9978193549549673
spline_mixed,3_6C-80PER_3_6C,186,0.9977611979022266
spline_mixed,3_6C-80PER_3_6C,187,0.9977021157946122
spline_mixed,3_6C-80PER_3_6C,188,0.9976420918087681
spline_mixed,3_6C-80PER_3_6C,189,0.9975811091213377
spline_mixed,3_6C-80PER_3_6C,190,0.9975191509089648
spline_mixed,3_6C-80PER_3_6C,191,0.9974562003482929
spline_mixed,3_6C-80PER_3_6C,192,0.9973922406159657
spline_mixed,3_6C-80PER_3_6C,193,0.9973272548886266
spline_mixed,3_6C-80PER_3_6C,194,0.9972612263429197
spline_mixed,3_6C-80PER_3_6C,195,0.9971941381554882
spline_mixed,3_6C-80PER_3_6C,196,0.997125973502976
spline_mixed,3_6C-80PER_3_6C,197,0.9970567155620267
spline_mixed,3_6C-80PER_3_6C,198,0.9969863475092838
spline_mixed,3_6C-80PER_3_6C,199,0.996914852521391
spline_mixed,3_6C-80PER_3_6C,200,0.9968422137749922
spline_mixed,80PER_3_6C,1,0.9987695743105267
spline_mixed,80PER_3_6C,2,0.9987538346213279
spline_mixed,80PER_3_6C,3,0.9987364481966781
spline_mixed,80PER_3_6C,4,0.9987174341506274
spline_mixed,80PER_3_6C,5,0.9986968115972262
spline_mixed,80PER_3_6C,6,0.9986745996505243
spline_mixed,80PER_3_6C,7,0.9986508174245718
spline_mixed,80PER_3_6C,8,0.9986254840334191
spline_mixed,80PER_3_6C,9,0.9985986185911159
spline_mixed,80PER_3_6C,10,0.9985702402117125
spline_mixed,80PER_3_6C,11,0.9985403680092589
spline_mixed,80PER_3_6C,12,0.9985090210978055
spline_mixed,80PER_3_6C,13,0.998476218591402
spline_mixed,80PER_3_6C,14,0.9984419796040988
spline_mixed,80PER_3_6C,15,0.9984063232499458
spline_mixed,80PER_3_6C,16,0.9983692686429931
spline_mixed,80PER_3_6C,17,0.9983308348972909
spline_mixed,80PER_3_6C,18,0.9982910411268894
spline_mixed,80PER_3_6C,19,0.9982499064458384
spline_mixed,80PER_3_6C,20,0.9982074499681882
spline_mixed,80PER_3_6C,21,0.998163690807989
spline_mixed,80PER_3_6C,22,0.9981186480792906
spline_mixed,80PER_3_6C,23,0.9980723408961433
spline_mixed,80PER_3_6C,24,0.9980247883725972
spline_mixed,80PER_3_6C,25,0.9979760096227023
spline_mixed,80PER_3_6C,26,0.9979260237605087
spline_mixed,80PER_3_6C,27,0.9978748499000667
spline_mixed,80PER_3_6C,28,0.9978225071554261
spline_mixed,80PER_3_6C,29,0.9977690146406372
spline_mixed,80PER_3_6C,30,0.9977143914697499
spline_mixed,80PER_3_6C,31,0.9976586567568146
spline_mixed,80PER_3_6C,32,0.9976018296158813
spline_mixed,80PER_3_6C,33,0.9975439291609999
spline_mixed,80PER_3_6C,34,0.9974849745062208
spline_mixed,80PER_3_6C,35,0.9974249847655937
spline_mixed,80PER_3_6C,36,0.997363979053169
spline_mixed,80PER_3_6C,37,0.9973019764829969
spline_mixed,80PER_3_6C,38,0.9972389961691271
spline_mixed,80PER_3_6C,39,0.99717505722561
spline_mixed,80PER_3_6C,40,0.9971101787664958
spline_mixed,80PER_3_6C,41,0.9970443799058342
spline_mixed,80PER_3_6C,42,0.9969776797576755
spline_mixed,80PER_3_6C,43,0.9969100974360701
spline_mixed,80PER_3_6C,44,0.9968416520550675
spline_mixed,80PER_3_6C,45,0.9967723627287182
spline_mixed,80PER_3_6C,46,0.9967022485710724
spline_mixed,80PER_3_6C,47,0.9966313286961798
spline_mixed,80PER_3_6C,48,0.9965596222180907
spline_mixed,80PER_3_6C,49,0.9964871482508553
spline_mixed,80PER_3_6C,50,0.9964139259085236
spline_mixed,80PER_3_6C,51,0.9963399728190632
spline_mixed,80PER_3_6C,52,0.996265300666112
spline_mixed,80PER_3_6C,53,0.9961899196472254
spline_mixed,80PER_3_6C,54,0.9961138399599587
spline_mixed,80PER_3_6C,55,0.9960370718018673
spline_mixed,80PER_3_6C,56,0.9959596253705068
spline_mixed,80PER_3_6C,57,0.995881510863432
spline_mixed,80PER_3_6C,58,0.9958027384781989
spline_mixed,80PER_3_6C,59,0.9957233184123626
spline_mixed,80PER_3_6C,60,0.9956432608634784
spline_mixed,80PER_3_6C,61,0.9955625760291019
spline_mixed,80PER_3_6C,62,0.9954812741067884
spline_mixed,80PER_3_6C,63,0.9953993652940931
spline_mixed,80PER_3_6C,64,0.9953168597885715
spline_mixed,80PER_3_6C,65,0.9952337677877793
spline_mixed,80PER_3_6C,66,0.9951500994892714
spline_mixed,80PER_3_6C,67,0.9950658650906032
spline_mixed,80PER_3_6C,68,0.9949810747893303
spline_mixed,80PER_3_6C,69,0.9948957387830082
spline_mixed,80PER_3_6C,70,0.9948098672691918
spline_mixed,80PER_3_6C,71,0.9947234704454371
spline_mixed,80PER_3_6C,72,0.994636558509299
spline_mixed,80PER_3_6C,73,0.9945491416583331
spline_mixed,80PER_3_6C,74,0.9944612300900945
spline_mixed,80PER_3_6C,75,0.994372834002139
spline_mixed,80PER_3_6C,76,0.9942839635920216
spline_mixed,80PER_3_6C,77,0.9941946290572979
spline_mixed,80PER_3_6C,78,0.9941048405955233
spline_mixed,80PER_3_6C,79,0.994014608404253
spline_mixed,80PER_3_6C,80,0.9939239426810426
spline_mixed,80PER_3_6C,81,0.9938328536234473
spline_mixed,80PER_3_6C,82,0.9937413514290224
spline_mixed,80PER_3_6C,83,0.9936494462953235
spline_mixed,80PER_3_6C,84,0.9935571484199059
spline_mixed,80PER_3_6C,85,0.9934644680003251
spline_mixed,80PER_3_6C,86,0.9933714152341362
spline_mixed,80PER_3_6C,87,0.9932780003188946
spline_mixed,80PER_3_6C,88,0.9931842334521561
spline_mixed,80PER_3_6C,89,0.9930901248314756
spline_mixed,80PER_3_6C,90,0.9929956846544086
spline_mixed,80PER_3_6C,91,0.9929009231185106
spline_mixed,80PER_3_6C,92,0.9928058504213371
spline_mixed,80PER_3_6C,93,0.9927104767604431
spline_mixed,80PER_3_6C,94,0.9926148123333842
spline_mixed,80PER_3_6C,95,0.9925188673377158
spline_mixed,80PER_3_6C,96,0.9924226519709931
spline_mixed,80PER_3_6C,97,0.9923261764307718
spline_mixed,80PER_3_6C,98,0.992229450914607
spline_mixed,80PER_3_6C,99,0.9921324856200541
spline_mixed,80PER_3_6C,100,0.9920352907446687
spline_mixed,80PER_3_6C,101,0.9919378741969607
spline_mixed,80PER_3_6C,102,0.9918402347292589
spline_mixed,80PER_3_6C,103,0.9917423688048472
spline_mixed,80PER_3_6C,104,0.9916442728870091
spline_mixed,80PER_3_6C,105,0.9915459434390282
spline_mixed,80PER_3_6C,106,0.9914473769241884
spline_mixed,80PER_3_6C,107,0.9913485698057732
spline_mixed,80PER_3_6C,108,0.991249518547066
spline_mixed,80PER_3_6C,109,0.9911502196113509
spline_mixed,80PER_3_6C,110,0.9910506694619109
spline_mixed,80PER_3_6C,111,0.9909508645620303
spline_mixed,80PER_3_6C,112,0.9908508013749924
spline_mixed,80PER_3_6C,113,0.9907504763640808
spline_mixed,80PER_3_6C,114,0.9906498859925793
spline_mixed,80PER_3_6C,115,0.9905490267237713
spline_mixed,80PER_3_6C,116,0.9904478950209408
spline_mixed,80PER_3_6C,117,0.9903464873473712
spline_mixed,80PER_3_6C,118,0.9902448001663461
spline_mixed,80PER_3_6C,119,0.9901428299411493
spline_mixed,80PER_3_6C,120,0.9900405731350643
spline_mixed,80PER_3_6C,121,0.9899380262113748
spline_mixed,80PER_3_6C,122,0.9898351856333646
spline_mixed,80PER_3_6C,123,0.989732047864317
spline_mixed,80PER_3_6C,124,0.9896286093675158
spline_mixed,80PER_3_6C,125,0.9895248666062448
spline_mixed,80PER_3_6C,126,0.9894208160437873
spline_mixed,80PER_3_6C,127,0.9893164541434273
spline_mixed,80PER_3_6C,128,0.9892117773684482
spline_mixed,80PER_3_6C,129,0.9891067821821337
spline_mixed,80PER_3_6C,130,0.9890014650477675
spline_mixed,80PER_3_6C,131,0.988895822428633
spline_mixed,80PER_3_6C,132,0.9887898507880143
spline_mixed,80PER_3_6C,133,0.9886835465891947
spline_mixed,80PER_3_6C,134,0.9885769062954577
spline_mixed,80PER_3_6C,135,0.9884699263700872
spline_mixed,80PER_3_6C,136,0.9883626032763669
spline_mixed,80PER_3_6C,137,0.9882549334775803
spline_mixed,80PER_3_6C,138,0.988146913437011
spline_mixed,80PER_3_6C,139,0.9880385396179427
spline_mixed,80PER_3_6C,140,0.9879298084836592
spline_mixed,80PER_3_6C,141,0.9878207164974437
spline_mixed,80PER_3_6C,142,0.9877112601225803
spline_mixed,80PER_3_6C,143,0.9876014358223524
spline_mixed,80PER_3_6C,144,0.9874912400600436
spline_mixed,80PER_3_6C,145,0.9873806692989378
spline_mixed,80PER_3_6C,146,0.9872697200023183
spline_mixed,80PER_3_6C,147,0.9871583886334689
spline_mixed,80PER_3_6C,148,0.9870466716556734
spline_mixed,80PER_3_6C,149,0.9869345655322153
spline_mixed,80PER_3_6C,150,0.986822066726378
spline_mixed,80PER_3_6C,151,0.9867091713858563
spline_mixed,80PER_3_6C,152,0.9865958743959885
spline_mixed,80PER_3_6C,153,0.9864821703265236
spline_mixed,80PER_3_6C,154,0.9863680537472109
spline_mixed,80PER_3_6C,155,0.9862535192277992
spline_mixed,80PER_3_6C,156,0.9861385613380379
spline_mixed,80PER_3_6C,157,0.9860231746476761
spline_mixed,80PER_3_6C,158,0.9859073537264629
spline_mixed,80PER_3_6C,159,0.9857910931441473
spline_mixed,80PER_3_6C,160,0.9856743874704788
spline_mixed,80PER_3_6C,161,0.9855572312752061
spline_mixed,80PER_3_6C,162,0.9854396191280786
spline_mixed,80PER_3_6C,163,0.9853215455988453
spline_mixed,80PER_3_6C,164,0.9852030052572556
spline_mixed,80PER_3_6C,165,0.9850839926730582
spline_mixed,80PER_3_6C,166,0.9849645024160026
spline_mixed,80PER_3_6C,167,0.9848445290558377
spline_mixed,80PER_3_6C,168,0.984724067162313
spline_mixed,80PER_3_6C,169,0.9846031113051773
spline_mixed,80PER_3_6C,170,0.9844816560541797
spline_mixed,80PER_3_6C,171,0.9843596959790695
spline_mixed,80PER_3_6C,172,0.9842372256495957
spline_mixed,80PER_3_6C,173,0.9841142396355075
spline_mixed,80PER_3_6C,174,0.9839907325065542
spline_mixed,80PER_3_6C,175,0.9838666988324848
spline_mixed,80PER_3_6C,176,0.9837421331830484
spline_mixed,80PER_3_6C,177,0.983617030127994
spline_mixed,80PER_3_6C,178,0.9834913842370709
spline_mixed,80PER_3_6C,179,0.9833651900800282
spline_mixed,80PER_3_6C,180,0.9832384422266152
spline_mixed,80PER_3_6C,181,0.9831111352465808
spline_mixed,80PER_3_6C,182,0.9829832637096743
spline_mixed,80PER_3_6C,183,0.9828548221856448
spline_mixed,80PER_3_6C,184,0.9827258052442411
spline_mixed,80PER_3_6C,185,0.9825962074552129
spline_mixed,80PER_3_6C,186,0.982466023388309
spline_mixed,80PER_3_6C,187,0.9823352476132786
spline_mixed,80PER_3_6C,188,0.9822038746998708
spline_mixed,80PER_3_6C,189,0.9820718992178347
spline_mixed,80PER_3_6C,190,0.9819393157369196
spline_mixed,80PER_3_6C,191,0.9818061188268746
spline_mixed,80PER_3_6C,192,0.9816723030574486
spline_mixed,80PER_3_6C,193,0.9815378629983909
spline_mixed,80PER_3_6C,194,0.9814027932194508
spline_mixed,80PER_3_6C,195,0.9812670882903771
spline_mixed,80PER_3_6C,196,0.9811307427809192
spline_mixed,80PER_3_6C,197,0.980993751260826
spline_mixed,80PER_3_6C,198,0.9808561082998469
spline_mixed,80PER_3_6C,199,0.9807178084677309
spline_mixed,80PER_3_6C,200,0.9805788463342272
spline_mixed,4_8C_80PER_4_8C,1,0.9969683238072207
spline_mixed,4_8C_80PER_4_8C,2,0.9970952767584887
spline_mixed,4_8C_80PER_4_8C,3,0.9972184860285896
spline_mixed,4_8C_80PER_4_8C,4,0.9973379871541052
spline_mixed,4_8C_80PER_4_8C,5,0.9974538156716175
spline_mixed,4_8C_80PER_4_8C,6,0.9975660071177086
spline_mixed,4_8C_80PER_4_8C,7,0.9976745970289606
spline_mixed,4_8C_80PER_4_8C,8,0.9977796209419553
spline_mixed,4_8C_80PER_4_8C,9,0.997881114393275
spline_mixed,4_8C_80PER_4_8C,10,0.9979791129195015
spline_mixed,4_8C_80PER_4_8C,11,0.998073652057217
spline_mixed,4_8C_80PER_4_8C,12,0.9981647673430035
spline_mixed,4_8C_80PER_4_8C,13,0.998252494313443
spline_mixed,4_8C_80PER_4_8C,14,0.9983368685051175
spline_mixed,4_8C_80PER_4_8C,15,0.9984179254546091
spline_mixed,4_8C_80PER_4_8C,16,0.9984957006984998
spline_mixed,4_8C_80PER_4_8C,17,0.9985702297733715
spline_mixed,4_8C_80PER_4_8C,18,0.9986415482158065
spline_mixed,4_8C_80PER_4_8C,19,0.9987096915623865
spline_mixed,4_8C_80PER_4_8C,20,0.998774695349694
spline_mixed,4_8C_80PER_4_8C,21,0.9988365951143106
spline_mixed,4_8C_80PER_4_8C,22,0.9988954263928185
spline_mixed,4_8C_80PER_4_8C,23,0.9989512247217996
spline_mixed,4_8C_80PER_4_8C,24,0.9990040256378363
spline_mixed,4_8C_80PER_4_8C,25,0.9990538646775102
spline_mixed,4_8C_80PER_4_8C,26,0.9991007773774035
spline_mixed,4_8C_80PER_4_8C,27,0.9991447992740982
spline_mixed,4_8C_80PER_4_8C,28,0.9991859659041764
spline_mixed,4_8C_80PER_4_8C,29,0.9992243128042202
spline_mixed,4_8C_80PER_4_8C,30,0.9992598755108115
spline_mixed,4_8C_80PER_4_8C,31,0.9992926895605322
spline_mixed,4_8C_80PER_4_8C,32,0.9993227904899646
spline_mixed,4_8C_80PER_4_8C,33,0.9993502138356907
spline_mixed,4_8C_80PER_4_8C,34,0.9993749951342924
spline_mixed,4_8C_80PER_4_8C,35,0.9993971699223516
spline_mixed,4_8C_80PER_4_8C,36,0.9994167737364507
spline_mixed,4_8C_80PER_4_8C,37,0.9994338421131715
spline_mixed,4_8C_80PER_4_8C,38,0.9994484105890962
spline_mixed,4_8C_80PER_4_8C,39,0.9994605147008065
spline_mixed,4_8C_80PER_4_8C,40,0.9994701899848846
spline_mixed,4_8C_80PER_4_8C,41,0.9994774719779127
spline_mixed,4_8C_80PER_4_8C,42,0.9994823962164728
spline_mixed,4_8C_80PER_4_8C,43,0.9994849982371468
spline_mixed,4_8C_80PER_4_8C,44,0.9994853135765164
spline_mixed,4_8C_80PER_4_8C,45,0.9994833777711644
spline_mixed,4_8C_80PER_4_8C,46,0.9994792263576723
spline_mixed,4_8C_80PER_4_8C,47,0.9994728948726223
spline_mixed,4_8C_80PER_4_8C,48,0.9994644188525963
spline_mixed,4_8C_80PER_4_8C,49,0.9994538338341762
spline_mixed,4_8C_80PER_4_8C,50,0.9994411753539445
spline_mixed,4_8C_80PER_4_8C,51,0.9994264780176603
spline_mixed,4_8C_80PER_4_8C,52,0.9994097727077914
spline_mixed,4_8C_80PER_4_8C,53,0.9993910893759834
spline_mixed,4_8C_80PER_4_8C,54,0.9993704579738816
spline_mixed,4_8C_80PER_4_8C,55,0.9993479084531313
spline_mixed,4_8C_80PER_4_8C,56,0.9993234707653779
spline_mixed,4_8C_80PER_4_8C,57,0.9992971748622665
spline_mixed,4_8C_80PER_4_8C,58,0.9992690506954431
spline_mixed,4_8C_80PER_4_8C,59,0.9992391282165521
spline_mixed,4_8C_80PER_4_8C,60,0.9992074373772397
spline_mixed,4_8C_80PER_4_8C,61,0.9991740081291509
spline_mixed,4_8C_80PER_4_8C,62,0.9991388704239307
spline_mixed,4_8C_80PER_4_8C,63,0.9991020542132248
spline_mixed,4_8C_80PER_4_8C,64,0.9990635894486788
spline_mixed,4_8C_80PER_4_8C,65,0.9990235060819374
spline_mixed,4_8C_80PER_4_8C,66,0.9989818340646462
spline_mixed,4_8C_80PER_4_8C,67,0.998938603348451
spline_mixed,4_8C_80PER_4_8C,68,0.9988938438849965
spline_mixed,4_8C_80PER_4_8C,69,0.9988475856259282
spline_mixed,4_8C_80PER_4_8C,70,0.9987998585228915
spline_mixed,4_8C_80PER_4_8C,71,0.9987506925275319
spline_mixed,4_8C_80PER_4_8C,72,0.9987001175914948
spline_mixed,4_8C_80PER_4_8C,73,0.998648163666425
spline_mixed,4_8C_80PER_4_8C,74,0.9985948607039682
spline_mixed,4_8C_80PER_4_8C,75,0.9985402386557699
spline_mixed,4_8C_80PER_4_8C,76,0.9984843274734752
spline_mixed,4_8C_80PER_4_8C,77,0.9984271571087292
spline_mixed,4_8C_80PER_4_8C,78,0.998368757513178
spline_mixed,4_8C_80PER_4_8C,79,0.998309158638466
spline_mixed,4_8C_80PER_4_8C,80,0.9982483904362395
spline_mixed,4_8C_80PER_4_8C,81,0.998186482858143
spline_mixed,4_8C_80PER_4_8C,82,0.9981234658558225
spline_mixed,4_8C_80PER_4_8C,83,0.9980593693809225
spline_mixed,4_8C_80PER_4_8C,84,0.9979942233850895
spline_mixed,4_8C_80PER_4_8C,85,0.9979280578199679
spline_mixed,4_8C_80PER_4_8C,86,0.9978609026372034
spline_mixed,4_8C_80PER_4_8C,87,0.9977927877884412
spline_mixed,4_8C_80PER_4_8C,88,0.9977237432253268
spline_mixed,4_8C_80PER_4_8C,89,0.9976537988995055
spline_mixed,4_8C_80PER_4_8C,90,0.9975829847626225
spline_mixed,4_8C_80PER_4_8C,91,0.9975113307663233
spline_mixed,4_8C_80PER_4_8C,92,0.997438866862253
spline_mixed,4_8C_80PER_4_8C,93,0.9973656230020574
spline_mixed,4_8C_80PER_4_8C,94,0.9972916291373815
spline_mixed,4_8C_80PER_4_8C,95,0.9972169152198709
spline_mixed,4_8C_80PER_4_8C,96,0.9971415112011706
spline_mixed,4_8C_80PER_4_8C,97,0.9970654470329258
spline_mixed,4_8C_80PER_4_8C,98,0.9969887526667824
spline_mixed,4_8C_80PER_4_8C,99,0.9969114580543853
spline_mixed,4_8C_80PER_4_8C,100,0.9968335931473802
spline_mixed,4_8C_80PER_4_8C,101,0.9967551819542241
spline_mixed,4_8C_80PER_4_8C,102,0.9966762247106224
spline_mixed,4_8C_80PER_4_8C,103,0.9965967157090926
spline_mixed,4_8C_80PER_4_8C,104,0.9965166492421517
spline_mixed,4_8C_80PER_4_8C,105,0.9964360196023171
spline_mixed,4_8C_80PER_4_8C,106,0.9963548210821063
spline_mixed,4_8C_80PER_4_8C,107,0.9962730479740362
spline_mixed,4_8C_80PER_4_8C,108,0.9961906945706246
spline_mixed,4_8C_80PER_4_8C,109,0.9961077551643884
spline_mixed,4_8C_80PER_4_8C,110,0.9960242240478451
spline_mixed,4_8C_80PER_4_8C,111,0.9959400955135121
spline_mixed,4_8C_80PER_4_8C,112,0.9958553638539064
spline_mixed,4_8C_80PER_4_8C,113,0.9957700233615455
spline_mixed,4_8C_80PER_4_8C,114,0.9956840683289468
spline_mixed,4_8C_80PER_4_8C,115,0.9955974930486271
spline_mixed,4_8C_80PER_4_8C,116,0.9955102918131042
spline_mixed,4_8C_80PER_4_8C,117,0.9954224589148954
spline_mixed,4_8C_80PER_4_8C,118,0.9953339886465179
spline_mixed,4_8C_80PER_4_8C,119,0.9952448753004888
spline_mixed,4_8C_80PER_4_8C,120,0.9951551131693257
spline_mixed,4_8C_80PER_4_8C,121,0.9950646965455456
spline_mixed,4_8C_80PER_4_8C,122,0.9949736197216661
spline_mixed,4_8C_80PER_4_8C,123,0.9948818769902044
spline_mixed,4_8C_80PER_4_8C,124,0.9947894626436776
spline_mixed,4_8C_80PER_4_8C,125,0.9946963709746034
spline_mixed,4_8C_80PER_4_8C,126,0.9946025962754987
spline_mixed,4_8C_80PER_4_8C,127,0.9945081328388812
spline_mixed,4_8C_80PER_4_8C,128,0.9944129749572678
spline_mixed,4_8C_80PER_4_8C,129,0.9943171169231759
spline_mixed,4_8C_80PER_4_8C,130,0.994220553029123
spline_mixed,4_8C_80PER_4_8C,131,0.9941232775676264
spline_mixed,4_8C_80PER_4_8C,132,0.9940252848312031
spline_mixed,4_8C_80PER_4_8C,133,0.9939265691123707
spline_mixed,4_8C_80PER_4_8C,134,0.9938271247036462
spline_mixed,4_8C_80PER_4_8C,135,0.9937269458975474
spline_mixed,4_8C_80PER_4_8C,136,0.9936260269865911
spline_mixed,4_8C_80PER_4_8C,137,0.9935243622632949
spline_mixed,4_8C_80PER_4_8C,138,0.9934219460201759
spline_mixed,4_8C_80PER_4_8C,139,0.9933187725497514
spline_mixed,4_8C_80PER_4_8C,140,0.993214836144539
spline_mixed,4_8C_80PER_4_8C,141,0.9931101310970555
spline_mixed,4_8C_80PER_4_8C,142,0.9930046516998188
spline_mixed,4_8C_80PER_4_8C,143,0.9928983922453457
spline_mixed,4_8C_80PER_4_8C,144,0.9927913470261539
spline_mixed,4_8C_80PER_4_8C,145,0.9926835103347605
spline_mixed,4_8C_80PER_4_8C,146,0.9925748764636826
spline_mixed,4_8C_80PER_4_8C,147,0.992465439705438
spline_mixed,4_8C_80PER_4_8C,148,0.9923551943525436
spline_mixed,4_8C_80PER_4_8C,149,0.9922441346975166
spline_mixed,4_8C_80PER_4_8C,150,0.9921322550328748
spline_mixed,4_8C_80PER_4_8C,151,0.9920195500183556
spline_mixed,4_8C_80PER_4_8C,152,0.9919060157825794
spline_mixed,4_8C_80PER_4_8C,153,0.9917916488213868
spline_mixed,4_8C_80PER_4_8C,154,0.9916764456306189
spline_mixed,4_8C_80PER_4_8C,155,0.991560402706116
spline_mixed,4_8C_80PER_4_8C,156,0.9914435165437191
spline_mixed,4_8C_80PER_4_8C,157,0.9913257836392688
spline_mixed,4_8C_80PER_4_8C,158,0.991207200488606
spline_mixed,4_8C_80PER_4_8C,159,0.9910877635875713
spline_mixed,4_8C_80PER_4_8C,160,0.9909674694320053
spline_mixed,4_8C_80PER_4_8C,161,0.9908463145177492
spline_mixed,4_8C_80PER_4_8C,162,0.9907242953406435
spline_mixed,4_8C_80PER_4_8C,163,0.9906014083965288
spline_mixed,4_8C_80PER_4_8C,164,0.990477650181246
spline_mixed,4_8C_80PER_4_8C,165,0.9903530171906356
spline_mixed,4_8C_80PER_4_8C,166,0.990227505920539
spline_mixed,4_8C_80PER_4_8C,167,0.9901011128667961
spline_mixed,4_8C_80PER_4_8C,168,0.9899738345252481
spline_mixed,4_8C_80PER_4_8C,169,0.9898456673917357
spline_mixed,4_8C_80PER_4_8C,170,0.9897166079620997
spline_mixed,4_8C_80PER_4_8C,171,0.9895866527321807
spline_mixed,4_8C_80PER_4_8C,172,0.9894557981978195
spline_mixed,4_8C_80PER_4_8C,173,0.9893240408548569
spline_mixed,4_8C_80PER_4_8C,174,0.9891913771991334
spline_mixed,4_8C_80PER_4_8C,175,0.98905780372649
spline_mixed,4_8C_80PER_4_8C,176,0.9889233169327675
spline_mixed,4_8C_80PER_4_8C,177,0.9887879133138064
spline_mixed,4_8C_80PER_4_8C,178,0.9886515893654476
spline_mixed,4_8C_80PER_4_8C,179,0.9885143415835317
spline_mixed,4_8C_80PER_4_8C,180,0.9883761664638997
spline_mixed,4_8C_80PER_4_8C,181,0.988237060502392
spline_mixed,4_8C_80PER_4_8C,182,0.9880970201948496
spline_mixed,4_8C_80PER_4_8C,183,0.9879560420371131
spline_mixed,4_8C_80PER_4_8C,184,0.9878141225250234
spline_mixed,4_8C_80PER_4_8C,185,0.9876712581544209
spline_mixed,4_8C_80PER_4_8C,186,0.9875274454211468
spline_mixed,4_8C_80PER_4_8C,187,0.9873826808210417
spline_mixed,4_8C_80PER_4_8C,188,0.9872369608499462
spline_mixed,4_8C_80PER_4_8C,189,0.987090282003701
spline_mixed,4_8C_80PER_4_8C,190,0.9869426407781471
spline_mixed,4_8C_80PER_4_8C,191,0.986794033669125
spline_mixed,4_8C_80PER_4_8C,192,0.9866444571724755
spline_mixed,4_8C_80PER_4_8C,193,0.9864939077840396
spline_mixed,4_8C_80PER_4_8C,194,0.9863423819996576
spline_mixed,4_8C_80PER_4_8C,195,0.9861898763151706
spline_mixed,4_8C_80PER_4_8C,196,0.9860363872264193
spline_mixed,4_8C_80PER_4_8C,197,0.9858819112292441
spline_mixed,4_8C_80PER_4_8C,198,0.985726444819486
spline_mixed,4_8C_80PER_4_8C,199,0.9855699844929857
spline_mixed,4_8C_80PER_4_8C,200,0.9854125267455843
spline_mixed,5_6C_19PER_4_6C_NEWSTRUCTURE,1,0.9983425172321289
spline_mixed,5_6C_19PER_4_6C_NEWSTRUCTURE,2,0.9984352445321352
spline_mixed,5_6C_19PER_4_6C_NEWSTRUCTURE,3,0.9985241916725953
spline_mixed,5_6C_19PER_4_6C_NEWSTRUCTURE,4,0.9986094188707041
spline_mixed,5_6C_19PER_4_6C_NEWSTRUCTURE,5,0.9986909863436563
spline_mixed,5_6C_19PER_4_6C_NEWSTRUCTURE,6,0.9987689543086464
spline_mixed,5_6C_19PER_4_6C_NEWSTRUCTURE,7,0.9988433829828698
spline_mixed,5_6C_19PER_4_6C_NEWSTRUCTURE,8,0.9989143325835209
spline_mixed,5_6C_19PER_4_6C_NEWSTRUCTURE,9,0.9989818633277946
spline_mixed,5_6C_19PER_4_6C_NEWSTRUCTURE,10,0.9990460354328858
spline_mixed,5_6C_19PER_4_6C_NEWSTRUCTURE,11,0.9991069091159892
spline_mixed,5_6C_19PER_4_6C_NEWSTRUCTURE,12,0.9991645445942996
spline_mixed,5_6C_19PER_4_6C_NEWSTRUCTURE,13,0.9992190020850119
spline_mixed,5_6C_19PER_4_6C_NEWSTRUCTURE,14,0.9992703418053209
spline_mixed,5_6C_19PER_4_6C_NEWSTRUCTURE,15,0.9993186239724213
spline_mixed,5_6C_19PER_4_6C_NEWSTRUCTURE,16,0.999363908803508
spline_mixed,5_6C_19PER_4_6C_NEWSTRUCTURE,17,0.9994062565157757
spline_mixed,5_6C_19PER_4_6C_NEWSTRUCTURE,18,0.9994457273264193
spline_mixed,5_6C_19PER_4_6C_NEWSTRUCTURE,19,0.9994823814526337
spline_mixed,5_6C_19PER_4_6C_NEWSTRUCTURE,20,0.9995162791116136
spline_mixed,5_6C_19PER_4_6C_NEWSTRUCTURE,21,0.9995474805205538
spline_mixed,5_6C_19PER_4_6C_NEWSTRUCTURE,22,0.9995760458966491
spline_mixed,5_6C_19PER_4_6C_NEWSTRUCTURE,23,0.9996020354570944
spline_mixed,5_6C_19PER_4_6C_NEWSTRUCTURE,24,0.999625509419084
spline_mixed,5_6C_19PER_4_6C_NEWSTRUCTURE,25,0.9996465279998136
spline_mixed,5_6C_19PER_4_6C_NEWSTRUCTURE,26,0.9996651514164774
spline_mixed,5_6C_19PER_4_6C_NEWSTRUCTURE,27,0.9996814398862703
spline_mixed,5_6C_19PER_4_6C_NEWSTRUCTURE,28,0.9996954536263873
spline_mixed,5_6C_19PER_4_6C_NEWSTRUCTURE,29,0.9997072528540231
spline_mixed,5_6C_19PER_4_6C_NEWSTRUCTURE,30,0.9997168977863723
spline_mixed,5_6C_19PER_4_6C_NEWSTRUCTURE,31,0.9997244486406298
spline_mixed,5_6C_19PER_4_6C_NEWSTRUCTURE,32,0.9997299656339906
spline_mixed,5_6C_19PER_4_6C_NEWSTRUCTURE,33,0.9997335089836495
spline_mixed,5_6C_19PER_4_6C_NEWSTRUCTURE,34,0.9997351389068012
spline_mixed,5_6C_19PER_4_6C_NEWSTRUCTURE,35,0.9997349156206404
spline_mixed,5_6C_19PER_4_6C_NEWSTRUCTURE,36,0.9997328993423621
spline_mixed,5_6C_19PER_4_6C_NEWSTRUCTURE,37,0.9997291502891611
spline_mixed,5_6C_19PER_4_6C_NEWSTRUCTURE,38,0.9997237286782318
spline_mixed,5_6C_19PER_4_6C_NEWSTRUCTURE,39,0.9997166947267696
spline_mixed,5_6C_19PER_4_6C_NEWSTRUCTURE,40,0.999708108651969
spline_mixed,5_6C_19PER_4_6C_NEWSTRUCTURE,41,0.9996980306710249
spline_mixed,5_6C_19PER_4_6C_NEWSTRUCTURE,42,0.9996865210011321
spline_mixed,5_6C_19PER_4_6C_NEWSTRUCTURE,43,0.9996736398594853
spline_mixed,5_6C_19PER_4_6C_NEWSTRUCTURE,44,0.9996594474632794
spline_mixed,5_6C_19PER_4_6C_NEWSTRUCTURE,45,0.999644004029709
spline_mixed,5_6C_19PER_4_6C_NEWSTRUCTURE,46,0.9996273697759692
spline_mixed,5_6C_19PER_4_6C_NEWSTRUCTURE,47,0.9996096049192548
spline_mixed,5_6C_19PER_4_6C_NEWSTRUCTURE,48,0.9995907696767605
spline_mixed,5_6C_19PER_4_6C_NEWSTRUCTURE,49,0.9995709242656811
spline_mixed,5_6C_19PER_4_6C_NEWSTRUCTURE,50,0.9995501289032114
spline_mixed,5_6C_19PER_4_6C_NEWSTRUCTURE,51,0.999528437755897
spline_mixed,5_6C_19PER_4_6C_NEWSTRUCTURE,52,0.9995058807876874
spline_mixed,5_6C_19PER_4_6C_NEWSTRUCTURE,53,0.9994824819118826
spline_mixed,5_6C_19PER_4_6C_NEWSTRUCTURE,54,0.9994582650417825
spline_mixed,5_6C_19PER_4_6C_NEWSTRUCTURE,55,0.9994332540906875
spline_mixed,5_6C_19PER_4_6C_NEWSTRUCTURE,56,0.9994074729718979
spline_mixed,5_6C_19PER_4_6C_NEWSTRUCTURE,57,0.9993809455987134
spline_mixed,5_6C_19PER_4_6C_NEWSTRUCTURE,58,0.9993536958844341
spline_mixed,5_6C_19PER_4_6C_NEWSTRUCTURE,59,0.9993257477423606
spline_mixed,5_6C_19PER_4_6C_NEWSTRUCTURE,60,0.9992971250857928
spline_mixed,5_6C_19PER_4_6C_NEWSTRUCTURE,61,0.9992678518280308
spline_mixed,5_6C_19PER_4_6C_NEWSTRUCTURE,62,0.9992379518823744
spline_mixed,5_6C_19PER_4_6C_NEWSTRUCTURE,63,0.9992074491621242
spline_mixed,5_6C_19PER_4_6C_NEWSTRUCTURE,64,0.9991763675805803
spline_mixed,5_6C_19PER_4_6C_NEWSTRUCTURE,65,0.9991447310510424
spline_mixed,5_6C_19PER_4_6C_NEWSTRUCTURE,66,0.999112563486811
spline_mixed,5_6C_19PER_4_6C_NEWSTRUCTURE,67,0.9990798888011863
spline_mixed,5_6C_19PER_4_6C_NEWSTRUCTURE,68,0.999046730907468
spline_mixed,5_6C_19PER_4_6C_NEWSTRUCTURE,69,0.9990131137189567
spline_mixed,5_6C_19PER_4_6C_NEWSTRUCTURE,70,0.9989790611489523
spline_mixed,5_6C_19PER_4_6C_NEWSTRUCTURE,71,0.9989445971107549
spline_mixed,5_6C_19PER_4_6C_NEWSTRUCTURE,72,0.9989097455176644
spline_mixed,5_6C_19PER_4_6C_NEWSTRUCTURE,73,0.9988745302829816
spline_mixed,5_6C_19PER_4_6C_NEWSTRUCTURE,74,0.9988389753200061
spline_mixed,5_6C_19PER_4_6C_NEWSTRUCTURE,75,0.9988031045420378
spline_mixed,5_6C_19PER_4_6C_NEWSTRUCTURE,76,0.9987669418623774
spline_mixed,5_6C_19PER_4_6C_NEWSTRUCTURE,77,0.9987305111943249
spline_mixed,5_6C_19PER_4_6C_NEWSTRUCTURE,78,0.9986938364511802
spline_mixed,5_6C_19PER_4_6C_NEWSTRUCTURE,79,0.9986569415462434
spline_mixed,5_6C_19PER_4_6C_NEWSTRUCTURE,80,0.9986198503928151
spline_mixed,5_6C_19PER_4_6C_NEWSTRUCTURE,81,0.9985825869041949
spline_mixed,5_6C_19PER_4_6C_NEWSTRUCTURE,82,0.9985451749936831
spline_mixed,5_6C_19PER_4_6C_NEWSTRUCTURE,83,0.9985076385745798
spline_mixed,5_6C_19PER_4_6C_NEWSTRUCTURE,84,0.9984700015601852
spline_mixed,5_6C_19PER_4_6C_NEWSTRUCTURE,85,0.9984322878637993
spline_mixed,5_6C_19PER_4_6C_NEWSTRUCTURE,86,0.9983945213987223
spline_mixed,5_6C_19PER_4_6C_NEWSTRUCTURE,87,0.9983567260782547
spline_mixed,5_6C_19PER_4_6C_NEWSTRUCTURE,88,0.9983189258156958
spline_mixed,5_6C_19PER_4_6C_NEWSTRUCTURE,89,0.9982811445243464
spline_mixed,5_6C_19PER_4_6C_NEWSTRUCTURE,90,0.9982434061175064
spline_mixed,5_6C_19PER_4_6C_NEWSTRUCTURE,91,0.9982057345084759
spline_mixed,5_6C_19PER_4_6C_NEWSTRUCTURE,92,0.998168153610555
spline_mixed,5_6C_19PER_4_6C_NEWSTRUCTURE,93,0.998130687337044
spline_mixed,5_6C_19PER_4_6C_NEWSTRUCTURE,94,0.998093359601243
spline_mixed,5_6C_19PER_4_6C_NEWSTRUCTURE,95,0.9980561943164519
spline_mixed,5_6C_19PER_4_6C_NEWSTRUCTURE,96,0.998019215395971
spline_mixed,5_6C_19PER_4_6C_NEWSTRUCTURE,97,0.9979824467531004
spline_mixed,5_6C_19PER_4_6C_NEWSTRUCTURE,98,0.9979459123011402
spline_mixed,5_6C_19PER_4_6C_NEWSTRUCTURE,99,0.9979096359533904
spline_mixed,5_6C_19PER_4_6C_NEWSTRUCTURE,100,0.9978736416231515
spline_mixed,5_6C_19PER_4_6C_NEWSTRUCTURE,101,0.997837947115142
spline_mixed,5_6C_19PER_4_6C_NEWSTRUCTURE,102,0.9978025457997554
spline_mixed,5_6C_19PER_4_6C_NEWSTRUCTURE,103,0.9977674249388033
spline_mixed,5_6C_19PER_4_6C_NEWSTRUCTURE,104,0.9977325717940979
spline_mixed,5_6C_19PER_4_6C_NEWSTRUCTURE,105,0.9976979736274515
spline_mixed,5_6C_19PER_4_6C_NEWSTRUCTURE,106,0.9976636177006757
spline_mixed,5_6C_19PER_4_6C_NEWSTRUCTURE,107,0.9976294912755826
spline_mixed,5_6C_19PER_4_6C_NEWSTRUCTURE,108,0.9975955816139841
spline_mixed,5_6C_19PER_4_6C_NEWSTRUCTURE,109,0.9975618759776923
spline_mixed,5_6C_19PER_4_6C_NEWSTRUCTURE,110,0.9975283616285193
spline_mixed,5_6C_19PER_4_6C_NEWSTRUCTURE,111,0.9974950258282771
spline_mixed,5_6C_19PER_4_6C_NEWSTRUCTURE,112,0.9974618558387773
spline_mixed,5_6C_19PER_4_6C_NEWSTRUCTURE,113,0.9974288389218321
spline_mixed,5_6C_19PER_4_6C_NEWSTRUCTURE,114,0.9973959623392536
spline_mixed,5_6C_19PER_4_6C_NEWSTRUCTURE,115,0.9973632133528538
spline_mixed,5_6C_19PER_4_6C_NEWSTRUCTURE,116,0.9973305792244446
spline_mixed,5_6C_19PER_4_6C_NEWSTRUCTURE,117,0.9972980472158379
spline_mixed,5_6C_19PER_4_6C_NEWSTRUCTURE,118,0.9972656045888456
spline_mixed,5_6C_19PER_4_6C_NEWSTRUCTURE,119,0.9972332386052801
spline_mixed,5_6C_19PER_4_6C_NEWSTRUCTURE,120,0.9972009365269532
spline_mixed,5_6C_19PER_4_6C_NEWSTRUCTURE,121,0.9971686856156765
spline_mixed,5_6C_19PER_4_6C_NEWSTRUCTURE,122,0.9971364731332625
spline_mixed,5_6C_19PER_4_6C_NEWSTRUCTURE,123,0.997104286341523
spline_mixed,5_6C_19PER_4_6C_NEWSTRUCTURE,124,0.99707211250227
spline_mixed,5_6C_19PER_4_6C_NEWSTRUCTURE,125,0.9970399388773153
spline_mixed,5_6C_19PER_4_6C_NEWSTRUCTURE,126,0.9970077527284714
spline_mixed,5_6C_19PER_4_6C_NEWSTRUCTURE,127,0.9969755413175497
spline_mixed,5_6C_19PER_4_6C_NEWSTRUCTURE,128,0.9969432919063624
spline_mixed,5_6C_19PER_4_6C_NEWSTRUCTURE,129,0.9969109917567218
spline_mixed,5_6C_19PER_4_6C_NEWSTRUCTURE,130,0.9968786281304394
spline_mixed,5_6C_19PER_4_6C_NEWSTRUCTURE,131,0.9968461882893274
spline_mixed,5_6C_19PER_4_6C_NEWSTRUCTURE,132,0.9968136594951977
spline_mixed,5_6C_19PER_4_6C_NEWSTRUCTURE,133,0.9967810290098625
spline_mixed,5_6C_19PER_4_6C_NEWSTRUCTURE,134,0.9967482840951337
spline_mixed,5_6C_19PER_4_6C_NEWSTRUCTURE,135,0.9967154120128232
spline_mixed,5_6C_19PER_4_6C_NEWSTRUCTURE,136,0.996682400024743
spline_mixed,5_6C_19PER_4_6C_NEWSTRUCTURE,137,0.9966492353927052
spline_mixed,5_6C_19PER_4_6C_NEWSTRUCTURE,138,0.9966159053785215
spline_mixed,5_6C_19PER_4_6C_NEWSTRUCTURE,139,0.9965823972440043
spline_mixed,5_6C_19PER_4_6C_NEWSTRUCTURE,140,0.9965486982509653
spline_mixed,5_6C_19PER_4_6C_NEWSTRUCTURE,141,0.9965147956612165
spline_mixed,5_6C_19PER_4_6C_NEWSTRUCTURE,142,0.9964806767365701
spline_mixed,5_6C_19PER_4_6C_NEWSTRUCTURE,143,0.9964463287388378
spline_mixed,5_6C_19PER_4_6C_NEWSTRUCTURE,144,0.9964117389298317
spline_mixed,5_6C_19PER_4_6C_NEWSTRUCTURE,145,0.9963768945713638
spline_mixed,5_6C_19PER_4_6C_NEWSTRUCTURE,146,0.9963417829252462
spline_mixed,5_6C_19PER_4_6C_NEWSTRUCTURE,147,0.9963063912532909
spline_mixed,5_6C_19PER_4_6C_NEWSTRUCTURE,148,0.9962707068173096
spline_mixed,5_6C_19PER_4_6C_NEWSTRUCTURE,149,0.9962347168791144
spline_mixed,5_6C_19PER_4_6C_NEWSTRUCTURE,150,0.9961984087005175
spline_mixed,5_6C_19PER_4_6C_NEWSTRUCTURE,151,0.9961617713072399
spline_mixed,5_6C_19PER_4_6C_NEWSTRUCTURE,152,0.99612480078064
spline_mixed,5_6C_19PER_4_6C_NEWSTRUCTURE,153,0.9960874949659855
spline_mixed,5_6C_19PER_4_6C_NEWSTRUCTURE,154,0.9960498517085437
spline_mixed,5_6C_19PER_4_6C_NEWSTRUCTURE,155,0.9960118688535824
spline_mixed,5_6C_19PER_4_6C_NEWSTRUCTURE,156,0.9959735442463692
spline_mixed,5_6C_19PER_4_6C_NEWSTRUCTURE,157,0.9959348757321717
spline_mixed,5_6C_19PER_4_6C_NEWSTRUCTURE,158,0.9958958611562574
spline_mixed,5_6C_19PER_4_6C_NEWSTRUCTURE,159,0.9958564983638939
spline_mixed,5_6C_19PER_4_6C_NEWSTRUCTURE,160,0.9958167852003489
spline_mixed,5_6C_19PER_4_6C_NEWSTRUCTURE,161,0.9957767195108894
spline_mixed,5_6C_19PER_4_6C_NEWSTRUCTURE,162,0.995736299140784
spline_mixed,5_6C_19PER_4_6C_NEWSTRUCTURE,163,0.9956955219352994
spline_mixed,5_6C_19PER_4_6C_NEWSTRUCTURE,164,0.9956543857397037
spline_mixed,5_6C_19PER_4_6C_NEWSTRUCTURE,165,0.9956128883992641
spline_mixed,5_6C_19PER_4_6C_NEWSTRUCTURE,166,0.9955710277592486
spline_mixed,5_6C_19PER_4_6C_NEWSTRUCTURE,167,0.9955288016649243
spline_mixed,5_6C_19PER_4_6C_NEWSTRUCTURE,168,0.9954862079615593
spline_mixed,5_6C_19PER_4_6C_NEWSTRUCTURE,169,0.9954432444944207
spline_mixed,5_6C_19PER_4_6C_NEWSTRUCTURE,170,0.9953999091087763
spline_mixed,5_6C_19PER_4_6C_NEWSTRUCTURE,171,0.9953561996498941
spline_mixed,5_6C_19PER_4_6C_NEWSTRUCTURE,172,0.9953121139630409
spline_mixed,5_6C_19PER_4_6C_NEWSTRUCTURE,173,0.9952676498934847
spline_mixed,5_6C_19PER_4_6C_NEWSTRUCTURE,174,0.9952228052864931
spline_mixed,5_6C_19PER_4_6C_NEWSTRUCTURE,175,0.9951775779873336
spline_mixed,5_6C_19PER_4_6C_NEWSTRUCTURE,176,0.9951319658412738
spline_mixed,5_6C_19PER_4_6C_NEWSTRUCTURE,177,0.9950859666935813
spline_mixed,5_6C_19PER_4_6C_NEWSTRUCTURE,178,0.9950395783895237
spline_mixed,5_6C_19PER_4_6C_NEWSTRUCTURE,179,0.9949927987743686
spline_mixed,5_6C_19PER_4_6C_NEWSTRUCTURE,180,0.9949456256933836
spline_mixed,5_6C_19PER_4_6C_NEWSTRUCTURE,181,0.9948980569918361
spline_mixed,5_6C_19PER_4_6C_NEWSTRUCTURE,182,0.9948500905149937
spline_mixed,5_6C_19PER_4_6C_NEWSTRUCTURE,183,0.9948017241081244
spline_mixed,5_6C_19PER_4_6C_NEWSTRUCTURE,184,0.9947529556164952
spline_mixed,5_6C_19PER_4_6C_NEWSTRUCTURE,185,0.9947037828853741
spline_mixed,5_6C_19PER_4_6C_NEWSTRUCTURE,186,0.9946542037600284
spline_mixed,5_6C_19PER_4_6C_NEWSTRUCTURE,187,0.994604216085726
spline_mixed,5_6C_19PER_4_6C_NEWSTRUCTURE,188,0.9945538177077343
spline_mixed,5_6C_19PER_4_6C_NEWSTRUCTURE,189,0.9945030064713208
spline_mixed,5_6C_19PER_4_6C_NEWSTRUCTURE,190,0.9944517802217533
spline_mixed,5_6C_19PER_4_6C_NEWSTRUCTURE,191,0.9944001368042992
spline_mixed,5_6C_19PER_4_6C_NEWSTRUCTURE,192,0.9943480740642261
spline_mixed,5_6C_19PER_4_6C_NEWSTRUCTURE,193,0.9942955898468017
spline_mixed,5_6C_19PER_4_6C_NEWSTRUCTURE,194,0.9942426819972934
spline_mixed,5_6C_19PER_4_6C_NEWSTRUCTURE,195,0.994189348360969
spline_mixed,5_6C_19PER_4_6C_NEWSTRUCTURE,196,0.9941355867830959
spline_mixed,5_6C_19PER_4_6C_NEWSTRUCTURE,197,0.9940813951089417
spline_mixed,5_6C_19PER_4_6C_NEWSTRUCTURE,198,0.994026771183774
spline_mixed,5_6C_19PER_4_6C_NEWSTRUCTURE,199,0.9939717128528606
spline_mixed,5_6C_19PER_4_6C_NEWSTRUCTURE,200,0.9939162179614689
spline_mixed,5_6C_36PER_4_3C_NEWSTRUCTURE,1,0.998327909958621
spline_mixed,5_6C_36PER_4_3C_NEWSTRUCTURE,2,0.9984183358658528
spline_mixed,5_6C_36PER_4_3C_NEWSTRUCTURE,3,0.9985052052719204
spline_mixed,5_6C_36PER_4_3C_NEWSTRUCTURE,4,0.998588574520277
spline_mixed,5_6C_36PER_4_3C_NEWSTRUCTURE,5,0.9986684999543763
spline_mixed,5_6C_36PER_4_3C_NEWSTRUCTURE,6,0.9987450379176717
spline_mixed,5_6C_36PER_4_3C_NEWSTRUCTURE,7,0.9988182447536168
spline_mixed,5_6C_36PER_4_3C_NEWSTRUCTURE,8,0.998888176805665
spline_mixed,5_6C_36PER_4_3C_NEWSTRUCTURE,9,0.9989548904172698
spline_mixed,5_6C_36PER_4_3C_NEWSTRUCTURE,10,0.9990184419318848
spline_mixed,5_6C_36PER_4_3C_NEWSTRUCTURE,11,0.9990788876929636
spline_mixed,5_6C_36PER_4_3C_NEWSTRUCTURE,12,0.9991362840439596
spline_mixed,5_6C_36PER_4_3C_NEWSTRUCTURE,13,0.9991906873283262
spline_mixed,5_6C_36PER_4_3C_NEWSTRUCTURE,14,0.9992421538895171
spline_mixed,5_6C_36PER_4_3C_NEWSTRUCTURE,15,0.9992907400709856
spline_mixed,5_6C_36PER_4_3C_NEWSTRUCTURE,16,0.9993365022161855
spline_mixed,5_6C_36PER_4_3C_NEWSTRUCTURE,17,0.99937949666857
spline_mixed,5_6C_36PER_4_3C_NEWSTRUCTURE,18,0.9994197797715929
spline_mixed,5_6C_36PER_4_3C_NEWSTRUCTURE,19,0.9994574078687075
spline_mixed,5_6C_36PER_4_3C_NEWSTRUCTURE,20,0.9994924373033673
spline_mixed,5_6C_36PER_4_3C_NEWSTRUCTURE,21,0.9995249244190262
spline_mixed,5_6C_36PER_4_3C_NEWSTRUCTURE,22,0.9995549255591372
spline_mixed,5_6C_36PER_4_3C_NEWSTRUCTURE,23,0.999582497067154
spline_mixed,5_6C_36PER_4_3C_NEWSTRUCTURE,24,0.9996076952865303
spline_mixed,5_6C_36PER_4_3C_NEWSTRUCTURE,25,0.9996305765607192
spline_mixed,5_6C_36PER_4_3C_NEWSTRUCTURE,26,0.9996511972331745
spline_mixed,5_6C_36PER_4_3C_NEWSTRUCTURE,27,0.9996696136473497
spline_mixed,5_6C_36PER_4_3C_NEWSTRUCTURE,28,0.9996858821466985
spline_mixed,5_6C_36PER_4_3C_NEWSTRUCTURE,29,0.9997000590746739
spline_mixed,5_6C_36PER_4_3C_NEWSTRUCTURE,30,0.9997122007747298
spline_mixed,5_6C_36PER_4_3C_NEWSTRUCTURE,31,0.9997223635903194
spline_mixed,5_6C_36PER_4_3C_NEWSTRUCTURE,32,0.9997306038648969
spline_mixed,5_6C_36PER_4_3C_NEWSTRUCTURE,33,0.999736977941915
spline_mixed,5_6C_36PER_4_3C_NEWSTRUCTURE,34,0.9997415421648275
spline_mixed,5_6C_36PER_4_3C_NEWSTRUCTURE,35,0.9997443528770882
spline_mixed,5_6C_36PER_4_3C_NEWSTRUCTURE,36,0.9997454664221501
spline_mixed,5_6C_36PER_4_3C_NEWSTRUCTURE,37,0.9997449391434671
spline_mixed,5_6C_36PER_4_3C_NEWSTRUCTURE,38,0.9997428273844924
spline_mixed,5_6C_36PER_4_3C_NEWSTRUCTURE,39,0.9997391874886801
spline_mixed,5_6C_36PER_4_3C_NEWSTRUCTURE,40,0.9997340757994829
spline_mixed,5_6C_36PER_4_3C_NEWSTRUCTURE,41,0.9997275486603548
spline_mixed,5_6C_36PER_4_3C_NEWSTRUCTURE,42,0.9997196624147495
spline_mixed,5_6C_36PER_4_3C_NEWSTRUCTURE,43,0.9997104734061201
spline_mixed,5_6C_36PER_4_3C_NEWSTRUCTURE,44,0.9997000379779202
spline_mixed,5_6C_36PER_4_3C_NEWSTRUCTURE,45,0.9996884124736032
spline_mixed,5_6C_36PER_4_3C_NEWSTRUCTURE,46,0.9996756532366231
spline_mixed,5_6C_36PER_4_3C_NEWSTRUCTURE,47,0.999661816610433
spline_mixed,5_6C_36PER_4_3C_NEWSTRUCTURE,48,0.9996469589384863
spline_mixed,5_6C_36PER_4_3C_NEWSTRUCTURE,49,0.9996311365642367
spline_mixed,5_6C_36PER_4_3C_NEWSTRUCTURE,50,0.9996144058311381
spline_mixed,5_6C_36PER_4_3C_NEWSTRUCTURE,51,0.9995968174879524
spline_mixed,5_6C_36PER_4_3C_NEWSTRUCTURE,52,0.99957839990468
spline_mixed,5_6C_36PER_4_3C_NEWSTRUCTURE,53,0.9995591758566297
spline_mixed,5_6C_36PER_4_3C_NEWSTRUCTURE,54,0.9995391681191098
spline_mixed,5_6C_36PER_4_3C_NEWSTRUCTURE,55,0.99951839946743
spline_mixed,5_6C_36PER_4_3C_NEWSTRUCTURE,56,0.9994968926768988
spline_mixed,5_6C_36PER_4_3C_NEWSTRUCTURE,57,0.9994746705228251
spline_mixed,5_6C_36PER_4_3C_NEWSTRUCTURE,58,0.9994517557805179
spline_mixed,5_6C_36PER_4_3C_NEWSTRUCTURE,59,0.9994281712252862
spline_mixed,5_6C_36PER_4_3C_NEWSTRUCTURE,60,0.9994039396324386
spline_mixed,5_6C_36PER_4_3C_NEWSTRUCTURE,61,0.9993790837772843
spline_mixed,5_6C_36PER_4_3C_NEWSTRUCTURE,62,0.9993536264351321
spline_mixed,5_6C_36PER_4_3C_NEWSTRUCTURE,63,0.999327590381291
spline_mixed,5_6C_36PER_4_3C_NEWSTRUCTURE,64,0.9993009983910696
spline_mixed,5_6C_36PER_4_3C_NEWSTRUCTURE,65,0.9992738732397771
spline_mixed,5_6C_36PER_4_3C_NEWSTRUCTURE,66,0.9992462377027225
spline_mixed,5_6C_36PER_4_3C_NEWSTRUCTURE,67,0.9992181145552143
spline_mixed,5_6C_36PER_4_3C_NEWSTRUCTURE,68,0.9991895265725618
spline_mixed,5_6C_36PER_4_3C_NEWSTRUCTURE,69,0.9991604965300737
spline_mixed,5_6C_36PER_4_3C_NEWSTRUCTURE,70,0.9991310472030591
spline_mixed,5_6C_36PER_4_3C_NEWSTRUCTURE,71,0.9991012013668266
spline_mixed,5_6C_36PER_4_3C_NEWSTRUCTURE,72,0.9990709817966852
spline_mixed,5_6C_36PER_4_3C_NEWSTRUCTURE,73,0.9990404112679441
spline_mixed,5_6C_36PER_4_3C_NEWSTRUCTURE,74,0.9990095125559117
spline_mixed,5_6C_36PER_4_3C_NEWSTRUCTURE,75,0.9989783084358975
spline_mixed,5_6C_36PER_4_3C_NEWSTRUCTURE,76,0.9989468216832098
spline_mixed,5_6C_36PER_4_3C_NEWSTRUCTURE,77,0.9989150750731581
spline_mixed,5_6C_36PER_4_3C_NEWSTRUCTURE,78,0.9988830913810508
spline_mixed,5_6C_36PER_4_3C_NEWSTRUCTURE,79,0.9988508933821971
spline_mixed,5_6C_36PER_4_3C_NEWSTRUCTURE,80,0.9988185038519058
spline_mixed,5_6C_36PER_4_3C_NEWSTRUCTURE,81,0.9987859455654858
spline_mixed,5_6C_36PER_4_3C_NEWSTRUCTURE,82,0.998753241298246
spline_mixed,5_6C_36PER_4_3C_NEWSTRUCTURE,83,0.9987204138254956
spline_mixed,5_6C_36PER_4_3C_NEWSTRUCTURE,84,0.9986874859225431
spline_mixed,5_6C_36PER_4_3C_NEWSTRUCTURE,85,0.9986544803646976
spline_mixed,5_6C_36PER_4_3C_NEWSTRUCTURE,86,0.9986214199272678
spline_mixed,5_6C_36PER_4_3C_NEWSTRUCTURE,87,0.9985883273855629
spline_mixed,5_6C_36PER_4_3C_NEWSTRUCTURE,88,0.9985552255148917
spline_mixed,5_6C_36PER_4_3C_NEWSTRUCTURE,89,0.998522137090563
spline_mixed,5_6C_36PER_4_3C_NEWSTRUCTURE,90,0.998489084887886
spline_mixed,5_6C_36PER_4_3C_NEWSTRUCTURE,91,0.9984560916821692
spline_mixed,5_6C_36PER_4_3C_NEWSTRUCTURE,92,0.9984231802487218
spline_mixed,5_6C_36PER_4_3C_NEWSTRUCTURE,93,0.9983903733628525
spline_mixed,5_6C_36PER_4_3C_NEWSTRUCTURE,94,0.9983576937998704
spline_mixed,5_6C_36PER_4_3C_NEWSTRUCTURE,95,0.9983251643350844
spline_mixed,5_6C_36PER_4_3C_NEWSTRUCTURE,96,0.998292807743803
spline_mixed,5_6C_36PER_4_3C_NEWSTRUCTURE,97,0.9982606468013359
spline_mixed,5_6C_36PER_4_3C_NEWSTRUCTURE,98,0.9982287042829914
spline_mixed,5_6C_36PER_4_3C_NEWSTRUCTURE,99,0.9981970029640784
spline_mixed,5_6C_36PER_4_3C_NEWSTRUCTURE,100,0.998165565619906
spline_mixed,5_6C_36PER_4_3C_NEWSTRUCTURE,101,0.9981344092106398
spline_mixed,5_6C_36PER_4_3C_NEWSTRUCTURE,102,0.9981035274358708
spline_mixed,5_6C_36PER_4_3C_NEWSTRUCTURE,103,0.9980729081800473
spline_mixed,5_6C_36PER_4_3C_NEWSTRUCTURE,104,0.9980425393276172
spline_mixed,5_6C_36PER_4_3C_NEWSTRUCTURE,105,0.9980124087630284
spline_mixed,5_6C_36PER_4_3C_NEWSTRUCTURE,106,0.997982504370729
spline_mixed,5_6C_36PER_4_3C_NEWSTRUCTURE,107,0.9979528140351669
spline_mixed,5_6C_36PER_4_3C_NEWSTRUCTURE,108,0.99792332564079
spline_mixed,5_6C_36PER_4_3C_NEWSTRUCTURE,109,0.9978940270720464
spline_mixed,5_6C_36PER_4_3C_NEWSTRUCTURE,110,0.9978649062133841
spline_mixed,5_6C_36PER_4_3C_NEWSTRUCTURE,111,0.9978359509492508
spline_mixed,5_6C_36PER_4_3C_NEWSTRUCTURE,112,0.997807149164095
spline_mixed,5_6C_36PER_4_3C_NEWSTRUCTURE,113,0.9977784887423642
spline_mixed,5_6C_36PER_4_3C_NEWSTRUCTURE,114,0.9977499575685063
spline_mixed,5_6C_36PER_4_3C_NEWSTRUCTURE,115,0.9977215435269695
spline_mixed,5_6C_36PER_4_3C_NEWSTRUCTURE,116,0.9976932345022019
spline_mixed,5_6C_36PER_4_3C_NEWSTRUCTURE,117,0.9976650183786515
spline_mixed,5_6C_36PER_4_3C_NEWSTRUCTURE,118,0.9976368830407658
spline_mixed,5_6C_36PER_4_3C_NEWSTRUCTURE,119,0.9976088163729934
spline_mixed,5_6C_36PER_4_3C_NEWSTRUCTURE,120,0.9975808062597816
spline_mixed,5_6C_36PER_4_3C_NEWSTRUCTURE,121,0.997552840585579
spline_mixed,5_6C_36PER_4_3C_NEWSTRUCTURE,122,0.9975249072348331
spline_mixed,5_6C_36PER_4_3C_NEWSTRUCTURE,123,0.9974969940919923
spline_mixed,5_6C_36PER_4_3C_NEWSTRUCTURE,124,0.9974690890415042
spline_mixed,5_6C_36PER_4_3C_NEWSTRUCTURE,125,0.9974411799678169
spline_mixed,5_6C_36PER_4_3C_NEWSTRUCTURE,126,0.9974132547553783
spline_mixed,5_6C_36PER_4_3C_NEWSTRUCTURE,127,0.9973853012886367
spline_mixed,5_6C_36PER_4_3C_NEWSTRUCTURE,128,0.9973573074520398
spline_mixed,5_6C_36PER_4_3C_NEWSTRUCTURE,129,0.9973292611300353
spline_mixed,5_6C_36PER_4_3C_NEWSTRUCTURE,130,0.9973011502070719
spline_mixed,5_6C_36PER_4_3C_NEWSTRUCTURE,131,0.997272962567597
spline_mixed,5_6C_36PER_4_3C_NEWSTRUCTURE,132,0.9972446860960585
spline_mixed,5_6C_36PER_4_3C_NEWSTRUCTURE,133,0.9972163086769048
spline_mixed,5_6C_36PER_4_3C_NEWSTRUCTURE,134,0.9971878181945837
spline_mixed,5_6C_36PER_4_3C_NEWSTRUCTURE,135,0.997159202533543
spline_mixed,5_6C_36PER_4_3C_NEWSTRUCTURE,136,0.9971304495782309
spline_mixed,5_6C_36PER_4_3C_NEWSTRUCTURE,137,0.9971015472130954
spline_mixed,5_6C_36PER_4_3C_NEWSTRUCTURE,138,0.9970724833225841
spline_mixed,5_6C_36PER_4_3C_NEWSTRUCTURE,139,0.9970432457911454
spline_mixed,5_6C_36PER_4_3C_NEWSTRUCTURE,140,0.9970138225032271
spline_mixed,5_6C_36PER_4_3C_NEWSTRUCTURE,141,0.9969842013432773
spline_mixed,5_6C_36PER_4_3C_NEWSTRUCTURE,142,0.9969543701957435
spline_mixed,5_6C_36PER_4_3C_NEWSTRUCTURE,143,0.9969243169450743
spline_mixed,5_6C_36PER_4_3C_NEWSTRUCTURE,144,0.9968940294757174
spline_mixed,5_6C_36PER_4_3C_NEWSTRUCTURE,145,0.9968634956721207
spline_mixed,5_6C_36PER_4_3C_NEWSTRUCTURE,146,0.9968327034187324
spline_mixed,5_6C_36PER_4_3C_NEWSTRUCTURE,147,0.9968016406000002
spline_mixed,5_6C_36PER_4_3C_NEWSTRUCTURE,148,0.9967702951003721
spline_mixed,5_6C_36PER_4_3C_NEWSTRUCTURE,149,0.9967386548042962
spline_mixed,5_6C_36PER_4_3C_NEWSTRUCTURE,150,0.9967067075962205
spline_mixed,5_6C_36PER_4_3C_NEWSTRUCTURE,151,0.9966744432031537
spline_mixed,5_6C_36PER_4_3C_NEWSTRUCTURE,152,0.9966418587223469
spline_mixed,5_6C_36PER_4_3C_NEWSTRUCTURE,153,0.9966089530936122
spline_mixed,5_6C_36PER_4_3C_NEWSTRUCTURE,154,0.9965757252567621
spline_mixed,5_6C_36PER_4_3C_NEWSTRUCTURE,155,0.9965421741516081
spline_mixed,5_6C_36PER_4_3C_NEWSTRUCTURE,156,0.9965082987179626
spline_mixed,5_6C_36PER_4_3C_NEWSTRUCTURE,157,0.9964740978956378
spline_mixed,5_6C_36PER_4_3C_NEWSTRUCTURE,158,0.9964395706244454
spline_mixed,5_6C_36PER_4_3C_NEWSTRUCTURE,159,0.9964047158441977
spline_mixed,5_6C_36PER_4_3C_NEWSTRUCTURE,160,0.9963695324947065
spline_mixed,5_6C_36PER_4_3C_NEWSTRUCTURE,161,0.9963340195157842
spline_mixed,5_6C_36PER_4_3C_NEWSTRUCTURE,162,0.9962981758472426
spline_mixed,5_6C_36PER_4_3C_NEWSTRUCTURE,163,0.996262000428894
spline_mixed,5_6C_36PER_4_3C_NEWSTRUCTURE,164,0.9962254922005502
spline_mixed,5_6C_36PER_4_3C_NEWSTRUCTURE,165,0.9961886501020234
spline_mixed,5_6C_36PER_4_3C_NEWSTRUCTURE,166,0.9961514730731257
spline_mixed,5_6C_36PER_4_3C_NEWSTRUCTURE,167,0.9961139600536693
spline_mixed,5_6C_36PER_4_3C_NEWSTRUCTURE,168,0.9960761099834659
spline_mixed,5_6C_36PER_4_3C_NEWSTRUCTURE,169,0.9960379218023279
spline_mixed,5_6C_36PER_4_3C_NEWSTRUCTURE,170,0.995999394450067
spline_mixed,5_6C_36PER_4_3C_NEWSTRUCTURE,171,0.9959605268664956
spline_mixed,5_6C_36PER_4_3C_NEWSTRUCTURE,172,0.9959213179914255
spline_mixed,5_6C_36PER_4_3C_NEWSTRUCTURE,173,0.995881766764669
spline_mixed,5_6C_36PER_4_3C_NEWSTRUCTURE,174,0.9958418721260381
spline_mixed,5_6C_36PER_4_3C_NEWSTRUCTURE,175,0.9958016330153447
spline_mixed,5_6C_36PER_4_3C_NEWSTRUCTURE,176,0.9957610483724013
spline_mixed,5_6C_36PER_4_3C_NEWSTRUCTURE,177,0.9957201171370194
spline_mixed,5_6C_36PER_4_3C_NEWSTRUCTURE,178,0.9956788382490113
spline_mixed,5_6C_36PER_4_3C_NEWSTRUCTURE,179,0.9956372106481893
spline_mixed,5_6C_36PER_4_3C_NEWSTRUCTURE,180,0.995595233274365
spline_mixed,5_6C_36PER_4_3C_NEWSTRUCTURE,181,0.995552905067351
spline_mixed,5_6C_36PER_4_3C_NEWSTRUCTURE,182,0.9955102249669588
spline_mixed,5_6C_36PER_4_3C_NEWSTRUCTURE,183,0.9954671919130009
spline_mixed,5_6C_36PER_4_3C_NEWSTRUCTURE,184,0.9954238048452891
spline_mixed,5_6C_36PER_4_3C_NEWSTRUCTURE,185,0.9953800627036358
spline_mixed,5_6C_36PER_4_3C_NEWSTRUCTURE,186,0.9953359644278525
spline_mixed,5_6C_36PER_4_3C_NEWSTRUCTURE,187,0.9952915089577519
spline_mixed,5_6C_36PER_4_3C_NEWSTRUCTURE,188,0.9952466952331456
spline_mixed,5_6C_36PER_4_3C_NEWSTRUCTURE,189,0.9952015221938458
spline_mixed,5_6C_36PER_4_3C_NEWSTRUCTURE,190,0.9951559887796645
spline_mixed,5_6C_36PER_4_3C_NEWSTRUCTURE,191,0.995110093930414
spline_mixed,5_6C_36PER_4_3C_NEWSTRUCTURE,192,0.9950638365859061
spline_mixed,5_6C_36PER_4_3C_NEWSTRUCTURE,193,0.995017215685953
spline_mixed,5_6C_36PER_4_3C_NEWSTRUCTURE,194,0.9949702301703669
spline_mixed,5_6C_36PER_4_3C_NEWSTRUCTURE,195,0.9949228789789596
spline_mixed,5_6C_36PER_4_3C_NEWSTRUCTURE,196,0.9948751610515433
spline_mixed,5_6C_36PER_4_3C_NEWSTRUCTURE,197,0.99482707532793
spline_mixed,5_6C_36PER_4_3C_NEWSTRUCTURE,198,0.9947786207479317
spline_mixed,5_6C_36PER_4_3C_NEWSTRUCTURE,199,0.9947297962513606
spline_mixed,5_6C_36PER_4_3C_NEWSTRUCTURE,200,0.9946806007780288
spline_mixed,4_8C_80PER_4_8C_NEWSTRUCTURE,1,0.9891373331949385
spline_mixed,4_8C_80PER_4_8C_NEWSTRUCTURE,2,0.9892244620829961
spline_mixed,4_8C_80PER_4_8C_NEWSTRUCTURE,3,0.9893088051976641
spline_mixed,4_8C_80PER_4_8C_NEWSTRUCTURE,4,0.9893903995518699
spline_mixed,4_8C_80PER_4_8C_NEWSTRUCTURE,5,0.9894692821585412
spline_mixed,4_8C_80PER_4_8C_NEWSTRUCTURE,6,0.9895454900306059
spline_mixed,4_8C_80PER_4_8C_NEWSTRUCTURE,7,0.9896190601809913
spline_mixed,4_8C_80PER_4_8C_NEWSTRUCTURE,8,0.9896900296226253
spline_mixed,4_8C_80PER_4_8C_NEWSTRUCTURE,9,0.9897584353684354
spline_mixed,4_8C_80PER_4_8C_NEWSTRUCTURE,10,0.9898243144313492
spline_mixed,4_8C_80PER_4_8C_NEWSTRUCTURE,11,0.9898877038242945
spline_mixed,4_8C_80PER_4_8C_NEWSTRUCTURE,12,0.9899486405601986
spline_mixed,4_8C_80PER_4_8C_NEWSTRUCTURE,13,0.9900071616519894
spline_mixed,4_8C_80PER_4_8C_NEWSTRUCTURE,14,0.9900633041125945
spline_mixed,4_8C_80PER_4_8C_NEWSTRUCTURE,15,0.9901171049549415
spline_mixed,4_8C_80PER_4_8C_NEWSTRUCTURE,16,0.990168601191958
spline_mixed,4_8C_80PER_4_8C_NEWSTRUCTURE,17,0.9902178298365717
spline_mixed,4_8C_80PER_4_8C_NEWSTRUCTURE,18,0.9902648279017102
spline_mixed,4_8C_80PER_4_8C_NEWSTRUCTURE,19,0.9903096324003012
spline_mixed,4_8C_80PER_4_8C_NEWSTRUCTURE,20,0.9903522803452722
spline_mixed,4_8C_80PER_4_8C_NEWSTRUCTURE,21,0.9903928087495507
spline_mixed,4_8C_80PER_4_8C_NEWSTRUCTURE,22,0.9904312546260647
spline_mixed,4_8C_80PER_4_8C_NEWSTRUCTURE,23,0.9904676549877417
spline_mixed,4_8C_80PER_4_8C_NEWSTRUCTURE,24,0.9905020468475093
spline_mixed,4_8C_80PER_4_8C_NEWSTRUCTURE,25,0.9905344672182951
spline_mixed,4_8C_80PER_4_8C_NEWSTRUCTURE,26,0.9905649531130267
spline_mixed,4_8C_80PER_4_8C_NEWSTRUCTURE,27,0.9905935415446319
spline_mixed,4_8C_80PER_4_8C_NEWSTRUCTURE,28,0.9906202695260381
spline_mixed,4_8C_80PER_4_8C_NEWSTRUCTURE,29,0.990645174070173
spline_mixed,4_8C_80PER_4_8C_NEWSTRUCTURE,30,0.9906682921899643
spline_mixed,4_8C_80PER_4_8C_NEWSTRUCTURE,31,0.9906896608983398
spline_mixed,4_8C_80PER_4_8C_NEWSTRUCTURE,32,0.9907093172082269
spline_mixed,4_8C_80PER_4_8C_NEWSTRUCTURE,33,0.9907272981325531
spline_mixed,4_8C_80PER_4_8C_NEWSTRUCTURE,34,0.9907436406842464
spline_mixed,4_8C_80PER_4_8C_NEWSTRUCTURE,35,0.9907583818762342
spline_mixed,4_8C_80PER_4_8C_NEWSTRUCTURE,36,0.9907715587214442
spline_mixed,4_8C_80PER_4_8C_NEWSTRUCTURE,37,0.9907832082328037
spline_mixed,4_8C_80PER_4_8C_NEWSTRUCTURE,38,0.990793367423241
spline_mixed,4_8C_80PER_4_8C_NEWSTRUCTURE,39,0.9908020733056833
spline_mixed,4_8C_80PER_4_8C_NEWSTRUCTURE,40,0.9908093628930582
spline_mixed,4_8C_80PER_4_8C_NEWSTRUCTURE,41,0.9908152731982935
spline_mixed,4_8C_80PER_4_8C_NEWSTRUCTURE,42,0.9908198412343169
spline_mixed,4_8C_80PER_4_8C_NEWSTRUCTURE,43,0.9908231040140557
spline_mixed,4_8C_80PER_4_8C_NEWSTRUCTURE,44,0.9908250985504379
spline_mixed,4_8C_80PER_4_8C_NEWSTRUCTURE,45,0.9908258618563908
spline_mixed,4_8C_80PER_4_8C_NEWSTRUCTURE,46,0.9908254309448422
spline_mixed,4_8C_80PER_4_8C_NEWSTRUCTURE,47,0.9908238428287198
spline_mixed,4_8C_80PER_4_8C_NEWSTRUCTURE,48,0.9908211345209512
spline_mixed,4_8C_80PER_4_8C_NEWSTRUCTURE,49,0.990817343034464
spline_mixed,4_8C_80PER_4_8C_NEWSTRUCTURE,50,0.9908125053821858
spline_mixed,4_8C_80PER_4_8C_NEWSTRUCTURE,51,0.9908066566036745
spline_mixed,4_8C_80PER_4_8C_NEWSTRUCTURE,52,0.9907998238450089
spline_mixed,4_8C_80PER_4_8C_NEWSTRUCTURE,53,0.9907920322788979
spline_mixed,4_8C_80PER_4_8C_NEWSTRUCTURE,54,0.9907833070780506
spline_mixed,4_8C_80PER_4_8C_NEWSTRUCTURE,55,0.990773673415176
spline_mixed,4_8C_80PER_4_8C_NEWSTRUCTURE,56,0.9907631564629833
spline_mixed,4_8C_80PER_4_8C_NEWSTRUCTURE,57,0.9907517813941812
spline_mixed,4_8C_80PER_4_8C_NEWSTRUCTURE,58,0.990739573381479
spline_mixed,4_8C_80PER_4_8C_NEWSTRUCTURE,59,0.9907265575975855
spline_mixed,4_8C_80PER_4_8C_NEWSTRUCTURE,60,0.9907127592152097
spline_mixed,4_8C_80PER_4_8C_NEWSTRUCTURE,61,0.9906982034070608
spline_mixed,4_8C_80PER_4_8C_NEWSTRUCTURE,62,0.9906829153458478
spline_mixed,4_8C_80PER_4_8C_NEWSTRUCTURE,63,0.9906669202042796
spline_mixed,4_8C_80PER_4_8C_NEWSTRUCTURE,64,0.9906502431550653
spline_mixed,4_8C_80PER_4_8C_NEWSTRUCTURE,65,0.9906329093709139
spline_mixed,4_8C_80PER_4_8C_NEWSTRUCTURE,66,0.9906149440245343
spline_mixed,4_8C_80PER_4_8C_NEWSTRUCTURE,67,0.9905963722886356
spline_mixed,4_8C_80PER_4_8C_NEWSTRUCTURE,68,0.9905772193359269
spline_mixed,4_8C_80PER_4_8C_NEWSTRUCTURE,69,0.990557510339117
spline_mixed,4_8C_80PER_4_8C_NEWSTRUCTURE,70,0.9905372704709152
spline_mixed,4_8C_80PER_4_8C_NEWSTRUCTURE,71,0.9905165249040303
spline_mixed,4_8C_80PER_4_8C_NEWSTRUCTURE,72,0.9904952988111714
spline_mixed,4_8C_80PER_4_8C_NEWSTRUCTURE,73,0.9904736173650476
spline_mixed,4_8C_80PER_4_8C_NEWSTRUCTURE,74,0.9904515057383676
spline_mixed,4_8C_80PER_4_8C_NEWSTRUCTURE,75,0.9904289891038408
spline_mixed,4_8C_80PER_4_8C_NEWSTRUCTURE,76,0.990406092634176
spline_mixed,4_8C_80PER_4_8C_NEWSTRUCTURE,77,0.9903828415020821
spline_mixed,4_8C_80PER_4_8C_NEWSTRUCTURE,78,0.9903592608802685
spline_mixed,4_8C_80PER_4_8C_NEWSTRUCTURE,79,0.9903353759414439
spline_mixed,4_8C_80PER_4_8C_NEWSTRUCTURE,80,0.9903112118583175
spline_mixed,4_8C_80PER_4_8C_NEWSTRUCTURE,81,0.9902867938035982
spline_mixed,4_8C_80PER_4_8C_NEWSTRUCTURE,82,0.990262146949995
spline_mixed,4_8C_80PER_4_8C_NEWSTRUCTURE,83,0.990237296470217
spline_mixed,4_8C_80PER_4_8C_NEWSTRUCTURE,84,0.9902122675369732
spline_mixed,4_8C_80PER_4_8C_NEWSTRUCTURE,85,0.9901870853229725
spline_mixed,4_8C_80PER_4_8C_NEWSTRUCTURE,86,0.990161775000924
spline_mixed,4_8C_80PER_4_8C_NEWSTRUCTURE,87,0.9901363617435367
spline_mixed,4_8C_80PER_4_8C_NEWSTRUCTURE,88,0.9901108707235198
spline_mixed,4_8C_80PER_4_8C_NEWSTRUCTURE,89,0.990085327113582
spline_mixed,4_8C_80PER_4_8C_NEWSTRUCTURE,90,0.9900597560864325
spline_mixed,4_8C_80PER_4_8C_NEWSTRUCTURE,91,0.9900341828147803
spline_mixed,4_8C_80PER_4_8C_NEWSTRUCTURE,92,0.9900086324713343
spline_mixed,4_8C_80PER_4_8C_NEWSTRUCTURE,93,0.9899831302288037
spline_mixed,4_8C_80PER_4_8C_NEWSTRUCTURE,94,0.9899577012598975
spline_mixed,4_8C_80PER_4_8C_NEWSTRUCTURE,95,0.9899323707373245
spline_mixed,4_8C_80PER_4_8C_NEWSTRUCTURE,96,0.9899071638337938
spline_mixed,4_8C_80PER_4_8C_NEWSTRUCTURE,97,0.9898821057220147
spline_mixed,4_8C_80PER_4_8C_NEWSTRUCTURE,98,0.9898572215746958
spline_mixed,4_8C_80PER_4_8C_NEWSTRUCTURE,99,0.9898325365645465
spline_mixed,4_8C_80PER_4_8C_NEWSTRUCTURE,100,0.9898080758642754
spline_mixed,4_8C_80PER_4_8C_NEWSTRUCTURE,101,0.9897838590054365
spline_mixed,4_8C_80PER_4_8C_NEWSTRUCTURE,102,0.9897598829549618
spline_mixed,4_8C_80PER_4_8C_NEWSTRUCTURE,103,0.9897361390386277
spline_mixed,4_8C_80PER_4_8C_NEWSTRUCTURE,104,0.9897126185822114
spline_mixed,4_8C_80PER_4_8C_NEWSTRUCTURE,105,0.9896893129114892
spline_mixed,4_8C_80PER_4_8C_NEWSTRUCTURE,106,0.9896662133522379
spline_mixed,4_8C_80PER_4_8C_NEWSTRUCTURE,107,0.9896433112302342
spline_mixed,4_8C_80PER_4_8C_NEWSTRUCTURE,108,0.989620597871255
spline_mixed,4_8C_80PER_4_8C_NEWSTRUCTURE,109,0.9895980646010767
spline_mixed,4_8C_80PER_4_8C_NEWSTRUCTURE,110,0.9895757027454763
spline_mixed,4_8C_80PER_4_8C_NEWSTRUCTURE,111,0.9895535036302302
spline_mixed,4_8C_80PER_4_8C_NEWSTRUCTURE,112,0.9895314585811152
spline_mixed,4_8C_80PER_4_8C_NEWSTRUCTURE,113,0.9895095589239081
spline_mixed,4_8C_80PER_4_8C_NEWSTRUCTURE,114,0.9894877959843857
spline_mixed,4_8C_80PER_4_8C_NEWSTRUCTURE,115,0.9894661610883244
spline_mixed,4_8C_80PER_4_8C_NEWSTRUCTURE,116,0.9894446455615011
spline_mixed,4_8C_80PER_4_8C_NEWSTRUCTURE,117,0.9894232407296923
spline_mixed,4_8C_80PER_4_8C_NEWSTRUCTURE,118,0.9894019379186749
spline_mixed,4_8C_80PER_4_8C_NEWSTRUCTURE,119,0.9893807284542256
spline_mixed,4_8C_80PER_4_8C_NEWSTRUCTURE,120,0.9893596036621212
spline_mixed,4_8C_80PER_4_8C_NEWSTRUCTURE,121,0.9893385548681379
spline_mixed,4_8C_80PER_4_8C_NEWSTRUCTURE,122,0.989317573398053
spline_mixed,4_8C_80PER_4_8C_NEWSTRUCTURE,123,0.9892966505776428
spline_mixed,4_8C_80PER_4_8C_NEWSTRUCTURE,124,0.9892757777326843
spline_mixed,4_8C_80PER_4_8C_NEWSTRUCTURE,125,0.9892549461889539
spline_mixed,4_8C_80PER_4_8C_NEWSTRUCTURE,126,0.9892341472722286
spline_mixed,4_8C_80PER_4_8C_NEWSTRUCTURE,127,0.9892133723082848
spline_mixed,4_8C_80PER_4_8C_NEWSTRUCTURE,128,0.9891926126228994
spline_mixed,4_8C_80PER_4_8C_NEWSTRUCTURE,129,0.989171859541849
spline_mixed,4_8C_80PER_4_8C_NEWSTRUCTURE,130,0.9891511043909104
spline_mixed,4_8C_80PER_4_8C_NEWSTRUCTURE,131,0.9891303384958602
spline_mixed,4_8C_80PER_4_8C_NEWSTRUCTURE,132,0.9891095531824752
spline_mixed,4_8C_80PER_4_8C_NEWSTRUCTURE,133,0.9890887397765321
spline_mixed,4_8C_80PER_4_8C_NEWSTRUCTURE,134,0.9890678896038074
spline_mixed,4_8C_80PER_4_8C_NEWSTRUCTURE,135,0.9890469939900781
spline_mixed,4_8C_80PER_4_8C_NEWSTRUCTURE,136,0.9890260442611206
spline_mixed,4_8C_80PER_4_8C_NEWSTRUCTURE,137,0.9890050317427119
spline_mixed,4_8C_80PER_4_8C_NEWSTRUCTURE,138,0.9889839477606283
spline_mixed,4_8C_80PER_4_8C_NEWSTRUCTURE,139,0.988962783640647
spline_mixed,4_8C_80PER_4_8C_NEWSTRUCTURE,140,0.9889415307085444
spline_mixed,4_8C_80PER_4_8C_NEWSTRUCTURE,141,0.9889201802900973
spline_mixed,4_8C_80PER_4_8C_NEWSTRUCTURE,142,0.9888987237110822
spline_mixed,4_8C_80PER_4_8C_NEWSTRUCTURE,143,0.9888771522972761
spline_mixed,4_8C_80PER_4_8C_NEWSTRUCTURE,144,0.9888554573744555
spline_mixed,4_8C_80PER_4_8C_NEWSTRUCTURE,145,0.988833630268397
spline_mixed,4_8C_80PER_4_8C_NEWSTRUCTURE,146,0.9888116623048777
spline_mixed,4_8C_80PER_4_8C_NEWSTRUCTURE,147,0.9887895448096741
spline_mixed,4_8C_80PER_4_8C_NEWSTRUCTURE,148,0.9887672691085626
spline_mixed,4_8C_80PER_4_8C_NEWSTRUCTURE,149,0.9887448265273203
spline_mixed,4_8C_80PER_4_8C_NEWSTRUCTURE,150,0.9887222083917235
spline_mixed,4_8C_80PER_4_8C_NEWSTRUCTURE,151,0.9886994066862963
spline_mixed,4_8C_80PER_4_8C_NEWSTRUCTURE,152,0.9886764160305491
spline_mixed,4_8C_80PER_4_8C_NEWSTRUCTURE,153,0.9886532317027392
spline_mixed,4_8C_80PER_4_8C_NEWSTRUCTURE,154,0.9886298489811247
spline_mixed,4_8C_80PER_4_8C_NEWSTRUCTURE,155,0.9886062631439632
spline_mixed,4_8C_80PER_4_8C_NEWSTRUCTURE,156,0.9885824694695116
spline_mixed,4_8C_80PER_4_8C_NEWSTRUCTURE,157,0.988558463236028
spline_mixed,4_8C_80PER_4_8C_NEWSTRUCTURE,158,0.9885342397217699
spline_mixed,4_8C_80PER_4_8C_NEWSTRUCTURE,159,0.9885097942049949
spline_mixed,4_8C_80PER_4_8C_NEWSTRUCTURE,160,0.9884851219639603
spline_mixed,4_8C_80PER_4_8C_NEWSTRUCTURE,161,0.988460218276924
spline_mixed,4_8C_80PER_4_8C_NEWSTRUCTURE,162,0.9884350784221434
spline_mixed,4_8C_80PER_4_8C_NEWSTRUCTURE,163,0.9884096976778761
spline_mixed,4_8C_80PER_4_8C_NEWSTRUCTURE,164,0.9883840713223798
spline_mixed,4_8C_80PER_4_8C_NEWSTRUCTURE,165,0.9883581946339118
spline_mixed,4_8C_80PER_4_8C_NEWSTRUCTURE,166,0.98833206289073
spline_mixed,4_8C_80PER_4_8C_NEWSTRUCTURE,167,0.9883056713710917
spline_mixed,4_8C_80PER_4_8C_NEWSTRUCTURE,168,0.9882790153532546
spline_mixed,4_8C_80PER_4_8C_NEWSTRUCTURE,169,0.9882520901154763
spline_mixed,4_8C_80PER_4_8C_NEWSTRUCTURE,170,0.9882248909360142
spline_mixed,4_8C_80PER_4_8C_NEWSTRUCTURE,171,0.9881974130931261
spline_mixed,4_8C_80PER_4_8C_NEWSTRUCTURE,172,0.9881696518650693
spline_mixed,4_8C_80PER_4_8C_NEWSTRUCTURE,173,0.9881416025301019
spline_mixed,4_8C_80PER_4_8C_NEWSTRUCTURE,174,0.9881132603664806
spline_mixed,4_8C_80PER_4_8C_NEWSTRUCTURE,175,0.9880846206524637
spline_mixed,4_8C_80PER_4_8C_NEWSTRUCTURE,176,0.9880556786663087
spline_mixed,4_8C_80PER_4_8C_NEWSTRUCTURE,177,0.9880264296862729
spline_mixed,4_8C_80PER_4_8C_NEWSTRUCTURE,178,0.9879968689906139
spline_mixed,4_8C_80PER_4_8C_NEWSTRUCTURE,179,0.9879669918575895
spline_mixed,4_8C_80PER_4_8C_NEWSTRUCTURE,180,0.9879367935654572
spline_mixed,4_8C_80PER_4_8C_NEWSTRUCTURE,181,0.9879062693924743
spline_mixed,4_8C_80PER_4_8C_NEWSTRUCTURE,182,0.9878754146168987
spline_mixed,4_8C_80PER_4_8C_NEWSTRUCTURE,183,0.9878442245169877
spline_mixed,4_8C_80PER_4_8C_NEWSTRUCTURE,184,0.9878126943709993
spline_mixed,4_8C_80PER_4_8C_NEWSTRUCTURE,185,0.9877808194571907
spline_mixed,4_8C_80PER_4_8C_NEWSTRUCTURE,186,0.9877485950538195
spline_mixed,4_8C_80PER_4_8C_NEWSTRUCTURE,187,0.9877160164391432
spline_mixed,4_8C_80PER_4_8C_NEWSTRUCTURE,188,0.9876830788914197
spline_mixed,4_8C_80PER_4_8C_NEWSTRUCTURE,189,0.9876497776889064
spline_mixed,4_8C_80PER_4_8C_NEWSTRUCTURE,190,0.9876161081098608
spline_mixed,4_8C_80PER_4_8C_NEWSTRUCTURE,191,0.9875820654325405
spline_mixed,4_8C_80PER_4_8C_NEWSTRUCTURE,192,0.987547644935203
spline_mixed,4_8C_80PER_4_8C_NEWSTRUCTURE,193,0.9875128418961061
spline_mixed,4_8C_80PER_4_8C_NEWSTRUCTURE,194,0.9874776515935073
spline_mixed,4_8C_80PER_4_8C_NEWSTRUCTURE,195,0.9874420693056639
spline_mixed,4_8C_80PER_4_8C_NEWSTRUCTURE,196,0.9874060903108339
spline_mixed,4_8C_80PER_4_8C_NEWSTRUCTURE,197,0.9873697098872745
spline_mixed,4_8C_80PER_4_8C_NEWSTRUCTURE,198,0.9873329233132435
spline_mixed,4_8C_80PER_4_8C_NEWSTRUCTURE,199,0.9872957258669983
spline_mixed,4_8C_80PER_4_8C_NEWSTRUCTURE,200,0.9872581128267969
spline_mixed,5C_67PER_4C_NEWSTRUCTURE,1,0.9981155512671437
spline_mixed,5C_67PER_4C_NEWSTRUCTURE,2,0.9982120442963188
spline_mixed,5C_67PER_4C_NEWSTRUCTURE,3,0.9983052051723761
spline_mixed,5C_67PER_4C_NEWSTRUCTURE,4,0.9983950830031447
spline_mixed,5C_67PER_4C_NEWSTRUCTURE,5,0.998481726896454
spline_mixed,5C_67PER_4C_NEWSTRUCTURE,6,0.998565185960133
spline_mixed,5C_67PER_4C_NEWSTRUCTURE,7,0.9986455093020107
spline_mixed,5C_67PER_4C_NEWSTRUCTURE,8,0.9987227460299162
spline_mixed,5C_67PER_4C_NEWSTRUCTURE,9,0.9987969452516787
spline_mixed,5C_67PER_4C_NEWSTRUCTURE,10,0.9988681560751275
spline_mixed,5C_67PER_4C_NEWSTRUCTURE,11,0.9989364276080913
spline_mixed,5C_67PER_4C_NEWSTRUCTURE,12,0.9990018089583995
spline_mixed,5C_67PER_4C_NEWSTRUCTURE,13,0.9990643492338811
spline_mixed,5C_67PER_4C_NEWSTRUCTURE,14,0.9991240975423655
spline_mixed,5C_67PER_4C_NEWSTRUCTURE,15,0.9991811029916814
spline_mixed,5C_67PER_4C_NEWSTRUCTURE,16,0.9992354146896582
spline_mixed,5C_67PER_4C_NEWSTRUCTURE,17,0.999287081744125
spline_mixed,5C_67PER_4C_NEWSTRUCTURE,18,0.9993361532629106
spline_mixed,5C_67PER_4C_NEWSTRUCTURE,19,0.9993826783538444
spline_mixed,5C_67PER_4C_NEWSTRUCTURE,20,0.9994267061247557
spline_mixed,5C_67PER_4C_NEWSTRUCTURE,21,0.9994682856834731
spline_mixed,5C_67PER_4C_NEWSTRUCTURE,22,0.9995074661378262
spline_mixed,5C_67PER_4C_NEWSTRUCTURE,23,0.9995442965956439
spline_mixed,5C_67PER_4C_NEWSTRUCTURE,24,0.9995788261647552
spline_mixed,5C_67PER_4C_NEWSTRUCTURE,25,0.9996111039529896
spline_mixed,5C_67PER_4C_NEWSTRUCTURE,26,0.9996411790681756
spline_mixed,5C_67PER_4C_NEWSTRUCTURE,27,0.999669100618143
spline_mixed,5C_67PER_4C_NEWSTRUCTURE,28,0.9996949177107206
spline_mixed,5C_67PER_4C_NEWSTRUCTURE,29,0.9997186794537373
spline_mixed,5C_67PER_4C_NEWSTRUCTURE,30,0.9997404349550226
spline_mixed,5C_67PER_4C_NEWSTRUCTURE,31,0.9997602333224055
spline_mixed,5C_67PER_4C_NEWSTRUCTURE,32,0.9997781236637148
spline_mixed,5C_67PER_4C_NEWSTRUCTURE,33,0.9997941550867802
spline_mixed,5C_67PER_4C_NEWSTRUCTURE,34,0.9998083766994303
spline_mixed,5C_67PER_4C_NEWSTRUCTURE,35,0.9998208376094944
spline_mixed,5C_67PER_4C_NEWSTRUCTURE,36,0.9998315869248017
spline_mixed,5C_67PER_4C_NEWSTRUCTURE,37,0.9998406737531811
spline_mixed,5C_67PER_4C_NEWSTRUCTURE,38,0.9998481472024621
spline_mixed,5C_67PER_4C_NEWSTRUCTURE,39,0.9998540563804735
spline_mixed,5C_67PER_4C_NEWSTRUCTURE,40,0.9998584503950443
spline_mixed,5C_67PER_4C_NEWSTRUCTURE,41,0.999861378354004
spline_mixed,5C_67PER_4C_NEWSTRUCTURE,42,0.9998628893651816
spline_mixed,5C_67PER_4C_NEWSTRUCTURE,43,0.9998630325364058
spline_mixed,5C_67PER_4C_NEWSTRUCTURE,44,0.9998618569755064
spline_mixed,5C_67PER_4C_NEWSTRUCTURE,45,0.999859411790312
spline_mixed,5C_67PER_4C_NEWSTRUCTURE,46,0.999855746088652
spline_mixed,5C_67PER_4C_NEWSTRUCTURE,47,0.9998509089783555
spline_mixed,5C_67PER_4C_NEWSTRUCTURE,48,0.9998449495672512
spline_mixed,5C_67PER_4C_NEWSTRUCTURE,49,0.9998379169631688
spline_mixed,5C_67PER_4C_NEWSTRUCTURE,50,0.9998298602739372
spline_mixed,5C_67PER_4C_NEWSTRUCTURE,51,0.9998208242522013
spline_mixed,5C_67PER_4C_NEWSTRUCTURE,52,0.9998108362298721
spline_mixed,5C_67PER_4C_NEWSTRUCTURE,53,0.9997999191836763
spline_mixed,5C_67PER_4C_NEWSTRUCTURE,54,0.99978809609034
spline_mixed,5C_67PER_4C_NEWSTRUCTURE,55,0.9997753899265901
spline_mixed,5C_67PER_4C_NEWSTRUCTURE,56,0.9997618236691529
spline_mixed,5C_67PER_4C_NEWSTRUCTURE,57,0.9997474202947557
spline_mixed,5C_67PER_4C_NEWSTRUCTURE,58,0.9997322027801244
spline_mixed,5C_67PER_4C_NEWSTRUCTURE,59,0.9997161941019861
spline_mixed,5C_67PER_4C_NEWSTRUCTURE,60,0.999699417237067
spline_mixed,5C_67PER_4C_NEWSTRUCTURE,61,0.9996818951620944
spline_mixed,5C_67PER_4C_NEWSTRUCTURE,62,0.9996636508537942
spline_mixed,5C_67PER_4C_NEWSTRUCTURE,63,0.9996447072888932
spline_mixed,5C_67PER_4C_NEWSTRUCTURE,64,0.9996250874441183
spline_mixed,5C_67PER_4C_NEWSTRUCTURE,65,0.9996048142961959
spline_mixed,5C_67PER_4C_NEWSTRUCTURE,66,0.9995839108218525
spline_mixed,5C_67PER_4C_NEWSTRUCTURE,67,0.9995623999978149
spline_mixed,5C_67PER_4C_NEWSTRUCTURE,68,0.99954030480081
spline_mixed,5C_67PER_4C_NEWSTRUCTURE,69,0.9995176482075638
spline_mixed,5C_67PER_4C_NEWSTRUCTURE,70,0.9994944531948033
spline_mixed,5C_67PER_4C_NEWSTRUCTURE,71,0.9994707427392551
spline_mixed,5C_67PER_4C_NEWSTRUCTURE,72,0.9994465398176458
spline_mixed,5C_67PER_4C_NEWSTRUCTURE,73,0.9994218674067019
spline_mixed,5C_67PER_4C_NEWSTRUCTURE,74,0.9993967484831502
spline_mixed,5C_67PER_4C_NEWSTRUCTURE,75,0.9993712060237171
spline_mixed,5C_67PER_4C_NEWSTRUCTURE,76,0.9993452630051295
spline_mixed,5C_67PER_4C_NEWSTRUCTURE,77,0.999318942404114
spline_mixed,5C_67PER_4C_NEWSTRUCTURE,78,0.9992922671973966
spline_mixed,5C_67PER_4C_NEWSTRUCTURE,79,0.9992652603617048
spline_mixed,5C_67PER_4C_NEWSTRUCTURE,80,0.9992379448737649
spline_mixed,5C_67PER_4C_NEWSTRUCTURE,81,0.9992103437103033
spline_mixed,5C_67PER_4C_NEWSTRUCTURE,82,0.9991824798480465
spline_mixed,5C_67PER_4C_NEWSTRUCTURE,83,0.9991543762637217
spline_mixed,5C_67PER_4C_NEWSTRUCTURE,84,0.999126055934055
spline_mixed,5C_67PER_4C_NEWSTRUCTURE,85,0.9990975418357735
spline_mixed,5C_67PER_4C_NEWSTRUCTURE,86,0.9990688569456032
spline_mixed,5C_67PER_4C_NEWSTRUCTURE,87,0.9990400242402714
spline_mixed,5C_67PER_4C_NEWSTRUCTURE,88,0.9990110666965042
spline_mixed,5C_67PER_4C_NEWSTRUCTURE,89,0.9989820072910285
spline_mixed,5C_67PER_4C_NEWSTRUCTURE,90,0.9989528690005705
spline_mixed,5C_67PER_4C_NEWSTRUCTURE,91,0.9989236748018575
spline_mixed,5C_67PER_4C_NEWSTRUCTURE,92,0.9988944476716154
spline_mixed,5C_67PER_4C_NEWSTRUCTURE,93,0.9988652105865716
spline_mixed,5C_67PER_4C_NEWSTRUCTURE,94,0.9988359865234521
spline_mixed,5C_67PER_4C_NEWSTRUCTURE,95,0.9988067984589837
spline_mixed,5C_67PER_4C_NEWSTRUCTURE,96,0.998777669369893
spline_mixed,5C_67PER_4C_NEWSTRUCTURE,97,0.9987486222329066
spline_mixed,5C_67PER_4C_NEWSTRUCTURE,98,0.9987196800247513
spline_mixed,5C_67PER_4C_NEWSTRUCTURE,99,0.9986908657221536
spline_mixed,5C_67PER_4C_NEWSTRUCTURE,100,0.9986622023018399
spline_mixed,5C_67PER_4C_NEWSTRUCTURE,101,0.9986337075913954
spline_mixed,5C_67PER_4C_NEWSTRUCTURE,102,0.9986053788218364
spline_mixed,5C_67PER_4C_NEWSTRUCTURE,103,0.998577208075038
spline_mixed,5C_67PER_4C_NEWSTRUCTURE,104,0.9985491874328756
spline_mixed,5C_67PER_4C_NEWSTRUCTURE,105,0.9985213089772236
spline_mixed,5C_67PER_4C_NEWSTRUCTURE,106,0.9984935647899571
spline_mixed,5C_67PER_4C_NEWSTRUCTURE,107,0.998465946952951
spline_mixed,5C_67PER_4C_NEWSTRUCTURE,108,0.9984384475480806
spline_mixed,5C_67PER_4C_NEWSTRUCTURE,109,0.9984110586572204
spline_mixed,5C_67PER_4C_NEWSTRUCTURE,110,0.9983837723622454
spline_mixed,5C_67PER_4C_NEWSTRUCTURE,111,0.9983565807450308
spline_mixed,5C_67PER_4C_NEWSTRUCTURE,112,0.9983294758874512
spline_mixed,5C_67PER_4C_NEWSTRUCTURE,113,0.9983024498713817
spline_mixed,5C_67PER_4C_NEWSTRUCTURE,114,0.9982754947786975
spline_mixed,5C_67PER_4C_NEWSTRUCTURE,115,0.998248602691273
spline_mixed,5C_67PER_4C_NEWSTRUCTURE,116,0.9982217656909834
spline_mixed,5C_67PER_4C_NEWSTRUCTURE,117,0.9981949758597038
spline_mixed,5C_67PER_4C_NEWSTRUCTURE,118,0.9981682252793092
spline_mixed,5C_67PER_4C_NEWSTRUCTURE,119,0.9981415060316741
spline_mixed,5C_67PER_4C_NEWSTRUCTURE,120,0.9981148101986739
spline_mixed,5C_67PER_4C_NEWSTRUCTURE,121,0.998088129862183
spline_mixed,5C_67PER_4C_NEWSTRUCTURE,122,0.9980614571040768
spline_mixed,5C_67PER_4C_NEWSTRUCTURE,123,0.9980347840062302
spline_mixed,5C_67PER_4C_NEWSTRUCTURE,124,0.9980081026505181
spline_mixed,5C_67PER_4C_NEWSTRUCTURE,125,0.9979814051188151
spline_mixed,5C_67PER_4C_NEWSTRUCTURE,126,0.9979546834929968
spline_mixed,5C_67PER_4C_NEWSTRUCTURE,127,0.9979279298549375
spline_mixed,5C_67PER_4C_NEWSTRUCTURE,128,0.9979011362865124
spline_mixed,5C_67PER_4C_NEWSTRUCTURE,129,0.9978742948695967
spline_mixed,5C_67PER_4C_NEWSTRUCTURE,130,0.9978473976860649
spline_mixed,5C_67PER_4C_NEWSTRUCTURE,131,0.9978204368177921
spline_mixed,5C_67PER_4C_NEWSTRUCTURE,132,0.9977934043466532
spline_mixed,5C_67PER_4C_NEWSTRUCTURE,133,0.9977662923545234
spline_mixed,5C_67PER_4C_NEWSTRUCTURE,134,0.9977390929232776
spline_mixed,5C_67PER_4C_NEWSTRUCTURE,135,0.9977117981347902
spline_mixed,5C_67PER_4C_NEWSTRUCTURE,136,0.9976844000709366
spline_mixed,5C_67PER_4C_NEWSTRUCTURE,137,0.997656890813592
spline_mixed,5C_67PER_4C_NEWSTRUCTURE,138,0.9976292624446306
spline_mixed,5C_67PER_4C_NEWSTRUCTURE,139,0.9976015070459279
spline_mixed,5C_67PER_4C_NEWSTRUCTURE,140,0.9975736166993587
spline_mixed,5C_67PER_4C_NEWSTRUCTURE,141,0.9975455834867981
spline_mixed,5C_67PER_4C_NEWSTRUCTURE,142,0.9975173994901205
spline_mixed,5C_67PER_4C_NEWSTRUCTURE,143,0.9974890567912016
spline_mixed,5C_67PER_4C_NEWSTRUCTURE,144,0.9974605474719157
spline_mixed,5C_67PER_4C_NEWSTRUCTURE,145,0.9974318636141382
spline_mixed,5C_67PER_4C_NEWSTRUCTURE,146,0.9974029972997437
spline_mixed,5C_67PER_4C_NEWSTRUCTURE,147,0.9973739406106072
spline_mixed,5C_67PER_4C_NEWSTRUCTURE,148,0.9973446856286037
spline_mixed,5C_67PER_4C_NEWSTRUCTURE,149,0.9973152244356082
spline_mixed,5C_67PER_4C_NEWSTRUCTURE,150,0.9972855491134957
spline_mixed,5C_67PER_4C_NEWSTRUCTURE,151,0.9972556528464733
spline_mixed,5C_67PER_4C_NEWSTRUCTURE,152,0.9972255332280778
spline_mixed,5C_67PER_4C_NEWSTRUCTURE,153,0.9971951889541785
spline_mixed,5C_67PER_4C_NEWSTRUCTURE,154,0.9971646187206447
spline_mixed,5C_67PER_4C_NEWSTRUCTURE,155,0.9971338212233448
spline_mixed,5C_67PER_4C_NEWSTRUCTURE,156,0.9971027951581487
spline_mixed,5C_67PER_4C_NEWSTRUCTURE,157,0.9970715392209251
spline_mixed,5C_67PER_4C_NEWSTRUCTURE,158,0.9970400521075435
spline_mixed,5C_67PER_4C_NEWSTRUCTURE,159,0.9970083325138728
spline_mixed,5C_67PER_4C_NEWSTRUCTURE,160,0.996976379135782
spline_mixed,5C_67PER_4C_NEWSTRUCTURE,161,0.9969441906691408
spline_mixed,5C_67PER_4C_NEWSTRUCTURE,162,0.9969117658098177
spline_mixed,5C_67PER_4C_NEWSTRUCTURE,163,0.996879103253682
spline_mixed,5C_67PER_4C_NEWSTRUCTURE,164,0.9968462016966031
spline_mixed,5C_67PER_4C_NEWSTRUCTURE,165,0.99681305983445
spline_mixed,5C_67PER_4C_NEWSTRUCTURE,166,0.9967796763630917
spline_mixed,5C_67PER_4C_NEWSTRUCTURE,167,0.9967460499783974
spline_mixed,5C_67PER_4C_NEWSTRUCTURE,168,0.9967121793762366
spline_mixed,5C_67PER_4C_NEWSTRUCTURE,169,0.9966780632524781
spline_mixed,5C_67PER_4C_NEWSTRUCTURE,170,0.9966437003029909
spline_mixed,5C_67PER_4C_NEWSTRUCTURE,171,0.9966090892236443
spline_mixed,5C_67PER_4C_NEWSTRUCTURE,172,0.9965742287103075
spline_mixed,5C_67PER_4C_NEWSTRUCTURE,173,0.9965391174588495
spline_mixed,5C_67PER_4C_NEWSTRUCTURE,174,0.9965037541651397
spline_mixed,5C_67PER_4C_NEWSTRUCTURE,175,0.996468137525047
spline_mixed,5C_67PER_4C_NEWSTRUCTURE,176,0.9964322662344408
spline_mixed,5C_67PER_4C_NEWSTRUCTURE,177,0.99639613898919
spline_mixed,5C_67PER_4C_NEWSTRUCTURE,178,0.9963597544851637
spline_mixed,5C_67PER_4C_NEWSTRUCTURE,179,0.9963231114182309
spline_mixed,5C_67PER_4C_NEWSTRUCTURE,180,0.9962862084842613
spline_mixed,5C_67PER_4C_NEWSTRUCTURE,181,0.9962490443791235
spline_mixed,5C_67PER_4C_NEWSTRUCTURE,182,0.9962116177986868
spline_mixed,5C_67PER_4C_NEWSTRUCTURE,183,0.9961739274388206
spline_mixed,5C_67PER_4C_NEWSTRUCTURE,184,0.9961359719953938
spline_mixed,5C_67PER_4C_NEWSTRUCTURE,185,0.9960977501642755
spline_mixed,5C_67PER_4C_NEWSTRUCTURE,186,0.996059260641335
spline_mixed,5C_67PER_4C_NEWSTRUCTURE,187,0.9960205021224413
spline_mixed,5C_67PER_4C_NEWSTRUCTURE,188,0.9959814733034635
spline_mixed,5C_67PER_4C_NEWSTRUCTURE,189,0.9959421728802709
spline_mixed,5C_67PER_4C_NEWSTRUCTURE,190,0.9959025995487326
spline_mixed,5C_67PER_4C_NEWSTRUCTURE,191,0.9958627520047175
spline_mixed,5C_67PER_4C_NEWSTRUCTURE,192,0.995822628944095
spline_mixed,5C_67PER_4C_NEWSTRUCTURE,193,0.9957822290627344
spline_mixed,5C_67PER_4C_NEWSTRUCTURE,194,0.9957415510565045
spline_mixed,5C_67PER_4C_NEWSTRUCTURE,195,0.9957005936212745
spline_mixed,5C_67PER_4C_NEWSTRUCTURE,196,0.9956593554529136
spline_mixed,5C_67PER_4C_NEWSTRUCTURE,197,0.995617835247291
spline_mixed,5C_67PER_4C_NEWSTRUCTURE,198,0.9955760317002758
spline_mixed,5C_67PER_4C_NEWSTRUCTURE,199,0.9955339435077372
spline_mixed,5C_67PER_4C_NEWSTRUCTURE,200,0.995491569365544
spline_mixed,5_3C_54PER_4C_NEWSTRUCTURE,1,0.9978446408949371
spline_mixed,5_3C_54PER_4C_NEWSTRUCTURE,2,0.997945305310514
spline_mixed,5_3C_54PER_4C_NEWSTRUCTURE,3,0.9980424424485748
spline_mixed,5_3C_54PER_4C_NEWSTRUCTURE,4,0.9981361054721419
spline_mixed,5_3C_54PER_4C_NEWSTRUCTURE,5,0.9982263475442379
spline_mixed,5_3C_54PER_4C_NEWSTRUCTURE,6,0.9983132218278851
spline_mixed,5_3C_54PER_4C_NEWSTRUCTURE,7,0.998396781486106
spline_mixed,5_3C_54PER_4C_NEWSTRUCTURE,8,0.9984770796819233
spline_mixed,5_3C_54PER_4C_NEWSTRUCTURE,9,0.9985541695783594
spline_mixed,5_3C_54PER_4C_NEWSTRUCTURE,10,0.9986281043384366
spline_mixed,5_3C_54PER_4C_NEWSTRUCTURE,11,0.9986989371251775
spline_mixed,5_3C_54PER_4C_NEWSTRUCTURE,12,0.9987667211016046
spline_mixed,5_3C_54PER_4C_NEWSTRUCTURE,13,0.9988315094307403
spline_mixed,5_3C_54PER_4C_NEWSTRUCTURE,14,0.9988933552756071
spline_mixed,5_3C_54PER_4C_NEWSTRUCTURE,15,0.9989523117992275
spline_mixed,5_3C_54PER_4C_NEWSTRUCTURE,16,0.999008432164624
spline_mixed,5_3C_54PER_4C_NEWSTRUCTURE,17,0.999061769534819
spline_mixed,5_3C_54PER_4C_NEWSTRUCTURE,18,0.999112377072835
spline_mixed,5_3C_54PER_4C_NEWSTRUCTURE,19,0.9991603079416943
spline_mixed,5_3C_54PER_4C_NEWSTRUCTURE,20,0.9992056153044198
spline_mixed,5_3C_54PER_4C_NEWSTRUCTURE,21,0.9992483523240336
spline_mixed,5_3C_54PER_4C_NEWSTRUCTURE,22,0.9992885721635584
spline_mixed,5_3C_54PER_4C_NEWSTRUCTURE,23,0.9993263279860166
spline_mixed,5_3C_54PER_4C_NEWSTRUCTURE,24,0.9993616729544306
spline_mixed,5_3C_54PER_4C_NEWSTRUCTURE,25,0.9993946602318229
spline_mixed,5_3C_54PER_4C_NEWSTRUCTURE,26,0.9994253429812161
spline_mixed,5_3C_54PER_4C_NEWSTRUCTURE,27,0.9994537743656325
spline_mixed,5_3C_54PER_4C_NEWSTRUCTURE,28,0.9994800075480949
spline_mixed,5_3C_54PER_4C_NEWSTRUCTURE,29,0.9995040956916252
spline_mixed,5_3C_54PER_4C_NEWSTRUCTURE,30,0.9995260919592465
spline_mixed,5_3C_54PER_4C_NEWSTRUCTURE,31,0.9995460495139807
spline_mixed,5_3C_54PER_4C_NEWSTRUCTURE,32,0.9995640215188509
spline_mixed,5_3C_54PER_4C_NEWSTRUCTURE,33,0.9995800611368789
spline_mixed,5_3C_54PER_4C_NEWSTRUCTURE,34,0.9995942215310879
spline_mixed,5_3C_54PER_4C_NEWSTRUCTURE,35,0.9996065558644996
spline_mixed,5_3C_54PER_4C_NEWSTRUCTURE,36,0.9996171173001372
spline_mixed,5_3C_54PER_4C_NEWSTRUCTURE,37,0.9996259590010226
spline_mixed,5_3C_54PER_4C_NEWSTRUCTURE,38,0.9996331341301785
spline_mixed,5_3C_54PER_4C_NEWSTRUCTURE,39,0.9996386958506276
spline_mixed,5_3C_54PER_4C_NEWSTRUCTURE,40,0.9996426973253919
spline_mixed,5_3C_54PER_4C_NEWSTRUCTURE,41,0.9996451917174944
spline_mixed,5_3C_54PER_4C_NEWSTRUCTURE,42,0.9996462321899572
spline_mixed,5_3C_54PER_4C_NEWSTRUCTURE,43,0.999645871905803
spline_mixed,5_3C_54PER_4C_NEWSTRUCTURE,44,0.999644164028054
spline_mixed,5_3C_54PER_4C_NEWSTRUCTURE,45,0.999641161719733
spline_mixed,5_3C_54PER_4C_NEWSTRUCTURE,46,0.9996369181438622
spline_mixed,5_3C_54PER_4C_NEWSTRUCTURE,47,0.9996314864634643
spline_mixed,5_3C_54PER_4C_NEWSTRUCTURE,48,0.9996249198415615
spline_mixed,5_3C_54PER_4C_NEWSTRUCTURE,49,0.9996172714411767
spline_mixed,5_3C_54PER_4C_NEWSTRUCTURE,50,0.999608594425332
spline_mixed,5_3C_54PER_4C_NEWSTRUCTURE,51,0.9995989370066946
spline_mixed,5_3C_54PER_4C_NEWSTRUCTURE,52,0.999588327596511
spline_mixed,5_3C_54PER_4C_NEWSTRUCTURE,53,0.9995767896556722
spline_mixed,5_3C_54PER_4C_NEWSTRUCTURE,54,0.999564346645069
spline_mixed,5_3C_54PER_4C_NEWSTRUCTURE,55,0.9995510220255923
spline_mixed,5_3C_54PER_4C_NEWSTRUCTURE,56,0.9995368392581336
spline_mixed,5_3C_54PER_4C_NEWSTRUCTURE,57,0.9995218218035833
spline_mixed,5_3C_54PER_4C_NEWSTRUCTURE,58,0.9995059931228327
spline_mixed,5_3C_54PER_4C_NEWSTRUCTURE,59,0.9994893766767727
spline_mixed,5_3C_54PER_4C_NEWSTRUCTURE,60,0.9994719959262944
spline_mixed,5_3C_54PER_4C_NEWSTRUCTURE,61,0.9994538743322887
spline_mixed,5_3C_54PER_4C_NEWSTRUCTURE,62,0.9994350353556466
spline_mixed,5_3C_54PER_4C_NEWSTRUCTURE,63,0.999415502457259
spline_mixed,5_3C_54PER_4C_NEWSTRUCTURE,64,0.9993952990980168
spline_mixed,5_3C_54PER_4C_NEWSTRUCTURE,65,0.9993744487388115
spline_mixed,5_3C_54PER_4C_NEWSTRUCTURE,66,0.9993529748405338
spline_mixed,5_3C_54PER_4C_NEWSTRUCTURE,67,0.9993309008640745
spline_mixed,5_3C_54PER_4C_NEWSTRUCTURE,68,0.9993082502703248
spline_mixed,5_3C_54PER_4C_NEWSTRUCTURE,69,0.9992850465201757
spline_mixed,5_3C_54PER_4C_NEWSTRUCTURE,70,0.999261313074518
spline_mixed,5_3C_54PER_4C_NEWSTRUCTURE,71,0.9992370733942432
spline_mixed,5_3C_54PER_4C_NEWSTRUCTURE,72,0.9992123509402416
spline_mixed,5_3C_54PER_4C_NEWSTRUCTURE,73,0.9991871691734046
spline_mixed,5_3C_54PER_4C_NEWSTRUCTURE,74,0.9991615515546232
spline_mixed,5_3C_54PER_4C_NEWSTRUCTURE,75,0.999135521544788
spline_mixed,5_3C_54PER_4C_NEWSTRUCTURE,76,0.9991091026047905
spline_mixed,5_3C_54PER_4C_NEWSTRUCTURE,77,0.9990823181955214
spline_mixed,5_3C_54PER_4C_NEWSTRUCTURE,78,0.9990551917778718
spline_mixed,5_3C_54PER_4C_NEWSTRUCTURE,79,0.9990277468127328
spline_mixed,5_3C_54PER_4C_NEWSTRUCTURE,80,0.9990000067609952
spline_mixed,5_3C_54PER_4C_NEWSTRUCTURE,81,0.99897199508355
spline_mixed,5_3C_54PER_4C_NEWSTRUCTURE,82,0.9989437352412882
spline_mixed,5_3C_54PER_4C_NEWSTRUCTURE,83,0.998915250695101
spline_mixed,5_3C_54PER_4C_NEWSTRUCTURE,84,0.9988865649058791
spline_mixed,5_3C_54PER_4C_NEWSTRUCTURE,85,0.9988577013345137
spline_mixed,5_3C_54PER_4C_NEWSTRUCTURE,86,0.9988286834418957
spline_mixed,5_3C_54PER_4C_NEWSTRUCTURE,87,0.9987995346889159
spline_mixed,5_3C_54PER_4C_NEWSTRUCTURE,88,0.9987702785364655
spline_mixed,5_3C_54PER_4C_NEWSTRUCTURE,89,0.9987409384454358
spline_mixed,5_3C_54PER_4C_NEWSTRUCTURE,90,0.9987115378767172
spline_mixed,5_3C_54PER_4C_NEWSTRUCTURE,91,0.998682100291201
spline_mixed,5_3C_54PER_4C_NEWSTRUCTURE,92,0.9986526491497782
spline_mixed,5_3C_54PER_4C_NEWSTRUCTURE,93,0.9986232079133398
spline_mixed,5_3C_54PER_4C_NEWSTRUCTURE,94,0.9985938000427768
spline_mixed,5_3C_54PER_4C_NEWSTRUCTURE,95,0.99856444899898
spline_mixed,5_3C_54PER_4C_NEWSTRUCTURE,96,0.9985351782428405
spline_mixed,5_3C_54PER_4C_NEWSTRUCTURE,97,0.9985060112352495
spline_mixed,5_3C_54PER_4C_NEWSTRUCTURE,98,0.9984769714370977
spline_mixed,5_3C_54PER_4C_NEWSTRUCTURE,99,0.9984480823092762
spline_mixed,5_3C_54PER_4C_NEWSTRUCTURE,100,0.998419367312676
spline_mixed,5_3C_54PER_4C_NEWSTRUCTURE,101,0.9983908446894142
spline_mixed,5_3C_54PER_4C_NEWSTRUCTURE,102,0.9983625118065133
spline_mixed,5_3C_54PER_4C_NEWSTRUCTURE,103,0.9983343608122216
spline_mixed,5_3C_54PER_4C_NEWSTRUCTURE,104,0.9983063838547878
spline_mixed,5_3C_54PER_4C_NEWSTRUCTURE,105,0.99827857308246
spline_mixed,5_3C_54PER_4C_NEWSTRUCTURE,106,0.9982509206434873
spline_mixed,5_3C_54PER_4C_NEWSTRUCTURE,107,0.9982234186861176
spline_mixed,5_3C_54PER_4C_NEWSTRUCTURE,108,0.9981960593585999
spline_mixed,5_3C_54PER_4C_NEWSTRUCTURE,109,0.9981688348091822
spline_mixed,5_3C_54PER_4C_NEWSTRUCTURE,110,0.9981417371861133
spline_mixed,5_3C_54PER_4C_NEWSTRUCTURE,111,0.9981147586376415
spline_mixed,5_3C_54PER_4C_NEWSTRUCTURE,112,0.9980878913120158
spline_mixed,5_3C_54PER_4C_NEWSTRUCTURE,113,0.9980611273574839
spline_mixed,5_3C_54PER_4C_NEWSTRUCTURE,114,0.9980344589222949
spline_mixed,5_3C_54PER_4C_NEWSTRUCTURE,115,0.9980078781546969
spline_mixed,5_3C_54PER_4C_NEWSTRUCTURE,116,0.9979813772029388
spline_mixed,5_3C_54PER_4C_NEWSTRUCTURE,117,0.9979549482152689
spline_mixed,5_3C_54PER_4C_NEWSTRUCTURE,118,0.9979285833399354
spline_mixed,5_3C_54PER_4C_NEWSTRUCTURE,119,0.9979022747251873
spline_mixed,5_3C_54PER_4C_NEWSTRUCTURE,120,0.9978760145192729
spline_mixed,5_3C_54PER_4C_NEWSTRUCTURE,121,0.9978497948704406
spline_mixed,5_3C_54PER_4C_NEWSTRUCTURE,122,0.9978236079269388
spline_mixed,5_3C_54PER_4C_NEWSTRUCTURE,123,0.9977974458370162
spline_mixed,5_3C_54PER_4C_NEWSTRUCTURE,124,0.9977713007489214
spline_mixed,5_3C_54PER_4C_NEWSTRUCTURE,125,0.9977451648109028
spline_mixed,5_3C_54PER_4C_NEWSTRUCTURE,126,0.9977190301712086
spline_mixed,5_3C_54PER_4C_NEWSTRUCTURE,127,0.9976928889780876
spline_mixed,5_3C_54PER_4C_NEWSTRUCTURE,128,0.9976667333797881
spline_mixed,5_3C_54PER_4C_NEWSTRUCTURE,129,0.9976405555245587
spline_mixed,5_3C_54PER_4C_NEWSTRUCTURE,130,0.9976143475606482
spline_mixed,5_3C_54PER_4C_NEWSTRUCTURE,131,0.9975881016363045
spline_mixed,5_3C_54PER_4C_NEWSTRUCTURE,132,0.9975618098997765
spline_mixed,5_3C_54PER_4C_NEWSTRUCTURE,133,0.9975354644993124
spline_mixed,5_3C_54PER_4C_NEWSTRUCTURE,134,0.9975090575831611
spline_mixed,5_3C_54PER_4C_NEWSTRUCTURE,135,0.9974825812995708
spline_mixed,5_3C_54PER_4C_NEWSTRUCTURE,136,0.99745602779679
spline_mixed,5_3C_54PER_4C_NEWSTRUCTURE,137,0.9974293892230672
spline_mixed,5_3C_54PER_4C_NEWSTRUCTURE,138,0.9974026577266513
spline_mixed,5_3C_54PER_4C_NEWSTRUCTURE,139,0.9973758254557901
spline_mixed,5_3C_54PER_4C_NEWSTRUCTURE,140,0.9973488845587326
spline_mixed,5_3C_54PER_4C_NEWSTRUCTURE,141,0.997321827183727
spline_mixed,5_3C_54PER_4C_NEWSTRUCTURE,142,0.9972946454790219
spline_mixed,5_3C_54PER_4C_NEWSTRUCTURE,143,0.997267331592866
spline_mixed,5_3C_54PER_4C_NEWSTRUCTURE,144,0.9972398776735075
spline_mixed,5_3C_54PER_4C_NEWSTRUCTURE,145,0.9972122758691949
spline_mixed,5_3C_54PER_4C_NEWSTRUCTURE,146,0.997184518328177
spline_mixed,5_3C_54PER_4C_NEWSTRUCTURE,147,0.9971565971987021
spline_mixed,5_3C_54PER_4C_NEWSTRUCTURE,148,0.9971285046290187
spline_mixed,5_3C_54PER_4C_NEWSTRUCTURE,149,0.997100232767375
spline_mixed,5_3C_54PER_4C_NEWSTRUCTURE,150,0.9970717737620198
spline_mixed,5_3C_54PER_4C_NEWSTRUCTURE,151,0.9970431213579534
spline_mixed,5_3C_54PER_4C_NEWSTRUCTURE,152,0.9970142756871815
spline_mixed,5_3C_54PER_4C_NEWSTRUCTURE,153,0.996985238478462
spline_mixed,5_3C_54PER_4C_NEWSTRUCTURE,154,0.9969560114605525
spline_mixed,5_3C_54PER_4C_NEWSTRUCTURE,155,0.9969265963622108
spline_mixed,5_3C_54PER_4C_NEWSTRUCTURE,156,0.9968969949121946
spline_mixed,5_3C_54PER_4C_NEWSTRUCTURE,157,0.9968672088392616
spline_mixed,5_3C_54PER_4C_NEWSTRUCTURE,158,0.9968372398721694
spline_mixed,5_3C_54PER_4C_NEWSTRUCTURE,159,0.996807089739676
spline_mixed,5_3C_54PER_4C_NEWSTRUCTURE,160,0.9967767601705386
spline_mixed,5_3C_54PER_4C_NEWSTRUCTURE,161,0.9967462528935155
spline_mixed,5_3C_54PER_4C_NEWSTRUCTURE,162,0.9967155696373639
spline_mixed,5_3C_54PER_4C_NEWSTRUCTURE,163,0.9966847121308418
spline_mixed,5_3C_54PER_4C_NEWSTRUCTURE,164,0.9966536821027064
spline_mixed,5_3C_54PER_4C_NEWSTRUCTURE,165,0.9966224812817162
spline_mixed,5_3C_54PER_4C_NEWSTRUCTURE,166,0.9965911113966284
spline_mixed,5_3C_54PER_4C_NEWSTRUCTURE,167,0.9965595741762007
spline_mixed,5_3C_54PER_4C_NEWSTRUCTURE,168,0.996527871349191
spline_mixed,5_3C_54PER_4C_NEWSTRUCTURE,169,0.996496004644357
spline_mixed,5_3C_54PER_4C_NEWSTRUCTURE,170,0.9964639757904562
spline_mixed,5_3C_54PER_4C_NEWSTRUCTURE,171,0.9964317865162464
spline_mixed,5_3C_54PER_4C_NEWSTRUCTURE,172,0.9963994385504853
spline_mixed,5_3C_54PER_4C_NEWSTRUCTURE,173,0.9963669336219306
spline_mixed,5_3C_54PER_4C_NEWSTRUCTURE,174,0.99633427345934
spline_mixed,5_3C_54PER_4C_NEWSTRUCTURE,175,0.9963014597914712
spline_mixed,5_3C_54PER_4C_NEWSTRUCTURE,176,0.996268494347082
spline_mixed,5_3C_54PER_4C_NEWSTRUCTURE,177,0.99623537885493
spline_mixed,5_3C_54PER_4C_NEWSTRUCTURE,178,0.996202115043773
spline_mixed,5_3C_54PER_4C_NEWSTRUCTURE,179,0.9961687046423686
spline_mixed,5_3C_54PER_4C_NEWSTRUCTURE,180,0.9961351493794744
spline_mixed,5_3C_54PER_4C_NEWSTRUCTURE,181,0.9961014509838484
spline_mixed,5_3C_54PER_4C_NEWSTRUCTURE,182,0.9960676111842482
spline_mixed,5_3C_54PER_4C_NEWSTRUCTURE,183,0.9960336317094312
spline_mixed,5_3C_54PER_4C_NEWSTRUCTURE,184,0.9959995142881556
spline_mixed,5_3C_54PER_4C_NEWSTRUCTURE,185,0.9959652606491787
spline_mixed,5_3C_54PER_4C_NEWSTRUCTURE,186,0.9959308725212581
spline_mixed,5_3C_54PER_4C_NEWSTRUCTURE,187,0.995896351633152
spline_mixed,5_3C_54PER_4C_NEWSTRUCTURE,188,0.9958616997136179
spline_mixed,5_3C_54PER_4C_NEWSTRUCTURE,189,0.9958269184914134
spline_mixed,5_3C_54PER_4C_NEWSTRUCTURE,190,0.9957920096952961
spline_mixed,5_3C_54PER_4C_NEWSTRUCTURE,191,0.9957569750540239
spline_mixed,5_3C_54PER_4C_NEWSTRUCTURE,192,0.9957218162963546
spline_mixed,5_3C_54PER_4C_NEWSTRUCTURE,193,0.9956865351510458
spline_mixed,5_3C_54PER_4C_NEWSTRUCTURE,194,0.995651133346855
spline_mixed,5_3C_54PER_4C_NEWSTRUCTURE,195,0.9956156126125401
spline_mixed,5_3C_54PER_4C_NEWSTRUCTURE,196,0.9955799746768588
spline_mixed,5_3C_54PER_4C_NEWSTRUCTURE,197,0.9955442212685687
spline_mixed,5_3C_54PER_4C_NEWSTRUCTURE,198,0.9955083541164276
spline_mixed,5_3C_54PER_4C_NEWSTRUCTURE,199,0.9954723749491932
spline_mixed,5_3C_54PER_4C_NEWSTRUCTURE,200,0.9954362854956231
spline_mixed,3_7C_31PER_5_9C_NEWSTRUCTURE,1,1.0004683355516257
spline_mixed,3_7C_31PER_5_9C_NEWSTRUCTURE,2,1.0003604194132862
spline_mixed,3_7C_31PER_5_9C_NEWSTRUCTURE,3,1.0002507653902866
spline_mixed,3_7C_31PER_5_9C_NEWSTRUCTURE,4,1.0001393916603145
spline_mixed,3_7C_31PER_5_9C_NEWSTRUCTURE,5,1.0000263164010579
spline_mixed,3_7C_31PER_5_9C_NEWSTRUCTURE,6,0.9999115577902039
spline_mixed,3_7C_31PER_5_9C_NEWSTRUCTURE,7,0.9997951340054406
spline_mixed,3_7C_31PER_5_9C_NEWSTRUCTURE,8,0.9996770632244557
spline_mixed,3_7C_31PER_5_9C_NEWSTRUCTURE,9,0.9995573636249367
spline_mixed,3_7C_31PER_5_9C_NEWSTRUCTURE,10,0.9994360533845714
spline_mixed,3_7C_31PER_5_9C_NEWSTRUCTURE,11,0.9993131506810474
spline_mixed,3_7C_31PER_5_9C_NEWSTRUCTURE,12,0.9991886736920528
spline_mixed,3_7C_31PER_5_9C_NEWSTRUCTURE,13,0.9990626405952746
spline_mixed,3_7C_31PER_5_9C_NEWSTRUCTURE,14,0.9989350695684011
spline_mixed,3_7C_31PER_5_9C_NEWSTRUCTURE,15,0.9988059787891196
spline_mixed,3_7C_31PER_5_9C_NEWSTRUCTURE,16,0.9986753864351181
spline_mixed,3_7C_31PER_5_9C_NEWSTRUCTURE,17,0.9985433106840842
spline_mixed,3_7C_31PER_5_9C_NEWSTRUCTURE,18,0.9984097697137054
spline_mixed,3_7C_31PER_5_9C_NEWSTRUCTURE,19,0.9982747817016696
spline_mixed,3_7C_31PER_5_9C_NEWSTRUCTURE,20,0.9981383648256644
spline_mixed,3_7C_31PER_5_9C_NEWSTRUCTURE,21,0.9980005372633776
spline_mixed,3_7C_31PER_5_9C_NEWSTRUCTURE,22,0.9978613171924968
spline_mixed,3_7C_31PER_5_9C_NEWSTRUCTURE,23,0.9977207227907098
spline_mixed,3_7C_31PER_5_9C_NEWSTRUCTURE,24,0.9975787722357041
spline_mixed,3_7C_31PER_5_9C_NEWSTRUCTURE,25,0.9974354837051675
spline_mixed,3_7C_31PER_5_9C_NEWSTRUCTURE,26,0.9972908753767878
spline_mixed,3_7C_31PER_5_9C_NEWSTRUCTURE,27,0.9971449654282526
spline_mixed,3_7C_31PER_5_9C_NEWSTRUCTURE,28,0.9969977720372495
spline_mixed,3_7C_31PER_5_9C_NEWSTRUCTURE,29,0.9968493133814663
spline_mixed,3_7C_31PER_5_9C_NEWSTRUCTURE,30,0.9966996076385907
spline_mixed,3_7C_31PER_5_9C_NEWSTRUCTURE,31,0.9965486729863104
spline_mixed,3_7C_31PER_5_9C_NEWSTRUCTURE,32,0.9963965276023131
spline_mixed,3_7C_31PER_5_9C_NEWSTRUCTURE,33,0.9962431896642865
spline_mixed,3_7C_31PER_5_9C_NEWSTRUCTURE,34,0.9960886773499181
spline_mixed,3_7C_31PER_5_9C_NEWSTRUCTURE,35,0.9959330088368958
spline_mixed,3_7C_31PER_5_9C_NEWSTRUCTURE,36,0.9957762023029074
spline_mixed,3_7C_31PER_5_9C_NEWSTRUCTURE,37,0.9956182759256403
spline_mixed,3_7C_31PER_5_9C_NEWSTRUCTURE,38,0.9954592478827824
spline_mixed,3_7C_31PER_5_9C_NEWSTRUCTURE,39,0.9952991363520213
spline_mixed,3_7C_31PER_5_9C_NEWSTRUCTURE,40,0.9951379595110448
spline_mixed,3_7C_31PER_5_9C_NEWSTRUCTURE,41,0.9949757355375405
spline_mixed,3_7C_31PER_5_9C_NEWSTRUCTURE,42,0.994812482609196
spline_mixed,3_7C_31PER_5_9C_NEWSTRUCTURE,43,0.9946482189036991
spline_mixed,3_7C_31PER_5_9C_NEWSTRUCTURE,44,0.9944829625987376
spline_mixed,3_7C_31PER_5_9C_NEWSTRUCTURE,45,0.9943167318719992
spline_mixed,3_7C_31PER_5_9C_NEWSTRUCTURE,46,0.9941495449011714
spline_mixed,3_7C_31PER_5_9C_NEWSTRUCTURE,47,0.9939814198639418
spline_mixed,3_7C_31PER_5_9C_NEWSTRUCTURE,48,0.9938123749379986
spline_mixed,3_7C_31PER_5_9C_NEWSTRUCTURE,49,0.9936424283010289
spline_mixed,3_7C_31PER_5_9C_NEWSTRUCTURE,50,0.993471598130721
spline_mixed,3_7C_31PER_5_9C_NEWSTRUCTURE,51,0.9932999028253802
spline_mixed,3_7C_31PER_5_9C_NEWSTRUCTURE,52,0.993127361665786
spline_mixed,3_7C_31PER_5_9C_NEWSTRUCTURE,53,0.9929539941533359
spline_mixed,3_7C_31PER_5_9C_NEWSTRUCTURE,54,0.9927798197894269
spline_mixed,3_7C_31PER_5_9C_NEWSTRUCTURE,55,0.9926048580754564
spline_mixed,3_7C_31PER_5_9C_NEWSTRUCTURE,56,0.992429128512822
spline_mixed,3_7C_31PER_5_9C_NEWSTRUCTURE,57,0.9922526506029209
spline_mixed,3_7C_31PER_5_9C_NEWSTRUCTURE,58,0.9920754438471506
spline_mixed,3_7C_31PER_5_9C_NEWSTRUCTURE,59,0.9918975277469082
spline_mixed,3_7C_31PER_5_9C_NEWSTRUCTURE,60,0.9917189218035913
spline_mixed,3_7C_31PER_5_9C_NEWSTRUCTURE,61,0.9915396455185971
spline_mixed,3_7C_31PER_5_9C_NEWSTRUCTURE,62,0.991359718393323
spline_mixed,3_7C_31PER_5_9C_NEWSTRUCTURE,63,0.9911791599291666
spline_mixed,3_7C_31PER_5_9C_NEWSTRUCTURE,64,0.9909979896275252
spline_mixed,3_7C_31PER_5_9C_NEWSTRUCTURE,65,0.9908162269897957
spline_mixed,3_7C_31PER_5_9C_NEWSTRUCTURE,66,0.9906338915173758
spline_mixed,3_7C_31PER_5_9C_NEWSTRUCTURE,67,0.990451002711663
spline_mixed,3_7C_31PER_5_9C_NEWSTRUCTURE,68,0.9902675800740544
spline_mixed,3_7C_31PER_5_9C_NEWSTRUCTURE,69,0.9900836431059474
spline_mixed,3_7C_31PER_5_9C_NEWSTRUCTURE,70,0.9898992113087395
spline_mixed,3_7C_31PER_5_9C_NEWSTRUCTURE,71,0.9897143041838281
spline_mixed,3_7C_31PER_5_9C_NEWSTRUCTURE,72,0.9895289412326103
spline_mixed,3_7C_31PER_5_9C_NEWSTRUCTURE,73,0.9893431419564838
spline_mixed,3_7C_31PER_5_9C_NEWSTRUCTURE,74,0.9891569258568457
spline_mixed,3_7C_31PER_5_9C_NEWSTRUCTURE,75,0.9889703124350933
spline_mixed,3_7C_31PER_5_9C_NEWSTRUCTURE,76,0.9887833211926241
spline_mixed,3_7C_31PER_5_9C_NEWSTRUCTURE,77,0.9885959716308356
spline_mixed,3_7C_31PER_5_9C_NEWSTRUCTURE,78,0.988408283251125
spline_mixed,3_7C_31PER_5_9C_NEWSTRUCTURE,79,0.9882202755548897
spline_mixed,3_7C_31PER_5_9C_NEWSTRUCTURE,80,0.9880319680435269
spline_mixed,3_7C_31PER_5_9C_NEWSTRUCTURE,81,0.9878433802184342
spline_mixed,3_7C_31PER_5_9C_NEWSTRUCTURE,82,0.9876545315810091
spline_mixed,3_7C_31PER_5_9C_NEWSTRUCTURE,83,0.9874654416326483
spline_mixed,3_7C_31PER_5_9C_NEWSTRUCTURE,84,0.9872761298747498
spline_mixed,3_7C_31PER_5_9C_NEWSTRUCTURE,85,0.9870866158087108
spline_mixed,3_7C_31PER_5_9C_NEWSTRUCTURE,86,0.9868969189359285
spline_mixed,3_7C_31PER_5_9C_NEWSTRUCTURE,87,0.9867070587578004
spline_mixed,3_7C_31PER_5_9C_NEWSTRUCTURE,88,0.986517054775724
spline_mixed,3_7C_31PER_5_9C_NEWSTRUCTURE,89,0.9863269264910963
spline_mixed,3_7C_31PER_5_9C_NEWSTRUCTURE,90,0.9861366934053148
spline_mixed,3_7C_31PER_5_9C_NEWSTRUCTURE,91,0.9859463750197771
spline_mixed,3_7C_31PER_5_9C_NEWSTRUCTURE,92,0.9857559908358804
spline_mixed,3_7C_31PER_5_9C_NEWSTRUCTURE,93,0.985565560355022
spline_mixed,3_7C_31PER_5_9C_NEWSTRUCTURE,94,0.9853751030785991
spline_mixed,3_7C_31PER_5_9C_NEWSTRUCTURE,95,0.9851846385080095
spline_mixed,3_7C_31PER_5_9C_NEWSTRUCTURE,96,0.9849941861446501
spline_mixed,3_7C_31PER_5_9C_NEWSTRUCTURE,97,0.9848037654899188
spline_mixed,3_7C_31PER_5_9C_NEWSTRUCTURE,98,0.9846133960452124
spline_mixed,3_7C_31PER_5_9C_NEWSTRUCTURE,99,0.9844230973119285
spline_mixed,3_7C_31PER_5_9C_NEWSTRUCTURE,100,0.9842328887914646
spline_mixed,3_7C_31PER_5_9C_NEWSTRUCTURE,101,0.9840427868316112
spline_mixed,3_7C_31PER_5_9C_NEWSTRUCTURE,102,0.9838527951657317
spline_mixed,3_7C_31PER_5_9C_NEWSTRUCTURE,103,0.983662914373583
spline_mixed,3_7C_31PER_5_9C_NEWSTRUCTURE,104,0.983473145034922
spline_mixed,3_7C_31PER_5_9C_NEWSTRUCTURE,105,0.9832834877295054
spline_mixed,3_7C_31PER_5_9C_NEWSTRUCTURE,106,0.9830939430370899
spline_mixed,3_7C_31PER_5_9C_NEWSTRUCTURE,107,0.9829045115374322
spline_mixed,3_7C_31PER_5_9C_NEWSTRUCTURE,108,0.9827151938102894
spline_mixed,3_7C_31PER_5_9C_NEWSTRUCTURE,109,0.9825259904354181
spline_mixed,3_7C_31PER_5_9C_NEWSTRUCTURE,110,0.9823369019925751
spline_mixed,3_7C_31PER_5_9C_NEWSTRUCTURE,111,0.9821479290615173
spline_mixed,3_7C_31PER_5_9C_NEWSTRUCTURE,112,0.9819590722220012
spline_mixed,3_7C_31PER_5_9C_NEWSTRUCTURE,113,0.981770332053784
spline_mixed,3_7C_31PER_5_9C_NEWSTRUCTURE,114,0.9815817091366218
spline_mixed,3_7C_31PER_5_9C_NEWSTRUCTURE,115,0.9813932040502722
spline_mixed,3_7C_31PER_5_9C_NEWSTRUCTURE,116,0.9812048173744915
spline_mixed,3_7C_31PER_5_9C_NEWSTRUCTURE,117,0.9810165496890367
spline_mixed,3_7C_31PER_5_9C_NEWSTRUCTURE,118,0.9808284015736645
spline_mixed,3_7C_31PER_5_9C_NEWSTRUCTURE,119,0.9806403736081317
spline_mixed,3_7C_31PER_5_9C_NEWSTRUCTURE,120,0.9804524663721951
spline_mixed,3_7C_31PER_5_9C_NEWSTRUCTURE,121,0.9802646804456113
spline_mixed,3_7C_31PER_5_9C_NEWSTRUCTURE,122,0.9800770164081374
spline_mixed,3_7C_31PER_5_9C_NEWSTRUCTURE,123,0.9798894748395299
spline_mixed,3_7C_31PER_5_9C_NEWSTRUCTURE,124,0.9797020563195459
spline_mixed,3_7C_31PER_5_9C_NEWSTRUCTURE,125,0.9795147614279418
spline_mixed,3_7C_31PER_5_9C_NEWSTRUCTURE,126,0.9793275907444747
spline_mixed,3_7C_31PER_5_9C_NEWSTRUCTURE,127,0.9791405448489013
spline_mixed,3_7C_31PER_5_9C_NEWSTRUCTURE,128,0.9789536243209782
spline_mixed,3_7C_31PER_5_9C_NEWSTRUCTURE,129,0.9787668297404626
spline_mixed,3_7C_31PER_5_9C_NEWSTRUCTURE,130,0.9785801616871109
spline_mixed,3_7C_31PER_5_9C_NEWSTRUCTURE,131,0.9783936207406799
spline_mixed,3_7C_31PER_5_9C_NEWSTRUCTURE,132,0.9782072074809267
spline_mixed,3_7C_31PER_5_9C_NEWSTRUCTURE,133,0.978020922487608
spline_mixed,3_7C_31PER_5_9C_NEWSTRUCTURE,134,0.9778347663404803
spline_mixed,3_7C_31PER_5_9C_NEWSTRUCTURE,135,0.9776487396193005
spline_mixed,3_7C_31PER_5_9C_NEWSTRUCTURE,136,0.9774628429038256
spline_mixed,3_7C_31PER_5_9C_NEWSTRUCTURE,137,0.9772770767738121
spline_mixed,3_7C_31PER_5_9C_NEWSTRUCTURE,138,0.9770914418090171
spline_mixed,3_7C_31PER_5_9C_NEWSTRUCTURE,139,0.9769059385891972
spline_mixed,3_7C_31PER_5_9C_NEWSTRUCTURE,140,0.9767205676941091
spline_mixed,3_7C_31PER_5_9C_NEWSTRUCTURE,141,0.9765353297035098
spline_mixed,3_7C_31PER_5_9C_NEWSTRUCTURE,142,0.9763502251971556
spline_mixed,3_7C_31PER_5_9C_NEWSTRUCTURE,143,0.9761652547548041
spline_mixed,3_7C_31PER_5_9C_NEWSTRUCTURE,144,0.9759804189562115
spline_mixed,3_7C_31PER_5_9C_NEWSTRUCTURE,145,0.9757957183811347
spline_mixed,3_7C_31PER_5_9C_NEWSTRUCTURE,146,0.9756111536093305
spline_mixed,3_7C_31PER_5_9C_NEWSTRUCTURE,147,0.9754267252205557
spline_mixed,3_7C_31PER_5_9C_NEWSTRUCTURE,148,0.9752424337945673
spline_mixed,3_7C_31PER_5_9C_NEWSTRUCTURE,149,0.9750582799111218
spline_mixed,3_7C_31PER_5_9C_NEWSTRUCTURE,150,0.9748742641499758
spline_mixed,3_7C_31PER_5_9C_NEWSTRUCTURE,151,0.9746903871453068
spline_mixed,3_7C_31PER_5_9C_NEWSTRUCTURE,152,0.9745066497489709
spline_mixed,3_7C_31PER_5_9C_NEWSTRUCTURE,153,0.974323052867246
spline_mixed,3_7C_31PER_5_9C_NEWSTRUCTURE,154,0.9741395974064084
spline_mixed,3_7C_31PER_5_9C_NEWSTRUCTURE,155,0.9739562842727356
spline_mixed,3_7C_31PER_5_9C_NEWSTRUCTURE,156,0.9737731143725044
spline_mixed,3_7C_31PER_5_9C_NEWSTRUCTURE,157,0.9735900886119917
spline_mixed,3_7C_31PER_5_9C_NEWSTRUCTURE,158,0.9734072078974748
spline_mixed,3_7C_31PER_5_9C_NEWSTRUCTURE,159,0.9732244731352305
spline_mixed,3_7C_31PER_5_9C_NEWSTRUCTURE,160,0.973041885231536
spline_mixed,3_7C_31PER_5_9C_NEWSTRUCTURE,161,0.9728594450926682
spline_mixed,3_7C_31PER_5_9C_NEWSTRUCTURE,162,0.9726771536249041
spline_mixed,3_7C_31PER_5_9C_NEWSTRUCTURE,163,0.9724950117345206
spline_mixed,3_7C_31PER_5_9C_NEWSTRUCTURE,164,0.9723130203277951
spline_mixed,3_7C_31PER_5_9C_NEWSTRUCTURE,165,0.9721311803110042
spline_mixed,3_7C_31PER_5_9C_NEWSTRUCTURE,166,0.9719494925904253
spline_mixed,3_7C_31PER_5_9C_NEWSTRUCTURE,167,0.971767958072335
spline_mixed,3_7C_31PER_5_9C_NEWSTRUCTURE,168,0.9715865776630105
spline_mixed,3_7C_31PER_5_9C_NEWSTRUCTURE,169,0.971405352268729
spline_mixed,3_7C_31PER_5_9C_NEWSTRUCTURE,170,0.9712242827957676
spline_mixed,3_7C_31PER_5_9C_NEWSTRUCTURE,171,0.9710433701504025
spline_mixed,3_7C_31PER_5_9C_NEWSTRUCTURE,172,0.9708626152389117
spline_mixed,3_7C_31PER_5_9C_NEWSTRUCTURE,173,0.9706820189675718
spline_mixed,3_7C_31PER_5_9C_NEWSTRUCTURE,174,0.9705015822426596
spline_mixed,3_7C_31PER_5_9C_NEWSTRUCTURE,175,0.9703213059704523
spline_mixed,3_7C_31PER_5_9C_NEWSTRUCTURE,176,0.9701411910572272
spline_mixed,3_7C_31PER_5_9C_NEWSTRUCTURE,177,0.9699612384092609
spline_mixed,3_7C_31PER_5_9C_NEWSTRUCTURE,178,0.9697814489328308
spline_mixed,3_7C_31PER_5_9C_NEWSTRUCTURE,179,0.9696018235342135
spline_mixed,3_7C_31PER_5_9C_NEWSTRUCTURE,180,0.9694223631196861
spline_mixed,3_7C_31PER_5_9C_NEWSTRUCTURE,181,0.969243068595526
spline_mixed,3_7C_31PER_5_9C_NEWSTRUCTURE,182,0.9690639408680101
spline_mixed,3_7C_31PER_5_9C_NEWSTRUCTURE,183,0.9688849808434149
spline_mixed,3_7C_31PER_5_9C_NEWSTRUCTURE,184,0.9687061894280179
spline_mixed,3_7C_31PER_5_9C_NEWSTRUCTURE,185,0.968527567528096
spline_mixed,3_7C_31PER_5_9C_NEWSTRUCTURE,186,0.9683491160499264
spline_mixed,3_7C_31PER_5_9C_NEWSTRUCTURE,187,0.9681708358997857
spline_mixed,3_7C_31PER_5_9C_NEWSTRUCTURE,188,0.9679927279839512
spline_mixed,3_7C_31PER_5_9C_NEWSTRUCTURE,189,0.9678147932087
spline_mixed,3_7C_31PER_5_9C_NEWSTRUCTURE,190,0.967637032480309
spline_mixed,3_7C_31PER_5_9C_NEWSTRUCTURE,191,0.967459446705055
spline_mixed,3_7C_31PER_5_9C_NEWSTRUCTURE,192,0.9672820367892152
spline_mixed,3_7C_31PER_5_9C_NEWSTRUCTURE,193,0.9671048036390666
spline_mixed,3_7C_31PER_5_9C_NEWSTRUCTURE,194,0.9669277481608866
spline_mixed,3_7C_31PER_5_9C_NEWSTRUCTURE,195,0.9667508712609515
spline_mixed,3_7C_31PER_5_9C_NEWSTRUCTURE,196,0.9665741738455389
spline_mixed,3_7C_31PER_5_9C_NEWSTRUCTURE,197,0.9663976568209254
spline_mixed,3_7C_31PER_5_9C_NEWSTRUCTURE,198,0.9662213210933883
spline_mixed,3_7C_31PER_5_9C_NEWSTRUCTURE,199,0.9660451675692048
spline_mixed,3_7C_31PER_5_9C_NEWSTRUCTURE,200,0.9658691971546514
functional_ridge,3_6C-80PER_3_6C,1,0.9981578784300579
functional_ridge,3_6C-80PER_3_6C,2,0.9983509826416124
functional_ridge,3_6C-80PER_3_6C,3,0.9985375562257456
functional_ridge,3_6C-80PER_3_6C,4,0.9987177072171255
functional_ridge,3_6C-80PER_3_6C,5,0.9988915436504198
functional_ridge,3_6C-80PER_3_6C,6,0.9990591735602965
functional_ridge,3_6C-80PER_3_6C,7,0.9992207049814233
functional_ridge,3_6C-80PER_3_6C,8,0.9993762459484683
functional_ridge,3_6C-80PER_3_6C,9,0.9995259044960992
functional_ridge,3_6C-80PER_3_6C,10,0.9996697886589838
functional_ridge,3_6C-80PER_3_6C,11,0.9998080064717901
functional_ridge,3_6C-80PER_3_6C,12,0.999940665969186
functional_ridge,3_6C-80PER_3_6C,13,1.0000678751858392
functional_ridge,3_6C-80PER_3_6C,14,1.0001897421564176
functional_ridge,3_6C-80PER_3_6C,15,1.0003063749155892
functional_ridge,3_6C-80PER_3_6C,16,1.0004178814980216
functional_ridge,3_6C-80PER_3_6C,17,1.0005243699383832
functional_ridge,3_6C-80PER_3_6C,18,1.000625948271341
functional_ridge,3_6C-80PER_3_6C,19,1.0007227245315637
functional_ridge,3_6C-80PER_3_6C,20,1.0008148067537186
functional_ridge,3_6C-80PER_3_6C,21,1.000902302972474
functional_ridge,3_6C-80PER_3_6C,22,1.0009853212224973
functional_ridge,3_6C-80PER_3_6C,23,1.0010639695384569
functional_ridge,3_6C-80PER_3_6C,24,1.00113835595502
functional_ridge,3_6C-80PER_3_6C,25,1.0012085885068551
functional_ridge,3_6C-80PER_3_6C,26,1.0012747752286297
functional_ridge,3_6C-80PER_3_6C,27,1.0013370241550117
functional_ridge,3_6C-80PER_3_6C,28,1.001395443320669
functional_ridge,3_6C-80PER_3_6C,29,1.0014501407602696
functional_ridge,3_6C-80PER_3_6C,30,1.0015012245084811
functional_ridge,3_6C-80PER_3_6C,31,1.0015488025999717
functional_ridge,3_6C-80PER_3_6C,32,1.0015929830694088
functional_ridge,3_6C-80PER_3_6C,33,1.0016338739514608
functional_ridge,3_6C-80PER_3_6C,34,1.001671583280795
functional_ridge,3_6C-80PER_3_6C,35,1.0017062190920798
functional_ridge,3_6C-80PER_3_6C,36,1.0017378894199824
functional_ridge,3_6C-80PER_3_6C,37,1.0017667022991714
functional_ridge,3_6C-80PER_3_6C,38,1.0017927657643142
functional_ridge,3_6C-80PER_3_6C,39,1.001816187850079
functional_ridge,3_6C-80PER_3_6C,40,1.0018370765911333
functional_ridge,3_6C-80PER_3_6C,41,1.0018555400221452
functional_ridge,3_6C-80PER_3_6C,42,1.0018716861777823
functional_ridge,3_6C-80PER_3_6C,43,1.001885623092713
functional_ridge,3_6C-80PER_3_6C,44,1.0018974588016043
functional_ridge,3_6C-80PER_3_6C,45,1.001907301339125
functional_ridge,3_6C-80PER_3_6C,46,1.0019152587399422
functional_ridge,3_6C-80PER_3_6C,47,1.0019214390387245
functional_ridge,3_6C-80PER_3_6C,48,1.001925950270139
functional_ridge,3_6C-80PER_3_6C,49,1.001928900468854
functional_ridge,3_6C-80PER_3_6C,50,1.0019303976695373
functional_ridge,3_6C-80PER_3_6C,51,1.0019305369857776
functional_ridge,3_6C-80PER_3_6C,52,1.0019293618468463
functional_ridge,3_6C-80PER_3_6C,53,1.001926902760936
functional_ridge,3_6C-80PER_3_6C,54,1.0019231902362393
functional_ridge,3_6C-80PER_3_6C,55,1.0019182547809484
functional_ridge,3_6C-80PER_3_6C,56,1.0019121269032558
functional_ridge,3_6C-80PER_3_6C,57,1.0019048371113537
functional_ridge,3_6C-80PER_3_6C,58,1.0018964159134351
functional_ridge,3_6C-80PER_3_6C,59,1.001886893817692
functional_ridge,3_6C-80PER_3_6C,60,1.0018763013323166
functional_ridge,3_6C-80PER_3_6C,61,1.001864668965502
functional_ridge,3_6C-80PER_3_6C,62,1.00185202722544
functional_ridge,3_6C-80PER_3_6C,63,1.0018384066203236
functional_ridge,3_6C-80PER_3_6C,64,1.0018238376583448
functional_ridge,3_6C-80PER_3_6C,65,1.0018083508476963
functional_ridge,3_6C-80PER_3_6C,66,1.0017919766965702
functional_ridge,3_6C-80PER_3_6C,67,1.0017747457131592
functional_ridge,3_6C-80PER_3_6C,68,1.0017566884056555
functional_ridge,3_6C-80PER_3_6C,69,1.001737835282252
functional_ridge,3_6C-80PER_3_6C,70,1.0017182168511405
functional_ridge,3_6C-80PER_3_6C,71,1.0016978636205138
functional_ridge,3_6C-80PER_3_6C,72,1.0016768060985644
functional_ridge,3_6C-80PER_3_6C,73,1.0016550747934845
functional_ridge,3_6C-80PER_3_6C,74,1.0016327002134666
functional_ridge,3_6C-80PER_3_6C,75,1.0016097128667032
functional_ridge,3_6C-80PER_3_6C,76,1.0015861432613868
functional_ridge,3_6C-80PER_3_6C,77,1.0015620219057098
functional_ridge,3_6C-80PER_3_6C,78,1.0015373793078644
functional_ridge,3_6C-80PER_3_6C,79,1.0015122459760433
functional_ridge,3_6C-80PER_3_6C,80,1.0014866524184385
functional_ridge,3_6C-80PER_3_6C,81,1.001460629143243
functional_ridge,3_6C-80PER_3_6C,82,1.001434206658649
functional_ridge,3_6C-80PER_3_6C,83,1.0014074154728487
functional_ridge,3_6C-80PER_3_6C,84,1.0013802860940348
functional_ridge,3_6C-80PER_3_6C,85,1.0013528490303998
functional_ridge,3_6C-80PER_3_6C,86,1.001325134790136
functional_ridge,3_6C-80PER_3_6C,87,1.0012971738814356
functional_ridge,3_6C-80PER_3_6C,88,1.0012689968124917
functional_ridge,3_6C-80PER_3_6C,89,1.0012406340914959
functional_ridge,3_6C-80PER_3_6C,90,1.0012121162266412
functional_ridge,3_6C-80PER_3_6C,91,1.0011834737261198
functional_ridge,3_6C-80PER_3_6C,92,1.001154737098124
functional_ridge,3_6C-80PER_3_6C,93,1.0011259368508465
functional_ridge,3_6C-80PER_3_6C,94,1.0010971034924798
functional_ridge,3_6C-80PER_3_6C,95,1.001068267531216
functional_ridge,3_6C-80PER_3_6C,96,1.0010394594752479
functional_ridge,3_6C-80PER_3_6C,97,1.0010107098327674
functional_ridge,3_6C-80PER_3_6C,98,1.0009820491119674
functional_ridge,3_6C-80PER_3_6C,99,1.0009535078210405
functional_ridge,3_6C-80PER_3_6C,100,1.0009251164681783
functional_ridge,3_6C-80PER_3_6C,101,1.0008968982329516
functional_ridge,3_6C-80PER_3_6C,102,1.0008688469804397
functional_ridge,3_6C-80PER_3_6C,103,1.0008409492471
functional_ridge,3_6C-80PER_3_6C,104,1.0008131915693899
functional_ridge,3_6C-80PER_3_6C,105,1.0007855604837668
functional_ridge,3_6C-80PER_3_6C,106,1.000758042526688
functional_ridge,3_6C-80PER_3_6C,107,1.0007306242346106
functional_ridge,3_6C-80PER_3_6C,108,1.000703292143992
functional_ridge,3_6C-80PER_3_6C,109,1.0006760327912896
functional_ridge,3_6C-80PER_3_6C,110,1.0006488327129606
functional_ridge,3_6C-80PER_3_6C,111,1.0006216784454622
functional_ridge,3_6C-80PER_3_6C,112,1.000594556525252
functional_ridge,3_6C-80PER_3_6C,113,1.0005674534887872
functional_ridge,3_6C-80PER_3_6C,114,1.000540355872525
functional_ridge,3_6C-80PER_3_6C,115,1.0005132502129228
functional_ridge,3_6C-80PER_3_6C,116,1.0004861230464381
functional_ridge,3_6C-80PER_3_6C,117,1.0004589609095276
functional_ridge,3_6C-80PER_3_6C,118,1.0004317503386495
functional_ridge,3_6C-80PER_3_6C,119,1.0004044778702603
functional_ridge,3_6C-80PER_3_6C,120,1.000377130040818
functional_ridge,3_6C-80PER_3_6C,121,1.000349693386779
functional_ridge,3_6C-80PER_3_6C,122,1.0003221544446015
functional_ridge,3_6C-80PER_3_6C,123,1.0002944997507426
functional_ridge,3_6C-80PER_3_6C,124,1.0002667158416592
functional_ridge,3_6C-80PER_3_6C,125,1.0002387892538092
functional_ridge,3_6C-80PER_3_6C,126,1.0002107065236494
functional_ridge,3_6C-80PER_3_6C,127,1.0001824541876372
functional_ridge,3_6C-80PER_3_6C,128,1.0001540187822302
functional_ridge,3_6C-80PER_3_6C,129,1.0001253868438857
functional_ridge,3_6C-80PER_3_6C,130,1.0000965449090606
functional_ridge,3_6C-80PER_3_6C,131,1.0000674795142126
functional_ridge,3_6C-80PER_3_6C,132,1.0000381771957987
functional_ridge,3_6C-80PER_3_6C,133,1.0000086244902764
functional_ridge,3_6C-80PER_3_6C,134,0.9999788079341031
functional_ridge,3_6C-80PER_3_6C,135,0.9999487140637359
functional_ridge,3_6C-80PER_3_6C,136,0.9999183294156323
functional_ridge,3_6C-80PER_3_6C,137,0.9998876405262495
functional_ridge,3_6C-80PER_3_6C,138,0.9998566339320449
functional_ridge,3_6C-80PER_3_6C,139,0.9998252961694756
functional_ridge,3_6C-80PER_3_6C,140,0.9997936137749992
functional_ridge,3_6C-80PER_3_6C,141,0.9997615732850726
functional_ridge,3_6C-80PER_3_6C,142,0.9997291612361536
functional_ridge,3_6C-80PER_3_6C,143,0.9996963641646993
functional_ridge,3_6C-80PER_3_6C,144,0.9996631686071668
functional_ridge,3_6C-80PER_3_6C,145,0.9996295611000138
functional_ridge,3_6C-80PER_3_6C,146,0.9995955281796974
functional_ridge,3_6C-80PER_3_6C,147,0.9995610563826747
functional_ridge,3_6C-80PER_3_6C,148,0.9995261322454034
functional_ridge,3_6C-80PER_3_6C,149,0.9994907423043408
functional_ridge,3_6C-80PER_3_6C,150,0.9994548730959438
functional_ridge,3_6C-80PER_3_6C,151,0.9994185114392985
functional_ridge,3_6C-80PER_3_6C,152,0.9993816452840057
functional_ridge,3_6C-80PER_3_6C,153,0.9993442628622938
functional_ridge,3_6C-80PER_3_6C,154,0.9993063524063927
functional_ridge,3_6C-80PER_3_6C,155,0.9992679021485305
functional_ridge,3_6C-80PER_3_6C,156,0.9992289003209365
functional_ridge,3_6C-80PER_3_6C,157,0.9991893351558399
functional_ridge,3_6C-80PER_3_6C,158,0.9991491948854697
functional_ridge,3_6C-80PER_3_6C,159,0.9991084677420552
functional_ridge,3_6C-80PER_3_6C,160,0.9990671419578248
functional_ridge,3_6C-80PER_3_6C,161,0.9990252057650079
functional_ridge,3_6C-80PER_3_6C,162,0.9989826473958335
functional_ridge,3_6C-80PER_3_6C,163,0.9989394550825307
functional_ridge,3_6C-80PER_3_6C,164,0.9988956170573287
functional_ridge,3_6C-80PER_3_6C,165,0.998851121552456
functional_ridge,3_6C-80PER_3_6C,166,0.9988059568001418
functional_ridge,3_6C-80PER_3_6C,167,0.9987601110326155
functional_ridge,3_6C-80PER_3_6C,168,0.9987135724821058
functional_ridge,3_6C-80PER_3_6C,169,0.9986663293808418
functional_ridge,3_6C-80PER_3_6C,170,0.9986183699610525
functional_ridge,3_6C-80PER_3_6C,171,0.998569682454967
functional_ridge,3_6C-80PER_3_6C,172,0.9985202550948143
functional_ridge,3_6C-80PER_3_6C,173,0.9984700761128236
functional_ridge,3_6C-80PER_3_6C,174,0.9984191337412236
functional_ridge,3_6C-80PER_3_6C,175,0.9983674162122435
functional_ridge,3_6C-80PER_3_6C,176,0.9983149117581123
functional_ridge,3_6C-80PER_3_6C,177,0.998261608611059
functional_ridge,3_6C-80PER_3_6C,178,0.9982074950033127
functional_ridge,3_6C-80PER_3_6C,179,0.9981525591671023
functional_ridge,3_6C-80PER_3_6C,180,0.9980967893346575
functional_ridge,3_6C-80PER_3_6C,181,0.9980401737382063
functional_ridge,3_6C-80PER_3_6C,182,0.9979827006099783
functional_ridge,3_6C-80PER_3_6C,183,0.9979243581822024
functional_ridge,3_6C-80PER_3_6C,184,0.9978651346871076
functional_ridge,3_6C-80PER_3_6C,185,0.997805018356923
functional_ridge,3_6C-80PER_3_6C,186,0.9977439974238778
functional_ridge,3_6C-80PER_3_6C,187,0.9976820601202007
functional_ridge,3_6C-80PER_3_6C,188,0.9976191946781209
functional_ridge,3_6C-80PER_3_6C,189,0.9975553893298675
functional_ridge,3_6C-80PER_3_6C,190,0.9974906323076695
functional_ridge,3_6C-80PER_3_6C,191,0.9974249118437557
functional_ridge,3_6C-80PER_3_6C,192,0.9973582161703555
functional_ridge,3_6C-80PER_3_6C,193,0.9972905335196975
functional_ridge,3_6C-80PER_3_6C,194,0.9972218521240113
functional_ridge,3_6C-80PER_3_6C,195,0.9971521602155252
functional_ridge,3_6C-80PER_3_6C,196,0.9970814460264689
functional_ridge,3_6C-80PER_3_6C,197,0.997009697789071
functional_ridge,3_6C-80PER_3_6C,198,0.9969369037355608
functional_ridge,3_6C-80PER_3_6C,199,0.9968630520981672
functional_ridge,3_6C-80PER_3_6C,200,0.9967881311091192
functional_ridge,80PER_3_6C,1,0.9985361326141552
functional_ridge,80PER_3_6C,2,0.9985499695570828
functional_ridge,80PER_3_6C,3,0.9985604866542629
functional_ridge,80PER_3_6C,4,0.9985677437705881
functional_ridge,80PER_3_6C,5,0.9985718007709513
functional_ridge,80PER_3_6C,6,0.9985727175202449
functional_ridge,80PER_3_6C,7,0.9985705538833616
functional_ridge,80PER_3_6C,8,0.9985653697251942
functional_ridge,80PER_3_6C,9,0.998557224910635
functional_ridge,80PER_3_6C,10,0.998546179304577
functional_ridge,80PER_3_6C,11,0.9985322927719127
functional_ridge,80PER_3_6C,12,0.9985156251775347
functional_ridge,80PER_3_6C,13,0.9984962363863358
functional_ridge,80PER_3_6C,14,0.9984741862632086
functional_ridge,80PER_3_6C,15,0.9984495346730458
functional_ridge,80PER_3_6C,16,0.9984223414807398
functional_ridge,80PER_3_6C,17,0.9983926665511835
functional_ridge,80PER_3_6C,18,0.9983605697492695
functional_ridge,80PER_3_6C,19,0.9983261109398902
functional_ridge,80PER_3_6C,20,0.9982893499879387
functional_ridge,80PER_3_6C,21,0.9982503467583074
functional_ridge,80PER_3_6C,22,0.998209161115889
functional_ridge,80PER_3_6C,23,0.998165852925576
functional_ridge,80PER_3_6C,24,0.9981204820522613
functional_ridge,80PER_3_6C,25,0.9980731083608374
functional_ridge,80PER_3_6C,26,0.9980237917161968
functional_ridge,80PER_3_6C,27,0.9979725919832325
functional_ridge,80PER_3_6C,28,0.997919569026837
functional_ridge,80PER_3_6C,29,0.9978647827119028
functional_ridge,80PER_3_6C,30,0.9978082929033228
functional_ridge,80PER_3_6C,31,0.9977501594659896
functional_ridge,80PER_3_6C,32,0.9976904422647955
functional_ridge,80PER_3_6C,33,0.9976292011646335
functional_ridge,80PER_3_6C,34,0.9975664960303963
functional_ridge,80PER_3_6C,35,0.9975023867269763
functional_ridge,80PER_3_6C,36,0.9974369331192664
functional_ridge,80PER_3_6C,37,0.9973701950721592
functional_ridge,80PER_3_6C,38,0.9973022324505472
functional_ridge,80PER_3_6C,39,0.9972331051193231
functional_ridge,80PER_3_6C,40,0.9971628729433794
functional_ridge,80PER_3_6C,41,0.9970915957876091
functional_ridge,80PER_3_6C,42,0.9970193335169046
functional_ridge,80PER_3_6C,43,0.9969461459961587
functional_ridge,80PER_3_6C,44,0.996872093090264
functional_ridge,80PER_3_6C,45,0.9967972346641132
functional_ridge,80PER_3_6C,46,0.9967216305825988
functional_ridge,80PER_3_6C,47,0.9966453407106134
functional_ridge,80PER_3_6C,48,0.9965684249130499
functional_ridge,80PER_3_6C,49,0.9964909430548008
functional_ridge,80PER_3_6C,50,0.9964129550007588
functional_ridge,80PER_3_6C,51,0.996334511269586
functional_ridge,80PER_3_6C,52,0.996255624995023
functional_ridge,80PER_3_6C,53,0.9961762999645791
functional_ridge,80PER_3_6C,54,0.9960965399657645
functional_ridge,80PER_3_6C,55,0.996016348786089
functional_ridge,80PER_3_6C,56,0.9959357302130624
functional_ridge,80PER_3_6C,57,0.9958546880341945
functional_ridge,80PER_3_6C,58,0.9957732260369954
functional_ridge,80PER_3_6C,59,0.9956913480089745
functional_ridge,80PER_3_6C,60,0.9956090577376419
functional_ridge,80PER_3_6C,61,0.9955263590105073
functional_ridge,80PER_3_6C,62,0.9954432556150806
functional_ridge,80PER_3_6C,63,0.9953597513388716
functional_ridge,80PER_3_6C,64,0.9952758499693903
functional_ridge,80PER_3_6C,65,0.9951915552941464
functional_ridge,80PER_3_6C,66,0.9951068711006497
functional_ridge,80PER_3_6C,67,0.99502180117641
functional_ridge,80PER_3_6C,68,0.9949363493089374
functional_ridge,80PER_3_6C,69,0.9948505192857412
functional_ridge,80PER_3_6C,70,0.9947643148943318
functional_ridge,80PER_3_6C,71,0.9946777399222189
functional_ridge,80PER_3_6C,72,0.9945907981569121
functional_ridge,80PER_3_6C,73,0.9945034933859216
functional_ridge,80PER_3_6C,74,0.9944158293967568
functional_ridge,80PER_3_6C,75,0.9943278099769278
functional_ridge,80PER_3_6C,76,0.9942394389139443
functional_ridge,80PER_3_6C,77,0.9941507199953162
functional_ridge,80PER_3_6C,78,0.9940616570085535
functional_ridge,80PER_3_6C,79,0.9939722537411659
functional_ridge,80PER_3_6C,80,0.9938825139806631
functional_ridge,80PER_3_6C,81,0.9937924415145551
functional_ridge,80PER_3_6C,82,0.9937020401303518
functional_ridge,80PER_3_6C,83,0.9936113136155627
functional_ridge,80PER_3_6C,84,0.9935202657576979
functional_ridge,80PER_3_6C,85,0.9934289003442673
functional_ridge,80PER_3_6C,86,0.9933372211627806
functional_ridge,80PER_3_6C,87,0.9932452320007475
functional_ridge,80PER_3_6C,88,0.9931529366456783
functional_ridge,80PER_3_6C,89,0.9930603388850824
functional_ridge,80PER_3_6C,90,0.9929674425064697
functional_ridge,80PER_3_6C,91,0.99287425129735
functional_ridge,80PER_3_6C,92,0.9927807690452333
functional_ridge,80PER_3_6C,93,0.9926869995376294
functional_ridge,80PER_3_6C,94,0.9925929465620481
functional_ridge,80PER_3_6C,95,0.9924986139059991
functional_ridge,80PER_3_6C,96,0.9924040053569926
functional_ridge,80PER_3_6C,97,0.9923091247025381
functional_ridge,80PER_3_6C,98,0.9922139757301454
functional_ridge,80PER_3_6C,99,0.9921185622273245
functional_ridge,80PER_3_6C,100,0.9920228879815853
functional_ridge,80PER_3_6C,101,0.9919269555514404
functional_ridge,80PER_3_6C,102,0.991830762579414
functional_ridge,80PER_3_6C,103,0.9917343054790334
functional_ridge,80PER_3_6C,104,0.9916375806638256
functional_ridge,80PER_3_6C,105,0.9915405845473176
functional_ridge,80PER_3_6C,106,0.9914433135430369
functional_ridge,80PER_3_6C,107,0.9913457640645104
functional_ridge,80PER_3_6C,108,0.9912479325252651
functional_ridge,80PER_3_6C,109,0.9911498153388282
functional_ridge,80PER_3_6C,110,0.9910514089187271
functional_ridge,80PER_3_6C,111,0.9909527096784887
functional_ridge,80PER_3_6C,112,0.9908537140316401
functional_ridge,80PER_3_6C,113,0.9907544183917084
functional_ridge,80PER_3_6C,114,0.990654819172221
functional_ridge,80PER_3_6C,115,0.9905549127867048
functional_ridge,80PER_3_6C,116,0.9904546956486869
functional_ridge,80PER_3_6C,117,0.9903541641716946
functional_ridge,80PER_3_6C,118,0.9902533147692548
functional_ridge,80PER_3_6C,119,0.990152143854895
functional_ridge,80PER_3_6C,120,0.9900506478421419
functional_ridge,80PER_3_6C,121,0.989948823144523
functional_ridge,80PER_3_6C,122,0.989846666175565
functional_ridge,80PER_3_6C,123,0.9897441733487956
functional_ridge,80PER_3_6C,124,0.9896413410777414
functional_ridge,80PER_3_6C,125,0.9895381657759298
functional_ridge,80PER_3_6C,126,0.9894346438568877
functional_ridge,80PER_3_6C,127,0.9893307717341427
functional_ridge,80PER_3_6C,128,0.9892265458212215
functional_ridge,80PER_3_6C,129,0.9891219625316513
functional_ridge,80PER_3_6C,130,0.9890170182789595
functional_ridge,80PER_3_6C,131,0.988911709476673
functional_ridge,80PER_3_6C,132,0.9888060325383188
functional_ridge,80PER_3_6C,133,0.9886999838774242
functional_ridge,80PER_3_6C,134,0.9885935599075164
functional_ridge,80PER_3_6C,135,0.9884867570421223
functional_ridge,80PER_3_6C,136,0.9883795716947693
functional_ridge,80PER_3_6C,137,0.9882720002789844
functional_ridge,80PER_3_6C,138,0.9881640392082947
functional_ridge,80PER_3_6C,139,0.9880556848962273
functional_ridge,80PER_3_6C,140,0.9879469337563095
functional_ridge,80PER_3_6C,141,0.9878377822020682
functional_ridge,80PER_3_6C,142,0.9877282266470307
functional_ridge,80PER_3_6C,143,0.9876182635047241
functional_ridge,80PER_3_6C,144,0.9875078891886756
functional_ridge,80PER_3_6C,145,0.9873971001124121
functional_ridge,80PER_3_6C,146,0.9872858926894609
functional_ridge,80PER_3_6C,147,0.9871742633333491
functional_ridge,80PER_3_6C,148,0.9870622084576038
functional_ridge,80PER_3_6C,149,0.9869497244757522
functional_ridge,80PER_3_6C,150,0.9868368078013214
functional_ridge,80PER_3_6C,151,0.9867234549533391
functional_ridge,80PER_3_6C,152,0.9866096628728364
functional_ridge,80PER_3_6C,153,0.9864954286063442
functional_ridge,80PER_3_6C,154,0.986380749200394
functional_ridge,80PER_3_6C,155,0.9862656217015174
functional_ridge,80PER_3_6C,156,0.9861500431562455
functional_ridge,80PER_3_6C,157,0.9860340106111101
functional_ridge,80PER_3_6C,158,0.9859175211126421
functional_ridge,80PER_3_6C,159,0.9858005717073731
functional_ridge,80PER_3_6C,160,0.9856831594418346
functional_ridge,80PER_3_6C,161,0.9855652813625578
functional_ridge,80PER_3_6C,162,0.9854469345160741
functional_ridge,80PER_3_6C,163,0.9853281159489151
functional_ridge,80PER_3_6C,164,0.985208822707612
functional_ridge,80PER_3_6C,165,0.9850890518386961
functional_ridge,80PER_3_6C,166,0.9849688003886989
functional_ridge,80PER_3_6C,167,0.9848480654041519
functional_ridge,80PER_3_6C,168,0.9847268439315864
functional_ridge,80PER_3_6C,169,0.9846051330175338
functional_ridge,80PER_3_6C,170,0.9844829297085254
functional_ridge,80PER_3_6C,171,0.9843602310510926
functional_ridge,80PER_3_6C,172,0.9842370340917669
functional_ridge,80PER_3_6C,173,0.9841133358770795
functional_ridge,80PER_3_6C,174,0.9839891334535619
functional_ridge,80PER_3_6C,175,0.9838644238677456
functional_ridge,80PER_3_6C,176,0.9837392041661618
functional_ridge,80PER_3_6C,177,0.9836134713953419
functional_ridge,80PER_3_6C,178,0.9834872226018173
functional_ridge,80PER_3_6C,179,0.9833604548321196
functional_ridge,80PER_3_6C,180,0.9832331651327799
functional_ridge,80PER_3_6C,181,0.9831053505503298
functional_ridge,80PER_3_6C,182,0.9829770081313005
functional_ridge,80PER_3_6C,183,0.9828481349222234
functional_ridge,80PER_3_6C,184,0.98271872796963
functional_ridge,80PER_3_6C,185,0.9825887843200517
functional_ridge,80PER_3_6C,186,0.9824583010200197
functional_ridge,80PER_3_6C,187,0.9823272751160657
functional_ridge,80PER_3_6C,188,0.9821957036547208
functional_ridge,80PER_3_6C,189,0.9820635836825164
functional_ridge,80PER_3_6C,190,0.9819309122459842
functional_ridge,80PER_3_6C,191,0.9817976863916551
functional_ridge,80PER_3_6C,192,0.9816639031660609
functional_ridge,80PER_3_6C,193,0.9815295596157327
functional_ridge,80PER_3_6C,194,0.9813946527872023
functional_ridge,80PER_3_6C,195,0.9812591797270005
functional_ridge,80PER_3_6C,196,0.981123137481659
functional_ridge,80PER_3_6C,197,0.9809865230977093
functional_ridge,80PER_3_6C,198,0.9808493336216827
functional_ridge,80PER_3_6C,199,0.9807115661001103
functional_ridge,80PER_3_6C,200,0.9805732175795239
functional_ridge,4_8C_80PER_4_8C,1,0.9965285920854257
functional_ridge,4_8C_80PER_4_8C,2,0.9967080294618882
functional_ridge,4_8C_80PER_4_8C,3,0.996880907331661
functional_ridge,4_8C_80PER_4_8C,4,0.997047326934671
functional_ridge,4_8C_80PER_4_8C,5,0.9972073895108451
functional_ridge,4_8C_80PER_4_8C,6,0.9973611963001101
functional_ridge,4_8C_80PER_4_8C,7,0.9975088485423931
functional_ridge,4_8C_80PER_4_8C,8,0.9976504474776208
functional_ridge,4_8C_80PER_4_8C,9,0.9977860943457202
functional_ridge,4_8C_80PER_4_8C,10,0.9979158903866182
functional_ridge,4_8C_80PER_4_8C,11,0.9980399368402417
functional_ridge,4_8C_80PER_4_8C,12,0.9981583349465175
functional_ridge,4_8C_80PER_4_8C,13,0.9982711859453728
functional_ridge,4_8C_80PER_4_8C,14,0.9983785910767341
functional_ridge,4_8C_80PER_4_8C,15,0.9984806515805286
functional_ridge,4_8C_80PER_4_8C,16,0.998577468696683
functional_ridge,4_8C_80PER_4_8C,17,0.9986691436651244
functional_ridge,4_8C_80PER_4_8C,18,0.9987557777257795
functional_ridge,4_8C_80PER_4_8C,19,0.9988374721185754
functional_ridge,4_8C_80PER_4_8C,20,0.9989143280834388
functional_ridge,4_8C_80PER_4_8C,21,0.9989864468602969
functional_ridge,4_8C_80PER_4_8C,22,0.9990539296890764
functional_ridge,4_8C_80PER_4_8C,23,0.9991168778097042
functional_ridge,4_8C_80PER_4_8C,24,0.9991753924621068
functional_ridge,4_8C_80PER_4_8C,25,0.999229574886212
functional_ridge,4_8C_80PER_4_8C,26,0.999279526321946
functional_ridge,4_8C_80PER_4_8C,27,0.9993253480092361
functional_ridge,4_8C_80PER_4_8C,28,0.9993671411880087
functional_ridge,4_8C_80PER_4_8C,29,0.9994050070981914
functional_ridge,4_8C_80PER_4_8C,30,0.9994390469797105
functional_ridge,4_8C_80PER_4_8C,31,0.9994693620724933
functional_ridge,4_8C_80PER_4_8C,32,0.9994960536164662
functional_ridge,4_8C_80PER_4_8C,33,0.9995192228515567
functional_ridge,4_8C_80PER_4_8C,34,0.9995389710176914
functional_ridge,4_8C_80PER_4_8C,35,0.9995553993547973
functional_ridge,4_8C_80PER_4_8C,36,0.999568609102801
functional_ridge,4_8C_80PER_4_8C,37,0.9995787015016299
functional_ridge,4_8C_80PER_4_8C,38,0.9995857777912105
functional_ridge,4_8C_80PER_4_8C,39,0.99958993921147
functional_ridge,4_8C_80PER_4_8C,40,0.999591287002335
functional_ridge,4_8C_80PER_4_8C,41,0.9995899224037325
functional_ridge,4_8C_80PER_4_8C,42,0.9995859466555895
functional_ridge,4_8C_80PER_4_8C,43,0.9995794609978329
functional_ridge,4_8C_80PER_4_8C,44,0.9995705666703896
functional_ridge,4_8C_80PER_4_8C,45,0.9995593649131862
functional_ridge,4_8C_80PER_4_8C,46,0.9995459569661501
functional_ridge,4_8C_80PER_4_8C,47,0.999530444069208
functional_ridge,4_8C_80PER_4_8C,48,0.9995129274622866
functional_ridge,4_8C_80PER_4_8C,49,0.9994935083853129
functional_ridge,4_8C_80PER_4_8C,50,0.999472288078214
functional_ridge,4_8C_80PER_4_8C,51,0.9994493551527756
functional_ridge,4_8C_80PER_4_8C,52,0.9994247477082179
functional_ridge,4_8C_80PER_4_8C,53,0.9993984912156205
functional_ridge,4_8C_80PER_4_8C,54,0.9993706111460634
functional_ridge,4_8C_80PER_4_8C,55,0.9993411329706251
functional_ridge,4_8C_80PER_4_8C,56,0.9993100821603859
functional_ridge,4_8C_80PER_4_8C,57,0.9992774841864243
functional_ridge,4_8C_80PER_4_8C,58,0.9992433645198205
functional_ridge,4_8C_80PER_4_8C,59,0.9992077486316535
functional_ridge,4_8C_80PER_4_8C,60,0.999170661993003
functional_ridge,4_8C_80PER_4_8C,61,0.9991321300749483
functional_ridge,4_8C_80PER_4_8C,62,0.9990921783485684
functional_ridge,4_8C_80PER_4_8C,63,0.9990508322849436
functional_ridge,4_8C_80PER_4_8C,64,0.9990081173551525
functional_ridge,4_8C_80PER_4_8C,65,0.998964059030275
functional_ridge,4_8C_80PER_4_8C,66,0.9989186827813903
functional_ridge,4_8C_80PER_4_8C,67,0.9988720140795779
functional_ridge,4_8C_80PER_4_8C,68,0.9988240783959172
functional_ridge,4_8C_80PER_4_8C,69,0.9987749012014877
functional_ridge,4_8C_80PER_4_8C,70,0.9987245079673687
functional_ridge,4_8C_80PER_4_8C,71,0.9986729241646397
functional_ridge,4_8C_80PER_4_8C,72,0.9986201752643802
functional_ridge,4_8C_80PER_4_8C,73,0.9985662867376695
functional_ridge,4_8C_80PER_4_8C,74,0.9985112840555866
functional_ridge,4_8C_80PER_4_8C,75,0.998455192689212
functional_ridge,4_8C_80PER_4_8C,76,0.9983980381096241
functional_ridge,4_8C_80PER_4_8C,77,0.9983398457879027
functional_ridge,4_8C_80PER_4_8C,78,0.9982806411951275
functional_ridge,4_8C_80PER_4_8C,79,0.9982204498023771
functional_ridge,4_8C_80PER_4_8C,80,0.9981592970807318
functional_ridge,4_8C_80PER_4_8C,81,0.9980972085012706
functional_ridge,4_8C_80PER_4_8C,82,0.9980342095350733
functional_ridge,4_8C_80PER_4_8C,83,0.9979703256532186
functional_ridge,4_8C_80PER_4_8C,84,0.9979055823267865
functional_ridge,4_8C_80PER_4_8C,85,0.9978400050268562
functional_ridge,4_8C_80PER_4_8C,86,0.9977736192245072
functional_ridge,4_8C_80PER_4_8C,87,0.997706450390819
functional_ridge,4_8C_80PER_4_8C,88,0.9976385239968709
functional_ridge,4_8C_80PER_4_8C,89,0.9975698655137422
functional_ridge,4_8C_80PER_4_8C,90,0.9975005004125126
functional_ridge,4_8C_80PER_4_8C,91,0.9974304541642612
functional_ridge,4_8C_80PER_4_8C,92,0.9973597522400677
functional_ridge,4_8C_80PER_4_8C,93,0.9972884201110113
functional_ridge,4_8C_80PER_4_8C,94,0.9972164832481718
functional_ridge,4_8C_80PER_4_8C,95,0.9971439671226282
functional_ridge,4_8C_80PER_4_8C,96,0.9970708972054602
functional_ridge,4_8C_80PER_4_8C,97,0.996997298967747
functional_ridge,4_8C_80PER_4_8C,98,0.996923197880568
functional_ridge,4_8C_80PER_4_8C,99,0.9968486194150029
functional_ridge,4_8C_80PER_4_8C,100,0.9967735890421308
functional_ridge,4_8C_80PER_4_8C,101,0.9966981256814218
functional_ridge,4_8C_80PER_4_8C,102,0.9966222220459069
functional_ridge,4_8C_80PER_4_8C,103,0.9965458642970076
functional_ridge,4_8C_80PER_4_8C,104,0.9964690385961457
functional_ridge,4_8C_80PER_4_8C,105,0.9963917311047424
functional_ridge,4_8C_80PER_4_8C,106,0.9963139279842195
functional_ridge,4_8C_80PER_4_8C,107,0.9962356153959985
functional_ridge,4_8C_80PER_4_8C,108,0.9961567795015008
functional_ridge,4_8C_80PER_4_8C,109,0.9960774064621482
functional_ridge,4_8C_80PER_4_8C,110,0.995997482439362
functional_ridge,4_8C_80PER_4_8C,111,0.995916993594564
functional_ridge,4_8C_80PER_4_8C,112,0.9958359260891757
functional_ridge,4_8C_80PER_4_8C,113,0.9957542660846183
functional_ridge,4_8C_80PER_4_8C,114,0.9956719997423138
functional_ridge,4_8C_80PER_4_8C,115,0.9955891132236834
functional_ridge,4_8C_80PER_4_8C,116,0.9955055926901488
functional_ridge,4_8C_80PER_4_8C,117,0.9954214243031317
functional_ridge,4_8C_80PER_4_8C,118,0.9953365942240535
functional_ridge,4_8C_80PER_4_8C,119,0.9952510886143356
functional_ridge,4_8C_80PER_4_8C,120,0.9951648936353998
functional_ridge,4_8C_80PER_4_8C,121,0.9950779954486678
functional_ridge,4_8C_80PER_4_8C,122,0.9949903802155605
functional_ridge,4_8C_80PER_4_8C,123,0.9949020340975001
functional_ridge,4_8C_80PER_4_8C,124,0.9948129432559079
functional_ridge,4_8C_80PER_4_8C,125,0.9947230938522054
functional_ridge,4_8C_80PER_4_8C,126,0.9946324720478141
functional_ridge,4_8C_80PER_4_8C,127,0.9945410640041557
functional_ridge,4_8C_80PER_4_8C,128,0.9944488558826517
functional_ridge,4_8C_80PER_4_8C,129,0.9943558338447236
functional_ridge,4_8C_80PER_4_8C,130,0.994261984051793
functional_ridge,4_8C_80PER_4_8C,131,0.9941672926652815
functional_ridge,4_8C_80PER_4_8C,132,0.9940717458466108
functional_ridge,4_8C_80PER_4_8C,133,0.9939753297572019
functional_ridge,4_8C_80PER_4_8C,134,0.9938780305584768
functional_ridge,4_8C_80PER_4_8C,135,0.9937798344118568
functional_ridge,4_8C_80PER_4_8C,136,0.9936807274787639
functional_ridge,4_8C_80PER_4_8C,137,0.993580695920619
functional_ridge,4_8C_80PER_4_8C,138,0.9934797258988441
functional_ridge,4_8C_80PER_4_8C,139,0.9933778035748607
functional_ridge,4_8C_80PER_4_8C,140,0.9932749151100901
functional_ridge,4_8C_80PER_4_8C,141,0.9931710466659542
functional_ridge,4_8C_80PER_4_8C,142,0.9930661844038744
functional_ridge,4_8C_80PER_4_8C,143,0.9929603144852722
functional_ridge,4_8C_80PER_4_8C,144,0.9928534230715691
functional_ridge,4_8C_80PER_4_8C,145,0.9927454963241865
functional_ridge,4_8C_80PER_4_8C,146,0.9926365204045466
functional_ridge,4_8C_80PER_4_8C,147,0.9925264814740703
functional_ridge,4_8C_80PER_4_8C,148,0.9924153656941792
functional_ridge,4_8C_80PER_4_8C,149,0.9923031592262954
functional_ridge,4_8C_80PER_4_8C,150,0.9921898482318398
functional_ridge,4_8C_80PER_4_8C,151,0.9920754238881994
functional_ridge,4_8C_80PER_4_8C,152,0.9919598974366219
functional_ridge,4_8C_80PER_4_8C,153,0.9918432851343197
functional_ridge,4_8C_80PER_4_8C,154,0.9917256032385059
functional_ridge,4_8C_80PER_4_8C,155,0.9916068680063931
functional_ridge,4_8C_80PER_4_8C,156,0.9914870956951942
functional_ridge,4_8C_80PER_4_8C,157,0.9913663025621217
functional_ridge,4_8C_80PER_4_8C,158,0.9912445048643883
functional_ridge,4_8C_80PER_4_8C,159,0.9911217188592072
functional_ridge,4_8C_80PER_4_8C,160,0.9909979608037907
functional_ridge,4_8C_80PER_4_8C,161,0.9908732469553516
functional_ridge,4_8C_80PER_4_8C,162,0.990747593571103
functional_ridge,4_8C_80PER_4_8C,163,0.9906210169082573
functional_ridge,4_8C_80PER_4_8C,164,0.9904935332240272
functional_ridge,4_8C_80PER_4_8C,165,0.9903651587756259
functional_ridge,4_8C_80PER_4_8C,166,0.9902359098202657
functional_ridge,4_8C_80PER_4_8C,167,0.9901058026151596
functional_ridge,4_8C_80PER_4_8C,168,0.9899748534175202
functional_ridge,4_8C_80PER_4_8C,169,0.9898430784845603
functional_ridge,4_8C_80PER_4_8C,170,0.9897104940734927
functional_ridge,4_8C_80PER_4_8C,171,0.9895771164415301
functional_ridge,4_8C_80PER_4_8C,172,0.9894429618458853
functional_ridge,4_8C_80PER_4_8C,173,0.9893080465437709
functional_ridge,4_8C_80PER_4_8C,174,0.9891723867923998
functional_ridge,4_8C_80PER_4_8C,175,0.9890359988489847
functional_ridge,4_8C_80PER_4_8C,176,0.9888988989707386
functional_ridge,4_8C_80PER_4_8C,177,0.988761103414874
functional_ridge,4_8C_80PER_4_8C,178,0.9886226284386034
functional_ridge,4_8C_80PER_4_8C,179,0.9884834902991398
functional_ridge,4_8C_80PER_4_8C,180,0.9883437052536962
functional_ridge,4_8C_80PER_4_8C,181,0.988203289559485
functional_ridge,4_8C_80PER_4_8C,182,0.988062259473719
functional_ridge,4_8C_80PER_4_8C,183,0.9879206312536111
functional_ridge,4_8C_80PER_4_8C,184,0.9877784211563738
functional_ridge,4_8C_80PER_4_8C,185,0.9876356454392203
functional_ridge,4_8C_80PER_4_8C,186,0.987492320359363
functional_ridge,4_8C_80PER_4_8C,187,0.9873484621740145
functional_ridge,4_8C_80PER_4_8C,188,0.9872040871403879
functional_ridge,4_8C_80PER_4_8C,189,0.9870592115156959
functional_ridge,4_8C_80PER_4_8C,190,0.9869138515571512
functional_ridge,4_8C_80PER_4_8C,191,0.9867680235219664
functional_ridge,4_8C_80PER_4_8C,192,0.9866217436673542
functional_ridge,4_8C_80PER_4_8C,193,0.9864750282505278
functional_ridge,4_8C_80PER_4_8C,194,0.9863278935286994
functional_ridge,4_8C_80PER_4_8C,195,0.9861803557590824
functional_ridge,4_8C_80PER_4_8C,196,0.9860324311988888
functional_ridge,4_8C_80PER_4_8C,197,0.9858841361053319
functional_ridge,4_8C_80PER_4_8C,198,0.9857354867356242
functional_ridge,4_8C_80PER_4_8C,199,0.9855864993469785
functional_ridge,4_8C_80PER_4_8C,200,0.9854371901966075
functional_ridge,5_6C_19PER_4_6C_NEWSTRUCTURE,1,0.9982676977024971
functional_ridge,5_6C_19PER_4_6C_NEWSTRUCTURE,2,0.9983701070571915
functional_ridge,5_6C_19PER_4_6C_NEWSTRUCTURE,3,0.9984681828252395
functional_ridge,5_6C_19PER_4_6C_NEWSTRUCTURE,4,0.998561998756627
functional_ridge,5_6C_19PER_4_6C_NEWSTRUCTURE,5,0.9986516286013402
functional_ridge,5_6C_19PER_4_6C_NEWSTRUCTURE,6,0.998737146109365
functional_ridge,5_6C_19PER_4_6C_NEWSTRUCTURE,7,0.9988186250306877
functional_ridge,5_6C_19PER_4_6C_NEWSTRUCTURE,8,0.9988961391152943
functional_ridge,5_6C_19PER_4_6C_NEWSTRUCTURE,9,0.9989697621131707
functional_ridge,5_6C_19PER_4_6C_NEWSTRUCTURE,10,0.999039567774303
functional_ridge,5_6C_19PER_4_6C_NEWSTRUCTURE,11,0.9991056298486775
functional_ridge,5_6C_19PER_4_6C_NEWSTRUCTURE,12,0.99916802208628
functional_ridge,5_6C_19PER_4_6C_NEWSTRUCTURE,13,0.9992268182370967
functional_ridge,5_6C_19PER_4_6C_NEWSTRUCTURE,14,0.9992820920511136
functional_ridge,5_6C_19PER_4_6C_NEWSTRUCTURE,15,0.9993339172783168
functional_ridge,5_6C_19PER_4_6C_NEWSTRUCTURE,16,0.9993823676686924
functional_ridge,5_6C_19PER_4_6C_NEWSTRUCTURE,17,0.9994275169722264
functional_ridge,5_6C_19PER_4_6C_NEWSTRUCTURE,18,0.9994694389389049
functional_ridge,5_6C_19PER_4_6C_NEWSTRUCTURE,19,0.9995082073187139
functional_ridge,5_6C_19PER_4_6C_NEWSTRUCTURE,20,0.9995438958616396
functional_ridge,5_6C_19PER_4_6C_NEWSTRUCTURE,21,0.999576578317668
functional_ridge,5_6C_19PER_4_6C_NEWSTRUCTURE,22,0.9996063284367851
functional_ridge,5_6C_19PER_4_6C_NEWSTRUCTURE,23,0.999633219968977
functional_ridge,5_6C_19PER_4_6C_NEWSTRUCTURE,24,0.9996573266642299
functional_ridge,5_6C_19PER_4_6C_NEWSTRUCTURE,25,0.9996787222725296
functional_ridge,5_6C_19PER_4_6C_NEWSTRUCTURE,26,0.9996974805438624
functional_ridge,5_6C_19PER_4_6C_NEWSTRUCTURE,27,0.9997136752282142
functional_ridge,5_6C_19PER_4_6C_NEWSTRUCTURE,28,0.9997273800755712
functional_ridge,5_6C_19PER_4_6C_NEWSTRUCTURE,29,0.9997386688359194
functional_ridge,5_6C_19PER_4_6C_NEWSTRUCTURE,30,0.9997476152592448
functional_ridge,5_6C_19PER_4_6C_NEWSTRUCTURE,31,0.9997542930955337
functional_ridge,5_6C_19PER_4_6C_NEWSTRUCTURE,32,0.9997587760947718
functional_ridge,5_6C_19PER_4_6C_NEWSTRUCTURE,33,0.9997611380069454
functional_ridge,5_6C_19PER_4_6C_NEWSTRUCTURE,34,0.9997614525820406
functional_ridge,5_6C_19PER_4_6C_NEWSTRUCTURE,35,0.9997597935700434
functional_ridge,5_6C_19PER_4_6C_NEWSTRUCTURE,36,0.9997562347209399
functional_ridge,5_6C_19PER_4_6C_NEWSTRUCTURE,37,0.999750849784716
functional_ridge,5_6C_19PER_4_6C_NEWSTRUCTURE,38,0.999743712511358
functional_ridge,5_6C_19PER_4_6C_NEWSTRUCTURE,39,0.9997348966508517
functional_ridge,5_6C_19PER_4_6C_NEWSTRUCTURE,40,0.9997244759531835
functional_ridge,5_6C_19PER_4_6C_NEWSTRUCTURE,41,0.9997125241683391
functional_ridge,5_6C_19PER_4_6C_NEWSTRUCTURE,42,0.9996991150463049
functional_ridge,5_6C_19PER_4_6C_NEWSTRUCTURE,43,0.9996843223370667
functional_ridge,5_6C_19PER_4_6C_NEWSTRUCTURE,44,0.9996682197906108
functional_ridge,5_6C_19PER_4_6C_NEWSTRUCTURE,45,0.9996508811569228
functional_ridge,5_6C_19PER_4_6C_NEWSTRUCTURE,46,0.9996323801859894
functional_ridge,5_6C_19PER_4_6C_NEWSTRUCTURE,47,0.9996127906277963
functional_ridge,5_6C_19PER_4_6C_NEWSTRUCTURE,48,0.9995921862323297
functional_ridge,5_6C_19PER_4_6C_NEWSTRUCTURE,49,0.9995706407495756
functional_ridge,5_6C_19PER_4_6C_NEWSTRUCTURE,50,0.99954822792952
functional_ridge,5_6C_19PER_4_6C_NEWSTRUCTURE,51,0.9995250128684554
functional_ridge,5_6C_19PER_4_6C_NEWSTRUCTURE,52,0.9995010260478988
functional_ridge,5_6C_19PER_4_6C_NEWSTRUCTURE,53,0.9994762892956734
functional_ridge,5_6C_19PER_4_6C_NEWSTRUCTURE,54,0.9994508244396032
functional_ridge,5_6C_19PER_4_6C_NEWSTRUCTURE,55,0.9994246533075111
functional_ridge,5_6C_19PER_4_6C_NEWSTRUCTURE,56,0.9993977977272207
functional_ridge,5_6C_19PER_4_6C_NEWSTRUCTURE,57,0.9993702795265554
functional_ridge,5_6C_19PER_4_6C_NEWSTRUCTURE,58,0.9993421205333386
functional_ridge,5_6C_19PER_4_6C_NEWSTRUCTURE,59,0.9993133425753936
functional_ridge,5_6C_19PER_4_6C_NEWSTRUCTURE,60,0.9992839674805439
functional_ridge,5_6C_19PER_4_6C_NEWSTRUCTURE,61,0.9992540170766129
functional_ridge,5_6C_19PER_4_6C_NEWSTRUCTURE,62,0.9992235131914241
functional_ridge,5_6C_19PER_4_6C_NEWSTRUCTURE,63,0.9991924776528007
functional_ridge,5_6C_19PER_4_6C_NEWSTRUCTURE,64,0.9991609322885666
functional_ridge,5_6C_19PER_4_6C_NEWSTRUCTURE,65,0.9991288989265444
functional_ridge,5_6C_19PER_4_6C_NEWSTRUCTURE,66,0.9990963993945582
functional_ridge,5_6C_19PER_4_6C_NEWSTRUCTURE,67,0.9990634555204312
functional_ridge,5_6C_19PER_4_6C_NEWSTRUCTURE,68,0.9990300891319867
functional_ridge,5_6C_19PER_4_6C_NEWSTRUCTURE,69,0.998996322057048
functional_ridge,5_6C_19PER_4_6C_NEWSTRUCTURE,70,0.998962176123439
functional_ridge,5_6C_19PER_4_6C_NEWSTRUCTURE,71,0.9989276731589826
functional_ridge,5_6C_19PER_4_6C_NEWSTRUCTURE,72,0.9988928349915023
functional_ridge,5_6C_19PER_4_6C_NEWSTRUCTURE,73,0.9988576834488219
functional_ridge,5_6C_19PER_4_6C_NEWSTRUCTURE,74,0.9988222403587642
functional_ridge,5_6C_19PER_4_6C_NEWSTRUCTURE,75,0.9987865275491531
functional_ridge,5_6C_19PER_4_6C_NEWSTRUCTURE,76,0.9987505668478119
functional_ridge,5_6C_19PER_4_6C_NEWSTRUCTURE,77,0.9987143800825639
functional_ridge,5_6C_19PER_4_6C_NEWSTRUCTURE,78,0.9986779890812324
functional_ridge,5_6C_19PER_4_6C_NEWSTRUCTURE,79,0.9986414156716412
functional_ridge,5_6C_19PER_4_6C_NEWSTRUCTURE,80,0.9986046816816133
functional_ridge,5_6C_19PER_4_6C_NEWSTRUCTURE,81,0.9985678089389722
functional_ridge,5_6C_19PER_4_6C_NEWSTRUCTURE,82,0.9985308192715415
functional_ridge,5_6C_19PER_4_6C_NEWSTRUCTURE,83,0.9984937345071446
functional_ridge,5_6C_19PER_4_6C_NEWSTRUCTURE,84,0.9984565764736049
functional_ridge,5_6C_19PER_4_6C_NEWSTRUCTURE,85,0.9984193669987453
functional_ridge,5_6C_19PER_4_6C_NEWSTRUCTURE,86,0.9983821279103898
functional_ridge,5_6C_19PER_4_6C_NEWSTRUCTURE,87,0.9983448810363618
functional_ridge,5_6C_19PER_4_6C_NEWSTRUCTURE,88,0.9983076482044841
functional_ridge,5_6C_19PER_4_6C_NEWSTRUCTURE,89,0.998270451242581
functional_ridge,5_6C_19PER_4_6C_NEWSTRUCTURE,90,0.9982333119784753
functional_ridge,5_6C_19PER_4_6C_NEWSTRUCTURE,91,0.9981962522399903
functional_ridge,5_6C_19PER_4_6C_NEWSTRUCTURE,92,0.99815929385495
functional_ridge,5_6C_19PER_4_6C_NEWSTRUCTURE,93,0.9981224586511772
functional_ridge,5_6C_19PER_4_6C_NEWSTRUCTURE,94,0.998085768456496
functional_ridge,5_6C_19PER_4_6C_NEWSTRUCTURE,95,0.998049245098729
functional_ridge,5_6C_19PER_4_6C_NEWSTRUCTURE,96,0.9980129104057001
functional_ridge,5_6C_19PER_4_6C_NEWSTRUCTURE,97,0.9979767862052328
functional_ridge,5_6C_19PER_4_6C_NEWSTRUCTURE,98,0.9979408943251502
functional_ridge,5_6C_19PER_4_6C_NEWSTRUCTURE,99,0.9979052565932758
functional_ridge,5_6C_19PER_4_6C_NEWSTRUCTURE,100,0.9978698948374329
functional_ridge,5_6C_19PER_4_6C_NEWSTRUCTURE,101,0.997834825034587
functional_ridge,5_6C_19PER_4_6C_NEWSTRUCTURE,102,0.9978000397582701
functional_ridge,5_6C_19PER_4_6C_NEWSTRUCTURE,103,0.9977655257311568
functional_ridge,5_6C_19PER_4_6C_NEWSTRUCTURE,104,0.9977312696759209
functional_ridge,5_6C_19PER_4_6C_NEWSTRUCTURE,105,0.9976972583152364
functional_ridge,5_6C_19PER_4_6C_NEWSTRUCTURE,106,0.9976634783717775
functional_ridge,5_6C_19PER_4_6C_NEWSTRUCTURE,107,0.9976299165682188
functional_ridge,5_6C_19PER_4_6C_NEWSTRUCTURE,108,0.9975965596272339
functional_ridge,5_6C_19PER_4_6C_NEWSTRUCTURE,109,0.9975633942714973
functional_ridge,5_6C_19PER_4_6C_NEWSTRUCTURE,110,0.9975304072236828
functional_ridge,5_6C_19PER_4_6C_NEWSTRUCTURE,111,0.9974975852064649
functional_ridge,5_6C_19PER_4_6C_NEWSTRUCTURE,112,0.9974649149425174
functional_ridge,5_6C_19PER_4_6C_NEWSTRUCTURE,113,0.9974323831545149
functional_ridge,5_6C_19PER_4_6C_NEWSTRUCTURE,114,0.997399976565131
functional_ridge,5_6C_19PER_4_6C_NEWSTRUCTURE,115,0.9973676818970403
functional_ridge,5_6C_19PER_4_6C_NEWSTRUCTURE,116,0.9973354858729165
functional_ridge,5_6C_19PER_4_6C_NEWSTRUCTURE,117,0.9973033752154339
functional_ridge,5_6C_19PER_4_6C_NEWSTRUCTURE,118,0.9972713366472666
functional_ridge,5_6C_19PER_4_6C_NEWSTRUCTURE,119,0.9972393568910892
functional_ridge,5_6C_19PER_4_6C_NEWSTRUCTURE,120,0.9972074226695752
functional_ridge,5_6C_19PER_4_6C_NEWSTRUCTURE,121,0.9971755207053993
functional_ridge,5_6C_19PER_4_6C_NEWSTRUCTURE,122,0.997143637721235
functional_ridge,5_6C_19PER_4_6C_NEWSTRUCTURE,123,0.997111760439757
functional_ridge,5_6C_19PER_4_6C_NEWSTRUCTURE,124,0.9970798755836391
functional_ridge,5_6C_19PER_4_6C_NEWSTRUCTURE,125,0.9970479698755556
functional_ridge,5_6C_19PER_4_6C_NEWSTRUCTURE,126,0.9970160300381807
functional_ridge,5_6C_19PER_4_6C_NEWSTRUCTURE,127,0.9969840427941883
functional_ridge,5_6C_19PER_4_6C_NEWSTRUCTURE,128,0.9969519948662526
functional_ridge,5_6C_19PER_4_6C_NEWSTRUCTURE,129,0.9969198729770482
functional_ridge,5_6C_19PER_4_6C_NEWSTRUCTURE,130,0.9968876638492487
functional_ridge,5_6C_19PER_4_6C_NEWSTRUCTURE,131,0.9968553542055281
functional_ridge,5_6C_19PER_4_6C_NEWSTRUCTURE,132,0.9968229307685611
functional_ridge,5_6C_19PER_4_6C_NEWSTRUCTURE,133,0.9967903802610214
functional_ridge,5_6C_19PER_4_6C_NEWSTRUCTURE,134,0.9967576894055834
functional_ridge,5_6C_19PER_4_6C_NEWSTRUCTURE,135,0.9967248449249212
functional_ridge,5_6C_19PER_4_6C_NEWSTRUCTURE,136,0.9966918335417088
functional_ridge,5_6C_19PER_4_6C_NEWSTRUCTURE,137,0.9966586419786205
functional_ridge,5_6C_19PER_4_6C_NEWSTRUCTURE,138,0.9966252569583303
functional_ridge,5_6C_19PER_4_6C_NEWSTRUCTURE,139,0.9965916652035124
functional_ridge,5_6C_19PER_4_6C_NEWSTRUCTURE,140,0.996557853436841
functional_ridge,5_6C_19PER_4_6C_NEWSTRUCTURE,141,0.9965238083809901
functional_ridge,5_6C_19PER_4_6C_NEWSTRUCTURE,142,0.996489516758634
functional_ridge,5_6C_19PER_4_6C_NEWSTRUCTURE,143,0.9964549652924466
functional_ridge,5_6C_19PER_4_6C_NEWSTRUCTURE,144,0.9964201407051023
functional_ridge,5_6C_19PER_4_6C_NEWSTRUCTURE,145,0.9963850297192751
functional_ridge,5_6C_19PER_4_6C_NEWSTRUCTURE,146,0.9963496190576392
functional_ridge,5_6C_19PER_4_6C_NEWSTRUCTURE,147,0.9963138954428687
functional_ridge,5_6C_19PER_4_6C_NEWSTRUCTURE,148,0.9962778455976379
functional_ridge,5_6C_19PER_4_6C_NEWSTRUCTURE,149,0.9962414562446205
functional_ridge,5_6C_19PER_4_6C_NEWSTRUCTURE,150,0.996204714106491
functional_ridge,5_6C_19PER_4_6C_NEWSTRUCTURE,151,0.9961676083322134
functional_ridge,5_6C_19PER_4_6C_NEWSTRUCTURE,152,0.9961301377759111
functional_ridge,5_6C_19PER_4_6C_NEWSTRUCTURE,153,0.9960923037179974
functional_ridge,5_6C_19PER_4_6C_NEWSTRUCTURE,154,0.9960541074388853
functional_ridge,5_6C_19PER_4_6C_NEWSTRUCTURE,155,0.9960155502189885
functional_ridge,5_6C_19PER_4_6C_NEWSTRUCTURE,156,0.9959766333387201
functional_ridge,5_6C_19PER_4_6C_NEWSTRUCTURE,157,0.9959373580784936
functional_ridge,5_6C_19PER_4_6C_NEWSTRUCTURE,158,0.9958977257187218
functional_ridge,5_6C_19PER_4_6C_NEWSTRUCTURE,159,0.9958577375398187
functional_ridge,5_6C_19PER_4_6C_NEWSTRUCTURE,160,0.9958173948221969
functional_ridge,5_6C_19PER_4_6C_NEWSTRUCTURE,161,0.9957766988462704
functional_ridge,5_6C_19PER_4_6C_NEWSTRUCTURE,162,0.9957356508924518
functional_ridge,5_6C_19PER_4_6C_NEWSTRUCTURE,163,0.9956942522411548
functional_ridge,5_6C_19PER_4_6C_NEWSTRUCTURE,164,0.9956525041727927
functional_ridge,5_6C_19PER_4_6C_NEWSTRUCTURE,165,0.9956104079677788
functional_ridge,5_6C_19PER_4_6C_NEWSTRUCTURE,166,0.9955679649065261
functional_ridge,5_6C_19PER_4_6C_NEWSTRUCTURE,167,0.9955251762694481
functional_ridge,5_6C_19PER_4_6C_NEWSTRUCTURE,168,0.9954820433369583
functional_ridge,5_6C_19PER_4_6C_NEWSTRUCTURE,169,0.9954385673894698
functional_ridge,5_6C_19PER_4_6C_NEWSTRUCTURE,170,0.9953947497073955
functional_ridge,5_6C_19PER_4_6C_NEWSTRUCTURE,171,0.9953505915711495
functional_ridge,5_6C_19PER_4_6C_NEWSTRUCTURE,172,0.9953060942611445
functional_ridge,5_6C_19PER_4_6C_NEWSTRUCTURE,173,0.9952612590577941
functional_ridge,5_6C_19PER_4_6C_NEWSTRUCTURE,174,0.9952160872415113
functional_ridge,5_6C_19PER_4_6C_NEWSTRUCTURE,175,0.9951705800927098
functional_ridge,5_6C_19PER_4_6C_NEWSTRUCTURE,176,0.9951247388918025
functional_ridge,5_6C_19PER_4_6C_NEWSTRUCTURE,177,0.9950785649192029
functional_ridge,5_6C_19PER_4_6C_NEWSTRUCTURE,178,0.9950320594553245
functional_ridge,5_6C_19PER_4_6C_NEWSTRUCTURE,179,0.9949852237805801
functional_ridge,5_6C_19PER_4_6C_NEWSTRUCTURE,180,0.9949380591753834
functional_ridge,5_6C_19PER_4_6C_NEWSTRUCTURE,181,0.9948905669201474
functional_ridge,5_6C_19PER_4_6C_NEWSTRUCTURE,182,0.9948427482952856
functional_ridge,5_6C_19PER_4_6C_NEWSTRUCTURE,183,0.9947946045812114
functional_ridge,5_6C_19PER_4_6C_NEWSTRUCTURE,184,0.9947461370583378
functional_ridge,5_6C_19PER_4_6C_NEWSTRUCTURE,185,0.9946973470070782
functional_ridge,5_6C_19PER_4_6C_NEWSTRUCTURE,186,0.9946482357078461
functional_ridge,5_6C_19PER_4_6C_NEWSTRUCTURE,187,0.9945988044410546
functional_ridge,5_6C_19PER_4_6C_NEWSTRUCTURE,188,0.994549054487117
functional_ridge,5_6C_19PER_4_6C_NEWSTRUCTURE,189,0.9944989871264467
functional_ridge,5_6C_19PER_4_6C_NEWSTRUCTURE,190,0.9944486036394568
functional_ridge,5_6C_19PER_4_6C_NEWSTRUCTURE,191,0.9943979053065608
functional_ridge,5_6C_19PER_4_6C_NEWSTRUCTURE,192,0.9943468934081718
functional_ridge,5_6C_19PER_4_6C_NEWSTRUCTURE,193,0.9942955692247033
functional_ridge,5_6C_19PER_4_6C_NEWSTRUCTURE,194,0.9942439340365684
functional_ridge,5_6C_19PER_4_6C_NEWSTRUCTURE,195,0.9941919891241808
functional_ridge,5_6C_19PER_4_6C_NEWSTRUCTURE,196,0.9941397357679532
functional_ridge,5_6C_19PER_4_6C_NEWSTRUCTURE,197,0.9940871752482994
functional_ridge,5_6C_19PER_4_6C_NEWSTRUCTURE,198,0.9940343088456324
functional_ridge,5_6C_19PER_4_6C_NEWSTRUCTURE,199,0.9939811378403656
functional_ridge,5_6C_19PER_4_6C_NEWSTRUCTURE,200,0.9939276635129123
functional_ridge,5_6C_36PER_4_3C_NEWSTRUCTURE,1,0.9982578109695228
functional_ridge,5_6C_36PER_4_3C_NEWSTRUCTURE,2,0.9983572890900169
functional_ridge,5_6C_36PER_4_3C_NEWSTRUCTURE,3,0.9984526943243559
functional_ridge,5_6C_36PER_4_3C_NEWSTRUCTURE,4,0.9985440956212543
functional_ridge,5_6C_36PER_4_3C_NEWSTRUCTURE,5,0.9986315619294264
functional_ridge,5_6C_36PER_4_3C_NEWSTRUCTURE,6,0.9987151621975863
functional_ridge,5_6C_36PER_4_3C_NEWSTRUCTURE,7,0.9987949653744483
functional_ridge,5_6C_36PER_4_3C_NEWSTRUCTURE,8,0.998871040408727
functional_ridge,5_6C_36PER_4_3C_NEWSTRUCTURE,9,0.9989434562491363
functional_ridge,5_6C_36PER_4_3C_NEWSTRUCTURE,10,0.9990122818443905
functional_ridge,5_6C_36PER_4_3C_NEWSTRUCTURE,11,0.999077586143204
functional_ridge,5_6C_36PER_4_3C_NEWSTRUCTURE,12,0.999139438094291
functional_ridge,5_6C_36PER_4_3C_NEWSTRUCTURE,13,0.9991979066463658
functional_ridge,5_6C_36PER_4_3C_NEWSTRUCTURE,14,0.9992530607481426
functional_ridge,5_6C_36PER_4_3C_NEWSTRUCTURE,15,0.9993049693483358
functional_ridge,5_6C_36PER_4_3C_NEWSTRUCTURE,16,0.9993537013956596
functional_ridge,5_6C_36PER_4_3C_NEWSTRUCTURE,17,0.9993993258388283
functional_ridge,5_6C_36PER_4_3C_NEWSTRUCTURE,18,0.9994419116265563
functional_ridge,5_6C_36PER_4_3C_NEWSTRUCTURE,19,0.9994815277075576
functional_ridge,5_6C_36PER_4_3C_NEWSTRUCTURE,20,0.9995182430305466
functional_ridge,5_6C_36PER_4_3C_NEWSTRUCTURE,21,0.9995521265442375
functional_ridge,5_6C_36PER_4_3C_NEWSTRUCTURE,22,0.9995832471973448
functional_ridge,5_6C_36PER_4_3C_NEWSTRUCTURE,23,0.9996116739385825
functional_ridge,5_6C_36PER_4_3C_NEWSTRUCTURE,24,0.9996374757166651
functional_ridge,5_6C_36PER_4_3C_NEWSTRUCTURE,25,0.9996607214803067
functional_ridge,5_6C_36PER_4_3C_NEWSTRUCTURE,26,0.9996814801782217
functional_ridge,5_6C_36PER_4_3C_NEWSTRUCTURE,27,0.9996998207591242
functional_ridge,5_6C_36PER_4_3C_NEWSTRUCTURE,28,0.9997158121717287
functional_ridge,5_6C_36PER_4_3C_NEWSTRUCTURE,29,0.9997295233647493
functional_ridge,5_6C_36PER_4_3C_NEWSTRUCTURE,30,0.9997410232869004
functional_ridge,5_6C_36PER_4_3C_NEWSTRUCTURE,31,0.9997503808868962
functional_ridge,5_6C_36PER_4_3C_NEWSTRUCTURE,32,0.9997576651134509
functional_ridge,5_6C_36PER_4_3C_NEWSTRUCTURE,33,0.9997629449152788
functional_ridge,5_6C_36PER_4_3C_NEWSTRUCTURE,34,0.9997662892410943
functional_ridge,5_6C_36PER_4_3C_NEWSTRUCTURE,35,0.9997677670396117
functional_ridge,5_6C_36PER_4_3C_NEWSTRUCTURE,36,0.999767447259545
functional_ridge,5_6C_36PER_4_3C_NEWSTRUCTURE,37,0.9997653988496087
functional_ridge,5_6C_36PER_4_3C_NEWSTRUCTURE,38,0.9997616907585171
functional_ridge,5_6C_36PER_4_3C_NEWSTRUCTURE,39,0.9997563919349842
functional_ridge,5_6C_36PER_4_3C_NEWSTRUCTURE,40,0.9997495713277246
functional_ridge,5_6C_36PER_4_3C_NEWSTRUCTURE,41,0.9997412978854524
functional_ridge,5_6C_36PER_4_3C_NEWSTRUCTURE,42,0.9997316405568819
functional_ridge,5_6C_36PER_4_3C_NEWSTRUCTURE,43,0.9997206682907274
functional_ridge,5_6C_36PER_4_3C_NEWSTRUCTURE,44,0.9997084500357033
functional_ridge,5_6C_36PER_4_3C_NEWSTRUCTURE,45,0.9996950547405236
functional_ridge,5_6C_36PER_4_3C_NEWSTRUCTURE,46,0.9996805513539025
functional_ridge,5_6C_36PER_4_3C_NEWSTRUCTURE,47,0.9996650088245547
functional_ridge,5_6C_36PER_4_3C_NEWSTRUCTURE,48,0.9996484961011941
functional_ridge,5_6C_36PER_4_3C_NEWSTRUCTURE,49,0.9996310821325352
functional_ridge,5_6C_36PER_4_3C_NEWSTRUCTURE,50,0.9996128358672921
functional_ridge,5_6C_36PER_4_3C_NEWSTRUCTURE,51,0.9995938182433691
functional_ridge,5_6C_36PER_4_3C_NEWSTRUCTURE,52,0.9995740581554308
functional_ridge,5_6C_36PER_4_3C_NEWSTRUCTURE,53,0.9995535764873311
functional_ridge,5_6C_36PER_4_3C_NEWSTRUCTURE,54,0.9995323941229249
functional_ridge,5_6C_36PER_4_3C_NEWSTRUCTURE,55,0.9995105319460662
functional_ridge,5_6C_36PER_4_3C_NEWSTRUCTURE,56,0.9994880108406095
functional_ridge,5_6C_36PER_4_3C_NEWSTRUCTURE,57,0.999464851690409
functional_ridge,5_6C_36PER_4_3C_NEWSTRUCTURE,58,0.9994410753793194
functional_ridge,5_6C_36PER_4_3C_NEWSTRUCTURE,59,0.9994167027911945
functional_ridge,5_6C_36PER_4_3C_NEWSTRUCTURE,60,0.9993917548098892
functional_ridge,5_6C_36PER_4_3C_NEWSTRUCTURE,61,0.9993662523192574
functional_ridge,5_6C_36PER_4_3C_NEWSTRUCTURE,62,0.9993402162031538
functional_ridge,5_6C_36PER_4_3C_NEWSTRUCTURE,63,0.9993136673454326
functional_ridge,5_6C_36PER_4_3C_NEWSTRUCTURE,64,0.9992866266299484
functional_ridge,5_6C_36PER_4_3C_NEWSTRUCTURE,65,0.999259114940555
functional_ridge,5_6C_36PER_4_3C_NEWSTRUCTURE,66,0.9992311531611074
functional_ridge,5_6C_36PER_4_3C_NEWSTRUCTURE,67,0.9992027621754596
functional_ridge,5_6C_36PER_4_3C_NEWSTRUCTURE,68,0.9991739628674658
functional_ridge,5_6C_36PER_4_3C_NEWSTRUCTURE,69,0.9991447761209807
functional_ridge,5_6C_36PER_4_3C_NEWSTRUCTURE,70,0.9991152228198587
functional_ridge,5_6C_36PER_4_3C_NEWSTRUCTURE,71,0.9990853238479539
functional_ridge,5_6C_36PER_4_3C_NEWSTRUCTURE,72,0.9990551000891208
functional_ridge,5_6C_36PER_4_3C_NEWSTRUCTURE,73,0.9990245724272137
functional_ridge,5_6C_36PER_4_3C_NEWSTRUCTURE,74,0.998993761746087
functional_ridge,5_6C_36PER_4_3C_NEWSTRUCTURE,75,0.9989626889295949
functional_ridge,5_6C_36PER_4_3C_NEWSTRUCTURE,76,0.9989313748615921
functional_ridge,5_6C_36PER_4_3C_NEWSTRUCTURE,77,0.9988998404259326
functional_ridge,5_6C_36PER_4_3C_NEWSTRUCTURE,78,0.9988681065064707
functional_ridge,5_6C_36PER_4_3C_NEWSTRUCTURE,79,0.9988361939870612
functional_ridge,5_6C_36PER_4_3C_NEWSTRUCTURE,80,0.998804123751558
functional_ridge,5_6C_36PER_4_3C_NEWSTRUCTURE,81,0.9987719166838159
functional_ridge,5_6C_36PER_4_3C_NEWSTRUCTURE,82,0.9987395936676889
functional_ridge,5_6C_36PER_4_3C_NEWSTRUCTURE,83,0.9987071755870317
functional_ridge,5_6C_36PER_4_3C_NEWSTRUCTURE,84,0.9986746833256981
functional_ridge,5_6C_36PER_4_3C_NEWSTRUCTURE,85,0.998642137767543
functional_ridge,5_6C_36PER_4_3C_NEWSTRUCTURE,86,0.9986095597964205
functional_ridge,5_6C_36PER_4_3C_NEWSTRUCTURE,87,0.998576970296185
functional_ridge,5_6C_36PER_4_3C_NEWSTRUCTURE,88,0.998544390150691
functional_ridge,5_6C_36PER_4_3C_NEWSTRUCTURE,89,0.9985118402437926
functional_ridge,5_6C_36PER_4_3C_NEWSTRUCTURE,90,0.998479341459344
functional_ridge,5_6C_36PER_4_3C_NEWSTRUCTURE,91,0.9984469146812003
functional_ridge,5_6C_36PER_4_3C_NEWSTRUCTURE,92,0.9984145807932151
functional_ridge,5_6C_36PER_4_3C_NEWSTRUCTURE,93,0.9983823606792434
functional_ridge,5_6C_36PER_4_3C_NEWSTRUCTURE,94,0.9983502752231387
functional_ridge,5_6C_36PER_4_3C_NEWSTRUCTURE,95,0.9983183453087562
functional_ridge,5_6C_36PER_4_3C_NEWSTRUCTURE,96,0.9982865918199498
functional_ridge,5_6C_36PER_4_3C_NEWSTRUCTURE,97,0.998255035640574
functional_ridge,5_6C_36PER_4_3C_NEWSTRUCTURE,98,0.9982236976544832
functional_ridge,5_6C_36PER_4_3C_NEWSTRUCTURE,99,0.9981925987455316
functional_ridge,5_6C_36PER_4_3C_NEWSTRUCTURE,100,0.9981617597975738
functional_ridge,5_6C_36PER_4_3C_NEWSTRUCTURE,101,0.9981311960955244
functional_ridge,5_6C_36PER_4_3C_NEWSTRUCTURE,102,0.9981009005285393
functional_ridge,5_6C_36PER_4_3C_NEWSTRUCTURE,103,0.998070860386836
functional_ridge,5_6C_36PER_4_3C_NEWSTRUCTURE,104,0.9980410629606311
functional_ridge,5_6C_36PER_4_3C_NEWSTRUCTURE,105,0.9980114955401409
functional_ridge,5_6C_36PER_4_3C_NEWSTRUCTURE,106,0.9979821454155824
functional_ridge,5_6C_36PER_4_3C_NEWSTRUCTURE,107,0.9979529998771723
functional_ridge,5_6C_36PER_4_3C_NEWSTRUCTURE,108,0.9979240462151271
functional_ridge,5_6C_36PER_4_3C_NEWSTRUCTURE,109,0.997895271719664
functional_ridge,5_6C_36PER_4_3C_NEWSTRUCTURE,110,0.9978666636809993
functional_ridge,5_6C_36PER_4_3C_NEWSTRUCTURE,111,0.9978382093893502
functional_ridge,5_6C_36PER_4_3C_NEWSTRUCTURE,112,0.9978098961349331
functional_ridge,5_6C_36PER_4_3C_NEWSTRUCTURE,113,0.9977817112079646
functional_ridge,5_6C_36PER_4_3C_NEWSTRUCTURE,114,0.9977536418986614
functional_ridge,5_6C_36PER_4_3C_NEWSTRUCTURE,115,0.9977256754972408
functional_ridge,5_6C_36PER_4_3C_NEWSTRUCTURE,116,0.9976977992939189
functional_ridge,5_6C_36PER_4_3C_NEWSTRUCTURE,117,0.9976700005789129
functional_ridge,5_6C_36PER_4_3C_NEWSTRUCTURE,118,0.9976422666424392
functional_ridge,5_6C_36PER_4_3C_NEWSTRUCTURE,119,0.9976145847747147
functional_ridge,5_6C_36PER_4_3C_NEWSTRUCTURE,120,0.9975869422659561
functional_ridge,5_6C_36PER_4_3C_NEWSTRUCTURE,121,0.99755932640638
functional_ridge,5_6C_36PER_4_3C_NEWSTRUCTURE,122,0.9975317244862031
functional_ridge,5_6C_36PER_4_3C_NEWSTRUCTURE,123,0.9975041237956425
functional_ridge,5_6C_36PER_4_3C_NEWSTRUCTURE,124,0.9974765116249147
functional_ridge,5_6C_36PER_4_3C_NEWSTRUCTURE,125,0.9974488752642364
functional_ridge,5_6C_36PER_4_3C_NEWSTRUCTURE,126,0.9974212020038244
functional_ridge,5_6C_36PER_4_3C_NEWSTRUCTURE,127,0.9973934791338954
functional_ridge,5_6C_36PER_4_3C_NEWSTRUCTURE,128,0.9973656939446659
functional_ridge,5_6C_36PER_4_3C_NEWSTRUCTURE,129,0.9973378337263531
functional_ridge,5_6C_36PER_4_3C_NEWSTRUCTURE,130,0.9973098857691732
functional_ridge,5_6C_36PER_4_3C_NEWSTRUCTURE,131,0.9972818373633435
functional_ridge,5_6C_36PER_4_3C_NEWSTRUCTURE,132,0.9972536757990804
functional_ridge,5_6C_36PER_4_3C_NEWSTRUCTURE,133,0.9972253883666005
functional_ridge,5_6C_36PER_4_3C_NEWSTRUCTURE,134,0.9971969623561208
functional_ridge,5_6C_36PER_4_3C_NEWSTRUCTURE,135,0.9971683850578579
functional_ridge,5_6C_36PER_4_3C_NEWSTRUCTURE,136,0.9971396437620287
functional_ridge,5_6C_36PER_4_3C_NEWSTRUCTURE,137,0.9971107257588496
functional_ridge,5_6C_36PER_4_3C_NEWSTRUCTURE,138,0.9970816183385378
functional_ridge,5_6C_36PER_4_3C_NEWSTRUCTURE,139,0.9970523087913096
functional_ridge,5_6C_36PER_4_3C_NEWSTRUCTURE,140,0.9970227844073817
functional_ridge,5_6C_36PER_4_3C_NEWSTRUCTURE,141,0.9969930324769711
functional_ridge,5_6C_36PER_4_3C_NEWSTRUCTURE,142,0.9969630402902946
functional_ridge,5_6C_36PER_4_3C_NEWSTRUCTURE,143,0.9969327951375686
functional_ridge,5_6C_36PER_4_3C_NEWSTRUCTURE,144,0.9969022843090101
functional_ridge,5_6C_36PER_4_3C_NEWSTRUCTURE,145,0.9968714950948359
functional_ridge,5_6C_36PER_4_3C_NEWSTRUCTURE,146,0.9968404147852622
functional_ridge,5_6C_36PER_4_3C_NEWSTRUCTURE,147,0.9968090306705064
functional_ridge,5_6C_36PER_4_3C_NEWSTRUCTURE,148,0.9967773300407847
functional_ridge,5_6C_36PER_4_3C_NEWSTRUCTURE,149,0.9967453001863141
functional_ridge,5_6C_36PER_4_3C_NEWSTRUCTURE,150,0.9967129283973115
functional_ridge,5_6C_36PER_4_3C_NEWSTRUCTURE,151,0.996680204481544
functional_ridge,5_6C_36PER_4_3C_NEWSTRUCTURE,152,0.9966471283169827
functional_ridge,5_6C_36PER_4_3C_NEWSTRUCTURE,153,0.9966137022991495
functional_ridge,5_6C_36PER_4_3C_NEWSTRUCTURE,154,0.9965799288235657
functional_ridge,5_6C_36PER_4_3C_NEWSTRUCTURE,155,0.9965458102857534
functional_ridge,5_6C_36PER_4_3C_NEWSTRUCTURE,156,0.9965113490812343
functional_ridge,5_6C_36PER_4_3C_NEWSTRUCTURE,157,0.9964765476055297
functional_ridge,5_6C_36PER_4_3C_NEWSTRUCTURE,158,0.9964414082541616
functional_ridge,5_6C_36PER_4_3C_NEWSTRUCTURE,159,0.9964059334226515
functional_ridge,5_6C_36PER_4_3C_NEWSTRUCTURE,160,0.9963701255065214
functional_ridge,5_6C_36PER_4_3C_NEWSTRUCTURE,161,0.9963339869012928
functional_ridge,5_6C_36PER_4_3C_NEWSTRUCTURE,162,0.9962975200024875
functional_ridge,5_6C_36PER_4_3C_NEWSTRUCTURE,163,0.9962607272056271
functional_ridge,5_6C_36PER_4_3C_NEWSTRUCTURE,164,0.9962236109062336
functional_ridge,5_6C_36PER_4_3C_NEWSTRUCTURE,165,0.9961861734998282
functional_ridge,5_6C_36PER_4_3C_NEWSTRUCTURE,166,0.996148417381933
functional_ridge,5_6C_36PER_4_3C_NEWSTRUCTURE,167,0.9961103449480695
functional_ridge,5_6C_36PER_4_3C_NEWSTRUCTURE,168,0.9960719585937595
functional_ridge,5_6C_36PER_4_3C_NEWSTRUCTURE,169,0.9960332607145248
functional_ridge,5_6C_36PER_4_3C_NEWSTRUCTURE,170,0.9959942537058868
functional_ridge,5_6C_36PER_4_3C_NEWSTRUCTURE,171,0.9959549399633676
functional_ridge,5_6C_36PER_4_3C_NEWSTRUCTURE,172,0.9959153218824887
functional_ridge,5_6C_36PER_4_3C_NEWSTRUCTURE,173,0.9958754018587717
functional_ridge,5_6C_36PER_4_3C_NEWSTRUCTURE,174,0.9958351822877384
functional_ridge,5_6C_36PER_4_3C_NEWSTRUCTURE,175,0.9957946655649107
functional_ridge,5_6C_36PER_4_3C_NEWSTRUCTURE,176,0.9957538540858099
functional_ridge,5_6C_36PER_4_3C_NEWSTRUCTURE,177,0.9957127502459581
functional_ridge,5_6C_36PER_4_3C_NEWSTRUCTURE,178,0.9956713564408767
functional_ridge,5_6C_36PER_4_3C_NEWSTRUCTURE,179,0.9956296750660875
functional_ridge,5_6C_36PER_4_3C_NEWSTRUCTURE,180,0.9955877085171122
functional_ridge,5_6C_36PER_4_3C_NEWSTRUCTURE,181,0.9955454591894728
functional_ridge,5_6C_36PER_4_3C_NEWSTRUCTURE,182,0.9955029294786905
functional_ridge,5_6C_36PER_4_3C_NEWSTRUCTURE,183,0.9954601217802873
functional_ridge,5_6C_36PER_4_3C_NEWSTRUCTURE,184,0.995417038489785
functional_ridge,5_6C_36PER_4_3C_NEWSTRUCTURE,185,0.995373682002705
functional_ridge,5_6C_36PER_4_3C_NEWSTRUCTURE,186,0.9953300547145691
functional_ridge,5_6C_36PER_4_3C_NEWSTRUCTURE,187,0.9952861590208992
functional_ridge,5_6C_36PER_4_3C_NEWSTRUCTURE,188,0.9952419973172169
functional_ridge,5_6C_36PER_4_3C_NEWSTRUCTURE,189,0.9951975719990438
functional_ridge,5_6C_36PER_4_3C_NEWSTRUCTURE,190,0.9951528854619017
functional_ridge,5_6C_36PER_4_3C_NEWSTRUCTURE,191,0.9951079401013122
functional_ridge,5_6C_36PER_4_3C_NEWSTRUCTURE,192,0.9950627383127971
functional_ridge,5_6C_36PER_4_3C_NEWSTRUCTURE,193,0.9950172824918783
functional_ridge,5_6C_36PER_4_3C_NEWSTRUCTURE,194,0.994971575034077
functional_ridge,5_6C_36PER_4_3C_NEWSTRUCTURE,195,0.9949256183349153
functional_ridge,5_6C_36PER_4_3C_NEWSTRUCTURE,196,0.9948794147899149
functional_ridge,5_6C_36PER_4_3C_NEWSTRUCTURE,197,0.9948329667945973
functional_ridge,5_6C_36PER_4_3C_NEWSTRUCTURE,198,0.9947862767444845
functional_ridge,5_6C_36PER_4_3C_NEWSTRUCTURE,199,0.9947393470350979
functional_ridge,5_6C_36PER_4_3C_NEWSTRUCTURE,200,0.9946921800619593
functional_ridge,4_8C_80PER_4_8C_NEWSTRUCTURE,1,0.9890323966211261
functional_ridge,4_8C_80PER_4_8C_NEWSTRUCTURE,2,0.9891323645834006
functional_ridge,4_8C_80PER_4_8C_NEWSTRUCTURE,3,0.9892288453436147
functional_ridge,4_8C_80PER_4_8C_NEWSTRUCTURE,4,0.9893218924923788
functional_ridge,4_8C_80PER_4_8C_NEWSTRUCTURE,5,0.9894115596203031
functional_ridge,4_8C_80PER_4_8C_NEWSTRUCTURE,6,0.9894979003179984
functional_ridge,4_8C_80PER_4_8C_NEWSTRUCTURE,7,0.989580968176075
functional_ridge,4_8C_80PER_4_8C_NEWSTRUCTURE,8,0.9896608167851433
functional_ridge,4_8C_80PER_4_8C_NEWSTRUCTURE,9,0.9897374997358137
functional_ridge,4_8C_80PER_4_8C_NEWSTRUCTURE,10,0.9898110706186969
functional_ridge,4_8C_80PER_4_8C_NEWSTRUCTURE,11,0.989881583024403
functional_ridge,4_8C_80PER_4_8C_NEWSTRUCTURE,12,0.9899490905435425
functional_ridge,4_8C_80PER_4_8C_NEWSTRUCTURE,13,0.990013646766726
functional_ridge,4_8C_80PER_4_8C_NEWSTRUCTURE,14,0.9900753052845638
functional_ridge,4_8C_80PER_4_8C_NEWSTRUCTURE,15,0.9901341196876664
functional_ridge,4_8C_80PER_4_8C_NEWSTRUCTURE,16,0.9901901435666444
functional_ridge,4_8C_80PER_4_8C_NEWSTRUCTURE,17,0.9902434305121078
functional_ridge,4_8C_80PER_4_8C_NEWSTRUCTURE,18,0.9902940341146674
functional_ridge,4_8C_80PER_4_8C_NEWSTRUCTURE,19,0.9903420079649337
functional_ridge,4_8C_80PER_4_8C_NEWSTRUCTURE,20,0.9903874056535167
functional_ridge,4_8C_80PER_4_8C_NEWSTRUCTURE,21,0.9904302807710272
functional_ridge,4_8C_80PER_4_8C_NEWSTRUCTURE,22,0.9904706869080756
functional_ridge,4_8C_80PER_4_8C_NEWSTRUCTURE,23,0.9905086776552724
functional_ridge,4_8C_80PER_4_8C_NEWSTRUCTURE,24,0.9905443066032278
functional_ridge,4_8C_80PER_4_8C_NEWSTRUCTURE,25,0.9905776273425523
functional_ridge,4_8C_80PER_4_8C_NEWSTRUCTURE,26,0.9906086934638565
functional_ridge,4_8C_80PER_4_8C_NEWSTRUCTURE,27,0.9906375585577506
functional_ridge,4_8C_80PER_4_8C_NEWSTRUCTURE,28,0.9906642762148453
functional_ridge,4_8C_80PER_4_8C_NEWSTRUCTURE,29,0.9906889000257509
functional_ridge,4_8C_80PER_4_8C_NEWSTRUCTURE,30,0.9907114835810779
functional_ridge,4_8C_80PER_4_8C_NEWSTRUCTURE,31,0.9907320804714366
functional_ridge,4_8C_80PER_4_8C_NEWSTRUCTURE,32,0.9907507442874375
functional_ridge,4_8C_80PER_4_8C_NEWSTRUCTURE,33,0.9907675286196911
functional_ridge,4_8C_80PER_4_8C_NEWSTRUCTURE,34,0.9907824870588078
functional_ridge,4_8C_80PER_4_8C_NEWSTRUCTURE,35,0.9907956731953981
functional_ridge,4_8C_80PER_4_8C_NEWSTRUCTURE,36,0.9908071406200724
functional_ridge,4_8C_80PER_4_8C_NEWSTRUCTURE,37,0.9908169429234409
functional_ridge,4_8C_80PER_4_8C_NEWSTRUCTURE,38,0.9908251336961144
functional_ridge,4_8C_80PER_4_8C_NEWSTRUCTURE,39,0.9908317665287032
functional_ridge,4_8C_80PER_4_8C_NEWSTRUCTURE,40,0.9908368950118176
functional_ridge,4_8C_80PER_4_8C_NEWSTRUCTURE,41,0.9908405727360682
functional_ridge,4_8C_80PER_4_8C_NEWSTRUCTURE,42,0.9908428532920656
functional_ridge,4_8C_80PER_4_8C_NEWSTRUCTURE,43,0.9908437902704198
functional_ridge,4_8C_80PER_4_8C_NEWSTRUCTURE,44,0.9908434372617415
functional_ridge,4_8C_80PER_4_8C_NEWSTRUCTURE,45,0.9908418478566412
functional_ridge,4_8C_80PER_4_8C_NEWSTRUCTURE,46,0.9908390756457292
functional_ridge,4_8C_80PER_4_8C_NEWSTRUCTURE,47,0.990835174219616
functional_ridge,4_8C_80PER_4_8C_NEWSTRUCTURE,48,0.9908301971689121
functional_ridge,4_8C_80PER_4_8C_NEWSTRUCTURE,49,0.9908241980842277
functional_ridge,4_8C_80PER_4_8C_NEWSTRUCTURE,50,0.9908172305561734
functional_ridge,4_8C_80PER_4_8C_NEWSTRUCTURE,51,0.9908093431918964
functional_ridge,4_8C_80PER_4_8C_NEWSTRUCTURE,52,0.9908005646646895
functional_ridge,4_8C_80PER_4_8C_NEWSTRUCTURE,53,0.9907909186643827
functional_ridge,4_8C_80PER_4_8C_NEWSTRUCTURE,54,0.9907804288808059
functional_ridge,4_8C_80PER_4_8C_NEWSTRUCTURE,55,0.9907691190037887
functional_ridge,4_8C_80PER_4_8C_NEWSTRUCTURE,56,0.9907570127231609
functional_ridge,4_8C_80PER_4_8C_NEWSTRUCTURE,57,0.9907441337287523
functional_ridge,4_8C_80PER_4_8C_NEWSTRUCTURE,58,0.9907305057103927
functional_ridge,4_8C_80PER_4_8C_NEWSTRUCTURE,59,0.9907161523579117
functional_ridge,4_8C_80PER_4_8C_NEWSTRUCTURE,60,0.9907010973611393
functional_ridge,4_8C_80PER_4_8C_NEWSTRUCTURE,61,0.9906853644099054
functional_ridge,4_8C_80PER_4_8C_NEWSTRUCTURE,62,0.9906689771940393
functional_ridge,4_8C_80PER_4_8C_NEWSTRUCTURE,63,0.9906519594033711
functional_ridge,4_8C_80PER_4_8C_NEWSTRUCTURE,64,0.9906343347277308
functional_ridge,4_8C_80PER_4_8C_NEWSTRUCTURE,65,0.9906161268569477
functional_ridge,4_8C_80PER_4_8C_NEWSTRUCTURE,66,0.9905973594808517
functional_ridge,4_8C_80PER_4_8C_NEWSTRUCTURE,67,0.9905780562892729
functional_ridge,4_8C_80PER_4_8C_NEWSTRUCTURE,68,0.9905582409720407
functional_ridge,4_8C_80PER_4_8C_NEWSTRUCTURE,69,0.9905379372189849
functional_ridge,4_8C_80PER_4_8C_NEWSTRUCTURE,70,0.9905171687199356
functional_ridge,4_8C_80PER_4_8C_NEWSTRUCTURE,71,0.9904959591647222
functional_ridge,4_8C_80PER_4_8C_NEWSTRUCTURE,72,0.9904743322431747
functional_ridge,4_8C_80PER_4_8C_NEWSTRUCTURE,73,0.9904523116451229
functional_ridge,4_8C_80PER_4_8C_NEWSTRUCTURE,74,0.9904299210603966
functional_ridge,4_8C_80PER_4_8C_NEWSTRUCTURE,75,0.9904071841788253
functional_ridge,4_8C_80PER_4_8C_NEWSTRUCTURE,76,0.990384124690239
functional_ridge,4_8C_80PER_4_8C_NEWSTRUCTURE,77,0.9903607662844673
functional_ridge,4_8C_80PER_4_8C_NEWSTRUCTURE,78,0.9903371326513403
functional_ridge,4_8C_80PER_4_8C_NEWSTRUCTURE,79,0.9903132474806875
functional_ridge,4_8C_80PER_4_8C_NEWSTRUCTURE,80,0.9902891344623389
functional_ridge,4_8C_80PER_4_8C_NEWSTRUCTURE,81,0.990264817286124
functional_ridge,4_8C_80PER_4_8C_NEWSTRUCTURE,82,0.9902403196418728
functional_ridge,4_8C_80PER_4_8C_NEWSTRUCTURE,83,0.990215665219415
functional_ridge,4_8C_80PER_4_8C_NEWSTRUCTURE,84,0.9901908777085802
functional_ridge,4_8C_80PER_4_8C_NEWSTRUCTURE,85,0.9901659807991984
functional_ridge,4_8C_80PER_4_8C_NEWSTRUCTURE,86,0.9901409981810994
functional_ridge,4_8C_80PER_4_8C_NEWSTRUCTURE,87,0.9901159535441129
functional_ridge,4_8C_80PER_4_8C_NEWSTRUCTURE,88,0.9900908705780687
functional_ridge,4_8C_80PER_4_8C_NEWSTRUCTURE,89,0.9900657729727964
functional_ridge,4_8C_80PER_4_8C_NEWSTRUCTURE,90,0.9900406844181261
functional_ridge,4_8C_80PER_4_8C_NEWSTRUCTURE,91,0.9900156286038873
functional_ridge,4_8C_80PER_4_8C_NEWSTRUCTURE,92,0.98999062921991
functional_ridge,4_8C_80PER_4_8C_NEWSTRUCTURE,93,0.9899657099560238
functional_ridge,4_8C_80PER_4_8C_NEWSTRUCTURE,94,0.9899408945020585
functional_ridge,4_8C_80PER_4_8C_NEWSTRUCTURE,95,0.989916206547844
functional_ridge,4_8C_80PER_4_8C_NEWSTRUCTURE,96,0.9898916697832099
functional_ridge,4_8C_80PER_4_8C_NEWSTRUCTURE,97,0.989867307897986
functional_ridge,4_8C_80PER_4_8C_NEWSTRUCTURE,98,0.9898431445820023
functional_ridge,4_8C_80PER_4_8C_NEWSTRUCTURE,99,0.9898192035250885
functional_ridge,4_8C_80PER_4_8C_NEWSTRUCTURE,100,0.9897955084170742
functional_ridge,4_8C_80PER_4_8C_NEWSTRUCTURE,101,0.989772077249985
functional_ridge,4_8C_80PER_4_8C_NEWSTRUCTURE,102,0.9897489052246294
functional_ridge,4_8C_80PER_4_8C_NEWSTRUCTURE,103,0.989725981844012
functional_ridge,4_8C_80PER_4_8C_NEWSTRUCTURE,104,0.9897032966111369
functional_ridge,4_8C_80PER_4_8C_NEWSTRUCTURE,105,0.9896808390290083
functional_ridge,4_8C_80PER_4_8C_NEWSTRUCTURE,106,0.9896585986006308
functional_ridge,4_8C_80PER_4_8C_NEWSTRUCTURE,107,0.9896365648290086
functional_ridge,4_8C_80PER_4_8C_NEWSTRUCTURE,108,0.989614727217146
functional_ridge,4_8C_80PER_4_8C_NEWSTRUCTURE,109,0.9895930752680473
functional_ridge,4_8C_80PER_4_8C_NEWSTRUCTURE,110,0.989571598484717
functional_ridge,4_8C_80PER_4_8C_NEWSTRUCTURE,111,0.9895502863701592
functional_ridge,4_8C_80PER_4_8C_NEWSTRUCTURE,112,0.9895291284273782
functional_ridge,4_8C_80PER_4_8C_NEWSTRUCTURE,113,0.9895081141593787
functional_ridge,4_8C_80PER_4_8C_NEWSTRUCTURE,114,0.9894872330691644
functional_ridge,4_8C_80PER_4_8C_NEWSTRUCTURE,115,0.9894664746597402
functional_ridge,4_8C_80PER_4_8C_NEWSTRUCTURE,116,0.9894458284341102
functional_ridge,4_8C_80PER_4_8C_NEWSTRUCTURE,117,0.9894252838952786
functional_ridge,4_8C_80PER_4_8C_NEWSTRUCTURE,118,0.9894048305462498
functional_ridge,4_8C_80PER_4_8C_NEWSTRUCTURE,119,0.9893844578900283
functional_ridge,4_8C_80PER_4_8C_NEWSTRUCTURE,120,0.9893641554296181
functional_ridge,4_8C_80PER_4_8C_NEWSTRUCTURE,121,0.9893439126680237
functional_ridge,4_8C_80PER_4_8C_NEWSTRUCTURE,122,0.9893237191082495
functional_ridge,4_8C_80PER_4_8C_NEWSTRUCTURE,123,0.9893035642532997
functional_ridge,4_8C_80PER_4_8C_NEWSTRUCTURE,124,0.9892834376061785
functional_ridge,4_8C_80PER_4_8C_NEWSTRUCTURE,125,0.9892633286698906
functional_ridge,4_8C_80PER_4_8C_NEWSTRUCTURE,126,0.98924322694744
functional_ridge,4_8C_80PER_4_8C_NEWSTRUCTURE,127,0.9892231219418312
functional_ridge,4_8C_80PER_4_8C_NEWSTRUCTURE,128,0.9892030031560684
functional_ridge,4_8C_80PER_4_8C_NEWSTRUCTURE,129,0.9891828600931557
functional_ridge,4_8C_80PER_4_8C_NEWSTRUCTURE,130,0.9891626822560978
functional_ridge,4_8C_80PER_4_8C_NEWSTRUCTURE,131,0.989142459147899
functional_ridge,4_8C_80PER_4_8C_NEWSTRUCTURE,132,0.9891221802715635
functional_ridge,4_8C_80PER_4_8C_NEWSTRUCTURE,133,0.9891018351300955
functional_ridge,4_8C_80PER_4_8C_NEWSTRUCTURE,134,0.9890814132264997
functional_ridge,4_8C_80PER_4_8C_NEWSTRUCTURE,135,0.98906090406378
functional_ridge,4_8C_80PER_4_8C_NEWSTRUCTURE,136,0.989040297144941
functional_ridge,4_8C_80PER_4_8C_NEWSTRUCTURE,137,0.9890195819729868
functional_ridge,4_8C_80PER_4_8C_NEWSTRUCTURE,138,0.9889987480509218
functional_ridge,4_8C_80PER_4_8C_NEWSTRUCTURE,139,0.9889777848817506
functional_ridge,4_8C_80PER_4_8C_NEWSTRUCTURE,140,0.988956681968477
functional_ridge,4_8C_80PER_4_8C_NEWSTRUCTURE,141,0.9889354288141058
functional_ridge,4_8C_80PER_4_8C_NEWSTRUCTURE,142,0.988914014921641
functional_ridge,4_8C_80PER_4_8C_NEWSTRUCTURE,143,0.9888924297940871
functional_ridge,4_8C_80PER_4_8C_NEWSTRUCTURE,144,0.9888706629344483
functional_ridge,4_8C_80PER_4_8C_NEWSTRUCTURE,145,0.9888487038457289
functional_ridge,4_8C_80PER_4_8C_NEWSTRUCTURE,146,0.9888265420309336
functional_ridge,4_8C_80PER_4_8C_NEWSTRUCTURE,147,0.9888041669930662
functional_ridge,4_8C_80PER_4_8C_NEWSTRUCTURE,148,0.9887815682351313
functional_ridge,4_8C_80PER_4_8C_NEWSTRUCTURE,149,0.9887587352601331
functional_ridge,4_8C_80PER_4_8C_NEWSTRUCTURE,150,0.9887356575710762
functional_ridge,4_8C_80PER_4_8C_NEWSTRUCTURE,151,0.9887123265143054
functional_ridge,4_8C_80PER_4_8C_NEWSTRUCTURE,152,0.9886887408095301
functional_ridge,4_8C_80PER_4_8C_NEWSTRUCTURE,153,0.9886649010198003
functional_ridge,4_8C_80PER_4_8C_NEWSTRUCTURE,154,0.9886408077081663
functional_ridge,4_8C_80PER_4_8C_NEWSTRUCTURE,155,0.9886164614376778
functional_ridge,4_8C_80PER_4_8C_NEWSTRUCTURE,156,0.988591862771385
functional_ridge,4_8C_80PER_4_8C_NEWSTRUCTURE,157,0.9885670122723378
functional_ridge,4_8C_80PER_4_8C_NEWSTRUCTURE,158,0.9885419105035866
functional_ridge,4_8C_80PER_4_8C_NEWSTRUCTURE,159,0.9885165580281813
functional_ridge,4_8C_80PER_4_8C_NEWSTRUCTURE,160,0.9884909554091719
functional_ridge,4_8C_80PER_4_8C_NEWSTRUCTURE,161,0.9884651032096083
functional_ridge,4_8C_80PER_4_8C_NEWSTRUCTURE,162,0.9884390019925409
functional_ridge,4_8C_80PER_4_8C_NEWSTRUCTURE,163,0.9884126523210197
functional_ridge,4_8C_80PER_4_8C_NEWSTRUCTURE,164,0.9883860547580946
functional_ridge,4_8C_80PER_4_8C_NEWSTRUCTURE,165,0.9883592098668157
functional_ridge,4_8C_80PER_4_8C_NEWSTRUCTURE,166,0.988332118210233
functional_ridge,4_8C_80PER_4_8C_NEWSTRUCTURE,167,0.9883047803513968
functional_ridge,4_8C_80PER_4_8C_NEWSTRUCTURE,168,0.9882771968533569
functional_ridge,4_8C_80PER_4_8C_NEWSTRUCTURE,169,0.9882493682791633
functional_ridge,4_8C_80PER_4_8C_NEWSTRUCTURE,170,0.9882212951918664
functional_ridge,4_8C_80PER_4_8C_NEWSTRUCTURE,171,0.988192978154516
functional_ridge,4_8C_80PER_4_8C_NEWSTRUCTURE,172,0.9881644177301624
functional_ridge,4_8C_80PER_4_8C_NEWSTRUCTURE,173,0.9881356144818554
functional_ridge,4_8C_80PER_4_8C_NEWSTRUCTURE,174,0.9881065689726451
functional_ridge,4_8C_80PER_4_8C_NEWSTRUCTURE,175,0.9880772817655816
functional_ridge,4_8C_80PER_4_8C_NEWSTRUCTURE,176,0.988047753423715
functional_ridge,4_8C_80PER_4_8C_NEWSTRUCTURE,177,0.9880179845100954
functional_ridge,4_8C_80PER_4_8C_NEWSTRUCTURE,178,0.9879879755877726
functional_ridge,4_8C_80PER_4_8C_NEWSTRUCTURE,179,0.987957727219797
functional_ridge,4_8C_80PER_4_8C_NEWSTRUCTURE,180,0.9879272399692184
functional_ridge,4_8C_80PER_4_8C_NEWSTRUCTURE,181,0.9878965143990869
functional_ridge,4_8C_80PER_4_8C_NEWSTRUCTURE,182,0.9878655510724527
functional_ridge,4_8C_80PER_4_8C_NEWSTRUCTURE,183,0.9878343505523658
functional_ridge,4_8C_80PER_4_8C_NEWSTRUCTURE,184,0.9878029134018763
functional_ridge,4_8C_80PER_4_8C_NEWSTRUCTURE,185,0.9877712401840341
functional_ridge,4_8C_80PER_4_8C_NEWSTRUCTURE,186,0.9877393314618892
functional_ridge,4_8C_80PER_4_8C_NEWSTRUCTURE,187,0.9877071877984919
functional_ridge,4_8C_80PER_4_8C_NEWSTRUCTURE,188,0.9876748097568923
functional_ridge,4_8C_80PER_4_8C_NEWSTRUCTURE,189,0.9876421979001403
functional_ridge,4_8C_80PER_4_8C_NEWSTRUCTURE,190,0.9876093527912858
functional_ridge,4_8C_80PER_4_8C_NEWSTRUCTURE,191,0.9875762749933793
functional_ridge,4_8C_80PER_4_8C_NEWSTRUCTURE,192,0.9875429650694703
functional_ridge,4_8C_80PER_4_8C_NEWSTRUCTURE,193,0.9875094235826093
functional_ridge,4_8C_80PER_4_8C_NEWSTRUCTURE,194,0.9874756510958462
functional_ridge,4_8C_80PER_4_8C_NEWSTRUCTURE,195,0.9874416481722312
functional_ridge,4_8C_80PER_4_8C_NEWSTRUCTURE,196,0.9874074153748141
functional_ridge,4_8C_80PER_4_8C_NEWSTRUCTURE,197,0.9873729532666451
functional_ridge,4_8C_80PER_4_8C_NEWSTRUCTURE,198,0.9873382624107743
functional_ridge,4_8C_80PER_4_8C_NEWSTRUCTURE,199,0.9873033433702517
functional_ridge,4_8C_80PER_4_8C_NEWSTRUCTURE,200,0.9872681967081273
functional_ridge,5C_67PER_4C_NEWSTRUCTURE,1,0.9980208736526001
functional_ridge,5C_67PER_4C_NEWSTRUCTURE,2,0.9981295140602655
functional_ridge,5C_67PER_4C_NEWSTRUCTURE,3,0.9982341317966511
functional_ridge,5C_67PER_4C_NEWSTRUCTURE,4,0.9983347927969873
functional_ridge,5C_67PER_4C_NEWSTRUCTURE,5,0.9984315629965047
functional_ridge,5C_67PER_4C_NEWSTRUCTURE,6,0.9985245083304339
functional_ridge,5C_67PER_4C_NEWSTRUCTURE,7,0.9986136947340054
functional_ridge,5C_67PER_4C_NEWSTRUCTURE,8,0.9986991881424498
functional_ridge,5C_67PER_4C_NEWSTRUCTURE,9,0.9987810544909977
functional_ridge,5C_67PER_4C_NEWSTRUCTURE,10,0.9988593597148796
functional_ridge,5C_67PER_4C_NEWSTRUCTURE,11,0.998934169749326
functional_ridge,5C_67PER_4C_NEWSTRUCTURE,12,0.9990055505295675
functional_ridge,5C_67PER_4C_NEWSTRUCTURE,13,0.9990735679908346
functional_ridge,5C_67PER_4C_NEWSTRUCTURE,14,0.9991382880683579
functional_ridge,5C_67PER_4C_NEWSTRUCTURE,15,0.9991997766973679
functional_ridge,5C_67PER_4C_NEWSTRUCTURE,16,0.9992580998130952
functional_ridge,5C_67PER_4C_NEWSTRUCTURE,17,0.9993133233507704
functional_ridge,5C_67PER_4C_NEWSTRUCTURE,18,0.999365513245624
functional_ridge,5C_67PER_4C_NEWSTRUCTURE,19,0.9994147354328863
functional_ridge,5C_67PER_4C_NEWSTRUCTURE,20,0.9994610558477884
functional_ridge,5C_67PER_4C_NEWSTRUCTURE,21,0.9995045404255604
functional_ridge,5C_67PER_4C_NEWSTRUCTURE,22,0.9995452551014331
functional_ridge,5C_67PER_4C_NEWSTRUCTURE,23,0.9995832658106367
functional_ridge,5C_67PER_4C_NEWSTRUCTURE,24,0.9996186384884023
functional_ridge,5C_67PER_4C_NEWSTRUCTURE,25,0.9996514390699599
functional_ridge,5C_67PER_4C_NEWSTRUCTURE,26,0.9996817334905405
functional_ridge,5C_67PER_4C_NEWSTRUCTURE,27,0.9997095876853742
functional_ridge,5C_67PER_4C_NEWSTRUCTURE,28,0.9997350675896919
functional_ridge,5C_67PER_4C_NEWSTRUCTURE,29,0.9997582391387242
functional_ridge,5C_67PER_4C_NEWSTRUCTURE,30,0.9997791682677013
functional_ridge,5C_67PER_4C_NEWSTRUCTURE,31,0.9997979209118542
functional_ridge,5C_67PER_4C_NEWSTRUCTURE,32,0.9998145630064129
functional_ridge,5C_67PER_4C_NEWSTRUCTURE,33,0.9998291604866085
functional_ridge,5C_67PER_4C_NEWSTRUCTURE,34,0.9998417792876712
functional_ridge,5C_67PER_4C_NEWSTRUCTURE,35,0.9998524853448317
functional_ridge,5C_67PER_4C_NEWSTRUCTURE,36,0.9998613445933203
functional_ridge,5C_67PER_4C_NEWSTRUCTURE,37,0.9998684229683681
functional_ridge,5C_67PER_4C_NEWSTRUCTURE,38,0.9998737864052051
functional_ridge,5C_67PER_4C_NEWSTRUCTURE,39,0.9998775008390621
functional_ridge,5C_67PER_4C_NEWSTRUCTURE,40,0.9998796322051695
functional_ridge,5C_67PER_4C_NEWSTRUCTURE,41,0.999880246438758
functional_ridge,5C_67PER_4C_NEWSTRUCTURE,42,0.9998794094750583
functional_ridge,5C_67PER_4C_NEWSTRUCTURE,43,0.9998771872493005
functional_ridge,5C_67PER_4C_NEWSTRUCTURE,44,0.9998736456967157
functional_ridge,5C_67PER_4C_NEWSTRUCTURE,45,0.999868850752534
functional_ridge,5C_67PER_4C_NEWSTRUCTURE,46,0.9998628683519861
functional_ridge,5C_67PER_4C_NEWSTRUCTURE,47,0.9998557644303026
functional_ridge,5C_67PER_4C_NEWSTRUCTURE,48,0.9998476049227141
functional_ridge,5C_67PER_4C_NEWSTRUCTURE,49,0.9998384557644509
functional_ridge,5C_67PER_4C_NEWSTRUCTURE,50,0.9998283828907438
functional_ridge,5C_67PER_4C_NEWSTRUCTURE,51,0.9998174446582833
functional_ridge,5C_67PER_4C_NEWSTRUCTURE,52,0.9998056691095984
functional_ridge,5C_67PER_4C_NEWSTRUCTURE,53,0.9997930767086795
functional_ridge,5C_67PER_4C_NEWSTRUCTURE,54,0.9997796879195153
functional_ridge,5C_67PER_4C_NEWSTRUCTURE,55,0.9997655232060959
functional_ridge,5C_67PER_4C_NEWSTRUCTURE,56,0.9997506030324105
functional_ridge,5C_67PER_4C_NEWSTRUCTURE,57,0.9997349478624487
functional_ridge,5C_67PER_4C_NEWSTRUCTURE,58,0.9997185781601998
functional_ridge,5C_67PER_4C_NEWSTRUCTURE,59,0.9997015143896537
functional_ridge,5C_67PER_4C_NEWSTRUCTURE,60,0.9996837770147996
functional_ridge,5C_67PER_4C_NEWSTRUCTURE,61,0.9996653864996269
functional_ridge,5C_67PER_4C_NEWSTRUCTURE,62,0.9996463633081252
functional_ridge,5C_67PER_4C_NEWSTRUCTURE,63,0.9996267279042843
functional_ridge,5C_67PER_4C_NEWSTRUCTURE,64,0.9996065007520931
functional_ridge,5C_67PER_4C_NEWSTRUCTURE,65,0.9995857023155419
functional_ridge,5C_67PER_4C_NEWSTRUCTURE,66,0.9995643530586191
functional_ridge,5C_67PER_4C_NEWSTRUCTURE,67,0.9995424734453152
functional_ridge,5C_67PER_4C_NEWSTRUCTURE,68,0.9995200839396196
functional_ridge,5C_67PER_4C_NEWSTRUCTURE,69,0.999497205005521
functional_ridge,5C_67PER_4C_NEWSTRUCTURE,70,0.9994738571070098
functional_ridge,5C_67PER_4C_NEWSTRUCTURE,71,0.9994500607080751
functional_ridge,5C_67PER_4C_NEWSTRUCTURE,72,0.9994258362727063
functional_ridge,5C_67PER_4C_NEWSTRUCTURE,73,0.999401204264893
functional_ridge,5C_67PER_4C_NEWSTRUCTURE,74,0.9993761851486248
functional_ridge,5C_67PER_4C_NEWSTRUCTURE,75,0.9993507993878911
functional_ridge,5C_67PER_4C_NEWSTRUCTURE,76,0.9993250674466814
functional_ridge,5C_67PER_4C_NEWSTRUCTURE,77,0.9992990097889851
functional_ridge,5C_67PER_4C_NEWSTRUCTURE,78,0.9992726468787918
functional_ridge,5C_67PER_4C_NEWSTRUCTURE,79,0.9992459991800912
functional_ridge,5C_67PER_4C_NEWSTRUCTURE,80,0.9992190871568725
functional_ridge,5C_67PER_4C_NEWSTRUCTURE,81,0.9991919312731252
functional_ridge,5C_67PER_4C_NEWSTRUCTURE,82,0.9991645519928389
functional_ridge,5C_67PER_4C_NEWSTRUCTURE,83,0.9991369697800033
functional_ridge,5C_67PER_4C_NEWSTRUCTURE,84,0.9991092050986077
functional_ridge,5C_67PER_4C_NEWSTRUCTURE,85,0.9990812784126414
functional_ridge,5C_67PER_4C_NEWSTRUCTURE,86,0.9990532101860943
functional_ridge,5C_67PER_4C_NEWSTRUCTURE,87,0.9990250208829554
functional_ridge,5C_67PER_4C_NEWSTRUCTURE,88,0.9989967309672148
functional_ridge,5C_67PER_4C_NEWSTRUCTURE,89,0.9989683609028613
functional_ridge,5C_67PER_4C_NEWSTRUCTURE,90,0.998939931153885
functional_ridge,5C_67PER_4C_NEWSTRUCTURE,91,0.9989114621842752
functional_ridge,5C_67PER_4C_NEWSTRUCTURE,92,0.9988829744580213
functional_ridge,5C_67PER_4C_NEWSTRUCTURE,93,0.998854488439113
functional_ridge,5C_67PER_4C_NEWSTRUCTURE,94,0.9988260245915395
functional_ridge,5C_67PER_4C_NEWSTRUCTURE,95,0.9987976033792906
functional_ridge,5C_67PER_4C_NEWSTRUCTURE,96,0.9987692452663556
functional_ridge,5C_67PER_4C_NEWSTRUCTURE,97,0.9987409707167241
functional_ridge,5C_67PER_4C_NEWSTRUCTURE,98,0.9987128001943856
functional_ridge,5C_67PER_4C_NEWSTRUCTURE,99,0.9986847541633295
functional_ridge,5C_67PER_4C_NEWSTRUCTURE,100,0.9986568530875453
functional_ridge,5C_67PER_4C_NEWSTRUCTURE,101,0.9986291125884785
functional_ridge,5C_67PER_4C_NEWSTRUCTURE,102,0.9986015289173985
functional_ridge,5C_67PER_4C_NEWSTRUCTURE,103,0.9985740934830302
functional_ridge,5C_67PER_4C_NEWSTRUCTURE,104,0.998546797694099
functional_ridge,5C_67PER_4C_NEWSTRUCTURE,105,0.9985196329593301
functional_ridge,5C_67PER_4C_NEWSTRUCTURE,106,0.9984925906874487
functional_ridge,5C_67PER_4C_NEWSTRUCTURE,107,0.9984656622871799
functional_ridge,5C_67PER_4C_NEWSTRUCTURE,108,0.998438839167249
functional_ridge,5C_67PER_4C_NEWSTRUCTURE,109,0.9984121127363811
functional_ridge,5C_67PER_4C_NEWSTRUCTURE,110,0.9983854744033015
functional_ridge,5C_67PER_4C_NEWSTRUCTURE,111,0.9983589155767354
functional_ridge,5C_67PER_4C_NEWSTRUCTURE,112,0.9983324276654078
functional_ridge,5C_67PER_4C_NEWSTRUCTURE,113,0.9983060020780443
functional_ridge,5C_67PER_4C_NEWSTRUCTURE,114,0.9982796302233697
functional_ridge,5C_67PER_4C_NEWSTRUCTURE,115,0.9982533035101094
functional_ridge,5C_67PER_4C_NEWSTRUCTURE,116,0.9982270133469886
functional_ridge,5C_67PER_4C_NEWSTRUCTURE,117,0.9982007511427327
functional_ridge,5C_67PER_4C_NEWSTRUCTURE,118,0.9981745083060664
functional_ridge,5C_67PER_4C_NEWSTRUCTURE,119,0.9981482762457151
functional_ridge,5C_67PER_4C_NEWSTRUCTURE,120,0.9981220463704045
functional_ridge,5C_67PER_4C_NEWSTRUCTURE,121,0.998095810088859
functional_ridge,5C_67PER_4C_NEWSTRUCTURE,122,0.9980695588098042
functional_ridge,5C_67PER_4C_NEWSTRUCTURE,123,0.9980432839419654
functional_ridge,5C_67PER_4C_NEWSTRUCTURE,124,0.9980169768940679
functional_ridge,5C_67PER_4C_NEWSTRUCTURE,125,0.9979906290748362
functional_ridge,5C_67PER_4C_NEWSTRUCTURE,126,0.9979642318929963
functional_ridge,5C_67PER_4C_NEWSTRUCTURE,127,0.9979377767572731
functional_ridge,5C_67PER_4C_NEWSTRUCTURE,128,0.9979112550763918
functional_ridge,5C_67PER_4C_NEWSTRUCTURE,129,0.9978846582590776
functional_ridge,5C_67PER_4C_NEWSTRUCTURE,130,0.9978579777140554
functional_ridge,5C_67PER_4C_NEWSTRUCTURE,131,0.997831204850051
functional_ridge,5C_67PER_4C_NEWSTRUCTURE,132,0.9978043310757891
functional_ridge,5C_67PER_4C_NEWSTRUCTURE,133,0.9977773477999955
functional_ridge,5C_67PER_4C_NEWSTRUCTURE,134,0.9977502464313946
functional_ridge,5C_67PER_4C_NEWSTRUCTURE,135,0.9977230183787121
functional_ridge,5C_67PER_4C_NEWSTRUCTURE,136,0.9976956550506731
functional_ridge,5C_67PER_4C_NEWSTRUCTURE,137,0.9976681478560029
functional_ridge,5C_67PER_4C_NEWSTRUCTURE,138,0.9976404882034265
functional_ridge,5C_67PER_4C_NEWSTRUCTURE,139,0.9976126675016693
functional_ridge,5C_67PER_4C_NEWSTRUCTURE,140,0.9975846771594564
functional_ridge,5C_67PER_4C_NEWSTRUCTURE,141,0.9975565085855129
functional_ridge,5C_67PER_4C_NEWSTRUCTURE,142,0.9975281531885644
functional_ridge,5C_67PER_4C_NEWSTRUCTURE,143,0.9974996023773353
functional_ridge,5C_67PER_4C_NEWSTRUCTURE,144,0.9974708475605518
functional_ridge,5C_67PER_4C_NEWSTRUCTURE,145,0.9974418801469382
functional_ridge,5C_67PER_4C_NEWSTRUCTURE,146,0.9974126915452204
functional_ridge,5C_67PER_4C_NEWSTRUCTURE,147,0.9973832731641235
functional_ridge,5C_67PER_4C_NEWSTRUCTURE,148,0.9973536164123721
functional_ridge,5C_67PER_4C_NEWSTRUCTURE,149,0.9973237126986921
functional_ridge,5C_67PER_4C_NEWSTRUCTURE,150,0.9972935534318083
functional_ridge,5C_67PER_4C_NEWSTRUCTURE,151,0.9972631318881499
functional_ridge,5C_67PER_4C_NEWSTRUCTURE,152,0.99723244881496
functional_ridge,5C_67PER_4C_NEWSTRUCTURE,153,0.9972015068271863
functional_ridge,5C_67PER_4C_NEWSTRUCTURE,154,0.9971703085397758
functional_ridge,5C_67PER_4C_NEWSTRUCTURE,155,0.9971388565676762
functional_ridge,5C_67PER_4C_NEWSTRUCTURE,156,0.9971071535258342
functional_ridge,5C_67PER_4C_NEWSTRUCTURE,157,0.9970752020291974
functional_ridge,5C_67PER_4C_NEWSTRUCTURE,158,0.9970430046927131
functional_ridge,5C_67PER_4C_NEWSTRUCTURE,159,0.9970105641313282
functional_ridge,5C_67PER_4C_NEWSTRUCTURE,160,0.9969778829599903
functional_ridge,5C_67PER_4C_NEWSTRUCTURE,161,0.9969449637936468
functional_ridge,5C_67PER_4C_NEWSTRUCTURE,162,0.9969118092472445
functional_ridge,5C_67PER_4C_NEWSTRUCTURE,163,0.9968784219357313
functional_ridge,5C_67PER_4C_NEWSTRUCTURE,164,0.9968448044740539
functional_ridge,5C_67PER_4C_NEWSTRUCTURE,165,0.9968109594771596
functional_ridge,5C_67PER_4C_NEWSTRUCTURE,166,0.996776889559996
functional_ridge,5C_67PER_4C_NEWSTRUCTURE,167,0.9967425973375101
functional_ridge,5C_67PER_4C_NEWSTRUCTURE,168,0.9967080854246493
functional_ridge,5C_67PER_4C_NEWSTRUCTURE,169,0.996673356436361
functional_ridge,5C_67PER_4C_NEWSTRUCTURE,170,0.996638412987592
functional_ridge,5C_67PER_4C_NEWSTRUCTURE,171,0.99660325769329
functional_ridge,5C_67PER_4C_NEWSTRUCTURE,172,0.9965678931684022
functional_ridge,5C_67PER_4C_NEWSTRUCTURE,173,0.9965323220278757
functional_ridge,5C_67PER_4C_NEWSTRUCTURE,174,0.9964965468866578
functional_ridge,5C_67PER_4C_NEWSTRUCTURE,175,0.9964605703596959
functional_ridge,5C_67PER_4C_NEWSTRUCTURE,176,0.9964243950619374
functional_ridge,5C_67PER_4C_NEWSTRUCTURE,177,0.9963880236083289
functional_ridge,5C_67PER_4C_NEWSTRUCTURE,178,0.9963514586138185
functional_ridge,5C_67PER_4C_NEWSTRUCTURE,179,0.9963147026933531
functional_ridge,5C_67PER_4C_NEWSTRUCTURE,180,0.9962777584618797
functional_ridge,5C_67PER_4C_NEWSTRUCTURE,181,0.9962406285343459
functional_ridge,5C_67PER_4C_NEWSTRUCTURE,182,0.9962033155256991
functional_ridge,5C_67PER_4C_NEWSTRUCTURE,183,0.9961658220508862
functional_ridge,5C_67PER_4C_NEWSTRUCTURE,184,0.9961281507248547
functional_ridge,5C_67PER_4C_NEWSTRUCTURE,185,0.9960903041625517
functional_ridge,5C_67PER_4C_NEWSTRUCTURE,186,0.9960522849789247
functional_ridge,5C_67PER_4C_NEWSTRUCTURE,187,0.9960140957889208
functional_ridge,5C_67PER_4C_NEWSTRUCTURE,188,0.9959757392074872
functional_ridge,5C_67PER_4C_NEWSTRUCTURE,189,0.9959372178495713
functional_ridge,5C_67PER_4C_NEWSTRUCTURE,190,0.9958985343301203
functional_ridge,5C_67PER_4C_NEWSTRUCTURE,191,0.9958596912640815
functional_ridge,5C_67PER_4C_NEWSTRUCTURE,192,0.9958206912664023
functional_ridge,5C_67PER_4C_NEWSTRUCTURE,193,0.9957815369520298
functional_ridge,5C_67PER_4C_NEWSTRUCTURE,194,0.9957422309359112
functional_ridge,5C_67PER_4C_NEWSTRUCTURE,195,0.9957027758329939
functional_ridge,5C_67PER_4C_NEWSTRUCTURE,196,0.9956631742582251
functional_ridge,5C_67PER_4C_NEWSTRUCTURE,197,0.9956234288265521
functional_ridge,5C_67PER_4C_NEWSTRUCTURE,198,0.9955835421529222
functional_ridge,5C_67PER_4C_NEWSTRUCTURE,199,0.9955435168522826
functional_ridge,5C_67PER_4C_NEWSTRUCTURE,200,0.9955033555395807
functional_ridge,5_3C_54PER_4C_NEWSTRUCTURE,1,0.9977786112354765
functional_ridge,5_3C_54PER_4C_NEWSTRUCTURE,2,0.9978877922307431
functional_ridge,5_3C_54PER_4C_NEWSTRUCTURE,3,0.997992960144757
functional_ridge,5_3C_54PER_4C_NEWSTRUCTURE,4,0.998094180004021
functional_ridge,5_3C_54PER_4C_NEWSTRUCTURE,5,0.9981915168350378
functional_ridge,5_3C_54PER_4C_NEWSTRUCTURE,6,0.9982850356643098
functional_ridge,5_3C_54PER_4C_NEWSTRUCTURE,7,0.9983748015183397
functional_ridge,5_3C_54PER_4C_NEWSTRUCTURE,8,0.9984608794236304
functional_ridge,5_3C_54PER_4C_NEWSTRUCTURE,9,0.998543334406684
functional_ridge,5_3C_54PER_4C_NEWSTRUCTURE,10,0.9986222314940036
functional_ridge,5_3C_54PER_4C_NEWSTRUCTURE,11,0.9986976357120915
functional_ridge,5_3C_54PER_4C_NEWSTRUCTURE,12,0.9987696120874505
functional_ridge,5_3C_54PER_4C_NEWSTRUCTURE,13,0.9988382256465832
functional_ridge,5_3C_54PER_4C_NEWSTRUCTURE,14,0.9989035414159921
functional_ridge,5_3C_54PER_4C_NEWSTRUCTURE,15,0.99896562442218
functional_ridge,5_3C_54PER_4C_NEWSTRUCTURE,16,0.9990245396916495
functional_ridge,5_3C_54PER_4C_NEWSTRUCTURE,17,0.999080352250903
functional_ridge,5_3C_54PER_4C_NEWSTRUCTURE,18,0.9991331271264433
functional_ridge,5_3C_54PER_4C_NEWSTRUCTURE,19,0.9991829293447732
functional_ridge,5_3C_54PER_4C_NEWSTRUCTURE,20,0.9992298239323949
functional_ridge,5_3C_54PER_4C_NEWSTRUCTURE,21,0.9992738759158114
functional_ridge,5_3C_54PER_4C_NEWSTRUCTURE,22,0.999315150321525
functional_ridge,5_3C_54PER_4C_NEWSTRUCTURE,23,0.9993537121760386
functional_ridge,5_3C_54PER_4C_NEWSTRUCTURE,24,0.9993896265058547
functional_ridge,5_3C_54PER_4C_NEWSTRUCTURE,25,0.9994229583374759
functional_ridge,5_3C_54PER_4C_NEWSTRUCTURE,26,0.999453772697405
functional_ridge,5_3C_54PER_4C_NEWSTRUCTURE,27,0.9994821346121444
functional_ridge,5_3C_54PER_4C_NEWSTRUCTURE,28,0.9995081091081967
functional_ridge,5_3C_54PER_4C_NEWSTRUCTURE,29,0.9995317612120647
functional_ridge,5_3C_54PER_4C_NEWSTRUCTURE,30,0.9995531559502511
functional_ridge,5_3C_54PER_4C_NEWSTRUCTURE,31,0.9995723583492582
functional_ridge,5_3C_54PER_4C_NEWSTRUCTURE,32,0.9995894334355887
functional_ridge,5_3C_54PER_4C_NEWSTRUCTURE,33,0.9996044462357455
functional_ridge,5_3C_54PER_4C_NEWSTRUCTURE,34,0.999617461776231
functional_ridge,5_3C_54PER_4C_NEWSTRUCTURE,35,0.9996285450835477
functional_ridge,5_3C_54PER_4C_NEWSTRUCTURE,36,0.9996377611841986
functional_ridge,5_3C_54PER_4C_NEWSTRUCTURE,37,0.999645175104686
functional_ridge,5_3C_54PER_4C_NEWSTRUCTURE,38,0.9996508518715125
functional_ridge,5_3C_54PER_4C_NEWSTRUCTURE,39,0.999654856511181
functional_ridge,5_3C_54PER_4C_NEWSTRUCTURE,40,0.999657254050194
functional_ridge,5_3C_54PER_4C_NEWSTRUCTURE,41,0.9996581095150538
functional_ridge,5_3C_54PER_4C_NEWSTRUCTURE,42,0.9996574879322637
functional_ridge,5_3C_54PER_4C_NEWSTRUCTURE,43,0.9996554543283258
functional_ridge,5_3C_54PER_4C_NEWSTRUCTURE,44,0.9996520737297427
functional_ridge,5_3C_54PER_4C_NEWSTRUCTURE,45,0.9996474111630174
functional_ridge,5_3C_54PER_4C_NEWSTRUCTURE,46,0.9996415316546523
functional_ridge,5_3C_54PER_4C_NEWSTRUCTURE,47,0.9996345002311497
functional_ridge,5_3C_54PER_4C_NEWSTRUCTURE,48,0.9996263819190129
functional_ridge,5_3C_54PER_4C_NEWSTRUCTURE,49,0.9996172417447441
functional_ridge,5_3C_54PER_4C_NEWSTRUCTURE,50,0.9996071447348458
functional_ridge,5_3C_54PER_4C_NEWSTRUCTURE,51,0.9995961486879236
functional_ridge,5_3C_54PER_4C_NEWSTRUCTURE,52,0.9995842824909927
functional_ridge,5_3C_54PER_4C_NEWSTRUCTURE,53,0.9995715678031714
functional_ridge,5_3C_54PER_4C_NEWSTRUCTURE,54,0.9995580262835778
functional_ridge,5_3C_54PER_4C_NEWSTRUCTURE,55,0.9995436795913303
functional_ridge,5_3C_54PER_4C_NEWSTRUCTURE,56,0.9995285493855462
functional_ridge,5_3C_54PER_4C_NEWSTRUCTURE,57,0.9995126573253448
functional_ridge,5_3C_54PER_4C_NEWSTRUCTURE,58,0.9994960250698434
functional_ridge,5_3C_54PER_4C_NEWSTRUCTURE,59,0.9994786742781601
functional_ridge,5_3C_54PER_4C_NEWSTRUCTURE,60,0.9994606266094135
functional_ridge,5_3C_54PER_4C_NEWSTRUCTURE,61,0.9994419037227216
functional_ridge,5_3C_54PER_4C_NEWSTRUCTURE,62,0.9994225272772024
functional_ridge,5_3C_54PER_4C_NEWSTRUCTURE,63,0.9994025189319741
functional_ridge,5_3C_54PER_4C_NEWSTRUCTURE,64,0.9993819003461545
functional_ridge,5_3C_54PER_4C_NEWSTRUCTURE,65,0.9993606931788626
functional_ridge,5_3C_54PER_4C_NEWSTRUCTURE,66,0.9993389190892156
functional_ridge,5_3C_54PER_4C_NEWSTRUCTURE,67,0.999316599736332
functional_ridge,5_3C_54PER_4C_NEWSTRUCTURE,68,0.9992937567793299
functional_ridge,5_3C_54PER_4C_NEWSTRUCTURE,69,0.9992704118773276
functional_ridge,5_3C_54PER_4C_NEWSTRUCTURE,70,0.999246586689443
functional_ridge,5_3C_54PER_4C_NEWSTRUCTURE,71,0.9992223028747946
functional_ridge,5_3C_54PER_4C_NEWSTRUCTURE,72,0.9991975820924999
functional_ridge,5_3C_54PER_4C_NEWSTRUCTURE,73,0.9991724460016775
functional_ridge,5_3C_54PER_4C_NEWSTRUCTURE,74,0.9991469162614456
functional_ridge,5_3C_54PER_4C_NEWSTRUCTURE,75,0.9991210145309217
functional_ridge,5_3C_54PER_4C_NEWSTRUCTURE,76,0.9990947624692249
functional_ridge,5_3C_54PER_4C_NEWSTRUCTURE,77,0.9990681817354727
functional_ridge,5_3C_54PER_4C_NEWSTRUCTURE,78,0.9990412939887832
functional_ridge,5_3C_54PER_4C_NEWSTRUCTURE,79,0.9990141208882747
functional_ridge,5_3C_54PER_4C_NEWSTRUCTURE,80,0.9989866840930652
functional_ridge,5_3C_54PER_4C_NEWSTRUCTURE,81,0.998959005262273
functional_ridge,5_3C_54PER_4C_NEWSTRUCTURE,82,0.9989311060550163
functional_ridge,5_3C_54PER_4C_NEWSTRUCTURE,83,0.9989030081304129
functional_ridge,5_3C_54PER_4C_NEWSTRUCTURE,84,0.9988747331475812
functional_ridge,5_3C_54PER_4C_NEWSTRUCTURE,85,0.9988463027656393
functional_ridge,5_3C_54PER_4C_NEWSTRUCTURE,86,0.9988177386437055
functional_ridge,5_3C_54PER_4C_NEWSTRUCTURE,87,0.9987890624408973
functional_ridge,5_3C_54PER_4C_NEWSTRUCTURE,88,0.9987602958163336
functional_ridge,5_3C_54PER_4C_NEWSTRUCTURE,89,0.9987314604291319
functional_ridge,5_3C_54PER_4C_NEWSTRUCTURE,90,0.9987025779384108
functional_ridge,5_3C_54PER_4C_NEWSTRUCTURE,91,0.9986736700032882
functional_ridge,5_3C_54PER_4C_NEWSTRUCTURE,92,0.9986447582828821
functional_ridge,5_3C_54PER_4C_NEWSTRUCTURE,93,0.9986158644363111
functional_ridge,5_3C_54PER_4C_NEWSTRUCTURE,94,0.9985870101226928
functional_ridge,5_3C_54PER_4C_NEWSTRUCTURE,95,0.9985582170011457
functional_ridge,5_3C_54PER_4C_NEWSTRUCTURE,96,0.9985295067307879
functional_ridge,5_3C_54PER_4C_NEWSTRUCTURE,97,0.9985009009707372
functional_ridge,5_3C_54PER_4C_NEWSTRUCTURE,98,0.9984724213801119
functional_ridge,5_3C_54PER_4C_NEWSTRUCTURE,99,0.9984440896180304
functional_ridge,5_3C_54PER_4C_NEWSTRUCTURE,100,0.9984159273436104
functional_ridge,5_3C_54PER_4C_NEWSTRUCTURE,101,0.9983879512142638
functional_ridge,5_3C_54PER_4C_NEWSTRUCTURE,102,0.9983601578805757
functional_ridge,5_3C_54PER_4C_NEWSTRUCTURE,103,0.9983325389914242
functional_ridge,5_3C_54PER_4C_NEWSTRUCTURE,104,0.9983050861956881
functional_ridge,5_3C_54PER_4C_NEWSTRUCTURE,105,0.9982777911422459
functional_ridge,5_3C_54PER_4C_NEWSTRUCTURE,106,0.9982506454799762
functional_ridge,5_3C_54PER_4C_NEWSTRUCTURE,107,0.998223640857757
functional_ridge,5_3C_54PER_4C_NEWSTRUCTURE,108,0.9981967689244675
functional_ridge,5_3C_54PER_4C_NEWSTRUCTURE,109,0.9981700213289856
functional_ridge,5_3C_54PER_4C_NEWSTRUCTURE,110,0.9981433897201905
functional_ridge,5_3C_54PER_4C_NEWSTRUCTURE,111,0.9981168657469599
functional_ridge,5_3C_54PER_4C_NEWSTRUCTURE,112,0.9980904410581728
functional_ridge,5_3C_54PER_4C_NEWSTRUCTURE,113,0.9980641073027073
functional_ridge,5_3C_54PER_4C_NEWSTRUCTURE,114,0.9980378561294424
functional_ridge,5_3C_54PER_4C_NEWSTRUCTURE,115,0.9980116791872564
functional_ridge,5_3C_54PER_4C_NEWSTRUCTURE,116,0.9979855681250278
functional_ridge,5_3C_54PER_4C_NEWSTRUCTURE,117,0.9979595145916348
functional_ridge,5_3C_54PER_4C_NEWSTRUCTURE,118,0.9979335102359566
functional_ridge,5_3C_54PER_4C_NEWSTRUCTURE,119,0.997907546706871
functional_ridge,5_3C_54PER_4C_NEWSTRUCTURE,120,0.9978816156532568
functional_ridge,5_3C_54PER_4C_NEWSTRUCTURE,121,0.9978557087239923
functional_ridge,5_3C_54PER_4C_NEWSTRUCTURE,122,0.9978298175679567
functional_ridge,5_3C_54PER_4C_NEWSTRUCTURE,123,0.9978039338340275
functional_ridge,5_3C_54PER_4C_NEWSTRUCTURE,124,0.9977780491710838
functional_ridge,5_3C_54PER_4C_NEWSTRUCTURE,125,0.9977521552280041
functional_ridge,5_3C_54PER_4C_NEWSTRUCTURE,126,0.997726243653667
functional_ridge,5_3C_54PER_4C_NEWSTRUCTURE,127,0.9977003060969505
functional_ridge,5_3C_54PER_4C_NEWSTRUCTURE,128,0.9976743342067333
functional_ridge,5_3C_54PER_4C_NEWSTRUCTURE,129,0.997648319631894
functional_ridge,5_3C_54PER_4C_NEWSTRUCTURE,130,0.9976222540213115
functional_ridge,5_3C_54PER_4C_NEWSTRUCTURE,131,0.9975961290238635
functional_ridge,5_3C_54PER_4C_NEWSTRUCTURE,132,0.997569936288429
functional_ridge,5_3C_54PER_4C_NEWSTRUCTURE,133,0.9975436674638866
functional_ridge,5_3C_54PER_4C_NEWSTRUCTURE,134,0.9975173141991143
functional_ridge,5_3C_54PER_4C_NEWSTRUCTURE,135,0.997490868142991
functional_ridge,5_3C_54PER_4C_NEWSTRUCTURE,136,0.9974643209443951
functional_ridge,5_3C_54PER_4C_NEWSTRUCTURE,137,0.9974376642522053
functional_ridge,5_3C_54PER_4C_NEWSTRUCTURE,138,0.9974108897152996
functional_ridge,5_3C_54PER_4C_NEWSTRUCTURE,139,0.9973839889825571
functional_ridge,5_3C_54PER_4C_NEWSTRUCTURE,140,0.9973569537028558
functional_ridge,5_3C_54PER_4C_NEWSTRUCTURE,141,0.9973297755250745
functional_ridge,5_3C_54PER_4C_NEWSTRUCTURE,142,0.9973024460980915
functional_ridge,5_3C_54PER_4C_NEWSTRUCTURE,143,0.9972749570707856
functional_ridge,5_3C_54PER_4C_NEWSTRUCTURE,144,0.997247300092035
functional_ridge,5_3C_54PER_4C_NEWSTRUCTURE,145,0.9972194668107184
functional_ridge,5_3C_54PER_4C_NEWSTRUCTURE,146,0.9971914488757142
functional_ridge,5_3C_54PER_4C_NEWSTRUCTURE,147,0.9971632379359008
functional_ridge,5_3C_54PER_4C_NEWSTRUCTURE,148,0.997134825640157
functional_ridge,5_3C_54PER_4C_NEWSTRUCTURE,149,0.9971062036373611
functional_ridge,5_3C_54PER_4C_NEWSTRUCTURE,150,0.9970773635763915
functional_ridge,5_3C_54PER_4C_NEWSTRUCTURE,151,0.9970482992957854
functional_ridge,5_3C_54PER_4C_NEWSTRUCTURE,152,0.9970190133927135
functional_ridge,5_3C_54PER_4C_NEWSTRUCTURE,153,0.9969895106540052
functional_ridge,5_3C_54PER_4C_NEWSTRUCTURE,154,0.9969597958664902
functional_ridge,5_3C_54PER_4C_NEWSTRUCTURE,155,0.996929873816997
functional_ridge,5_3C_54PER_4C_NEWSTRUCTURE,156,0.9968997492923557
functional_ridge,5_3C_54PER_4C_NEWSTRUCTURE,157,0.9968694270793952
functional_ridge,5_3C_54PER_4C_NEWSTRUCTURE,158,0.9968389119649452
functional_ridge,5_3C_54PER_4C_NEWSTRUCTURE,159,0.9968082087358346
functional_ridge,5_3C_54PER_4C_NEWSTRUCTURE,160,0.9967773221788934
functional_ridge,5_3C_54PER_4C_NEWSTRUCTURE,161,0.99674625708095
functional_ridge,5_3C_54PER_4C_NEWSTRUCTURE,162,0.9967150182288346
functional_ridge,5_3C_54PER_4C_NEWSTRUCTURE,163,0.9966836104093761
functional_ridge,5_3C_54PER_4C_NEWSTRUCTURE,164,0.9966520384094039
functional_ridge,5_3C_54PER_4C_NEWSTRUCTURE,165,0.9966203070157476
functional_ridge,5_3C_54PER_4C_NEWSTRUCTURE,166,0.996588421015236
functional_ridge,5_3C_54PER_4C_NEWSTRUCTURE,167,0.9965563851946989
functional_ridge,5_3C_54PER_4C_NEWSTRUCTURE,168,0.9965242043409656
functional_ridge,5_3C_54PER_4C_NEWSTRUCTURE,169,0.9964918832408651
functional_ridge,5_3C_54PER_4C_NEWSTRUCTURE,170,0.9964594266812274
functional_ridge,5_3C_54PER_4C_NEWSTRUCTURE,171,0.9964268394488812
functional_ridge,5_3C_54PER_4C_NEWSTRUCTURE,172,0.9963941263306559
functional_ridge,5_3C_54PER_4C_NEWSTRUCTURE,173,0.9963612921133811
functional_ridge,5_3C_54PER_4C_NEWSTRUCTURE,174,0.9963283415838861
functional_ridge,5_3C_54PER_4C_NEWSTRUCTURE,175,0.996295279529
functional_ridge,5_3C_54PER_4C_NEWSTRUCTURE,176,0.9962621107355526
functional_ridge,5_3C_54PER_4C_NEWSTRUCTURE,177,0.9962288399903727
functional_ridge,5_3C_54PER_4C_NEWSTRUCTURE,178,0.9961954720802901
functional_ridge,5_3C_54PER_4C_NEWSTRUCTURE,179,0.9961620117921339
functional_ridge,5_3C_54PER_4C_NEWSTRUCTURE,180,0.9961284639127335
functional_ridge,5_3C_54PER_4C_NEWSTRUCTURE,181,0.9960948332289181
functional_ridge,5_3C_54PER_4C_NEWSTRUCTURE,182,0.9960611245275172
functional_ridge,5_3C_54PER_4C_NEWSTRUCTURE,183,0.9960273425953601
functional_ridge,5_3C_54PER_4C_NEWSTRUCTURE,184,0.995993492219276
functional_ridge,5_3C_54PER_4C_NEWSTRUCTURE,185,0.9959595781860945
functional_ridge,5_3C_54PER_4C_NEWSTRUCTURE,186,0.9959256052826448
functional_ridge,5_3C_54PER_4C_NEWSTRUCTURE,187,0.9958915782957563
functional_ridge,5_3C_54PER_4C_NEWSTRUCTURE,188,0.9958575020122582
functional_ridge,5_3C_54PER_4C_NEWSTRUCTURE,189,0.9958233812189798
functional_ridge,5_3C_54PER_4C_NEWSTRUCTURE,190,0.9957892207027509
functional_ridge,5_3C_54PER_4C_NEWSTRUCTURE,191,0.9957550252504003
functional_ridge,5_3C_54PER_4C_NEWSTRUCTURE,192,0.9957207996487576
functional_ridge,5_3C_54PER_4C_NEWSTRUCTURE,193,0.9956865486846521
functional_ridge,5_3C_54PER_4C_NEWSTRUCTURE,194,0.9956522771449131
functional_ridge,5_3C_54PER_4C_NEWSTRUCTURE,195,0.99561798981637
functional_ridge,5_3C_54PER_4C_NEWSTRUCTURE,196,0.995583691485852
functional_ridge,5_3C_54PER_4C_NEWSTRUCTURE,197,0.9955493869401887
functional_ridge,5_3C_54PER_4C_NEWSTRUCTURE,198,0.9955150809662092
functional_ridge,5_3C_54PER_4C_NEWSTRUCTURE,199,0.9954807783507429
functional_ridge,5_3C_54PER_4C_NEWSTRUCTURE,200,0.9954464838806192
functional_ridge,3_7C_31PER_5_9C_NEWSTRUCTURE,1,1.0002708354952325
functional_ridge,3_7C_31PER_5_9C_NEWSTRUCTURE,2,1.0001856819764634
functional_ridge,3_7C_31PER_5_9C_NEWSTRUCTURE,3,1.0000976078770352
functional_ridge,3_7C_31PER_5_9C_NEWSTRUCTURE,4,1.000006658247766
functional_ridge,3_7C_31PER_5_9C_NEWSTRUCTURE,5,0.9999128781394728
functional_ridge,3_7C_31PER_5_9C_NEWSTRUCTURE,6,0.999816312602974
functional_ridge,3_7C_31PER_5_9C_NEWSTRUCTURE,7,0.9997170066890867
functional_ridge,3_7C_31PER_5_9C_NEWSTRUCTURE,8,0.999615005448629
functional_ridge,3_7C_31PER_5_9C_NEWSTRUCTURE,9,0.9995103539324185
functional_ridge,3_7C_31PER_5_9C_NEWSTRUCTURE,10,0.9994030971912727
functional_ridge,3_7C_31PER_5_9C_NEWSTRUCTURE,11,0.9992932802760094
functional_ridge,3_7C_31PER_5_9C_NEWSTRUCTURE,12,0.9991809482374463
functional_ridge,3_7C_31PER_5_9C_NEWSTRUCTURE,13,0.999066146126401
functional_ridge,3_7C_31PER_5_9C_NEWSTRUCTURE,14,0.9989489189936913
functional_ridge,3_7C_31PER_5_9C_NEWSTRUCTURE,15,0.9988293118901347
functional_ridge,3_7C_31PER_5_9C_NEWSTRUCTURE,16,0.998707369866549
functional_ridge,3_7C_31PER_5_9C_NEWSTRUCTURE,17,0.9985831379737519
functional_ridge,3_7C_31PER_5_9C_NEWSTRUCTURE,18,0.998456661262561
functional_ridge,3_7C_31PER_5_9C_NEWSTRUCTURE,19,0.998327984783794
functional_ridge,3_7C_31PER_5_9C_NEWSTRUCTURE,20,0.9981971535882687
functional_ridge,3_7C_31PER_5_9C_NEWSTRUCTURE,21,0.9980642127268026
functional_ridge,3_7C_31PER_5_9C_NEWSTRUCTURE,22,0.9979292072502135
functional_ridge,3_7C_31PER_5_9C_NEWSTRUCTURE,23,0.997792182209319
functional_ridge,3_7C_31PER_5_9C_NEWSTRUCTURE,24,0.9976531826549369
functional_ridge,3_7C_31PER_5_9C_NEWSTRUCTURE,25,0.9975122536378846
functional_ridge,3_7C_31PER_5_9C_NEWSTRUCTURE,26,0.9973694402089802
functional_ridge,3_7C_31PER_5_9C_NEWSTRUCTURE,27,0.9972247874190411
functional_ridge,3_7C_31PER_5_9C_NEWSTRUCTURE,28,0.997078340318885
functional_ridge,3_7C_31PER_5_9C_NEWSTRUCTURE,29,0.9969301439593296
functional_ridge,3_7C_31PER_5_9C_NEWSTRUCTURE,30,0.9967802433911926
functional_ridge,3_7C_31PER_5_9C_NEWSTRUCTURE,31,0.9966286836652918
functional_ridge,3_7C_31PER_5_9C_NEWSTRUCTURE,32,0.9964755098324445
functional_ridge,3_7C_31PER_5_9C_NEWSTRUCTURE,33,0.9963207669434688
functional_ridge,3_7C_31PER_5_9C_NEWSTRUCTURE,34,0.9961645000491822
functional_ridge,3_7C_31PER_5_9C_NEWSTRUCTURE,35,0.9960067542004024
functional_ridge,3_7C_31PER_5_9C_NEWSTRUCTURE,36,0.995847574447947
functional_ridge,3_7C_31PER_5_9C_NEWSTRUCTURE,37,0.9956870058426338
functional_ridge,3_7C_31PER_5_9C_NEWSTRUCTURE,38,0.9955250934352805
functional_ridge,3_7C_31PER_5_9C_NEWSTRUCTURE,39,0.9953618822767047
functional_ridge,3_7C_31PER_5_9C_NEWSTRUCTURE,40,0.9951974174177239
functional_ridge,3_7C_31PER_5_9C_NEWSTRUCTURE,41,0.9950317439091563
functional_ridge,3_7C_31PER_5_9C_NEWSTRUCTURE,42,0.994864906801819
functional_ridge,3_7C_31PER_5_9C_NEWSTRUCTURE,43,0.99469695114653
functional_ridge,3_7C_31PER_5_9C_NEWSTRUCTURE,44,0.9945279219941069
functional_ridge,3_7C_31PER_5_9C_NEWSTRUCTURE,45,0.9943578643953674
functional_ridge,3_7C_31PER_5_9C_NEWSTRUCTURE,46,0.9941868234011292
functional_ridge,3_7C_31PER_5_9C_NEWSTRUCTURE,47,0.99401484406221
functional_ridge,3_7C_31PER_5_9C_NEWSTRUCTURE,48,0.9938419714294272
functional_ridge,3_7C_31PER_5_9C_NEWSTRUCTURE,49,0.9936682505535989
functional_ridge,3_7C_31PER_5_9C_NEWSTRUCTURE,50,0.9934937264855426
functional_ridge,3_7C_31PER_5_9C_NEWSTRUCTURE,51,0.9933184399462784
functional_ridge,3_7C_31PER_5_9C_NEWSTRUCTURE,52,0.9931424143376377
functional_ridge,3_7C_31PER_5_9C_NEWSTRUCTURE,53,0.9929656687316533
functional_ridge,3_7C_31PER_5_9C_NEWSTRUCTURE,54,0.9927882222003592
functional_ridge,3_7C_31PER_5_9C_NEWSTRUCTURE,55,0.9926100938157885
functional_ridge,3_7C_31PER_5_9C_NEWSTRUCTURE,56,0.9924313026499751
functional_ridge,3_7C_31PER_5_9C_NEWSTRUCTURE,57,0.9922518677749521
functional_ridge,3_7C_31PER_5_9C_NEWSTRUCTURE,58,0.9920718082627533
functional_ridge,3_7C_31PER_5_9C_NEWSTRUCTURE,59,0.9918911431854122
functional_ridge,3_7C_31PER_5_9C_NEWSTRUCTURE,60,0.9917098916149618
functional_ridge,3_7C_31PER_5_9C_NEWSTRUCTURE,61,0.991528072623436
functional_ridge,3_7C_31PER_5_9C_NEWSTRUCTURE,62,0.991345705282868
functional_ridge,3_7C_31PER_5_9C_NEWSTRUCTURE,63,0.9911628086652917
functional_ridge,3_7C_31PER_5_9C_NEWSTRUCTURE,64,0.9909794018427404
functional_ridge,3_7C_31PER_5_9C_NEWSTRUCTURE,65,0.9907955038872475
functional_ridge,3_7C_31PER_5_9C_NEWSTRUCTURE,66,0.9906111338708464
functional_ridge,3_7C_31PER_5_9C_NEWSTRUCTURE,67,0.9904263108655708
functional_ridge,3_7C_31PER_5_9C_NEWSTRUCTURE,68,0.9902410539434541
functional_ridge,3_7C_31PER_5_9C_NEWSTRUCTURE,69,0.9900553821765296
functional_ridge,3_7C_31PER_5_9C_NEWSTRUCTURE,70,0.9898693146368313
functional_ridge,3_7C_31PER_5_9C_NEWSTRUCTURE,71,0.9896828703963919
functional_ridge,3_7C_31PER_5_9C_NEWSTRUCTURE,72,0.9894960685272456
functional_ridge,3_7C_31PER_5_9C_NEWSTRUCTURE,73,0.9893089281014253
functional_ridge,3_7C_31PER_5_9C_NEWSTRUCTURE,74,0.9891214681909652
functional_ridge,3_7C_31PER_5_9C_NEWSTRUCTURE,75,0.9889337078678984
functional_ridge,3_7C_31PER_5_9C_NEWSTRUCTURE,76,0.9887456662042581
functional_ridge,3_7C_31PER_5_9C_NEWSTRUCTURE,77,0.988557362272078
functional_ridge,3_7C_31PER_5_9C_NEWSTRUCTURE,78,0.9883688151433918
functional_ridge,3_7C_31PER_5_9C_NEWSTRUCTURE,79,0.9881800438902326
functional_ridge,3_7C_31PER_5_9C_NEWSTRUCTURE,80,0.9879910675846342
functional_ridge,3_7C_31PER_5_9C_NEWSTRUCTURE,81,0.9878019052986299
functional_ridge,3_7C_31PER_5_9C_NEWSTRUCTURE,82,0.9876125761042532
functional_ridge,3_7C_31PER_5_9C_NEWSTRUCTURE,83,0.987423099073538
functional_ridge,3_7C_31PER_5_9C_NEWSTRUCTURE,84,0.9872334932785171
functional_ridge,3_7C_31PER_5_9C_NEWSTRUCTURE,85,0.9870437777912245
functional_ridge,3_7C_31PER_5_9C_NEWSTRUCTURE,86,0.9868539716836933
functional_ridge,3_7C_31PER_5_9C_NEWSTRUCTURE,87,0.9866640940279573
functional_ridge,3_7C_31PER_5_9C_NEWSTRUCTURE,88,0.9864741638960498
functional_ridge,3_7C_31PER_5_9C_NEWSTRUCTURE,89,0.9862842003600042
functional_ridge,3_7C_31PER_5_9C_NEWSTRUCTURE,90,0.9860942224918543
functional_ridge,3_7C_31PER_5_9C_NEWSTRUCTURE,91,0.9859042493636335
functional_ridge,3_7C_31PER_5_9C_NEWSTRUCTURE,92,0.9857143000473749
functional_ridge,3_7C_31PER_5_9C_NEWSTRUCTURE,93,0.9855243936151127
functional_ridge,3_7C_31PER_5_9C_NEWSTRUCTURE,94,0.9853345491388794
functional_ridge,3_7C_31PER_5_9C_NEWSTRUCTURE,95,0.9851447856907095
functional_ridge,3_7C_31PER_5_9C_NEWSTRUCTURE,96,0.9849551223426358
functional_ridge,3_7C_31PER_5_9C_NEWSTRUCTURE,97,0.9847655781666922
functional_ridge,3_7C_31PER_5_9C_NEWSTRUCTURE,98,0.9845761722349118
functional_ridge,3_7C_31PER_5_9C_NEWSTRUCTURE,99,0.9843869236193283
functional_ridge,3_7C_31PER_5_9C_NEWSTRUCTURE,100,0.9841978513919751
functional_ridge,3_7C_31PER_5_9C_NEWSTRUCTURE,101,0.9840089707409013
functional_ridge,3_7C_31PER_5_9C_NEWSTRUCTURE,102,0.9838202813182167
functional_ridge,3_7C_31PER_5_9C_NEWSTRUCTURE,103,0.9836317788920471
functional_ridge,3_7C_31PER_5_9C_NEWSTRUCTURE,104,0.983443459230518
functional_ridge,3_7C_31PER_5_9C_NEWSTRUCTURE,105,0.9832553181017549
functional_ridge,3_7C_31PER_5_9C_NEWSTRUCTURE,106,0.9830673512738833
functional_ridge,3_7C_31PER_5_9C_NEWSTRUCTURE,107,0.982879554515029
functional_ridge,3_7C_31PER_5_9C_NEWSTRUCTURE,108,0.982691923593317
functional_ridge,3_7C_31PER_5_9C_NEWSTRUCTURE,109,0.9825044542768736
functional_ridge,3_7C_31PER_5_9C_NEWSTRUCTURE,110,0.9823171423338238
functional_ridge,3_7C_31PER_5_9C_NEWSTRUCTURE,111,0.9821299835322932
functional_ridge,3_7C_31PER_5_9C_NEWSTRUCTURE,112,0.9819429736404075
functional_ridge,3_7C_31PER_5_9C_NEWSTRUCTURE,113,0.9817561084262922
functional_ridge,3_7C_31PER_5_9C_NEWSTRUCTURE,114,0.9815693836580729
functional_ridge,3_7C_31PER_5_9C_NEWSTRUCTURE,115,0.981382795103875
functional_ridge,3_7C_31PER_5_9C_NEWSTRUCTURE,116,0.981196338531824
functional_ridge,3_7C_31PER_5_9C_NEWSTRUCTURE,117,0.9810100097100457
functional_ridge,3_7C_31PER_5_9C_NEWSTRUCTURE,118,0.9808238044066655
functional_ridge,3_7C_31PER_5_9C_NEWSTRUCTURE,119,0.9806377183898088
functional_ridge,3_7C_31PER_5_9C_NEWSTRUCTURE,120,0.9804517474276015
functional_ridge,3_7C_31PER_5_9C_NEWSTRUCTURE,121,0.980265887288169
functional_ridge,3_7C_31PER_5_9C_NEWSTRUCTURE,122,0.9800801337396365
functional_ridge,3_7C_31PER_5_9C_NEWSTRUCTURE,123,0.9798944825501301
functional_ridge,3_7C_31PER_5_9C_NEWSTRUCTURE,124,0.979708929487775
functional_ridge,3_7C_31PER_5_9C_NEWSTRUCTURE,125,0.9795234703206968
functional_ridge,3_7C_31PER_5_9C_NEWSTRUCTURE,126,0.979338100817021
functional_ridge,3_7C_31PER_5_9C_NEWSTRUCTURE,127,0.9791528167448734
functional_ridge,3_7C_31PER_5_9C_NEWSTRUCTURE,128,0.9789676138723793
functional_ridge,3_7C_31PER_5_9C_NEWSTRUCTURE,129,0.9787824879676642
functional_ridge,3_7C_31PER_5_9C_NEWSTRUCTURE,130,0.9785974347988537
functional_ridge,3_7C_31PER_5_9C_NEWSTRUCTURE,131,0.9784124501340736
functional_ridge,3_7C_31PER_5_9C_NEWSTRUCTURE,132,0.9782275297414491
functional_ridge,3_7C_31PER_5_9C_NEWSTRUCTURE,133,0.978042669389106
functional_ridge,3_7C_31PER_5_9C_NEWSTRUCTURE,134,0.9778578648451697
functional_ridge,3_7C_31PER_5_9C_NEWSTRUCTURE,135,0.9776731118777656
functional_ridge,3_7C_31PER_5_9C_NEWSTRUCTURE,136,0.9774884062550196
functional_ridge,3_7C_31PER_5_9C_NEWSTRUCTURE,137,0.9773037437450571
functional_ridge,3_7C_31PER_5_9C_NEWSTRUCTURE,138,0.9771191201160034
functional_ridge,3_7C_31PER_5_9C_NEWSTRUCTURE,139,0.9769345311359845
functional_ridge,3_7C_31PER_5_9C_NEWSTRUCTURE,140,0.9767499725731256
functional_ridge,3_7C_31PER_5_9C_NEWSTRUCTURE,141,0.9765654401955522
functional_ridge,3_7C_31PER_5_9C_NEWSTRUCTURE,142,0.9763809297713902
functional_ridge,3_7C_31PER_5_9C_NEWSTRUCTURE,143,0.976196437068765
functional_ridge,3_7C_31PER_5_9C_NEWSTRUCTURE,144,0.9760119578558019
functional_ridge,3_7C_31PER_5_9C_NEWSTRUCTURE,145,0.9758274879006267
functional_ridge,3_7C_31PER_5_9C_NEWSTRUCTURE,146,0.9756430229713648
functional_ridge,3_7C_31PER_5_9C_NEWSTRUCTURE,147,0.975458558836142
functional_ridge,3_7C_31PER_5_9C_NEWSTRUCTURE,148,0.9752740912630835
functional_ridge,3_7C_31PER_5_9C_NEWSTRUCTURE,149,0.975089616020315
functional_ridge,3_7C_31PER_5_9C_NEWSTRUCTURE,150,0.974905128875962
functional_ridge,3_7C_31PER_5_9C_NEWSTRUCTURE,151,0.9747206280101911
functional_ridge,3_7C_31PER_5_9C_NEWSTRUCTURE,152,0.9745361212513327
functional_ridge,3_7C_31PER_5_9C_NEWSTRUCTURE,153,0.9743516188397578
functional_ridge,3_7C_31PER_5_9C_NEWSTRUCTURE,154,0.9741671310158381
functional_ridge,3_7C_31PER_5_9C_NEWSTRUCTURE,155,0.9739826680199443
functional_ridge,3_7C_31PER_5_9C_NEWSTRUCTURE,156,0.973798240092448
functional_ridge,3_7C_31PER_5_9C_NEWSTRUCTURE,157,0.9736138574737204
functional_ridge,3_7C_31PER_5_9C_NEWSTRUCTURE,158,0.973429530404133
functional_ridge,3_7C_31PER_5_9C_NEWSTRUCTURE,159,0.9732452691240567
functional_ridge,3_7C_31PER_5_9C_NEWSTRUCTURE,160,0.973061083873863
functional_ridge,3_7C_31PER_5_9C_NEWSTRUCTURE,161,0.9728769848939232
functional_ridge,3_7C_31PER_5_9C_NEWSTRUCTURE,162,0.9726929824246084
functional_ridge,3_7C_31PER_5_9C_NEWSTRUCTURE,163,0.9725090867062901
functional_ridge,3_7C_31PER_5_9C_NEWSTRUCTURE,164,0.9723253079793395
functional_ridge,3_7C_31PER_5_9C_NEWSTRUCTURE,165,0.9721416564841278
functional_ridge,3_7C_31PER_5_9C_NEWSTRUCTURE,166,0.9719581424610261
functional_ridge,3_7C_31PER_5_9C_NEWSTRUCTURE,167,0.9717747761504059
functional_ridge,3_7C_31PER_5_9C_NEWSTRUCTURE,168,0.9715915677926386
functional_ridge,3_7C_31PER_5_9C_NEWSTRUCTURE,169,0.9714085276280952
functional_ridge,3_7C_31PER_5_9C_NEWSTRUCTURE,170,0.9712256658971472
functional_ridge,3_7C_31PER_5_9C_NEWSTRUCTURE,171,0.9710429928401655
functional_ridge,3_7C_31PER_5_9C_NEWSTRUCTURE,172,0.9708605186975219
functional_ridge,3_7C_31PER_5_9C_NEWSTRUCTURE,173,0.9706782537095873
functional_ridge,3_7C_31PER_5_9C_NEWSTRUCTURE,174,0.9704962081167332
functional_ridge,3_7C_31PER_5_9C_NEWSTRUCTURE,175,0.9703143921593307
functional_ridge,3_7C_31PER_5_9C_NEWSTRUCTURE,176,0.9701328160777511
functional_ridge,3_7C_31PER_5_9C_NEWSTRUCTURE,177,0.9699514901123657
functional_ridge,3_7C_31PER_5_9C_NEWSTRUCTURE,178,0.9697704245035458
functional_ridge,3_7C_31PER_5_9C_NEWSTRUCTURE,179,0.9695896294916625
functional_ridge,3_7C_31PER_5_9C_NEWSTRUCTURE,180,0.9694091153170874
functional_ridge,3_7C_31PER_5_9C_NEWSTRUCTURE,181,0.9692288922201916
functional_ridge,3_7C_31PER_5_9C_NEWSTRUCTURE,182,0.9690489704413462
functional_ridge,3_7C_31PER_5_9C_NEWSTRUCTURE,183,0.9688693602209227
functional_ridge,3_7C_31PER_5_9C_NEWSTRUCTURE,184,0.9686900717992925
functional_ridge,3_7C_31PER_5_9C_NEWSTRUCTURE,185,0.9685111154168264
functional_ridge,3_7C_31PER_5_9C_NEWSTRUCTURE,186,0.9683325013138961
functional_ridge,3_7C_31PER_5_9C_NEWSTRUCTURE,187,0.9681542397308728
functional_ridge,3_7C_31PER_5_9C_NEWSTRUCTURE,188,0.9679763409081277
functional_ridge,3_7C_31PER_5_9C_NEWSTRUCTURE,189,0.9677988150860319
functional_ridge,3_7C_31PER_5_9C_NEWSTRUCTURE,190,0.967621672504957
functional_ridge,3_7C_31PER_5_9C_NEWSTRUCTURE,191,0.9674449234052741
functional_ridge,3_7C_31PER_5_9C_NEWSTRUCTURE,192,0.9672685780273544
functional_ridge,3_7C_31PER_5_9C_NEWSTRUCTURE,193,0.9670926466115696
functional_ridge,3_7C_31PER_5_9C_NEWSTRUCTURE,194,0.9669171393982903
functional_ridge,3_7C_31PER_5_9C_NEWSTRUCTURE,195,0.9667420666278882
functional_ridge,3_7C_31PER_5_9C_NEWSTRUCTURE,196,0.9665674385407346
functional_ridge,3_7C_31PER_5_9C_NEWSTRUCTURE,197,0.9663932653772005
functional_ridge,3_7C_31PER_5_9C_NEWSTRUCTURE,198,0.9662195573776575
functional_ridge,3_7C_31PER_5_9C_NEWSTRUCTURE,199,0.9660463247824767
functional_ridge,3_7C_31PER_5_9C_NEWSTRUCTURE,200,0.9658735778320292
