Policy,Cycle,SOHEstimate,BootstrapSE,CI95Low,CI95High
3_6C-80PER_3_6C,1,0.998157878429649,0.002399809521738517,0.9947330353935647,1.0015827214657331
3_6C-80PER_3_6C,2,0.9983509826412543,0.0024040245879502764,0.9949201241526806,1.001781841129828
3_6C-80PER_3_6C,3,0.9985375562254356,0.0024082798216166733,0.9951006249601445,1.0019744874907264
3_6C-80PER_3_6C,4,0.9987177072168607,0.002412572755412435,0.9952746493718218,1.0021607650618995
3_6C-80PER_3_6C,5,0.9988915436501975,0.002416900922011969,0.9954423089435773,1.0023407783568177
3_6C-80PER_3_6C,6,0.9990591735601141,0.0024212618540895917,0.9956037152312766,1.0025146318889517
3_6C-80PER_3_6C,7,0.9992207049812782,0.0024256530843197914,0.9957589797907845,1.0026824301717718
3_6C-80PER_3_6C,8,0.9993762459483579,0.00243007214537708,0.9959082141779664,1.0028442777187492
3_6C-80PER_3_6C,9,0.9995259044960211,0.002434516569935995,0.9960515299486876,1.0030002790433545
3_6C-80PER_3_6C,10,0.9996697886589356,0.0024389838906709246,0.996189038658813,1.0031505386590585
3_6C-80PER_3_6C,11,0.9998080064717697,0.0024434716402561263,0.996320851864208,1.003295161079331
3_6C-80PER_3_6C,12,0.9999406659691908,0.0024479773513664768,0.9964470811207377,1.003434250817644
3_6C-80PER_3_6C,13,1.0000678751858674,0.002452498556676173,0.9965678379842672,1.0035679123874675
3_6C-80PER_3_6C,14,1.000189742156467,0.002457032788859854,0.9966832340106616,1.0036962503022722
3_6C-80PER_3_6C,15,1.0003063749156575,0.0024615775805917383,0.9967933807557864,1.0038193690755286
3_6C-80PER_3_6C,16,1.0004178814981073,0.002466130464546418,0.9968983897755065,1.0039373732207078
3_6C-80PER_3_6C,17,1.0005243699384838,0.002470688973398492,0.9969983726256871,1.0040503672512804
3_6C-80PER_3_6C,18,1.0006259482714552,0.002475250639822106,0.9970934408621936,1.0041584556807168
3_6C-80PER_3_6C,19,1.0007227245316894,0.002479812996492063,0.997183706040891,1.004261743022488
3_6C-80PER_3_6C,20,1.0008148067538545,0.002484373576082502,0.9972692797176445,1.0043603337900642
3_6C-80PER_3_6C,21,1.0009023029726183,0.0024889299112682258,0.9973502734483192,1.0044543324969168
3_6C-80PER_3_6C,22,1.0009853212226485,0.002493479534723558,0.9974267987887804,1.0045438436565164
3_6C-80PER_3_6C,23,1.0010639695386132,0.0024980199791227375,0.9974989672948934,1.004628971782333
3_6C-80PER_3_6C,24,1.0011383559551805,0.0025025487771405466,0.997566890522523,1.0047098213878376
3_6C-80PER_3_6C,25,1.001208588507018,0.0025070634614513462,0.9976306800275347,1.0047864969865012
3_6C-80PER_3_6C,26,1.001274775228794,0.0025115615647296374,0.9976904473657936,1.0048591030917944
3_6C-80PER_3_6C,27,1.0013370241551762,0.0025160406196498048,0.9977463040931648,1.0049277442171878
3_6C-80PER_3_6C,28,1.0013954433208327,0.0025204981588862613,0.9977983617655135,1.0049925248761515
3_6C-80PER_3_6C,29,1.0014501407604313,0.002524931715113456,0.9978467319387051,1.005053549582157
3_6C-80PER_3_6C,30,1.0015012245086399,0.0025293388210061545,0.9978915261686045,1.005110922848675
3_6C-80PER_3_6C,31,1.0015488026001265,0.0025337170092385787,0.997932856011077,1.005164749189176
3_6C-80PER_3_6C,32,1.001592983069559,0.0025380638124851565,0.9979708330219875,1.00521513311713
3_6C-80PER_3_6C,33,1.0016338739516053,0.0025423767634203736,0.9980055687572017,1.0052621791460086
3_6C-80PER_3_6C,34,1.0016715832809333,0.0025466533947188794,0.9980371747725845,1.0053059917892824
3_6C-80PER_3_6C,35,1.0017062190922112,0.0025508912390549746,0.9980657626240008,1.0053466755604215
3_6C-80PER_3_6C,36,1.0017378894201068,0.002555087829103128,0.9980914438673164,1.005384334972897
3_6C-80PER_3_6C,37,1.0017667022992878,0.002559240697537819,0.998114330058396,1.0054190745401796
3_6C-80PER_3_6C,38,1.0017927657644226,0.0025633473770334566,0.998134532753105,1.0054509987757398
3_6C-80PER_3_6C,39,1.0018161878501786,0.002567405400264712,0.9981521635073082,1.0054802121930486
3_6C-80PER_3_6C,40,1.001837076591224,0.002571412299905761,0.9981673338768714,1.0055068193055763
3_6C-80PER_3_6C,41,1.0018555400222267,0.0025753656086312856,0.9981801554176594,1.0055309246267938
3_6C-80PER_3_6C,42,1.0018716861778545,0.002579262859115554,0.9981907396855373,1.0055526326701716
3_6C-80PER_3_6C,43,1.0018856230927757,0.0025831015840333343,0.9981991982363705,1.0055720479491808
3_6C-80PER_3_6C,44,1.001897458801658,0.002586879316058794,0.9982056426260241,1.0055892749772917
3_6C-80PER_3_6C,45,1.001907301339169,0.002590593587866412,0.9982101844103634,1.0056044182679749
3_6C-80PER_3_6C,46,1.0019152587399773,0.002594241932130913,0.9982129351452531,1.0056175823347013
3_6C-80PER_3_6C,47,1.0019214390387505,0.002597821881526588,0.998214006386559,1.005628871690942
3_6C-80PER_3_6C,48,1.0019259502701565,0.0026013309687277866,0.998213509690146,1.005638390850167
3_6C-80PER_3_6C,49,1.0019289004688632,0.0026047667264092883,0.998211556611879,1.0056462443258471
3_6C-80PER_3_6C,50,1.0019303976695386,0.002608126687245194,0.9982082587076238,1.0056525366314533
3_6C-80PER_3_6C,51,1.0019305369857714,0.002611408539003358,0.9982037143908277,1.0056573595807152
3_6C-80PER_3_6C,52,1.0019293618468332,0.002614610589823792,0.9981979695052683,1.0056607541883984
3_6C-80PER_3_6C,53,1.0019269027609168,0.0026177313029397743,0.9981910567523058,1.0056627487695273
3_6C-80PER_3_6C,54,1.001923190236214,0.002620769141584493,0.9981830088333006,1.0056633716391268
3_6C-80PER_3_6C,55,1.0019182547809173,0.00262372256899139,0.9981738584496128,1.0056626511122218
3_6C-80PER_3_6C,56,1.0019121269032196,0.002626590048393743,0.9981636383026024,1.0056606155038368
3_6C-80PER_3_6C,57,1.001904837111313,0.0026293700430244397,0.9981523810936298,1.0056572931289958
3_6C-80PER_3_6C,58,1.0018964159133898,0.00263206101611705,0.9981401195240552,1.0056527123027243
3_6C-80PER_3_6C,59,1.0018868938176428,0.0026346614309048573,0.9981268862952384,1.0056469013400469
3_6C-80PER_3_6C,60,1.001876301332264,0.0026371697506209586,0.9981127141085401,1.005639888555988
3_6C-80PER_3_6C,61,1.0018646689654462,0.002639584438498678,0.9980976356653202,1.005631702265572
3_6C-80PER_3_6C,62,1.0018520272253815,0.0026419039577710965,0.998081683666939,1.0056223707838239
3_6C-80PER_3_6C,63,1.0018384066202626,0.002644126771671995,0.9980648908147561,1.0056119224257687
3_6C-80PER_3_6C,64,1.0018238376582815,0.0026462513434340087,0.9980472898101327,1.0056003855064302
3_6C-80PER_3_6C,65,1.001808350847631,0.0026482761362908707,0.9980289133544282,1.005587788340834
3_6C-80PER_3_6C,66,1.0017919766965035,0.0026501996134755436,0.998009794149003,1.005574159244004
3_6C-80PER_3_6C,67,1.0017747457130914,0.0026520202382213027,0.9979899648952175,1.005559526530965
3_6C-80PER_3_6C,68,1.001756688405587,0.002653736473761512,0.9979694582944317,1.0055439185167419
3_6C-80PER_3_6C,69,1.0017378352821826,0.0026553467833294155,0.9979483070480057,1.0055273635163593
3_6C-80PER_3_6C,70,1.0017182168510708,0.0026568496301584512,0.9979265438572995,1.005509889844842
3_6C-80PER_3_6C,71,1.001697863620444,0.00265824347748145,0.9979042014236738,1.0054915258172141
3_6C-80PER_3_6C,72,1.0016768060984949,0.002659526788531895,0.9978813124484884,1.0054722997485008
3_6C-80PER_3_6C,73,1.0016550747934152,0.002660698026543154,0.9978579096331036,1.0054522399537267
3_6C-80PER_3_6C,74,1.001632700213398,0.0026617556547484204,0.9978340256788797,1.0054313747479164
3_6C-80PER_3_6C,75,1.0016097128666355,0.0026626981363807745,0.9978096932871766,1.0054097324460942
3_6C-80PER_3_6C,76,1.00158614326132,0.0026635239346736567,0.9977849451593547,1.0053873413632852
3_6C-80PER_3_6C,77,1.001562021905644,0.002664231512860401,0.9977598139967738,1.005364229814514
3_6C-80PER_3_6C,78,1.0015373793078,0.0026648193341739855,0.9977343325007949,1.0053404261148053
3_6C-80PER_3_6C,79,1.0015122459759802,0.002665285861847774,0.9977085333727773,1.005315958579183
3_6C-80PER_3_6C,80,1.0014866524183774,0.00266562955911535,0.9976824493140816,1.0052908555226732
3_6C-80PER_3_6C,81,1.0014606291431836,0.002665848889209526,0.9976561130260679,1.0052651452602994
3_6C-80PER_3_6C,82,1.0014342066585917,0.0026659423153636663,0.9976295572100967,1.0052388561070866
3_6C-80PER_3_6C,83,1.0014074154727934,0.0026659083008112546,0.9976028145675276,1.0052120163780598
3_6C-80PER_3_6C,84,1.0013802860939818,0.0026657453087853508,0.9975759177997209,1.0051846543882428
3_6C-80PER_3_6C,85,1.0013528490303492,0.0026654518025192005,0.9975488996080372,1.005156798452661
3_6C-80PER_3_6C,86,1.0013251347900876,0.0026650262452460926,0.9975217926938363,1.0051284768863389
3_6C-80PER_3_6C,87,1.0012971738813898,0.002664467100199369,0.9974946297584785,1.005099718004301
3_6C-80PER_3_6C,88,1.001268996812448,0.002663772830612187,0.9974674435033238,1.005070550121572
3_6C-80PER_3_6C,89,1.0012406340914548,0.0026629418997177468,0.997440266629733,1.0050410015531765
3_6C-80PER_3_6C,90,1.0012121162266026,0.0026619727707495855,0.9974131318390657,1.0050111006141398
3_6C-80PER_3_6C,91,1.0011834737260839,0.0026608639069407337,0.9973860718326818,1.0049808756194856
3_6C-80PER_3_6C,92,1.0011547370980907,0.0026596137715244705,0.9973591193119422,1.0049503548842391
3_6C-80PER_3_6C,93,1.0011259368508159,0.0026582208277339796,0.997332306978207,1.004919566723425
3_6C-80PER_3_6C,94,1.0010971034924516,0.00265668353880279,0.9973056675328356,1.0048885394520677
3_6C-80PER_3_6C,95,1.0010682675311906,0.0026550003679638896,0.9972792336771891,1.0048573013851918
3_6C-80PER_3_6C,96,1.0010394594752248,0.0026531697784505006,0.9972530381126273,1.004825880837822
3_6C-80PER_3_6C,97,1.001010709832747,0.002651190233496101,0.9972271135405105,1.0047943061249833
3_6C-80PER_3_6C,98,1.0009820491119494,0.0026490601963340137,0.9972014926621984,1.0047626055617003
3_6C-80PER_3_6C,99,1.0009535078210248,0.002646778130197175,0.9971762081790517,1.0047308074629973
3_6C-80PER_3_6C,100,1.0009251164681647,0.00264434249831901,0.9971512927924306,1.0046989401438993
3_6C-80PER_3_6C,101,1.0008968982329403,0.0026417518742142252,0.9971267717176862,1.004667024748194
3_6C-80PER_3_6C,102,1.0008688469804305,0.0026390052725233436,0.9971026402261363,1.0046350537347246
3_6C-80PER_3_6C,103,1.0008409492470929,0.0026361018181682884,0.9970788861030887,1.004603012391097
3_6C-80PER_3_6C,104,1.0008131915693848,0.0026330406360710675,0.9970554971338524,1.0045708860049174
3_6C-80PER_3_6C,105,1.0007855604837634,0.002629820851153349,0.9970324611037356,1.004538659863791
3_6C-80PER_3_6C,106,1.0007580425266864,0.0026264415883372996,0.9970097657980471,1.0045063192553252
3_6C-80PER_3_6C,107,1.0007306242346106,0.0026229019725450054,0.9969873990020952,1.004473849467126
3_6C-80PER_3_6C,108,1.0007032921439933,0.002619201128698047,0.9969653485011885,1.0044412357867984
3_6C-80PER_3_6C,109,1.0006760327912925,0.0026153381817186267,0.9969436020806354,1.0044084635019495
3_6C-80PER_3_6C,110,1.000648832712965,0.0026113122565284094,0.9969221475257447,1.004375517900185
3_6C-80PER_3_6C,111,1.000621678445468,0.002607122478049878,0.9969009726218244,1.0043423842691115
3_6C-80PER_3_6C,112,1.000594556525259,0.0026027679712043645,0.9968800651541836,1.0043090478963344
3_6C-80PER_3_6C,113,1.0005674534887954,0.002598247860914086,0.9968594129081304,1.00427549406946
3_6C-80PER_3_6C,114,1.000540355872534,0.002593561272100865,0.9968390036689738,1.0042417080760948
3_6C-80PER_3_6C,115,1.0005132502129332,0.002588707329687003,0.9968188252220214,1.004207675203845
3_6C-80PER_3_6C,116,1.0004861230464495,0.002583685158594071,0.9967988653525826,1.0041733807403161
3_6C-80PER_3_6C,117,1.00045896090954,0.002578493883744058,0.9967791118459653,1.0041388099731143
3_6C-80PER_3_6C,118,1.0004317503386624,0.00257313263005903,0.9967595524874785,1.0041039481898462
3_6C-80PER_3_6C,119,1.000404477870274,0.002567600522460761,0.9967401750624305,1.0040687806781174
3_6C-80PER_3_6C,120,1.0003771300408322,0.0025618966858713898,0.9967209673561299,1.0040332927255347
3_6C-80PER_3_6C,121,1.0003496933867941,0.0025560202452127117,0.996701917153885,1.0039974696197034
3_6C-80PER_3_6C,122,1.0003221544446173,0.002549970325406701,0.9966830122410042,1.0039612966482299
3_6C-80PER_3_6C,123,1.0002944997507588,0.0025437460513751506,0.9966642404027968,1.0039247590987204
3_6C-80PER_3_6C,124,1.0002667158416758,0.002537346548040348,0.9966455894245705,1.0038878422587811
3_6C-80PER_3_6C,125,1.000238789253826,0.00253077094032409,0.9966270470916337,1.0038505314160182
3_6C-80PER_3_6C,126,1.0002107065236665,0.0025240183531482553,0.9966086011892955,1.0038128118580374
3_6C-80PER_3_6C,127,1.000182454187655,0.002517087911434645,0.9965902395028645,1.0037746688724452
3_6C-80PER_3_6C,128,1.000154018782248,0.0025099787401054664,0.9965719498176485,1.0037360877468473
3_6C-80PER_3_6C,129,1.0001253868439035,0.0025026899640825818,0.9965537199189566,1.0036970537688503
3_6C-80PER_3_6C,130,1.0000965449090786,0.0024952207082877586,0.9965355375920971,1.0036575522260598
3_6C-80PER_3_6C,131,1.0000674795142304,0.002487570097643202,0.9965173906223784,1.0036175684060824
3_6C-80PER_3_6C,132,1.0000381771958167,0.002479737257070847,0.9964992667951089,1.0035770875965242
3_6C-80PER_3_6C,133,1.0000086244902946,0.002471721311492207,0.9964811538955979,1.0035360950849908
3_6C-80PER_3_6C,134,0.999978807934121,0.0024635213858297767,0.9964630397091532,1.003494576159089
3_6C-80PER_3_6C,135,0.9999487140637537,0.002455136605005131,0.9964449120210833,1.003452516106424
3_6C-80PER_3_6C,136,0.9999183294156498,0.0024465660939401996,0.9964267586166969,1.0034099002146024
3_6C-80PER_3_6C,137,0.9998876405262669,0.002437808977557471,0.9964085672813024,1.0033667137712312
3_6C-80PER_3_6C,138,0.9998566339320617,0.0024288643807780126,0.9963903258002088,1.003322942063915
3_6C-80PER_3_6C,139,0.9998252961694925,0.00241973142852443,0.9963720219587239,1.0032785703802607
3_6C-80PER_3_6C,140,0.9997936137750155,0.0024104092457183416,0.9963536435421566,1.003233584007874
3_6C-80PER_3_6C,141,0.9997615732850886,0.002400896957281963,0.9963351783358152,1.0031879682343618
3_6C-80PER_3_6C,142,0.9997291612361692,0.0023911936881370085,0.9963166141250085,1.0031417083473297
3_6C-80PER_3_6C,143,0.9996963641647143,0.0023812985632053647,0.9962979386950449,1.0030947896343836
3_6C-80PER_3_6C,144,0.9996631686071813,0.0023712107074092058,0.9962791398312328,1.00304719738313
3_6C-80PER_3_6C,145,0.9996295611000279,0.002360929245670334,0.9962602053188805,1.0029989168811748
3_6C-80PER_3_6C,146,0.9995955281797108,0.0023504533029107405,0.996241122943297,1.0029499334161243
3_6C-80PER_3_6C,147,0.9995610563826876,0.0023397820040522432,0.9962218804897905,1.0029002322755842
3_6C-80PER_3_6C,148,0.9995261322454155,0.0023289144740168926,0.99620246574367,1.0028497987471612
3_6C-80PER_3_6C,149,0.9994907423043523,0.0023178498377266774,0.9961828664902433,1.0027986181184612
3_6C-80PER_3_6C,150,0.9994548730959547,0.0023065872201034313,0.9961630705148191,1.0027466756770897
3_6C-80PER_3_6C,151,0.9994185114393088,0.0022951236895266884,0.9961430688202908,1.0026939540583266
3_6C-80PER_3_6C,152,0.9993816452840151,0.00228344808820617,0.996122865279889,1.0026404252881411
3_6C-80PER_3_6C,153,0.9993442628623026,0.0022715472018092855,0.9961024669844292,1.0025860587401758
3_6C-80PER_3_6C,154,0.9993063524064004,0.0022594078160032916,0.9960818810247272,1.002530823788074
3_6C-80PER_3_6C,155,0.9992679021485376,0.0022470167164552915,0.9960611144915981,1.0024746898054768
3_6C-80PER_3_6C,156,0.9992289003209428,0.0022343606888327507,0.9960401744758576,1.002417626166028
3_6C-80PER_3_6C,157,0.9991893351558456,0.0022214265188031904,0.9960190680683207,1.00235960224337
3_6C-80PER_3_6C,158,0.9991491948854746,0.0022082009920336215,0.9959978023598037,1.0023005874111455
3_6C-80PER_3_6C,159,0.9991084677420592,0.0021946708941914697,0.9959763844411216,1.0022405510429968
3_6C-80PER_3_6C,160,0.9990671419578281,0.0021808230109438206,0.9959548214030897,1.002179462512566
3_6C-80PER_3_6C,161,0.9990252057650104,0.0021666441279582804,0.9959331203365239,1.0021172911934968
3_6C-80PER_3_6C,162,0.9989826473958353,0.0021521210309020694,0.9959112883322394,1.0020540064594312
3_6C-80PER_3_6C,163,0.9989394550825318,0.0021372405054425783,0.9958893324810515,1.001989577684012
3_6C-80PER_3_6C,164,0.9988956170573288,0.0021219893372467955,0.9958672598737761,1.0019239742408812
3_6C-80PER_3_6C,165,0.9988511215524554,0.002106354311982176,0.9958450776012286,1.0018571655036819
3_6C-80PER_3_6C,166,0.9988059568001407,0.002090322215316245,0.9958227927542241,1.0017891208460568
3_6C-80PER_3_6C,167,0.9987601110326136,0.0020738798329161196,0.9958004124235785,1.0017198096416484
3_6C-80PER_3_6C,168,0.998713572482103,0.0020570139504489183,0.9957779437001074,1.001649201264099
3_6C-80PER_3_6C,169,0.9986663293808384,0.0020397113535823254,0.9957553936746257,1.0015772650870516
3_6C-80PER_3_6C,170,0.9986183699610486,0.0020219588279835016,0.9957327694379491,1.0015039704841484
3_6C-80PER_3_6C,171,0.9985696824549626,0.0020037431593195425,0.9957100780808932,1.001429286829032
3_6C-80PER_3_6C,172,0.9985202550948095,0.001985051133257909,0.9956873266942736,1.0013531834953453
3_6C-80PER_3_6C,173,0.998470076112818,0.0019658695354660494,0.9956645223689055,1.001275629856731
3_6C-80PER_3_6C,174,0.9984191337412176,0.0019461851516111134,0.9956416721956041,1.0011965952868311
3_6C-80PER_3_6C,175,0.9983674162122371,0.0019259847673603983,0.9956187832651856,1.0011160491592888
3_6C-80PER_3_6C,176,0.9983149117581056,0.0019052551683812285,0.9955958626684652,1.0010339608477463
3_6C-80PER_3_6C,177,0.9982616086110523,0.0018839831403409289,0.9955729174962579,1.0009502997258461
3_6C-80PER_3_6C,178,0.9982074950033057,0.0018621554689066994,0.99554995483938,1.0008650351672312
3_6C-80PER_3_6C,179,0.9981525591670954,0.0018397589397459774,0.9955269817886465,1.0007781365455442
3_6C-80PER_3_6C,180,0.9980967893346502,0.001816780338526088,0.9955040054348727,1.0006895732344272
3_6C-80PER_3_6C,181,0.9980401737381989,0.0017932064509143513,0.9954810328688742,1.0005993146075234
3_6C-80PER_3_6C,182,0.997982700609971,0.001769024062577846,0.9954580711814669,1.0005073300384748
3_6C-80PER_3_6C,183,0.997924358182195,0.001744219959184068,0.9954351274634656,1.0004135889009242
3_6C-80PER_3_6C,184,0.9978651346871005,0.0017187809264003675,0.9954122088056863,1.0003180605685147
3_6C-80PER_3_6C,185,0.9978050183569163,0.0016926937498939086,0.9953893222989443,1.0002207144148882
3_6C-80PER_3_6C,186,0.9977439974238713,0.0016659452153318108,0.9953664750340551,1.000121519813687
3_6C-80PER_3_6C,187,0.9976820601201948,0.0016385221083819771,0.9953436741018341,1.0000204461385553
3_6C-80PER_3_6C,188,0.9976191946781154,0.0016104112147111013,0.9953209265930969,0.999917462763134
3_6C-80PER_3_6C,189,0.9975553893298627,0.0015815993199868946,0.9952982395986587,0.9998125390610665
3_6C-80PER_3_6C,190,0.9974906323076651,0.0015520732098763083,0.9952756202093355,0.999705644405995
3_6C-80PER_3_6C,191,0.9974249118437524,0.0015218196700469862,0.9952530755159421,0.9995967481715624
3_6C-80PER_3_6C,192,0.9973582161703529,0.0014908254861661326,0.9952306126092945,0.9994858197314114
3_6C-80PER_3_6C,193,0.997290533519696,0.0014590774439009423,0.9952082385802078,0.9993728284591842
3_6C-80PER_3_6C,194,0.9972218521240107,0.0014265623289185978,0.9951859605194979,0.9992577437285232
3_6C-80PER_3_6C,195,0.9971521602155261,0.0013932669268868192,0.9951637855179798,0.9991405349130718
3_6C-80PER_3_6C,196,0.9970814460264709,0.0013591780234725515,0.9951417206664697,0.9990211713864722
3_6C-80PER_3_6C,197,0.9970096977890746,0.001324282404343192,0.9951197730557823,0.9988996225223666
3_6C-80PER_3_6C,198,0.9969369037355658,0.0012885668551662456,0.995097949776733,0.9987758576943981
3_6C-80PER_3_6C,199,0.9968630520981738,0.0012520181616087931,0.9950762579201382,0.9986498462762095
3_6C-80PER_3_6C,200,0.9967881311091279,0.0012146231093381576,0.9950547045768127,0.9985215576414427
80PER_3_6C,1,0.9985361326138074,0.0009033067659977407,0.9972453421486918,0.9998269230789228
80PER_3_6C,2,0.9985499695567776,0.000815872772634988,0.9973841188897548,0.9997158202238002
80PER_3_6C,3,0.9985604866539979,0.0007300948988265464,0.9975172092542167,0.9996037640537789
80PER_3_6C,4,0.998567743770361,0.0006459433849646246,0.9976447156323001,0.9994907719084221
80PER_3_6C,5,0.9985718007707598,0.0005633884714418081,0.9977667404142264,0.9993768611272931
80PER_3_6C,6,0.9985727175200868,0.00048240039865010307,0.9978833859902185,0.9992620490499549
80PER_3_6C,7,0.9985705538832347,0.0004029494069821265,0.9979947547504981,0.9991463530159711
80PER_3_6C,8,0.9985653697250964,0.00032500573683016005,0.9981009490852876,0.999029790364905
80PER_3_6C,9,0.9985572249105644,0.0002485396285864458,0.9982020713848091,0.9989123784363197
80PER_3_6C,10,0.9985461793045315,0.00017352132264336102,0.9982982240392846,0.9987941345697784
80PER_3_6C,11,0.9985322927718905,9.992105939327736e-05,0.9983895094389365,0.9986750761048445
80PER_3_6C,12,0.9985156251775339,2.770907922849857e-05,0.9984760299739867,0.9985552203810811
80PER_3_6C,13,0.9984962363863547,4.314437745869574e-05,0.9984345847380516,0.9985578880346576
80PER_3_6C,14,0.9984741862632451,0.00011266907027591351,0.9983131865153191,0.9986351860111713
80PER_3_6C,15,0.9984495346730985,0.00018089475883080146,0.998191043052447,0.9987080262937499
80PER_3_6C,16,0.9984223414808071,0.0002478512027310807,0.9980681716889984,0.9987765112726156
80PER_3_6C,17,0.9983926665512638,0.0003135681615844416,0.9979445897645366,0.9988407433379906
80PER_3_6C,18,0.998360569749361,0.00037807539499844976,0.9978203146186251,0.998900824880097
80PER_3_6C,19,0.9983261109399919,0.00044140266258079435,0.9976953635908269,0.9989568582891569
80PER_3_6C,20,0.998289349988049,0.0005035797239391431,0.9975697540207054,0.9990089459553926
80PER_3_6C,21,0.998250346758425,0.0005646363386812218,0.9974435032478236,0.9990571902690261
80PER_3_6C,22,0.9982091611160124,0.0006246022664146983,0.9973166286117451,0.9991016936202799
80PER_3_6C,23,0.9981658529257043,0.0006835072667471442,0.9971891474520328,0.9991425583993756
80PER_3_6C,24,0.9981204820523931,0.0007413810992863417,0.9970610771082502,0.9991798869965359
80PER_3_6C,25,0.9980731083609716,0.000798253523639806,0.9969324349199606,0.9992137818019826
80PER_3_6C,26,0.9980237917163326,0.0008541542994153134,0.9968032382267271,0.999244345205938
80PER_3_6C,27,0.9979725919833687,0.0009091131862206836,0.9966735043681129,0.9992716795986245
80PER_3_6C,28,0.9979195690269727,0.0009631599436631491,0.9965432506836815,0.9992958873702636
80PER_3_6C,29,0.9978647827120372,0.0010163243313508039,0.996412494512996,0.9993170709110782
80PER_3_6C,30,0.9978082929034549,0.00106863610889105,0.9962812531956197,0.99933533261129
80PER_3_6C,31,0.9977501594661187,0.0011201250358917822,0.9961495440711157,0.9993507748611216
80PER_3_6C,32,0.997690442264921,0.001170820871960398,0.9960173844790474,0.9993635000507944
80PER_3_6C,33,0.9976292011647548,0.0012207533767048136,0.9958847917589781,0.9993736105705315
80PER_3_6C,34,0.9975664960305126,0.0012699523097324831,0.995751783250471,0.9993812088105541
80PER_3_6C,35,0.9975023867270874,0.001318447430651178,0.9956183762930894,0.9993863971610851
80PER_3_6C,36,0.9974369331193714,0.0013662684990686077,0.9954845882263964,0.9993892780123464
80PER_3_6C,37,0.9973701950722578,0.0014134452745923546,0.9953504363899554,0.9993899537545601
80PER_3_6C,38,0.9973022324506391,0.001460007516830186,0.9952159381233294,0.9993885267779485
80PER_3_6C,39,0.9972331051194081,0.001505984985389582,0.9950811107660822,0.9993850994727337
80PER_3_6C,40,0.9971628729434573,0.0015514074398784358,0.9949459716577767,0.9993797742291379
80PER_3_6C,41,0.9970915957876796,0.0015963046399041952,0.994810538137976,0.9993726534373829
80PER_3_6C,42,0.9970193335169676,0.0016407063450747373,0.9946748275462437,0.9993638394876916
80PER_3_6C,43,0.9969461459962141,0.001684642314997516,0.9945388572221429,0.9993534347702854
80PER_3_6C,44,0.9968720930903119,0.0017281423092803646,0.9944026445052366,0.9993415416753868
80PER_3_6C,45,0.9967972346641534,0.001771236087530947,0.9942662067350885,0.9993282625932182
80PER_3_6C,46,0.9967216305826315,0.0018139534093567819,0.9941295612512617,0.9993136999140013
80PER_3_6C,47,0.9966453407106389,0.001856324034365674,0.9939927253933194,0.9992979560279586
80PER_3_6C,48,0.9965684249130684,0.0018983777221651932,0.9938557165008247,0.9992811333253119
80PER_3_6C,49,0.9964909430548126,0.0019401442323632699,0.993718551913341,0.999263334196284
80PER_3_6C,50,0.9964129550007641,0.001981653324567095,0.9935812489704318,0.9992446610310962
80PER_3_6C,51,0.9963345112695853,0.0020229318524280803,0.9934438198179292,0.9992252027212412
80PER_3_6C,52,0.9962556249950164,0.0020639950457718363,0.9933062558267414,0.9992049941632916
80PER_3_6C,53,0.9961762999645674,0.0021048552284669473,0.9931685431740458,0.9991840567550888
80PER_3_6C,54,0.9960965399657479,0.002145524724382412,0.99303066803702,0.9991624118944759
80PER_3_6C,55,0.9960163487860679,0.0021860158573870207,0.9928926165928411,0.9991400809792943
80PER_3_6C,56,0.995935730213037,0.002226340951349851,0.9927543750186868,0.9991170854073873
80PER_3_6C,57,0.9958546880341653,0.0022665123301395126,0.9926159294917343,0.9990934465765963
80PER_3_6C,58,0.9957732260369624,0.002306542317625286,0.9924772661891608,0.9990691858847642
80PER_3_6C,59,0.9956913480089383,0.0023464432376755686,0.992338371288144,0.9990443247297326
80PER_3_6C,60,0.9956090577376028,0.0023862274141595217,0.9921992309658609,0.9990188845093442
80PER_3_6C,61,0.9955263590104656,0.0024259071709460886,0.9920598313994895,0.9989928866214416
80PER_3_6C,62,0.9954432556150365,0.002465494831904004,0.9919201587662066,0.9989663524638663
80PER_3_6C,63,0.9953597513388256,0.002505002720902339,0.9917801992431897,0.9989393034344615
80PER_3_6C,64,0.9952758499693425,0.002544443161809691,0.9916399390076164,0.9989117609310684
80PER_3_6C,65,0.9951915552940971,0.0025838284784952905,0.9914993642366638,0.9988837463515301
80PER_3_6C,66,0.995106871100599,0.0026231709948276753,0.9913584611075096,0.9988552810936884
80PER_3_6C,67,0.9950218011763584,0.002662483034675985,0.9912172157973308,0.998826386555386
80PER_3_6C,68,0.9949363493088849,0.0027017769219089957,0.991075614483305,0.9987970841344647
80PER_3_6C,69,0.9948505192856882,0.002741064980395675,0.9909336433426095,0.998767395228767
80PER_3_6C,70,0.9947643148942785,0.002780359534004823,0.9907912885524217,0.9987373412361353
80PER_3_6C,71,0.9946777399221655,0.002819672906605355,0.990648536289919,0.9987069435544117
80PER_3_6C,72,0.9945907981568587,0.002859017422066074,0.9905053727322789,0.9986762235814386
80PER_3_6C,73,0.9945034933858684,0.0028984054042559015,0.9903617840566786,0.9986452027150579
80PER_3_6C,74,0.994415829396704,0.0029378491770440454,0.9902177564402954,0.9986139023531125
80PER_3_6C,75,0.9943278099768756,0.0029773610642988783,0.9900732760603069,0.998582343893444
80PER_3_6C,76,0.9942394389138929,0.0030169533898895076,0.9899283290938905,0.9985505487338951
80PER_3_6C,77,0.9941507199952658,0.003056638477685044,0.9897829017182233,0.9985185382723083
80PER_3_6C,78,0.994061657008504,0.003096428651553931,0.9896369801104828,0.9984863339065251
80PER_3_6C,79,0.9939722537411176,0.0031363362353654277,0.9894905504478465,0.9984539570343886
80PER_3_6C,80,0.9938825139806161,0.003176373552988195,0.9893435989074916,0.9984214290537402
80PER_3_6C,81,0.9937924415145095,0.0032165529282912903,0.9891961116665957,0.9983887713624232
80PER_3_6C,82,0.9937020401303076,0.0032568866851433514,0.989048074902336,0.998356005358279
80PER_3_6C,83,0.9936113136155202,0.0032973871474135637,0.98889947479189,0.9983231524391503
80PER_3_6C,84,0.9935202657576571,0.00333806663897056,0.988750297512435,0.9982902340028792
80PER_3_6C,85,0.9934289003442283,0.0033789374836833705,0.9886005292411484,0.998257271447308
80PER_3_6C,86,0.9933372211627434,0.0034200120054208418,0.9884501561552075,0.9982242861702791
80PER_3_6C,87,0.9932452320007122,0.0034613025280518994,0.9882991644317897,0.9981912995696347
80PER_3_6C,88,0.9931529366456449,0.0035028213754453785,0.9881475402480725,0.9981583330432171
80PER_3_6C,89,0.9930603388850509,0.003544580871470048,0.9879952697812332,0.9981254079888683
80PER_3_6C,90,0.9929674425064401,0.00358659333999521,0.987842339208449,0.9980925458044312
80PER_3_6C,91,0.9928742512973224,0.0036288711048892064,0.9876887347068977,0.9980597678877473
80PER_3_6C,92,0.9927807690452077,0.0036714264900212716,0.9875344424537562,0.9980270956366594
80PER_3_6C,93,0.992686999537606,0.0037142718192601423,0.9873794486262022,0.9979945504490094
80PER_3_6C,94,0.9925929465620266,0.0037574194164748573,0.987223739401413,0.99796215372264
80PER_3_6C,95,0.9924986139059797,0.003800881605534072,0.9870673009565659,0.9979299268553933
80PER_3_6C,96,0.9924040053569749,0.0038446707103068824,0.9869101194688384,0.9978978912451114
80PER_3_6C,97,0.9923091247025224,0.0038887990546621915,0.986752181115408,0.997866068289637
80PER_3_6C,98,0.9922139757301316,0.003933278962468672,0.9865934720734517,0.9978344793868116
80PER_3_6C,99,0.9921185622273127,0.003978122757595361,0.9864339785201471,0.9978031459344784
80PER_3_6C,100,0.9920228879815752,0.004023342763911024,0.9862736866326716,0.9977720893304787
80PER_3_6C,101,0.991926955551432,0.0040689475132980645,0.9861125867778074,0.997741324325056
80PER_3_6C,102,0.991830762579407,0.004114930369692574,0.9859506860807585,0.9977108390780558
80PER_3_6C,103,0.991734305479028,0.004161280905043775,0.9857879958563328,0.9976806151017229
80PER_3_6C,104,0.9916375806638217,0.004207988691301172,0.9856245274193393,0.9976506339083039
80PER_3_6C,105,0.9915405845473151,0.004255043300413993,0.9854602920845861,0.997620877010044
80PER_3_6C,106,0.9914433135430356,0.004302434304332011,0.9852953011668816,0.9975913259191895
80PER_3_6C,107,0.9913457640645102,0.004350151275004193,0.9851295659810347,0.9975619621479856
80PER_3_6C,108,0.9912479325252662,0.004398183784380292,0.9849630978418537,0.9975327672086788
80PER_3_6C,109,0.9911498153388305,0.00444652140440945,0.984795908064147,0.997503722613514
80PER_3_6C,110,0.9910514089187304,0.004495153707041227,0.9846280079627232,0.9974748098747375
80PER_3_6C,111,0.9909527096784929,0.004544070264225093,0.9844594088523906,0.997446010504595
80PER_3_6C,112,0.9908537140316452,0.004593260647910301,0.9842901220479581,0.9974173060153323
80PER_3_6C,113,0.9907544183917145,0.004642714430046399,0.9841201588642339,0.9973886779191949
80PER_3_6C,114,0.9906548191722279,0.004692421182582484,0.9839495306160265,0.9973601077284288
80PER_3_6C,115,0.9905549127867124,0.00474237047746845,0.9837782486181446,0.9973315769552801
80PER_3_6C,116,0.9904546956486953,0.004792551886653249,0.9836063241853964,0.9973030671119937
80PER_3_6C,117,0.9903541641717035,0.004842954982086425,0.9834337686325908,0.9972745597108161
80PER_3_6C,118,0.9902533147692643,0.004893569335717564,0.983260593274536,0.9972460362639927
80PER_3_6C,119,0.9901521438549049,0.004944384519495842,0.9830868094260402,0.9972174782837694
80PER_3_6C,120,0.9900506478421522,0.004995390105370848,0.9829124284019124,0.9971888672823921
80PER_3_6C,121,0.9899488231445338,0.005046575665291793,0.9827374615169611,0.9971601847721063
80PER_3_6C,122,0.9898466661755762,0.005097930771208277,0.9825619200859943,0.997131412265158
80PER_3_6C,123,0.989744173348807,0.005149444995069705,0.9823858154238209,0.9971025312737928
80PER_3_6C,124,0.989641341077753,0.005201107908825352,0.9822091588452495,0.9970735233102568
80PER_3_6C,125,0.9895381657759418,0.0052529090844244675,0.9820319616650883,0.9970443698867951
80PER_3_6C,126,0.9894346438569,0.0053048380938167635,0.9818542351981459,0.9970150525156541
80PER_3_6C,127,0.989330771734155,0.0053568845089516145,0.9816759907592307,0.9969855527090793
80PER_3_6C,128,0.9892265458212339,0.005409037901778247,0.9814972396631515,0.9969558519793164
80PER_3_6C,129,0.9891219625316638,0.00546128784424606,0.9813179932247164,0.9969259318386112
80PER_3_6C,130,0.9890170182789719,0.0055136239083046915,0.9811382627587342,0.9968957737992097
80PER_3_6C,131,0.9889117094766853,0.005566035665903421,0.980958059580013,0.9968653593733575
80PER_3_6C,132,0.9888060325383311,0.00561851268899176,0.9807773950033617,0.9968346700733003
80PER_3_6C,133,0.9886999838774365,0.005671044549518893,0.9805962803435886,0.9968036874112842
80PER_3_6C,134,0.9885935599075284,0.005723620819434234,0.9804147269155025,0.9967723928995544
80PER_3_6C,135,0.9884867570421343,0.005776231070687426,0.9802327460339114,0.9967407680503569
80PER_3_6C,136,0.9883795716947811,0.005828864875227627,0.9800503490136244,0.9967087943759377
80PER_3_6C,137,0.9882720002789959,0.005881511805004363,0.9798675471694493,0.9966764533885425
80PER_3_6C,138,0.988164039208306,0.0059341614319671655,0.979684351816195,0.9966437266004171
80PER_3_6C,139,0.9880556848962384,0.00598680332806508,0.97950077426867,0.9966105955238066
80PER_3_6C,140,0.9879469337563201,0.006039427065247922,0.9793168258416826,0.9965770416709578
80PER_3_6C,141,0.9878377822020786,0.006092022215464844,0.9791325178500416,0.9965430465541159
80PER_3_6C,142,0.9877282266470407,0.006144578350665249,0.9789478616085551,0.9965085916855265
80PER_3_6C,143,0.9876182635047339,0.006197085042798644,0.9787628684320319,0.9964736585774356
80PER_3_6C,144,0.9875078891886848,0.006249531863814366,0.9785775496352803,0.9964382287420892
80PER_3_6C,145,0.9873971001124211,0.006301908385662039,0.978391916533109,0.9964022836917329
80PER_3_6C,146,0.9872858926894694,0.006354204180290693,0.9782059804403263,0.9963658049386122
80PER_3_6C,147,0.9871742633333571,0.006406408819649918,0.978019752671741,0.9963287739949733
80PER_3_6C,148,0.9870622084576115,0.006458511875689299,0.9778332445421611,0.9962911723730615
80PER_3_6C,149,0.9869497244757592,0.006510502920357938,0.9776464673663956,0.9962529815851231
80PER_3_6C,150,0.986836807801328,0.006562371525605244,0.9774594324592526,0.9962141831434033
80PER_3_6C,151,0.9867234549533453,0.006614109739797822,0.9772721477023376,0.9961747622043532
80PER_3_6C,152,0.9866096628728419,0.006665719516968716,0.9770846072444428,0.9961347185012411
80PER_3_6C,153,0.9864954286063493,0.00671720528756868,0.9768968018011569,0.9960940554115414
80PER_3_6C,154,0.9863807492003986,0.00676857148204804,0.9767087220880692,0.9960527763127278
80PER_3_6C,155,0.9862656217015214,0.006819822530857133,0.9765203588207686,0.996010884582274
80PER_3_6C,156,0.986150043156249,0.0068709628644463795,0.9763317027148442,0.995968383597654
80PER_3_6C,157,0.986034010611113,0.006921996913266069,0.9761427444858845,0.9959252767363412
80PER_3_6C,158,0.9859175211126445,0.006972929107766746,0.9759534748494788,0.99588156737581
80PER_3_6C,159,0.9858005717073749,0.007023763878398594,0.9757638845212162,0.9958372588935336
80PER_3_6C,160,0.9856831594418359,0.007074505655612131,0.9755739642166855,0.9957923546669859
80PER_3_6C,161,0.9855652813625586,0.007125158869858063,0.9753837046514758,0.9957468580736415
80PER_3_6C,162,0.9854469345160745,0.007175727951586095,0.9751930965411758,0.995700772490973
80PER_3_6C,163,0.9853281159489149,0.007226217331247107,0.9750021306013746,0.9956541012964548
80PER_3_6C,164,0.9852088227076112,0.007276631439291432,0.9748107975476614,0.9956068478675608
80PER_3_6C,165,0.9850890518386951,0.007326974706169239,0.974619088095625,0.9955590155817649
80PER_3_6C,166,0.9849688003886974,0.007377251562331163,0.9744269929608544,0.9955106078165403
80PER_3_6C,167,0.9848480654041499,0.0074274664382273535,0.9742345028589386,0.9954616279493614
80PER_3_6C,168,0.9847268439315839,0.0074776237643084205,0.9740416085054665,0.9954120793577016
80PER_3_6C,169,0.9846051330175309,0.007527727971024628,0.973848300616027,0.9953619654190347
80PER_3_6C,170,0.9844829297085222,0.007577783488826332,0.9736545699062094,0.995311289510835
80PER_3_6C,171,0.984360231051089,0.00762779474816411,0.9734604070916021,0.9952600550105759
80PER_3_6C,172,0.9842370340917629,0.007677766179488295,0.9732658028877946,0.9952082652957311
80PER_3_6C,173,0.9841133358770754,0.007727702213249066,0.9730707480103759,0.9951559237437745
80PER_3_6C,174,0.9839891334535575,0.007777607279896874,0.9728752331749346,0.9951030337321805
80PER_3_6C,175,0.9838644238677411,0.007827485809882443,0.9726792490970599,0.9950495986384219
80PER_3_6C,176,0.9837392041661569,0.007877342233655611,0.9724827864923407,0.9949956218399733
80PER_3_6C,177,0.9836134713953371,0.007927180981667255,0.972285836076366,0.9949411067143079
80PER_3_6C,178,0.9834872226018123,0.00797700648436761,0.9720883885647248,0.9948860566388997
80PER_3_6C,179,0.9833604548321144,0.008026823172206921,0.971890434673006,0.9948304749912228
80PER_3_6C,180,0.9832331651327748,0.008076635475635408,0.9716919651167988,0.9947743651487506
80PER_3_6C,181,0.9831053505503247,0.008126447825104197,0.9714929706116918,0.9947177304889574
80PER_3_6C,182,0.9829770081312954,0.008176264651062951,0.9712934418732743,0.9946605743893163
80PER_3_6C,183,0.9828481349222186,0.008226090383962392,0.9710933696171351,0.9946029002273019
80PER_3_6C,184,0.9827187279696252,0.008275929454252708,0.9708927445588633,0.9945447113803872
80PER_3_6C,185,0.9825887843200473,0.00832578629238454,0.9706915574140477,0.9944860112260465
80PER_3_6C,186,0.9824583010200155,0.00837566532880805,0.9704897988982775,0.9944268031417535
80PER_3_6C,187,0.9823272751160619,0.008425570993973834,0.9702874597271414,0.994367090504982
80PER_3_6C,188,0.9821957036547174,0.008475507718332033,0.9700845306162286,0.9943068766932059
80PER_3_6C,189,0.9820635836825133,0.008525479932333086,0.969881002281128,0.9942461650838986
80PER_3_6C,190,0.9819309122459816,0.008575492066427671,0.9696768654374288,0.9941849590545344
80PER_3_6C,191,0.9817976863916531,0.008625548551065865,0.9694721108007195,0.9941232619825869
80PER_3_6C,192,0.9816639031660597,0.008675653816698258,0.9692667290865894,0.99406107724553
80PER_3_6C,193,0.9815295596157323,0.008725812293775002,0.9690607110106273,0.993998408220837
80PER_3_6C,194,0.9813946527872025,0.008776028412746578,0.9688540472884224,0.9939352582859822
80PER_3_6C,195,0.9812591797270015,0.008826306604063564,0.9686467286355634,0.9938716308184395
80PER_3_6C,196,0.9811231374816611,0.008876651298176027,0.9684387457676397,0.9938075291956824
80PER_3_6C,197,0.9809865230977124,0.00892706692553468,0.9682300894002399,0.9937429567951849
80PER_3_6C,198,0.9808493336216868,0.008977557916589779,0.9680207502489528,0.9936779169944204
80PER_3_6C,199,0.9807115661001157,0.0090281287017914,0.967810719029368,0.9936124131708632
80PER_3_6C,200,0.9805732175795306,0.009078783711590557,0.967599986457074,0.9935464487019868
4_8C_80PER_4_8C,1,0.9965285920851711,0.00036781677854722726,0.9960090616343013,0.9970481225360406
4_8C_80PER_4_8C,2,0.996708029461665,0.0003625289216224462,0.9961959679541728,0.9972200909691571
4_8C_80PER_4_8C,3,0.9968809073314675,0.00035710497309863944,0.9963765069927593,0.9973853076701754
4_8C_80PER_4_8C,4,0.9970473269345054,0.0003515458664189818,0.9965507786715266,0.9975438751974839
4_8C_80PER_4_8C,5,0.9972073895107058,0.00034585253502701586,0.99671888291194,0.9976958961094711
4_8C_80PER_4_8C,6,0.9973611962999953,0.0003400259123660989,0.996880919635465,0.9978414729645255
4_8C_80PER_4_8C,7,0.9975088485423013,0.00033406693187962354,0.9970369887635668,0.9979807083210355
4_8C_80PER_4_8C,8,0.9976504474775505,0.00032797652701111233,0.9971871902177111,0.9981137047373899
4_8C_80PER_4_8C,9,0.9977860943456699,0.00032175563120385845,0.9973316239193629,0.9982405647719768
4_8C_80PER_4_8C,10,0.9979158903865863,0.00031540517790127904,0.9974703897899879,0.9983613909831847
4_8C_80PER_4_8C,11,0.998039936840227,0.0003089261005468463,0.9976035877510514,0.9984762859294022
4_8C_80PER_4_8C,12,0.9981583349465184,0.0003023193325838554,0.997731317724019,0.9985853521690178
4_8C_80PER_4_8C,13,0.998271185945388,0.0002955858074559446,0.9978536796303558,0.9986886922604201
4_8C_80PER_4_8C,14,0.9983785910767625,0.00028872645860617577,0.9979707733915275,0.9987864087619972
4_8C_80PER_4_8C,15,0.9984806515805688,0.0002817422194782951,0.9980826989289993,0.998878604232138
4_8C_80PER_4_8C,16,0.9985774686967338,0.00027463402351553647,0.9981895561642367,0.9989653812292308
4_8C_80PER_4_8C,17,0.9986691436651847,0.00026740280416136274,0.998291445018705,0.9990468423116642
4_8C_80PER_4_8C,18,0.9987557777258482,0.00026004949485908046,0.9983884654138699,0.9991230900378264
4_8C_80PER_4_8C,19,0.9988374721186513,0.0002525750290522769,0.9984807172711964,0.999194226966106
4_8C_80PER_4_8C,20,0.998914328083521,0.00024498034018417846,0.9985683005121503,0.9992603556548917
4_8C_80PER_4_8C,21,0.9989864468603842,0.00023726636169829978,0.9986513150581967,0.9993215786625717
4_8C_80PER_4_8C,22,0.999053929689168,0.00022943402703801894,0.9987298608308012,0.9993779985475345
4_8C_80PER_4_8C,23,0.9991168778097991,0.0002214842696468854,0.9988040377514288,0.9994297178681688
4_8C_80PER_4_8C,24,0.9991753924622044,0.00021341802296801095,0.9988739457415458,0.999476839182863
4_8C_80PER_4_8C,25,0.9992295748863113,0.00020523622044513277,0.9989396847226167,0.9995194650500058
4_8C_80PER_4_8C,26,0.9992795263220463,0.00019693979552132712,0.9990013546161075,0.999557698027985
4_8C_80PER_4_8C,27,0.9993253480093365,0.00018852968164034163,0.999059055343483,0.9995916406751897
4_8C_80PER_4_8C,28,0.9993671411881088,0.00018000681224531658,0.9991128868262094,0.9996213955500082
4_8C_80PER_4_8C,29,0.9994050070982902,0.00017137212077976774,0.9991629489857514,0.9996470652108288
4_8C_80PER_4_8C,30,0.9994390469798076,0.00016262654068703814,0.999209341743575,0.9996687522160402
4_8C_80PER_4_8C,31,0.999469362072588,0.00015377100541078733,0.9992521650211448,0.9996865591240309
4_8C_80PER_4_8C,32,0.9994960536165582,0.00014480644839401483,0.9992915187399272,0.9997005884931892
4_8C_80PER_4_8C,33,0.9995192228516454,0.00013573380308050254,0.9993275028213868,0.9997109428819039
4_8C_80PER_4_8C,34,0.9995389710177763,0.00012655400291347398,0.9993602171869896,0.9997177248485634
4_8C_80PER_4_8C,35,0.9995553993548781,0.00011726798133640472,0.9993897617582004,0.9997210369515557
4_8C_80PER_4_8C,36,0.9995686091028776,0.00010787667179259475,0.9994162364564853,0.9997209817492698
4_8C_80PER_4_8C,37,0.9995787015017016,9.838100772555508e-05,0.9994397412033091,0.999717661800094
4_8C_80PER_4_8C,38,0.9995857777912772,8.878192257859363e-05,0.9994603759201377,0.9997111796624167
4_8C_80PER_4_8C,39,0.9995899392115314,7.908034979533211e-05,0.9994782405284359,0.9997016378946266
4_8C_80PER_4_8C,40,0.9995912870023911,6.927722281900243e-05,0.9994934349496697,0.9996891390551121
4_8C_80PER_4_8C,41,0.999589922403783,5.9373475092952936e-05,0.9995060591053044,0.9996737857022616
4_8C_80PER_4_8C,42,0.9995859466556345,4.937004006072741e-05,0.9995162129168053,0.9996556803944636
4_8C_80PER_4_8C,43,0.9995794609978721,3.9267851165792825e-05,0.9995239963056374,0.9996349256901066
4_8C_80PER_4_8C,44,0.9995705666704232,2.90678418514967e-05,0.9995295091932668,0.9996116241475794
4_8C_80PER_4_8C,45,0.9995593649132143,1.877094556106985e-05,0.9995328515011587,0.9995858783252699
4_8C_80PER_4_8C,46,0.9995459569661725,8.378095738175173e-06,0.9995341231507782,0.9995577907815669
4_8C_80PER_4_8C,47,0.999530444069225,2.1097741739569197e-06,0.9995274640748588,0.999533424063591
4_8C_80PER_4_8C,48,0.9995129274622984,1.2691730731860625e-05,0.9994950007635341,0.9995308541610626
4_8C_80PER_4_8C,49,0.9994935083853198,2.3366840492069453e-05,0.9994605034059815,0.9995265133646581
4_8C_80PER_4_8C,50,0.9994722880782162,3.413417001119564e-05,0.9994240745605891,0.999520501595843
4_8C_80PER_4_8C,51,0.999449355152773,4.499327327713212e-05,0.999385803469122,0.999512906836424
4_8C_80PER_4_8C,52,0.9994247477082113,5.594565400213972e-05,0.9993457261068511,0.9995037693095714
4_8C_80PER_4_8C,53,0.9993984912156101,6.699330332991883e-05,0.9993038651324235,0.9994931172987968
4_8C_80PER_4_8C,54,0.9993706111460493,7.813821240397108e-05,0.9992602432044867,0.9994809790876116
4_8C_80PER_4_8C,55,0.9993411329706078,8.938237236827243e-05,0.9992148829816874,0.999467382959528
4_8C_80PER_4_8C,56,0.9993100821603652,0.00010072777436616567,0.9991678071226732,0.9994523571980571
4_8C_80PER_4_8C,57,0.9992774841864009,0.000112176409541311,0.9991190382860913,0.9994359300867107
4_8C_80PER_4_8C,58,0.9992433645197946,0.00012373026903732883,0.9990685991305888,0.9994181299090001
4_8C_80PER_4_8C,59,0.9992077486316252,0.00013539134399791867,0.999016512314813,0.9993989849484374
4_8C_80PER_4_8C,60,0.9991706619929726,0.00014716162556666475,0.9989628004974113,0.9993785234885338
4_8C_80PER_4_8C,61,0.999132130074916,0.00015904310488718438,0.9989074863370306,0.9993567738128011
4_8C_80PER_4_8C,62,0.9990921783485347,0.00017103777310301547,0.9988505924923184,0.9993337642047505
4_8C_80PER_4_8C,63,0.9990508322849082,0.00018314762135794233,0.998792141621922,0.9993095229478942
4_8C_80PER_4_8C,64,0.999008117355116,0.00019537464079543012,0.9987321563844885,0.9992840783257434
4_8C_80PER_4_8C,65,0.9989640590302374,0.0002077208225592842,0.998670659438665,0.9992574586218098
4_8C_80PER_4_8C,66,0.9989186827813519,0.00022018815779290094,0.9986076734430989,0.9992296921196048
4_8C_80PER_4_8C,67,0.998872014079539,0.00023277863764013142,0.9985432210564372,0.9992008071026403
4_8C_80PER_4_8C,68,0.9988240783958777,0.00024549425324459534,0.9984773249373274,0.999170831854428
4_8C_80PER_4_8C,69,0.9987749012014479,0.0002583369957495617,0.9984100077444168,0.9991397946584787
4_8C_80PER_4_8C,70,0.9987245079673287,0.00027130885629907906,0.9983412921363524,0.9991077237983049
4_8C_80PER_4_8C,71,0.9986729241645997,0.0002844118260366562,0.9982712007717813,0.9990746475574179
4_8C_80PER_4_8C,72,0.9986201752643402,0.00029764789610587625,0.9981997563093511,0.9990405942193293
4_8C_80PER_4_8C,73,0.9985662867376297,0.00031101905765015066,0.9981269814077091,0.9990055920675504
4_8C_80PER_4_8C,74,0.9985112840555476,0.00032452730181349766,0.998052898725502,0.9989696693855932
4_8C_80PER_4_8C,75,0.9984551926891733,0.000338174619739312,0.9979775309213773,0.998932854456969
4_8C_80PER_4_8C,76,0.998398038109586,0.00035196300257123875,0.9979009006539825,0.9988951755651897
4_8C_80PER_4_8C,77,0.9983398457878655,0.0003658944414529141,0.9978230305819643,0.9988566609937664
4_8C_80PER_4_8C,78,0.998280641195091,0.0003799709275279436,0.9977439433639705,0.9988173390262112
4_8C_80PER_4_8C,79,0.9982204498023418,0.00039419445194007857,0.997663661658648,0.9987772379460356
4_8C_80PER_4_8C,80,0.9981592970806976,0.00040856700583280134,0.9975822081246439,0.998736386036751
4_8C_80PER_4_8C,81,0.9980972085012374,0.00042309058034968393,0.9974996054206059,0.9986948115818689
4_8C_80PER_4_8C,82,0.9980342095350412,0.0004377671666345144,0.9974158762051808,0.9986525428649012
4_8C_80PER_4_8C,83,0.9979703256531879,0.0004525987558307736,0.9973310431370163,0.9986096081693595
4_8C_80PER_4_8C,84,0.9979055823267571,0.0004675873390822366,0.997245128874759,0.9985660357787552
4_8C_80PER_4_8C,85,0.9978400050268283,0.00048273490753239517,0.9971581560770565,0.9985218539765999
4_8C_80PER_4_8C,86,0.9977736192244808,0.0004980434523249619,0.9970701474025561,0.9984770910464054
4_8C_80PER_4_8C,87,0.9977064503907939,0.0005135149646035556,0.9969811255099047,0.998431775271683
4_8C_80PER_4_8C,88,0.9976385239968473,0.0005291514355116641,0.9968911130577499,0.9983859349359444
4_8C_80PER_4_8C,89,0.9975698655137202,0.0005449548561931602,0.9968001327047387,0.9983395983227015
4_8C_80PER_4_8C,90,0.997500500412492,0.0005609272177914291,0.9967082071095185,0.9982927937154654
4_8C_80PER_4_8C,91,0.9974304541642423,0.0005770705114502376,0.9966153589307364,0.9982455493977481
4_8C_80PER_4_8C,92,0.9973597522400504,0.0005933867283131352,0.9965216108270396,0.9981978936530609
4_8C_80PER_4_8C,93,0.9972884201109957,0.0006098778595235965,0.9964269854570759,0.9981498547649155
4_8C_80PER_4_8C,94,0.9972164832481576,0.0006265458962257378,0.9963315054794915,0.9981014610168237
4_8C_80PER_4_8C,95,0.9971439671226155,0.000643392829562675,0.9962351935529342,0.9980527406922967
4_8C_80PER_4_8C,96,0.9970708972054488,0.0006604206506781983,0.9961380723360514,0.9980037220748462
4_8C_80PER_4_8C,97,0.996997298967737,0.000677631350716099,0.99604016448749,0.9979544334479842
4_8C_80PER_4_8C,98,0.9969231978805597,0.0006950269208198245,0.9959414926658974,0.9979049030952218
4_8C_80PER_4_8C,99,0.9968486194149959,0.0007126093521329968,0.9958420795299209,0.997855159300071
4_8C_80PER_4_8C,100,0.9967735890421253,0.0007303806357992389,0.9957419477382075,0.9978052303460427
4_8C_80PER_4_8C,101,0.9966981256814175,0.0007483416030299379,0.9956411150361655,0.9977551363266692
4_8C_80PER_4_8C,102,0.9966222220459037,0.0007664884453070508,0.9955395795162465,0.9977048645755611
4_8C_80PER_4_8C,103,0.9965458642970055,0.0007848161941804414,0.9954373343576625,0.9976543942363489
4_8C_80PER_4_8C,104,0.9964690385961447,0.0008033198811994986,0.9953343727396262,0.9976037044526631
4_8C_80PER_4_8C,105,0.9963917311047426,0.0008219945379143982,0.9952306878413498,0.9975527743681353
4_8C_80PER_4_8C,106,0.9963139279842206,0.000840835195874719,0.9951262728420455,0.9975015831263956
4_8C_80PER_4_8C,107,0.9962356153960005,0.0008598368866300197,0.995021120920926,0.9974501098710747
4_8C_80PER_4_8C,108,0.9961567795015037,0.0008789946417300764,0.9949152252572036,0.9973983337458034
4_8C_80PER_4_8C,109,0.9960774064621518,0.0008983034927247243,0.9948085790300906,0.9973462338942128
4_8C_80PER_4_8C,110,0.9959974824393664,0.0009177584711636764,0.9947011754187993,0.9972937894599334
4_8C_80PER_4_8C,111,0.995916993594569,0.0009373546085965417,0.9945930076025421,0.9972409795865955
4_8C_80PER_4_8C,112,0.9958359260891813,0.000957086936573033,0.994484068760532,0.9971877834178307
4_8C_80PER_4_8C,113,0.9957542660846245,0.0009769504866430645,0.9943743520719802,0.9971341800972688
4_8C_80PER_4_8C,114,0.9956719997423203,0.0009969402903561829,0.9942638507160998,0.997080148768541
4_8C_80PER_4_8C,115,0.9955891132236906,0.0010170513792621839,0.9941525578721031,0.9970256685752781
4_8C_80PER_4_8C,116,0.9955055926901566,0.00103727878491087,0.9940404667192021,0.9969707186611106
4_8C_80PER_4_8C,117,0.9954214243031398,0.0010576175388519217,0.9939275704366097,0.9969152781696698
4_8C_80PER_4_8C,118,0.995336594224062,0.0010780626726350569,0.993813862203538,0.996859326244586
4_8C_80PER_4_8C,119,0.9952510886143445,0.0010986092178097756,0.9936993351991994,0.9968028420294893
4_8C_80PER_4_8C,120,0.9951648936354089,0.001119252205926027,0.9935839826028064,0.9967458046680114
4_8C_80PER_4_8C,121,0.995077995448677,0.0011399866685336336,0.9934677975935711,0.9966881933037828
4_8C_80PER_4_8C,122,0.9949903802155701,0.0011608076371820584,0.9933507733507062,0.9966299870804339
4_8C_80PER_4_8C,123,0.9949020340975098,0.0011817101434212457,0.9932329030534237,0.9965711651415958
4_8C_80PER_4_8C,124,0.9948129432559175,0.0012026892188008995,0.9931141798809361,0.996511706630899
4_8C_80PER_4_8C,125,0.9947230938522152,0.0012237398948705032,0.992994597012456,0.9964515906919743
4_8C_80PER_4_8C,126,0.994632472047824,0.0012448572031801108,0.9928741476271954,0.9963907964684525
4_8C_80PER_4_8C,127,0.9945410640041656,0.0012660361752792903,0.9927528249043669,0.9963293031039643
4_8C_80PER_4_8C,128,0.9944488558826616,0.0012872718427177255,0.9926306220231829,0.9962670897421403
4_8C_80PER_4_8C,129,0.9943558338447336,0.0013085592370452122,0.9925075321628555,0.9962041355266114
4_8C_80PER_4_8C,130,0.994261984051803,0.0013298933898114455,0.9923835485025975,0.9961404196010083
4_8C_80PER_4_8C,131,0.9941672926652914,0.0013512693325661808,0.9922586642216208,0.9960759211089616
4_8C_80PER_4_8C,132,0.9940717458466203,0.0013726820968590382,0.9921328724991383,0.9960106191941023
4_8C_80PER_4_8C,133,0.9939753297572113,0.0013941267142399756,0.9920061665143618,0.9959444930000609
4_8C_80PER_4_8C,134,0.9938780305584861,0.0014155982162583941,0.9918785394465041,0.995877521670468
4_8C_80PER_4_8C,135,0.993779834411866,0.0014370916344642385,0.9917499844747772,0.9958096843489544
4_8C_80PER_4_8C,136,0.9936807274787728,0.0014586020004072723,0.9916204947783939,0.9957409601791515
4_8C_80PER_4_8C,137,0.9935806959206277,0.0014801243456370843,0.9914900635365662,0.9956713283046892
4_8C_80PER_4_8C,138,0.9934797258988526,0.001501653701703402,0.9913586839285065,0.9956007678691982
4_8C_80PER_4_8C,139,0.9933778035748687,0.0015231851001560287,0.9912263491334276,0.9955292580163099
4_8C_80PER_4_8C,140,0.993274915110098,0.001544713572544765,0.9910930523305412,0.9954567778896548
4_8C_80PER_4_8C,141,0.9931710466659616,0.0015662341504190862,0.9909587866990603,0.9953833066328632
4_8C_80PER_4_8C,142,0.9930661844038815,0.0015877418653287394,0.990823545418197,0.9953088233895659
4_8C_80PER_4_8C,143,0.9929603144852789,0.0016092317488239246,0.9906873216671633,0.9952333073033945
4_8C_80PER_4_8C,144,0.9928534230715754,0.001630698832453881,0.990550108625172,0.9951567375179788
4_8C_80PER_4_8C,145,0.9927454963241927,0.0016521381477682426,0.9904118994714357,0.9950790931769496
4_8C_80PER_4_8C,146,0.9926365204045522,0.0016735447263171142,0.9902726873851664,0.9950003534239381
4_8C_80PER_4_8C,147,0.9925264814740756,0.0016949135996501712,0.9901324655455761,0.9949204974025748
4_8C_80PER_4_8C,148,0.9924153656941842,0.0017162397993168996,0.989991227131878,0.9948395042564905
4_8C_80PER_4_8C,149,0.9923031592262997,0.0017375183568672699,0.9898489653232838,0.9947573531293157
4_8C_80PER_4_8C,150,0.9921898482318439,0.001758744303850873,0.9897056732990062,0.9946740231646813
4_8C_80PER_4_8C,151,0.992075423888203,0.0017799144987812572,0.9895613466736898,0.9945895011027165
4_8C_80PER_4_8C,152,0.991959897436625,0.0018010331080287486,0.9894159908037058,0.9945038040695448
4_8C_80PER_4_8C,153,0.9918432851343227,0.0018221061249268046,0.9892696134808583,0.9944169567877872
4_8C_80PER_4_8C,154,0.9917256032385084,0.0018431395428097166,0.9891222224969507,0.9943289839800661
4_8C_80PER_4_8C,155,0.9916068680063952,0.0018641393550111465,0.9889738256437872,0.994239910369003
4_8C_80PER_4_8C,156,0.9914870956951958,0.0018851115548651134,0.9888244307131715,0.99414976067722
4_8C_80PER_4_8C,157,0.991366302562123,0.0019060621357053548,0.9886740454969072,0.9940585596273384
4_8C_80PER_4_8C,158,0.9912445048643892,0.0019269970908657552,0.9885226777867984,0.9939663319419797
4_8C_80PER_4_8C,159,0.9911217188592075,0.0019479224136803484,0.9883703353746488,0.9938731023437665
4_8C_80PER_4_8C,160,0.9909979608037908,0.0019688440974831127,0.9882170260522615,0.9937788955553197
4_8C_80PER_4_8C,161,0.9908732469553514,0.001989768135607516,0.9880627576114412,0.9936837362992612
4_8C_80PER_4_8C,162,0.9907475935711023,0.002010700521388,0.9879075378439912,0.9935876492982132
4_8C_80PER_4_8C,163,0.9906210169082563,0.0020316472481580854,0.9877513745417155,0.9934906592747971
4_8C_80PER_4_8C,164,0.990493533224026,0.002052614309251912,0.9875942754964173,0.9933927909516347
4_8C_80PER_4_8C,165,0.9903651587756243,0.00207360769800322,0.9874362484999009,0.9932940690513475
4_8C_80PER_4_8C,166,0.9902359098202637,0.0020946334077459727,0.9872773013439698,0.9931945182965576
4_8C_80PER_4_8C,167,0.9901058026151572,0.0021156974318139966,0.9871174418204282,0.9930941634098865
4_8C_80PER_4_8C,168,0.9899748534175175,0.0021368057635412644,0.9869566777210792,0.9929930291139559
4_8C_80PER_4_8C,169,0.9898430784845577,0.0021579643962614864,0.9867950168377272,0.9928911401313875
4_8C_80PER_4_8C,170,0.9897104940734895,0.0021791793233088704,0.9866324669621758,0.9927885211848035
4_8C_80PER_4_8C,171,0.9895771164415268,0.0022004565380169833,0.9864690358862286,0.992685196996825
4_8C_80PER_4_8C,172,0.989442961845882,0.0022218020337200516,0.9863047314016895,0.9925811922900745
4_8C_80PER_4_8C,173,0.9893080465437674,0.002243221803751687,0.9861395613003618,0.9924765317871725
4_8C_80PER_4_8C,174,0.9891723867923962,0.0022647218414459784,0.9859735333740501,0.9923712402107421
4_8C_80PER_4_8C,175,0.989035998848981,0.0022863081401367064,0.9858066554145577,0.9922653422834042
4_8C_80PER_4_8C,176,0.9888988989707346,0.002307986693157743,0.9856389352136884,0.9921588627277806
4_8C_80PER_4_8C,177,0.9887611034148699,0.002329763493843211,0.9854703805632458,0.9920518262664936
4_8C_80PER_4_8C,178,0.9886226284385993,0.002351644535526832,0.9853009992550339,0.9919442576221645
4_8C_80PER_4_8C,179,0.9884834902991357,0.00237363581154242,0.9851307990808567,0.9918361815174149
4_8C_80PER_4_8C,180,0.9883437052536922,0.002395743315223853,0.9849597878325177,0.9917276226748666
4_8C_80PER_4_8C,181,0.9882032895594809,0.0024179730399052474,0.9847879733018204,0.9916186058171416
4_8C_80PER_4_8C,182,0.9880622594737151,0.002440330978920438,0.9846153632805689,0.9915091556668613
4_8C_80PER_4_8C,183,0.9879206312536074,0.002462823125603379,0.9844419655605667,0.991399296946648
4_8C_80PER_4_8C,184,0.9877784211563704,0.002485455473287582,0.9842677879336181,0.9912890543791225
4_8C_80PER_4_8C,185,0.9876356454392169,0.0025082340153073737,0.9840928381915264,0.9911784526869073
4_8C_80PER_4_8C,186,0.98749232035936,0.002531164744996516,0.9839171241260956,0.9910675165926242
4_8C_80PER_4_8C,187,0.987348462174012,0.0025542536556889006,0.9837406535291293,0.9909562708188944
4_8C_80PER_4_8C,188,0.9872040871403857,0.0025775067407183033,0.9835634341924313,0.9908447400883398
4_8C_80PER_4_8C,189,0.9870592115156939,0.0026009299934189136,0.9833854739078052,0.9907329491235823
4_8C_80PER_4_8C,190,0.9869138515571497,0.002624529407124143,0.9832067804670557,0.9906209226472434
4_8C_80PER_4_8C,191,0.9867680235219652,0.002648310975168437,0.9830273616619851,0.9905086853819453
4_8C_80PER_4_8C,192,0.9866217436673537,0.0026722806908852587,0.9828472252843985,0.9903962620503091
4_8C_80PER_4_8C,193,0.9864750282505279,0.002696444547608776,0.9826663791260987,0.9902836773749569
4_8C_80PER_4_8C,194,0.9863278935287002,0.002720808538672877,0.9824848309788897,0.9901709560785106
4_8C_80PER_4_8C,195,0.9861803557590838,0.0027453786574112185,0.9823025886345759,0.9900581228835915
4_8C_80PER_4_8C,196,0.9860324311988908,0.0027701608971578565,0.9821196598849603,0.9899452025128215
4_8C_80PER_4_8C,197,0.9858841361053348,0.0027951612512468744,0.9819360525218469,0.9898322196888225
4_8C_80PER_4_8C,198,0.985735486735628,0.0028203857130116765,0.9817517743370398,0.989719199134216
4_8C_80PER_4_8C,199,0.9855864993469834,0.002845840275786613,0.9815668331223423,0.9896061655716238
4_8C_80PER_4_8C,200,0.9854371901966134,0.0028715309329053096,0.9813812366695587,0.9894931437236679
5_6C_19PER_4_6C_NEWSTRUCTURE,1,0.9982676977022886,0.0002344635550025553,0.9978167152411177,0.9987309722796666
5_6C_19PER_4_6C_NEWSTRUCTURE,2,0.9983701070570086,0.0002210667893717659,0.9979458661901779,0.9988082968896501
5_6C_19PER_4_6C_NEWSTRUCTURE,3,0.9984681828250807,0.00020806204121921604,0.9980685887819689,0.9988818217698359
5_6C_19PER_4_6C_NEWSTRUCTURE,4,0.9985619987564908,0.00019544348731587784,0.9981844563259754,0.9989493763500794
5_6C_19PER_4_6C_NEWSTRUCTURE,5,0.9986516286012252,0.00018320547299649202,0.9982955588341333,0.9990122548699203
5_6C_19PER_4_6C_NEWSTRUCTURE,6,0.9987371461092702,0.0001713425552143309,0.998404259033908,0.9990732895980056
5_6C_19PER_4_6C_NEWSTRUCTURE,7,0.9988186250306116,0.00015984955884531073,0.9985084925001179,0.9991338320136955
5_6C_19PER_4_6C_NEWSTRUCTURE,8,0.9988961391152354,0.00014872165118056145,0.9986091171888785,0.9991912488786624
5_6C_19PER_4_6C_NEWSTRUCTURE,9,0.9989697621131282,0.0001379544417373425,0.9987035598738283,0.999245351430924
5_6C_19PER_4_6C_NEWSTRUCTURE,10,0.9990395677742755,0.0001275441178438968,0.9987933805894081,0.9992952249100316
5_6C_19PER_4_6C_NEWSTRUCTURE,11,0.9991056298486639,0.00011748763159104428,0.9988810494758136,0.9993414952811022
5_6C_19PER_4_6C_NEWSTRUCTURE,12,0.9991680220862792,0.00010778296182458166,0.9989608604695377,0.9993838160599853
5_6C_19PER_4_6C_NEWSTRUCTURE,13,0.9992268182371075,9.842948780681404e-05,0.9990393298330154,0.9994232955568911
5_6C_19PER_4_6C_NEWSTRUCTURE,14,0.999282092051135,8.942853234104403e-05,0.999112925658494,0.9994600953418664
5_6C_19PER_4_6C_NEWSTRUCTURE,15,0.999333917278348,8.07841673804393e-05,0.9991801086449789,0.9994932630212375
5_6C_19PER_4_6C_NEWSTRUCTURE,16,0.9993823676687321,7.250443473902844e-05,0.999245374521403,0.9995238170855574
5_6C_19PER_4_6C_NEWSTRUCTURE,17,0.9994275169722738,6.460323644968311e-05,0.9993053127600092,0.999553656330627
5_6C_19PER_4_6C_NEWSTRUCTURE,18,0.9994694389389591,5.7103323424009964e-05,0.9993584696061882,0.9995799903840858
5_6C_19PER_4_6C_NEWSTRUCTURE,19,0.9995082073187741,5.0041099900841774e-05,0.9994081769797294,0.9996040802112108
5_6C_19PER_4_6C_NEWSTRUCTURE,20,0.9995438958617048,4.347439327142709e-05,0.9994586820174157,0.9996264807377926
5_6C_19PER_4_6C_NEWSTRUCTURE,21,0.9995765783177374,3.749477353005441e-05,0.9995025773455364,0.999648591808714
5_6C_19PER_4_6C_NEWSTRUCTURE,22,0.999606328436858,3.224550103918641e-05,0.9995435636684008,0.9996687936858866
5_6C_19PER_4_6C_NEWSTRUCTURE,23,0.9996332199690527,2.7941108950284032e-05,0.9995793625915769,0.9996864623782913
5_6C_19PER_4_6C_NEWSTRUCTURE,24,0.9996573266643076,2.4866594390392932e-05,0.9996094598162544,0.9997052512739462
5_6C_19PER_4_6C_NEWSTRUCTURE,25,0.9996787222726088,2.330459308647382e-05,0.9996325770849468,0.999723772633243
5_6C_19PER_4_6C_NEWSTRUCTURE,26,0.9996974805439424,2.3368015716385035e-05,0.9996501809989652,0.9997404605285988
5_6C_19PER_4_6C_NEWSTRUCTURE,27,0.9997136752282944,2.4879061132331707e-05,0.9996650276805169,0.9997564976977169
5_6C_19PER_4_6C_NEWSTRUCTURE,28,0.9997273800756509,2.7462229900055965e-05,0.999673145503261,0.99977743312728
5_6C_19PER_4_6C_NEWSTRUCTURE,29,0.9997386688359983,3.07348636538608e-05,0.9996793320604105,0.9997950776556779
5_6C_19PER_4_6C_NEWSTRUCTURE,30,0.9997476152593223,3.440710617688177e-05,0.9996806297057211,0.9998114004078997
5_6C_19PER_4_6C_NEWSTRUCTURE,31,0.9997542930956093,3.828660327137169e-05,0.9996795680571205,0.9998258425830897
5_6C_19PER_4_6C_NEWSTRUCTURE,32,0.9997587760948452,4.225184256406964e-05,0.9996753897714664,0.9998384066653146
5_6C_19PER_4_6C_NEWSTRUCTURE,33,0.9997611380070163,4.622692276438843e-05,0.9996705240364587,0.9998481473057256
5_6C_19PER_4_6C_NEWSTRUCTURE,34,0.9997614525821084,5.0164336264176276e-05,0.9996623215270524,0.9998555045823847
5_6C_19PER_4_6C_NEWSTRUCTURE,35,0.9997597935701078,5.4034293327059966e-05,0.999652914862844,0.9998612623343043
5_6C_19PER_4_6C_NEWSTRUCTURE,36,0.9997562347210006,5.78182517216364e-05,0.999641943678441,0.9998658302305005
5_6C_19PER_4_6C_NEWSTRUCTURE,37,0.999750849784773,6.15049709250586e-05,0.9996296306696517,0.9998664390299526
5_6C_19PER_4_6C_NEWSTRUCTURE,38,0.9997437125114108,6.508806185540192e-05,0.9996147744793803,0.9998664879750043
5_6C_19PER_4_6C_NEWSTRUCTURE,39,0.9997348966509004,6.856443038177352e-05,0.9995983869476521,0.9998635171693238
5_6C_19PER_4_6C_NEWSTRUCTURE,40,0.9997244759532278,7.193326469810548e-05,0.9995805529709202,0.9998586377467591
5_6C_19PER_4_6C_NEWSTRUCTURE,41,0.999712524168379,7.51953608421508e-05,0.9995614617832105,0.9998535162512319
5_6C_19PER_4_6C_NEWSTRUCTURE,42,0.9996991150463402,7.835266321743865e-05,0.9995439873978345,0.9998463350623522
5_6C_19PER_4_6C_NEWSTRUCTURE,43,0.9996843223370975,8.140794486354796e-05,0.9995242341904804,0.9998379660983353
5_6C_19PER_4_6C_NEWSTRUCTURE,44,0.9996682197906369,8.436458049828237e-05,0.9995014436281817,0.9998263161104465
5_6C_19PER_4_6C_NEWSTRUCTURE,45,0.9996508811569447,8.722638239199592e-05,0.9994777231883947,0.9998151530618716
5_6C_19PER_4_6C_NEWSTRUCTURE,46,0.9996323801860068,8.999747961242173e-05,0.9994531662602434,0.9998015999589239
5_6C_19PER_4_6C_NEWSTRUCTURE,47,0.9996127906278094,9.268222775469929e-05,0.9994277965954277,0.9997870045891145
5_6C_19PER_4_6C_NEWSTRUCTURE,48,0.9995921862323385,9.528514047842835e-05,0.9994016880545012,0.999771461768724
5_6C_19PER_4_6C_NEWSTRUCTURE,49,0.9995706407495804,9.781083691662354e-05,0.9993749007653812,0.9997547711275738
5_6C_19PER_4_6C_NEWSTRUCTURE,50,0.9995482279295209,0.00010026400083933937,0.9993474948559844,0.9997373428376483
5_6C_19PER_4_6C_NEWSTRUCTURE,51,0.9995250128684526,0.00010264873342666246,0.9993195234014383,0.9997176129382619
5_6C_19PER_4_6C_NEWSTRUCTURE,52,0.9995010260478926,0.00010496671224217715,0.9992910112657101,0.9996964602390954
5_6C_19PER_4_6C_NEWSTRUCTURE,53,0.9994762892956643,0.00010721907032245441,0.9992619762599768,0.9996771100481425
5_6C_19PER_4_6C_NEWSTRUCTURE,54,0.9994508244395911,0.00010940700452825665,0.9992324361954151,0.9996552889279582
5_6C_19PER_4_6C_NEWSTRUCTURE,55,0.9994246533074962,0.00011153176376951741,0.9992029166761623,0.9996338307155888
5_6C_19PER_4_6C_NEWSTRUCTURE,56,0.9993977977272033,0.00011359463919605619,0.9991731903361459,0.9996104921285046
5_6C_19PER_4_6C_NEWSTRUCTURE,57,0.9993702795265358,0.00011559695596166796,0.9991429671719417,0.9995858216087028
5_6C_19PER_4_6C_NEWSTRUCTURE,58,0.999342120533317,0.00011754006625584745,0.9991123245850013,0.9995613028485762
5_6C_19PER_4_6C_NEWSTRUCTURE,59,0.99931334257537,0.00011942534336268857,0.99908031677404,0.9995354996795581
5_6C_19PER_4_6C_NEWSTRUCTURE,60,0.9992839674805187,0.00012125417655727035,0.9990469437906622,0.9995089225070544
5_6C_19PER_4_6C_NEWSTRUCTURE,61,0.9992540170765863,0.00012302796668844346,0.9990156978069289,0.9994818008589342
5_6C_19PER_4_6C_NEWSTRUCTURE,62,0.9992235131913961,0.00012474812232752172,0.998984108749053,0.9994545664922545
5_6C_19PER_4_6C_NEWSTRUCTURE,63,0.9991924776527719,0.00012641605638609893,0.9989500420881986,0.9994279788393048
5_6C_19PER_4_6C_NEWSTRUCTURE,64,0.9991609322885364,0.00012803318312493866,0.9989155942832251,0.9994007753820836
5_6C_19PER_4_6C_NEWSTRUCTURE,65,0.9991288989265136,0.00012960091549082074,0.9988807904913287,0.9993725509156599
5_6C_19PER_4_6C_NEWSTRUCTURE,66,0.9990963993945267,0.00013112066273008373,0.9988456565206161,0.9993448688884293
5_6C_19PER_4_6C_NEWSTRUCTURE,67,0.999063455520399,0.00013259382823726173,0.998810549340628,0.9993184824165288
5_6C_19PER_4_6C_NEWSTRUCTURE,68,0.9990300891319542,0.00013402180760474446,0.9987757825557166,0.9992910978291539
5_6C_19PER_4_6C_NEWSTRUCTURE,69,0.9989963220570155,0.00013540598684601935,0.9987397083292479,0.9992596926999796
5_6C_19PER_4_6C_NEWSTRUCTURE,70,0.9989621761234062,0.00013674774076971518,0.9987020163779934,0.9992277440406769
5_6C_19PER_4_6C_NEWSTRUCTURE,71,0.9989276731589498,0.00013804843148635835,0.9986654738081638,0.9991958282297297
5_6C_19PER_4_6C_NEWSTRUCTURE,72,0.9988928349914697,0.00013930940703288185,0.9986286869642014,0.9991646212895389
5_6C_19PER_4_6C_NEWSTRUCTURE,73,0.9988576834487894,0.0001405320001030464,0.9985917034068943,0.9991335620347886
5_6C_19PER_4_6C_NEWSTRUCTURE,74,0.9988222403587323,0.00014171752687415962,0.9985545774674564,0.9991023730693706
5_6C_19PER_4_6C_NEWSTRUCTURE,75,0.9987865275491217,0.00014286728592266353,0.9985173434454913,0.99907192587026
5_6C_19PER_4_6C_NEWSTRUCTURE,76,0.998750566847781,0.00014398255722278784,0.9984799863284654,0.9990357304143732
5_6C_19PER_4_6C_NEWSTRUCTURE,77,0.9987143800825337,0.00014506460122381954,0.9984425276541217,0.9990001079874204
5_6C_19PER_4_6C_NEWSTRUCTURE,78,0.9986779890812031,0.00014611465800293917,0.9984042503561976,0.9989679046169052
5_6C_19PER_4_6C_NEWSTRUCTURE,79,0.9986414156716125,0.00014713394649138166,0.9983654174006582,0.9989335448051111
5_6C_19PER_4_6C_NEWSTRUCTURE,80,0.9986046816815857,0.00014812366377276137,0.9983275402293602,0.9988984757261286
5_6C_19PER_4_6C_NEWSTRUCTURE,81,0.9985678089389455,0.00014908498445296504,0.9982894759905836,0.9988640602770988
5_6C_19PER_4_6C_NEWSTRUCTURE,82,0.9985308192715159,0.00015001906010179292,0.9982508206077135,0.9988294164281486
5_6C_19PER_4_6C_NEWSTRUCTURE,83,0.9984937345071199,0.00015092701876691492,0.9982106816069727,0.9987945659522571
5_6C_19PER_4_6C_NEWSTRUCTURE,84,0.9984565764735811,0.00015180996456131936,0.9981712322812418,0.9987595676277862
5_6C_19PER_4_6C_NEWSTRUCTURE,85,0.9984193669987229,0.00015266897732567854,0.9981319704233429,0.998723633069283
5_6C_19PER_4_6C_NEWSTRUCTURE,86,0.9983821279103686,0.00015350511236741498,0.9980931922643588,0.9986883900466026
5_6C_19PER_4_6C_NEWSTRUCTURE,87,0.9983448810363419,0.0001543194002784287,0.998054509239215,0.9986536368288671
5_6C_19PER_4_6C_NEWSTRUCTURE,88,0.9983076482044656,0.00015511284683385884,0.9980161883134594,0.9986181133045614
5_6C_19PER_4_6C_NEWSTRUCTURE,89,0.9982704512425636,0.00015588643297412342,0.9979788823816879,0.9985825143943505
5_6C_19PER_4_6C_NEWSTRUCTURE,90,0.9982333119784592,0.00015664111487280762,0.997941714771829,0.9985485386568408
5_6C_19PER_4_6C_NEWSTRUCTURE,91,0.9981962522399758,0.00015737782409286027,0.9979047049880126,0.9985113122596555
5_6C_19PER_4_6C_NEWSTRUCTURE,92,0.9981592938549365,0.00015809746783386927,0.997867828148183,0.9984762928389986
5_6C_19PER_4_6C_NEWSTRUCTURE,93,0.9981224586511652,0.00015880092927276896,0.9978306351785383,0.9984413204388483
5_6C_19PER_4_6C_NEWSTRUCTURE,94,0.998085768456485,0.00015948906800081336,0.9977943456975307,0.9984067638359732
5_6C_19PER_4_6C_NEWSTRUCTURE,95,0.9980492450987195,0.0001601627205591171,0.9977565256436592,0.9983736063833736
5_6C_19PER_4_6C_NEWSTRUCTURE,96,0.9980129104056918,0.0001608227010753213,0.9977188550509165,0.998338514997058
5_6C_19PER_4_6C_NEWSTRUCTURE,97,0.9979767862052256,0.00016146980200370574,0.9976814546202064,0.9983029377284166
5_6C_19PER_4_6C_NEWSTRUCTURE,98,0.9979408943251442,0.00016210479497089848,0.9976443457005557,0.9982693559250911
5_6C_19PER_4_6C_NEWSTRUCTURE,99,0.997905256593271,0.00016272843172931937,0.9976075496409917,0.9982359169008376
5_6C_19PER_4_6C_NEWSTRUCTURE,100,0.9978698948374293,0.00016334144522024604,0.9975745780434279,0.9982026392238402
5_6C_19PER_4_6C_NEWSTRUCTURE,101,0.9978348250345843,0.00016394473309212836,0.9975404864883675,0.9981707052839902
5_6C_19PER_4_6C_NEWSTRUCTURE,102,0.9978000397582685,0.0001645399099067942,0.9975037527661123,0.9981395496007385
5_6C_19PER_4_6C_NEWSTRUCTURE,103,0.997765525731156,0.00016512876537406177,0.9974673411677306,0.9981040729723745
5_6C_19PER_4_6C_NEWSTRUCTURE,104,0.9977312696759209,0.00016571307830790866,0.997432484950131,0.9980713241896313
5_6C_19PER_4_6C_NEWSTRUCTURE,105,0.9976972583152373,0.0001662946117657822,0.9973992744384212,0.9980388561984859
5_6C_19PER_4_6C_NEWSTRUCTURE,106,0.9976634783717793,0.00016687510832457251,0.9973653590685817,0.9980065251917989
5_6C_19PER_4_6C_NEWSTRUCTURE,107,0.9976299165682213,0.00016745628549425263,0.9973326515788875,0.9979750348071151
5_6C_19PER_4_6C_NEWSTRUCTURE,108,0.9975965596272371,0.0001680398312731287,0.997300186947066,0.9979448098581503
5_6C_19PER_4_6C_NEWSTRUCTURE,109,0.9975633942715012,0.0001686273998508268,0.997266958189198,0.9979140335572406
5_6C_19PER_4_6C_NEWSTRUCTURE,110,0.9975304072236874,0.00016922060746715406,0.9972347353148148,0.9978818167222403
5_6C_19PER_4_6C_NEWSTRUCTURE,111,0.9974975852064699,0.00016982102843721722,0.9972021176526196,0.9978512970839085
5_6C_19PER_4_6C_NEWSTRUCTURE,112,0.9974649149425231,0.00017043019135400041,0.9971681601275149,0.9978199255052524
5_6C_19PER_4_6C_NEWSTRUCTURE,113,0.997432383154521,0.00017104957548142233,0.9971351122106046,0.9977887562147678
5_6C_19PER_4_6C_NEWSTRUCTURE,114,0.9973999765651373,0.00017168060735137165,0.9971022211066621,0.9977576158986786
5_6C_19PER_4_6C_NEWSTRUCTURE,115,0.9973676818970469,0.00017232465757888407,0.997068315517448,0.9977265410617048
5_6C_19PER_4_6C_NEWSTRUCTURE,116,0.9973354858729235,0.0001729830379099005,0.9970349873174147,0.997695542237576
5_6C_19PER_4_6C_NEWSTRUCTURE,117,0.9973033752154414,0.0001736569985158635,0.997003291474035,0.9976645635534331
5_6C_19PER_4_6C_NEWSTRUCTURE,118,0.9972713366472745,0.000174347725549016,0.9969667239335714,0.9976336221680171
5_6C_19PER_4_6C_NEWSTRUCTURE,119,0.9972393568910973,0.00017505633897155594,0.996934915481172,0.997602771006727
5_6C_19PER_4_6C_NEWSTRUCTURE,120,0.9972074226695836,0.00017578389067093836,0.9969032042656213,0.9975709265126096
5_6C_19PER_4_6C_NEWSTRUCTURE,121,0.9971755207054076,0.00017653136287205828,0.9968733691736962,0.9975386886849509
5_6C_19PER_4_6C_NEWSTRUCTURE,122,0.9971436377212437,0.00017729966685587777,0.9968422767609265,0.9975064465849055
5_6C_19PER_4_6C_NEWSTRUCTURE,123,0.9971117604397657,0.0001780896419920648,0.9968071746429228,0.9974745680168472
5_6C_19PER_4_6C_NEWSTRUCTURE,124,0.997079875583648,0.0001789020550916565,0.9967709232982314,0.9974462866625358
5_6C_19PER_4_6C_NEWSTRUCTURE,125,0.9970479698755645,0.00017973760008333658,0.9967370847773526,0.9974156606788224
5_6C_19PER_4_6C_NEWSTRUCTURE,126,0.9970160300381896,0.0001805968980152628,0.9967040551944732,0.9973865639380254
5_6C_19PER_4_6C_NEWSTRUCTURE,127,0.9969840427941973,0.00018148049738175192,0.9966710864866275,0.9973560666847031
5_6C_19PER_4_6C_NEWSTRUCTURE,128,0.9969519948662616,0.00018238887477236632,0.9966388317256238,0.99732359215294
5_6C_19PER_4_6C_NEWSTRUCTURE,129,0.996919872977057,0.00018332243583846537,0.9966065071562138,0.9972934115177136
5_6C_19PER_4_6C_NEWSTRUCTURE,130,0.9968876638492573,0.0001842815165703669,0.9965740582908009,0.9972622533144981
5_6C_19PER_4_6C_NEWSTRUCTURE,131,0.9968553542055367,0.00018526638487632646,0.9965414416882408,0.9972323823539097
5_6C_19PER_4_6C_NEWSTRUCTURE,132,0.9968229307685695,0.00018627724245234826,0.9965051571909294,0.9972037070087725
5_6C_19PER_4_6C_NEWSTRUCTURE,133,0.9967903802610298,0.00018731422693075335,0.9964710150849151,0.9971749220259026
5_6C_19PER_4_6C_NEWSTRUCTURE,134,0.9967576894055916,0.00018837741429315386,0.9964347796062611,0.9971447676667786
5_6C_19PER_4_6C_NEWSTRUCTURE,135,0.9967248449249293,0.00018946682153299745,0.9963984515439644,0.9971169325398767
5_6C_19PER_4_6C_NEWSTRUCTURE,136,0.9966918335417165,0.0001905824095510728,0.9963618706130741,0.997087702937993
5_6C_19PER_4_6C_NEWSTRUCTURE,137,0.996658641978628,0.00019172408626696834,0.9963252014832038,0.9970583000310425
5_6C_19PER_4_6C_NEWSTRUCTURE,138,0.9966252569583378,0.00019289170992867815,0.996288346071174,0.997028711269662
5_6C_19PER_4_6C_NEWSTRUCTURE,139,0.9965916652035196,0.0001940850926021768,0.9962530938838083,0.9969989254583465
5_6C_19PER_4_6C_NEWSTRUCTURE,140,0.9965578534368478,0.00019530400382269364,0.9962198161314503,0.9969689410001307
5_6C_19PER_4_6C_NEWSTRUCTURE,141,0.9965238083809966,0.00019654817438935203,0.9961862843982083,0.9969388607071578
5_6C_19PER_4_6C_NEWSTRUCTURE,142,0.9964895167586403,0.00019781730028518363,0.996150341759093,0.9969091311896658
5_6C_19PER_4_6C_NEWSTRUCTURE,143,0.9964549652924527,0.0001991110467049819,0.9961139407320847,0.9968791343836028
5_6C_19PER_4_6C_NEWSTRUCTURE,144,0.996420140705108,0.00020042905217390836,0.9960773043081612,0.9968488451395577
5_6C_19PER_4_6C_NEWSTRUCTURE,145,0.9963850297192806,0.00020177093274059387,0.9960404500791993,0.996817456505023
5_6C_19PER_4_6C_NEWSTRUCTURE,146,0.9963496190576443,0.00020313628622941257,0.9960041195869096,0.99678389433765
5_6C_19PER_4_6C_NEWSTRUCTURE,147,0.9963138954428733,0.0002045246965372427,0.9959682023047434,0.9967520837949181
5_6C_19PER_4_6C_NEWSTRUCTURE,148,0.9962778455976422,0.00020593573796141927,0.9959288772868133,0.996719960667424
5_6C_19PER_4_6C_NEWSTRUCTURE,149,0.9962414562446246,0.0002073689795461885,0.9958905166066397,0.9966874835395778
5_6C_19PER_4_6C_NEWSTRUCTURE,150,0.9962047141064946,0.0002088239894366787,0.9958531269782338,0.9966549623713888
5_6C_19PER_4_6C_NEWSTRUCTURE,151,0.9961676083322167,0.0002102999698463977,0.995815324480782,0.9966219292006919
5_6C_19PER_4_6C_NEWSTRUCTURE,152,0.996130137775914,0.00021179467366783686,0.9957758638736448,0.996587940000521
5_6C_19PER_4_6C_NEWSTRUCTURE,153,0.996092303718,0.00021330555006135929,0.9957355688926934,0.9965540901535183
5_6C_19PER_4_6C_NEWSTRUCTURE,154,0.9960541074388876,0.0002148301178117088,0.9956949372825191,0.9965198845981267
5_6C_19PER_4_6C_NEWSTRUCTURE,155,0.9960155502189904,0.0002163659640699336,0.9956539739635648,0.9964853210969379
5_6C_19PER_4_6C_NEWSTRUCTURE,156,0.9959766333387216,0.00021791074328674864,0.9956126804558012,0.9964503974125432
5_6C_19PER_4_6C_NEWSTRUCTURE,157,0.9959373580784945,0.00021946217635533354,0.9955710718810851,0.9964145190222431
5_6C_19PER_4_6C_NEWSTRUCTURE,158,0.9958977257187226,0.00022101804997907198,0.995529142958445,0.9963772348238272
5_6C_19PER_4_6C_NEWSTRUCTURE,159,0.995857737539819,0.00022257621627755876,0.9954869020087952,0.9963396468790657
5_6C_19PER_4_6C_NEWSTRUCTURE,160,0.995817394822197,0.0002241345926421974,0.9954443539525776,0.9963017549843507
5_6C_19PER_4_6C_NEWSTRUCTURE,161,0.9957766988462701,0.00022569116185121278,0.9954015037102348,0.9962635589360758
5_6C_19PER_4_6C_NEWSTRUCTURE,162,0.9957356508924511,0.00022724397245262772,0.9953583562022097,0.9962250585306329
5_6C_19PER_4_6C_NEWSTRUCTURE,163,0.9956942522411538,0.00022879113942260736,0.9953147831338682,0.9961862535644157
5_6C_19PER_4_6C_NEWSTRUCTURE,164,0.9956525041727914,0.00023033084510613646,0.9952696956531729,0.9961471438338162
5_6C_19PER_4_6C_NEWSTRUCTURE,165,0.9956104079677772,0.00023186134044606664,0.9952243300037211,0.9961077291352279
5_6C_19PER_4_6C_NEWSTRUCTURE,166,0.9955679649065241,0.00023338094650650706,0.995178670373801,0.996068009265043
5_6C_19PER_4_6C_NEWSTRUCTURE,167,0.9955251762694459,0.00023488805629635616,0.9951327267619794,0.9960279840196549
5_6C_19PER_4_6C_NEWSTRUCTURE,168,0.9954820433369558,0.00023638113689848097,0.9950865149614576,0.9959878885833008
5_6C_19PER_4_6C_NEWSTRUCTURE,169,0.995438567389467,0.00023785873191056422,0.9950400617837069,0.9959483829889172
5_6C_19PER_4_6C_NEWSTRUCTURE,170,0.9953947497073928,0.00023931946420345916,0.994993374036088,0.9959065390814049
5_6C_19PER_4_6C_NEWSTRUCTURE,171,0.9953505915711464,0.0002407620390033691,0.9949464319008552,0.9958648252139224
5_6C_19PER_4_6C_NEWSTRUCTURE,172,0.9953060942611414,0.00024218524730438946,0.9948992393243822,0.9958232700384088
5_6C_19PER_4_6C_NEWSTRUCTURE,173,0.9952612590577907,0.0002435879696184377,0.9948518002530431,0.9957814455501398
5_6C_19PER_4_6C_NEWSTRUCTURE,174,0.9952160872415079,0.0002449691800696322,0.9948041186332106,0.9957392659375688
5_6C_19PER_4_6C_NEWSTRUCTURE,175,0.9951705800927061,0.00024632795084084965,0.9947561984112585,0.9956967641163583
5_6C_19PER_4_6C_NEWSTRUCTURE,176,0.995124738891799,0.0002476634569802549,0.994707529769261,0.9956539813318145
5_6C_19PER_4_6C_NEWSTRUCTURE,177,0.9950785649191991,0.00024897498157564916,0.9946582053948,0.9956108911359951
5_6C_19PER_4_6C_NEWSTRUCTURE,178,0.9950320594553207,0.00025026192130497187,0.9946085082471071,0.9955674933252933
5_6C_19PER_4_6C_NEWSTRUCTURE,179,0.9949852237805762,0.00025152379237069,0.9945584660555863,0.9955237876961013
5_6C_19PER_4_6C_NEWSTRUCTURE,180,0.9949380591753796,0.0002527602368258438,0.9945087741543912,0.9954797740448122
5_6C_19PER_4_6C_NEWSTRUCTURE,181,0.9948905669201438,0.00025397102929907713,0.9944574701791319,0.995435452167819
5_6C_19PER_4_6C_NEWSTRUCTURE,182,0.994842748295282,0.0002551560841248066,0.994406258379347,0.9953908218615143
5_6C_19PER_4_6C_NEWSTRUCTURE,183,0.9947946045812078,0.0002563154628841509,0.9943548226853842,0.9953458829222908
5_6C_19PER_4_6C_NEWSTRUCTURE,184,0.9947461370583344,0.00025744938236022154,0.9943030426874852,0.9953006351465414
5_6C_19PER_4_6C_NEWSTRUCTURE,185,0.9946973470070751,0.00025855822290986113,0.9942509184367468,0.9952550783306594
5_6C_19PER_4_6C_NEWSTRUCTURE,186,0.9946482357078433,0.0002596425372512111,0.9941984951454761,0.9952070490937321
5_6C_19PER_4_6C_NEWSTRUCTURE,187,0.9945988044410519,0.0002607030596636175,0.9941457071613364,0.9951574143749234
5_6C_19PER_4_6C_NEWSTRUCTURE,188,0.9945490544871146,0.00026174071559279026,0.9940925596562581,0.9951072147894771
5_6C_19PER_4_6C_NEWSTRUCTURE,189,0.9944989871264447,0.00026275663164944185,0.9940390671253279,0.9950616737239996
5_6C_19PER_4_6C_NEWSTRUCTURE,190,0.9944486036394551,0.00026375214598470834,0.9939899692329974,0.9950195732469217
5_6C_19PER_4_6C_NEWSTRUCTURE,191,0.9943979053065597,0.0002647288190192963,0.993939298427249,0.9949674238682595
5_6C_19PER_4_6C_NEWSTRUCTURE,192,0.9943468934081712,0.00026568844449652095,0.9938847600419624,0.9949146468609428
5_6C_19PER_4_6C_NEWSTRUCTURE,193,0.9942955692247031,0.0002666330608203765,0.9938277974633792,0.9948626435097185
5_6C_19PER_4_6C_NEWSTRUCTURE,194,0.9942439340365691,0.0002675649626314634,0.9937704021722965,0.9948164072411323
5_6C_19PER_4_6C_NEWSTRUCTURE,195,0.9941919891241818,0.0002684867125622162,0.9937142425560086,0.994769973297179
5_6C_19PER_4_6C_NEWSTRUCTURE,196,0.994139735767955,0.00026940115310118007,0.9936605155650055,0.9947230940634626
5_6C_19PER_4_6C_NEWSTRUCTURE,197,0.9940871752483018,0.0002703114184832227,0.9936065859712517,0.994677511180377
5_6C_19PER_4_6C_NEWSTRUCTURE,198,0.9940343088456358,0.00027122094650763905,0.9935549442039359,0.9946287249961974
5_6C_19PER_4_6C_NEWSTRUCTURE,199,0.9939811378403697,0.00027213349017107005,0.9934978775463583,0.9945761968456007
5_6C_19PER_4_6C_NEWSTRUCTURE,200,0.9939276635129172,0.00027305312898473217,0.9934431279738817,0.9945222104661984
5_6C_36PER_4_3C_NEWSTRUCTURE,1,0.9982578109692611,0.00022047936574696024,0.9978016125215513,0.9986644990110725
5_6C_36PER_4_3C_NEWSTRUCTURE,2,0.9983572890897873,0.00021034212735259565,0.9979214731655515,0.9987449291325738
5_6C_36PER_4_3C_NEWSTRUCTURE,3,0.9984526943241566,0.00020040961904760175,0.9980384096830395,0.9988216034094597
5_6C_36PER_4_3C_NEWSTRUCTURE,4,0.9985440956210837,0.00019067902876337102,0.9981502439797109,0.9988945862518216
5_6C_36PER_4_3C_NEWSTRUCTURE,5,0.9986315619292825,0.00018114762407176973,0.9982566118631658,0.9989639420697513
5_6C_36PER_4_3C_NEWSTRUCTURE,6,0.9987151621974676,0.00017181276917271847,0.9983595946456868,0.9990306086025639
5_6C_36PER_4_3C_NEWSTRUCTURE,7,0.9987949653743533,0.0001626719462927357,0.9984586479190849,0.9990940311382058
5_6C_36PER_4_3C_NEWSTRUCTURE,8,0.9988710404086538,0.00015372278289578497,0.9985536586500507,0.9991540844319479
5_6C_36PER_4_3C_NEWSTRUCTURE,9,0.9989434562490835,0.00014496308663697235,0.9986444435987046,0.9992100777232715
5_6C_36PER_4_3C_NEWSTRUCTURE,10,0.9990122818443566,0.00013639089075373004,0.9987308314453187,0.999262012693967
5_6C_36PER_4_3C_NEWSTRUCTURE,11,0.9990775861431876,0.0001280045137053651,0.9988133326464397,0.9993110995573212
5_6C_36PER_4_3C_NEWSTRUCTURE,12,0.9991394380942907,0.00011980263852962948,0.9988920223163982,0.9993581359912486
5_6C_36PER_4_3C_NEWSTRUCTURE,13,0.9991979066463803,0.00011178441988626966,0.9989669737888863,0.9994024159963352
5_6C_36PER_4_3C_NEWSTRUCTURE,14,0.9992530607481704,0.00010394963059746138,0.9990382559796663,0.9994429804785938
5_6C_36PER_4_3C_NEWSTRUCTURE,15,0.9993049693483758,9.629886549922576e-05,0.9991059732826052,0.9994807134072371
5_6C_36PER_4_3C_NEWSTRUCTURE,16,0.9993537013957106,8.883382998886436e-05,0.9991716599988323,0.9995161495788626
5_6C_36PER_4_3C_NEWSTRUCTURE,17,0.9993993258388889,8.155775621872939e-05,0.9992334729894585,0.9995487119907619
5_6C_36PER_4_3C_NEWSTRUCTURE,18,0.9994419116266255,7.447601572113625e-05,0.9992907195556309,0.9995791267144583
5_6C_36PER_4_3C_NEWSTRUCTURE,19,0.9994815277076342,6.75970409811717e-05,0.9993446935824104,0.9996065302283059
5_6C_36PER_4_3C_NEWSTRUCTURE,20,0.9995182430306296,6.0933743790687374e-05,0.9993935563022236,0.9996320093966199
5_6C_36PER_4_3C_NEWSTRUCTURE,21,0.999552126544326,5.450574937164776e-05,0.9994401855143034,0.9996537889631882
5_6C_36PER_4_3C_NEWSTRUCTURE,22,0.9995832471974377,4.834299291277149e-05,0.9994823806314653,0.9996741023621887
5_6C_36PER_4_3C_NEWSTRUCTURE,23,0.999611673938679,4.249160586979662e-05,0.999524416294238,0.9996912327646635
5_6C_36PER_4_3C_NEWSTRUCTURE,24,0.9996374757167643,3.702357677827332e-05,0.9995618559639876,0.9997086196482847
5_6C_36PER_4_3C_NEWSTRUCTURE,25,0.9996607214804077,3.205212127206841e-05,0.9995973104145179,0.9997227244487614
5_6C_36PER_4_3C_NEWSTRUCTURE,26,0.9996814801783237,2.7753352690578308e-05,0.9996274222267535,0.9997371118089263
5_6C_36PER_4_3C_NEWSTRUCTURE,27,0.9996998207592266,2.4385729674942695e-05,0.9996526974102344,0.9997495966106935
5_6C_36PER_4_3C_NEWSTRUCTURE,28,0.9997158121718306,2.2271500430362833e-05,0.9996737607813361,0.9997615425705247
5_6C_36PER_4_3C_NEWSTRUCTURE,29,0.9997295233648501,2.167927122057106e-05,0.9996889332220952,0.9997746884328973
5_6C_36PER_4_3C_NEWSTRUCTURE,30,0.9997410232869994,2.2638067678390523e-05,0.9996984244124938,0.9997860386797212
5_6C_36PER_4_3C_NEWSTRUCTURE,31,0.999750380886993,2.489219394169688e-05,0.999702454101706,0.9997981441205779
5_6C_36PER_4_3C_NEWSTRUCTURE,32,0.9997576651135449,2.8066898864157736e-05,0.9997038501389715,0.9998114710852303
5_6C_36PER_4_3C_NEWSTRUCTURE,33,0.9997629449153695,3.1834258378371386e-05,0.9997023775278696,0.9998230920972049
5_6C_36PER_4_3C_NEWSTRUCTURE,34,0.9997662892411813,3.596356333742486e-05,0.9996954131962105,0.9998333260014794
5_6C_36PER_4_3C_NEWSTRUCTURE,35,0.9997677670396944,4.030590180013485e-05,0.999690868107964,0.999843065608018
5_6C_36PER_4_3C_NEWSTRUCTURE,36,0.9997674472596234,4.4767286636651684e-05,0.9996825935398332,0.999852163749223
5_6C_36PER_4_3C_NEWSTRUCTURE,37,0.9997653988496823,4.92880850063847e-05,0.9996736779057521,0.9998607324826715
5_6C_36PER_4_3C_NEWSTRUCTURE,38,0.9997616907585855,5.382990013836705e-05,0.9996620045483474,0.9998684593751238
5_6C_36PER_4_3C_NEWSTRUCTURE,39,0.9997563919350474,5.8367626391553554e-05,0.999646936226595,0.9998730845631704
5_6C_36PER_4_3C_NEWSTRUCTURE,40,0.9997495713277822,6.288465976727042e-05,0.9996312043576446,0.9998760432039595
5_6C_36PER_4_3C_NEWSTRUCTURE,41,0.9997412978855045,6.736996926933875e-05,0.9996138949548676,0.9998780271044336
5_6C_36PER_4_3C_NEWSTRUCTURE,42,0.9997316405569283,7.181626699422721e-05,0.999595362098291,0.9998776298925042
5_6C_36PER_4_3C_NEWSTRUCTURE,43,0.999720668290768,7.621883707043781e-05,0.9995756583849077,0.9998762974525823
5_6C_36PER_4_3C_NEWSTRUCTURE,44,0.999708450035738,8.057476810445255e-05,0.9995548444866802,0.9998723720797571
5_6C_36PER_4_3C_NEWSTRUCTURE,45,0.9996950547405524,8.488243847131167e-05,0.9995329869566569,0.9998666395230817
5_6C_36PER_4_3C_NEWSTRUCTURE,46,0.9996805513539259,8.91411637017484e-05,0.9995098411709313,0.9998601278816834
5_6C_36PER_4_3C_NEWSTRUCTURE,47,0.9996650088245724,9.335095009448413e-05,0.9994854785951549,0.9998531469290562
5_6C_36PER_4_3C_NEWSTRUCTURE,48,0.9996484961012067,9.751231939663074e-05,0.9994602140338427,0.999845738771959
5_6C_36PER_4_3C_NEWSTRUCTURE,49,0.9996310821325426,0.00010162618196054246,0.9994348445365837,0.9998381807405187
5_6C_36PER_4_3C_NEWSTRUCTURE,50,0.9996128358672947,0.00010569374356883875,0.9994092276177007,0.9998296774006583
5_6C_36PER_4_3C_NEWSTRUCTURE,51,0.9995938182433671,0.00010971617604021802,0.9993824797612867,0.9998202938218314
5_6C_36PER_4_3C_NEWSTRUCTURE,52,0.9995740581554247,0.00011369378345639012,0.9993546410964677,0.99980938774535
5_6C_36PER_4_3C_NEWSTRUCTURE,53,0.999553576487321,0.00011762674251116055,0.9993261661407205,0.999797302928131
5_6C_36PER_4_3C_NEWSTRUCTURE,54,0.9995323941229112,0.00012151533641083864,0.999297074987435,0.9997845391432075
5_6C_36PER_4_3C_NEWSTRUCTURE,55,0.999510531946049,0.00012535993495336518,0.9992678885783418,0.9997711021410021
5_6C_36PER_4_3C_NEWSTRUCTURE,56,0.9994880108405891,0.00012916097873410205,0.9992383724436579,0.9997570428199142
5_6C_36PER_4_3C_NEWSTRUCTURE,57,0.9994648516903858,0.00013291896651539597,0.99920836521757,0.9997423334216345
5_6C_36PER_4_3C_NEWSTRUCTURE,58,0.9994410753792932,0.00013663444504452652,0.9991778869414932,0.9997263722237898
5_6C_36PER_4_3C_NEWSTRUCTURE,59,0.999416702791166,0.00014030800078306888,0.9991469576568434,0.9997098513915053
5_6C_36PER_4_3C_NEWSTRUCTURE,60,0.9993917548098584,0.00014394025314099943,0.9991155974050356,0.9996927905611815
5_6C_36PER_4_3C_NEWSTRUCTURE,61,0.9993662523192247,0.00014753184890440357,0.9990833979850267,0.9996751986631565
5_6C_36PER_4_3C_NEWSTRUCTURE,62,0.9993402162031194,0.00015108345761706934,0.9990503912017976,0.9996570956279195
5_6C_36PER_4_3C_NEWSTRUCTURE,63,0.9993136673453967,0.0001545957677296876,0.999016946036281,0.9996384949050315
5_6C_36PER_4_3C_NEWSTRUCTURE,64,0.9992866266299111,0.0001580694833708207,0.9989830825220836,0.9996193555138964
5_6C_36PER_4_3C_NEWSTRUCTURE,65,0.9992591149405169,0.0001615053216247015,0.9989488206928114,0.999597864557093
5_6C_36PER_4_3C_NEWSTRUCTURE,66,0.9992311531610683,0.0001649040102244916,0.9989141805820714,0.9995760169646145
5_6C_36PER_4_3C_NEWSTRUCTURE,67,0.9992027621754197,0.0001682662855884306,0.9988792456284745,0.9995556865701963
5_6C_36PER_4_3C_NEWSTRUCTURE,68,0.9991739628674257,0.00017159289114009296,0.9988443752720412,0.9995348982195325
5_6C_36PER_4_3C_NEWSTRUCTURE,69,0.9991447761209401,0.00017488457586560587,0.9988091949439993,0.9995136739265151
5_6C_36PER_4_3C_NEWSTRUCTURE,70,0.9991152228198179,0.0001781420930696045,0.9987737255425503,0.9994919957217386
5_6C_36PER_4_3C_NEWSTRUCTURE,71,0.999085323847913,0.0001813661992983008,0.9987379879658965,0.9994694126423215
5_6C_36PER_4_3C_NEWSTRUCTURE,72,0.99905510008908,0.00018455765340432776,0.9987020619417759,0.9994433851933976
5_6C_36PER_4_3C_NEWSTRUCTURE,73,0.9990245724271731,0.0001877172157319846,0.9986663266418507,0.9994168313497522
5_6C_36PER_4_3C_NEWSTRUCTURE,74,0.9989937617460468,0.0001908456474054882,0.9986293751667247,0.9993933487861966
5_6C_36PER_4_3C_NEWSTRUCTURE,75,0.9989626889295553,0.00019394370970582454,0.9985927738712702,0.9993683991017999
5_6C_36PER_4_3C_NEWSTRUCTURE,76,0.9989313748615529,0.00019701216352379186,0.9985560088916208,0.9993419424251454
5_6C_36PER_4_3C_NEWSTRUCTURE,77,0.9988998404258942,0.00020005176887957405,0.9985191011259777,0.9993173545264806
5_6C_36PER_4_3C_NEWSTRUCTURE,78,0.9988681065064333,0.000203063284499907,0.9984820714725434,0.9992903881060045
5_6C_36PER_4_3C_NEWSTRUCTURE,79,0.9988361939870247,0.00020604746744598516,0.9984449408295197,0.9992631332834102
5_6C_36PER_4_3C_NEWSTRUCTURE,80,0.9988041237515226,0.00020900507278595254,0.9984077300951083,0.9992355888512561
5_6C_36PER_4_3C_NEWSTRUCTURE,81,0.9987719166837815,0.00021193685330690013,0.9983704601675115,0.9992077252700345
5_6C_36PER_4_3C_NEWSTRUCTURE,82,0.9987395936676559,0.00021484355926201223,0.9983331519449308,0.9991796046701573
5_6C_36PER_4_3C_NEWSTRUCTURE,83,0.9987071755869996,0.00021772593814919808,0.9982943955552673,0.9991533067822618
5_6C_36PER_4_3C_NEWSTRUCTURE,84,0.9986746833256676,0.00022058473451801435,0.9982570355405559,0.999127092210765
5_6C_36PER_4_3C_NEWSTRUCTURE,85,0.9986421377675138,0.0002234206898022513,0.9982202058274356,0.9990987771212317
5_6C_36PER_4_3C_NEWSTRUCTURE,86,0.9986095597963928,0.00022623454217579944,0.9981810637381501,0.9990702980932272
5_6C_36PER_4_3C_NEWSTRUCTURE,87,0.9985769702961588,0.00022902702642982133,0.9981419337806986,0.9990416300313224
5_6C_36PER_4_3C_NEWSTRUCTURE,88,0.9985443901506661,0.00023179887386963778,0.9981028393845481,0.9990128627095648
5_6C_36PER_4_3C_NEWSTRUCTURE,89,0.9985118402437692,0.00023455081222965347,0.9980638403544865,0.9989844590332535
5_6C_36PER_4_3C_NEWSTRUCTURE,90,0.9984793414593225,0.00023728356560523075,0.9980249190996012,0.9989595344355982
5_6C_36PER_4_3C_NEWSTRUCTURE,91,0.9984469146811801,0.0002399978544003162,0.9979860970348076,0.9989328721978061
5_6C_36PER_4_3C_NEWSTRUCTURE,92,0.9984145807931967,0.00024269439528985194,0.9979473955750194,0.9989058724340008
5_6C_36PER_4_3C_NEWSTRUCTURE,93,0.9983823606792263,0.00024537390119624465,0.9979091099953475,0.9988803853777484
5_6C_36PER_4_3C_NEWSTRUCTURE,94,0.9983502752231234,0.00024803708127898,0.9978720116477441,0.9988544495217593
5_6C_36PER_4_3C_NEWSTRUCTURE,95,0.9983183453087423,0.0002506846409369126,0.9978351159932609,0.9988258651316323
5_6C_36PER_4_3C_NEWSTRUCTURE,96,0.9982865918199375,0.0002533172818226191,0.997798443065505,0.9987973590883283
5_6C_36PER_4_3C_NEWSTRUCTURE,97,0.9982550356405633,0.0002559357018682283,0.9977620128980831,0.9987703652095584
5_6C_36PER_4_3C_NEWSTRUCTURE,98,0.9982236976544738,0.00025854059532246,0.9977258455246009,0.9987454304377896
5_6C_36PER_4_3C_NEWSTRUCTURE,99,0.9981925987455237,0.00026113265279829943,0.9976899609786652,0.998720755307889
5_6C_36PER_4_3C_NEWSTRUCTURE,100,0.998161759797567,0.0002637125613310173,0.9976543792938832,0.9986963543597498
5_6C_36PER_4_3C_NEWSTRUCTURE,101,0.9981311960955189,0.0002662810265184053,0.9976191149839811,0.9986721902072068
5_6C_36PER_4_3C_NEWSTRUCTURE,102,0.9981009005285353,0.0002688388332794371,0.997586212786821,0.9986482136278325
5_6C_36PER_4_3C_NEWSTRUCTURE,103,0.9980708603868332,0.00027138676972131005,0.9975509519993504,0.9986245627807501
5_6C_36PER_4_3C_NEWSTRUCTURE,104,0.9980410629606293,0.0002739256031447098,0.9975159676320179,0.9986011526116205
5_6C_36PER_4_3C_NEWSTRUCTURE,105,0.9980114955401401,0.0002764560795398113,0.9974812463860628,0.9985764873618209
5_6C_36PER_4_3C_NEWSTRUCTURE,106,0.9979821454155827,0.0002789789231520466,0.9974471788574282,0.9985508720664086
5_6C_36PER_4_3C_NEWSTRUCTURE,107,0.9979529998771735,0.00028149483611461144,0.9974135771170212,0.9985253823259078
5_6C_36PER_4_3C_NEWSTRUCTURE,108,0.9979240462151293,0.00028400449814543097,0.9973802066716864,0.998499935009359
5_6C_36PER_4_3C_NEWSTRUCTURE,109,0.9978952717196671,0.0002865085663064438,0.9973470544357541,0.9984745886484274
5_6C_36PER_4_3C_NEWSTRUCTURE,110,0.9978666636810032,0.0002890076748229255,0.9973141073235545,0.998451878706825
5_6C_36PER_4_3C_NEWSTRUCTURE,111,0.9978382093893547,0.0002915024349611649,0.9972813522494183,0.9984316400526083
5_6C_36PER_4_3C_NEWSTRUCTURE,112,0.9978098961349381,0.0002939934349625492,0.9972487761276752,0.9984116851077635
5_6C_36PER_4_3C_NEWSTRUCTURE,113,0.9977817112079703,0.00029648124003240576,0.9972163658726558,0.9983918860397658
5_6C_36PER_4_3C_NEWSTRUCTURE,114,0.9977536418986678,0.00029896639238209243,0.9971835378873024,0.9983722283147091
5_6C_36PER_4_3C_NEWSTRUCTURE,115,0.9977256754972478,0.00030144941132251757,0.9971486334815053,0.9983526973986857
5_6C_36PER_4_3C_NEWSTRUCTURE,116,0.9976977992939264,0.0003039307934079247,0.9971156131954703,0.9983312504544188
5_6C_36PER_4_3C_NEWSTRUCTURE,117,0.9976700005789207,0.0003064110126281377,0.9970837838492838,0.9983078139423752
5_6C_36PER_4_3C_NEWSTRUCTURE,118,0.9976422666424476,0.00030889052064811986,0.9970521049419315,0.9982843301889618
5_6C_36PER_4_3C_NEWSTRUCTURE,119,0.9976145847747233,0.0003113697470932178,0.9970205062737122,0.9982598192625443
5_6C_36PER_4_3C_NEWSTRUCTURE,120,0.9975869422659651,0.0003138490998788298,0.9969901149830676,0.9982342762443931
5_6C_36PER_4_3C_NEWSTRUCTURE,121,0.9975593264063892,0.0003163289655830302,0.9969599500727311,0.998208732410064
5_6C_36PER_4_3C_NEWSTRUCTURE,122,0.9975317244862129,0.0003188097098608276,0.9969298335250312,0.9981831788969202
5_6C_36PER_4_3C_NEWSTRUCTURE,123,0.9975041237956525,0.00032129167789866106,0.996898507144949,0.9981576068423244
5_6C_36PER_4_3C_NEWSTRUCTURE,124,0.9974765116249248,0.0003237751949077883,0.9968670577696944,0.9981349599243304
5_6C_36PER_4_3C_NEWSTRUCTURE,125,0.9974488752642466,0.0003262605666552349,0.9968356172331277,0.9981154575056571
5_6C_36PER_4_3C_NEWSTRUCTURE,126,0.9974212020038346,0.0003287480800307855,0.9968041724495795,0.9980951062035297
5_6C_36PER_4_3C_NEWSTRUCTURE,127,0.9973934791339056,0.0003312380036491319,0.9967727103333797,0.9980692249364477
5_6C_36PER_4_3C_NEWSTRUCTURE,128,0.9973656939446762,0.00033373058848518275,0.9967412177988589,0.9980432202104035
5_6C_36PER_4_3C_NEWSTRUCTURE,129,0.9973378337263635,0.0003362260685417314,0.9967095929698611,0.9980171057309242
5_6C_36PER_4_3C_NEWSTRUCTURE,130,0.9973098857691838,0.0003387246615480776,0.9966779850682083,0.9979908713055506
5_6C_36PER_4_3C_NEWSTRUCTURE,131,0.997281837363354,0.0003412265696879983,0.9966463208565458,0.9979705739791734
5_6C_36PER_4_3C_NEWSTRUCTURE,132,0.9972536757990907,0.0003437319803563208,0.9966141922131012,0.9979501548725878
5_6C_36PER_4_3C_NEWSTRUCTURE,133,0.9972253883666109,0.0003462410669421874,0.9965801169926888,0.997925578111452
5_6C_36PER_4_3C_NEWSTRUCTURE,134,0.997196962356131,0.00034875398963836424,0.9965459058004663,0.9979037373862071
5_6C_36PER_4_3C_NEWSTRUCTURE,135,0.9971683850578681,0.0003512708962750197,0.9965123907178576,0.9978817396313768
5_6C_36PER_4_3C_NEWSTRUCTURE,136,0.9971396437620386,0.00035379192317681505,0.99648037547667,0.9978595902015167
5_6C_36PER_4_3C_NEWSTRUCTURE,137,0.9971107257588592,0.0003563171960421846,0.9964481439088337,0.9978363593431443
5_6C_36PER_4_3C_NEWSTRUCTURE,138,0.9970816183385471,0.0003588468308437548,0.9964156674965479,0.9978115096743785
5_6C_36PER_4_3C_NEWSTRUCTURE,139,0.9970523087913187,0.00036138093474852886,0.9963829671209838,0.9977864797722598
5_6C_36PER_4_3C_NEWSTRUCTURE,140,0.9970227844073907,0.00036391960705696485,0.9963500274310972,0.9977612589251523
5_6C_36PER_4_3C_NEWSTRUCTURE,141,0.9969930324769798,0.0003664629401597617,0.9963168854887796,0.9977358364214208
5_6C_36PER_4_3C_NEWSTRUCTURE,142,0.9969630402903028,0.0003690110205114368,0.9962834416599449,0.9977102015494291
5_6C_36PER_4_3C_NEWSTRUCTURE,143,0.9969327951375766,0.00037156392961961517,0.9962496526549458,0.9976843435975419
5_6C_36PER_4_3C_NEWSTRUCTURE,144,0.9969022843090177,0.0003741217450489628,0.9962156035221182,0.9976582518541235
5_6C_36PER_4_3C_NEWSTRUCTURE,145,0.9968714950948431,0.00037668454143915714,0.9961792434513568,0.9976319156075378
5_6C_36PER_4_3C_NEWSTRUCTURE,146,0.9968404147852692,0.00037925239153561644,0.9961420261893122,0.9976053241461497
5_6C_36PER_4_3C_NEWSTRUCTURE,147,0.9968090306705127,0.0003818253672323781,0.9961044441785899,0.9975784667583235
5_6C_36PER_4_3C_NEWSTRUCTURE,148,0.9967773300407908,0.000384403540626152,0.996068108888435,0.997551332732423
5_6C_36PER_4_3C_NEWSTRUCTURE,149,0.9967453001863197,0.00038698698508077257,0.9960331613879213,0.9975216429647229
5_6C_36PER_4_3C_NEWSTRUCTURE,150,0.9967129283973167,0.0003895757763013838,0.995994612449274,0.9974911868689638
5_6C_36PER_4_3C_NEWSTRUCTURE,151,0.9966802044815487,0.0003921699823493013,0.9959548110797243,0.9974602889827932
5_6C_36PER_4_3C_NEWSTRUCTURE,152,0.9966471283169873,0.0003947696333813402,0.9959146696862798,0.9974328214831915
5_6C_36PER_4_3C_NEWSTRUCTURE,153,0.9966137022991534,0.00039737475821256585,0.9958741899958011,0.9974049162686166
5_6C_36PER_4_3C_NEWSTRUCTURE,154,0.9965799288235693,0.00039998539498521657,0.9958333737351468,0.9973778351753237
5_6C_36PER_4_3C_NEWSTRUCTURE,155,0.9965458102857566,0.00040260159038808666,0.9957922226311765,0.9973503833836028
5_6C_36PER_4_3C_NEWSTRUCTURE,156,0.9965113490812367,0.00040522339906419995,0.99575073841075,0.997322645467389
5_6C_36PER_4_3C_NEWSTRUCTURE,157,0.9964765476055318,0.00040785088319890325,0.9957091925090648,0.9972936023500291
5_6C_36PER_4_3C_NEWSTRUCTURE,158,0.9964414082541633,0.0004104841122798975,0.995671636831491,0.997263453751773
5_6C_36PER_4_3C_NEWSTRUCTURE,159,0.9964059334226528,0.00041312316302208693,0.9956337939652161,0.997233035517822
5_6C_36PER_4_3C_NEWSTRUCTURE,160,0.9963701255065222,0.00041576811944958527,0.9955956449096066,0.9972023340064488
5_6C_36PER_4_3C_NEWSTRUCTURE,161,0.9963339869012932,0.0004184190731280898,0.9955571935045731,0.9971713356644807
5_6C_36PER_4_3C_NEWSTRUCTURE,162,0.9962975200024875,0.0004210761235407704,0.9955164290442605,0.9971400418804213
5_6C_36PER_4_3C_NEWSTRUCTURE,163,0.9962607272056268,0.000423739378601354,0.9954702921729957,0.9971084540427742
5_6C_36PER_4_3C_NEWSTRUCTURE,164,0.9962236109062326,0.00042640895529808383,0.9954255880790936,0.997076573540043
5_6C_36PER_4_3C_NEWSTRUCTURE,165,0.9961861734998272,0.000429084980462777,0.9953839485381183,0.9970443867113531
5_6C_36PER_4_3C_NEWSTRUCTURE,166,0.9961484173819315,0.00043176759165906094,0.995341998338734,0.9970118609660157
5_6C_36PER_4_3C_NEWSTRUCTURE,167,0.9961103449480677,0.000434456938184384,0.9952997400412805,0.9969790502621857
5_6C_36PER_4_3C_NEWSTRUCTURE,168,0.9960719585937573,0.00043715318218059545,0.9952571762060968,0.9969468867095238
5_6C_36PER_4_3C_NEWSTRUCTURE,169,0.9960332607145223,0.0004398564998476529,0.9952143093935234,0.996916412024707
5_6C_36PER_4_3C_NEWSTRUCTURE,170,0.995994253705884,0.0004425670827558785,0.9951711309603792,0.9968817427472799
5_6C_36PER_4_3C_NEWSTRUCTURE,171,0.9959549399633645,0.00044528513925163444,0.9951275906076884,0.9968467974837701
5_6C_36PER_4_3C_NEWSTRUCTURE,172,0.9959153218824854,0.0004480108959519647,0.9950838332849378,0.9968116650010618
5_6C_36PER_4_3C_NEWSTRUCTURE,173,0.9958754018587682,0.00045074459932353806,0.995039784625135,0.996776368011073
5_6C_36PER_4_3C_NEWSTRUCTURE,174,0.9958351822877346,0.00045348651734150933,0.9949954472138267,0.9967428329867029
5_6C_36PER_4_3C_NEWSTRUCTURE,175,0.9957946655649068,0.0004562369412240078,0.9949508236365591,0.9967078219892969
5_6C_36PER_4_3C_NEWSTRUCTURE,176,0.9957538540858057,0.00045899618723789016,0.994903028909176,0.9966717297771694
5_6C_36PER_4_3C_NEWSTRUCTURE,177,0.9957127502459538,0.00046176459857171897,0.9948528681206469,0.9966357975849113
5_6C_36PER_4_3C_NEWSTRUCTURE,178,0.9956713564408723,0.00046454254727163006,0.9948023738704858,0.9965999879683356
5_6C_36PER_4_3C_NEWSTRUCTURE,179,0.995629675066083,0.00046733043623623064,0.9947546543348369,0.9965639057830685
5_6C_36PER_4_3C_NEWSTRUCTURE,180,0.995587708517108,0.00047012870126619376,0.9947099216232189,0.9965275523758167
5_6C_36PER_4_3C_NEWSTRUCTURE,181,0.9955454591894685,0.0004729378131646037,0.9946652747167278,0.996490929093287
5_6C_36PER_4_3C_NEWSTRUCTURE,182,0.9955029294786862,0.0004757582798839528,0.9946205729222785,0.996454144953666
5_6C_36PER_4_3C_NEWSTRUCTURE,183,0.9954601217802832,0.0004785906487154373,0.9945757986851519,0.9964175680608863
5_6C_36PER_4_3C_NEWSTRUCTURE,184,0.9954170384897809,0.0004814355085166179,0.9945309603881718,0.9963807608100536
5_6C_36PER_4_3C_NEWSTRUCTURE,185,0.9953736820027012,0.0004842934919729876,0.994485454089693,0.996343727870851
5_6C_36PER_4_3C_NEWSTRUCTURE,186,0.9953300547145656,0.00048716527788903905,0.9944369378653288,0.9963064739129613
5_6C_36PER_4_3C_NEWSTRUCTURE,187,0.9952861590208958,0.0004900515935044608,0.9943900667477065,0.9962690036060682
5_6C_36PER_4_3C_NEWSTRUCTURE,188,0.995241997317214,0.0004929532168307808,0.9943394731114553,0.9962313216198541
5_6C_36PER_4_3C_NEWSTRUCTURE,189,0.9951975719990412,0.0004958709790035243,0.9942891463243564,0.9961934525986689
5_6C_36PER_4_3C_NEWSTRUCTURE,190,0.9951528854618995,0.0004988057666452436,0.9942391905151062,0.9961554186749353
5_6C_36PER_4_3C_NEWSTRUCTURE,191,0.9951079401013105,0.0005017585242339915,0.9941915475828309,0.996117149035037
5_6C_36PER_4_3C_NEWSTRUCTURE,192,0.9950627383127961,0.0005047302564719959,0.9941447130689742,0.9960786883511524
5_6C_36PER_4_3C_NEWSTRUCTURE,193,0.9950172824918778,0.0005077220306490098,0.9940930051680064,0.9960395259850755
5_6C_36PER_4_3C_NEWSTRUCTURE,194,0.9949715750340773,0.0005107349789943941,0.9940441022845102,0.9960006567581993
5_6C_36PER_4_3C_NEWSTRUCTURE,195,0.9949256183349162,0.0005137703010120908,0.9939927726123898,0.9959591705480768
5_6C_36PER_4_3C_NEWSTRUCTURE,196,0.9948794147899166,0.0005168292657917819,0.9939411977165943,0.9959173523813051
5_6C_36PER_4_3C_NEWSTRUCTURE,197,0.9948329667946,0.000519913214290119,0.9938894399187392,0.9958752129614433
5_6C_36PER_4_3C_NEWSTRUCTURE,198,0.9947862767444879,0.0005230235615746194,0.9938374340581851,0.9958354172222652
5_6C_36PER_4_3C_NEWSTRUCTURE,199,0.9947393470351023,0.0005261617990234504,0.9937818308677776,0.9957926795401764
5_6C_36PER_4_3C_NEWSTRUCTURE,200,0.9946921800619647,0.0005293294964733823,0.993730760110705,0.9957514585018075
4_8C_80PER_4_8C_NEWSTRUCTURE,1,0.9890323966208804,0.008146597844348836,0.970837331025651,0.9982012188172694
4_8C_80PER_4_8C_NEWSTRUCTURE,2,0.9891323645831871,0.008144329022400325,0.9709443978763104,0.9982891013582409
4_8C_80PER_4_8C_NEWSTRUCTURE,3,0.9892288453434317,0.008141993721262118,0.9710477379908128,0.9983738134193936
4_8C_80PER_4_8C_NEWSTRUCTURE,4,0.9893218924922244,0.008139596787062697,0.9711476911674934,0.9984554063622538
4_8C_80PER_4_8C_NEWSTRUCTURE,5,0.9894115596201757,0.008137143090546316,0.9712443022668371,0.9985339315483486
4_8C_80PER_4_8C_NEWSTRUCTURE,6,0.989497900317896,0.008134637525981085,0.9713376161493277,0.9986095363729385
4_8C_80PER_4_8C_NEWSTRUCTURE,7,0.989580968175996,0.008132085010095212,0.9714276776754496,0.9986825720191118
4_8C_80PER_4_8C_NEWSTRUCTURE,8,0.9896608167850861,0.00812949048104104,0.9715156658213117,0.9987567934142018
4_8C_80PER_4_8C_NEWSTRUCTURE,9,0.9897374997357766,0.008126858897386952,0.9716012501912942,0.9988280874925828
4_8C_80PER_4_8C_NEWSTRUCTURE,10,0.9898110706186782,0.008124195237135447,0.9716804069050928,0.9988964733774028
4_8C_80PER_4_8C_NEWSTRUCTURE,11,0.9898815830244014,0.008121504496767988,0.9717542268988651,0.9989619645538015
4_8C_80PER_4_8C_NEWSTRUCTURE,12,0.9899490905435567,0.008118791690315673,0.9718264949782074,0.9990246150519709
4_8C_80PER_4_8C_NEWSTRUCTURE,13,0.9900136467667543,0.008116061848455328,0.9718984982087582,0.9990883462415604
4_8C_80PER_4_8C_NEWSTRUCTURE,14,0.990075305284605,0.008113320017630979,0.9719675199386962,0.999150395503712
4_8C_80PER_4_8C_NEWSTRUCTURE,15,0.9901341196877191,0.008110571259199834,0.9720336049597295,0.9992082799112774
4_8C_80PER_4_8C_NEWSTRUCTURE,16,0.9901901435667071,0.008107820648603188,0.9720967980635649,0.999263338424451
4_8C_80PER_4_8C_NEWSTRUCTURE,17,0.9902434305121797,0.00810507327456116,0.9721571440419103,0.9993156294236717
4_8C_80PER_4_8C_NEWSTRUCTURE,18,0.990294034114747,0.008102334238291646,0.9722132882690848,0.9993666107067672
4_8C_80PER_4_8C_NEWSTRUCTURE,19,0.9903420079650198,0.00809960865275302,0.9722665858525275,0.9994137300214635
4_8C_80PER_4_8C_NEWSTRUCTURE,20,0.9903874056536086,0.008096901641910311,0.9723173402940796,0.9994593105242838
4_8C_80PER_4_8C_NEWSTRUCTURE,21,0.9904302807711236,0.00809421834002481,0.9723655902160672,0.9995024372492113
4_8C_80PER_4_8C_NEWSTRUCTURE,22,0.9904706869081756,0.008091563890966868,0.9724113742408167,0.9995428873748194
4_8C_80PER_4_8C_NEWSTRUCTURE,23,0.9905086776553749,0.008088943447551815,0.9724547309906536,0.999580725382152
4_8C_80PER_4_8C_NEWSTRUCTURE,24,0.9905443066033319,0.008086362170899043,0.9724956990879043,0.999616015752253
4_8C_80PER_4_8C_NEWSTRUCTURE,25,0.9905776273426574,0.008083825229813636,0.9725343171548948,0.9996488229661659
4_8C_80PER_4_8C_NEWSTRUCTURE,26,0.9906086934639615,0.00808133780019112,0.9725706238139509,0.9996792115049344
4_8C_80PER_4_8C_NEWSTRUCTURE,27,0.9906375585578551,0.008078905064444985,0.9726046576873987,0.9997072458496024
4_8C_80PER_4_8C_NEWSTRUCTURE,28,0.9906642762149483,0.008076532210956854,0.9726364573975644,0.9997329904812139
4_8C_80PER_4_8C_NEWSTRUCTURE,29,0.9906889000258519,0.008074224433549462,0.9726660615667738,0.9997565098808125
4_8C_80PER_4_8C_NEWSTRUCTURE,30,0.9907114835811761,0.00807198693098224,0.9726935088173532,0.9997778685294422
4_8C_80PER_4_8C_NEWSTRUCTURE,31,0.9907320804715315,0.00806982490647001,0.9727188377716282,0.9997971309081465
4_8C_80PER_4_8C_NEWSTRUCTURE,32,0.9907507442875286,0.008067743567223862,0.9727420870519251,0.9998143614979691
4_8C_80PER_4_8C_NEWSTRUCTURE,33,0.9907675286197779,0.008065748124015632,0.9727632952805699,0.9998296247799542
4_8C_80PER_4_8C_NEWSTRUCTURE,34,0.9907824870588899,0.008063843790764308,0.9727825010798886,0.9998429852351449
4_8C_80PER_4_8C_NEWSTRUCTURE,35,0.9907956731954751,0.00806203578414619,0.9727997430722071,0.9998545073445858
4_8C_80PER_4_8C_NEWSTRUCTURE,36,0.9908071406201439,0.008060329323227389,0.9728150598798517,0.9998649747728898
4_8C_80PER_4_8C_NEWSTRUCTURE,37,0.9908169429235067,0.00805872962911986,0.9728284901251482,0.9998747166183999
4_8C_80PER_4_8C_NEWSTRUCTURE,38,0.9908251336961743,0.008057241924660232,0.9728400724304227,0.9998829617574557
4_8C_80PER_4_8C_NEWSTRUCTURE,39,0.9908317665287569,0.008055871434111876,0.9728498454180012,0.9998892581996807
4_8C_80PER_4_8C_NEWSTRUCTURE,40,0.9908368950118651,0.00805462338289038,0.9728578477102098,0.9998932316903105
4_8C_80PER_4_8C_NEWSTRUCTURE,41,0.9908405727361093,0.008053502997312298,0.9728641179293742,0.9998957987460597
4_8C_80PER_4_8C_NEWSTRUCTURE,42,0.9908428532921001,0.008052515504367289,0.972868694697821,0.9998970239167486
4_8C_80PER_4_8C_NEWSTRUCTURE,43,0.990843790270448,0.008051666131513886,0.9728716166378756,0.9998969717521982
4_8C_80PER_4_8C_NEWSTRUCTURE,44,0.9908434372617633,0.008050960106498722,0.9728729223718645,0.9998957068022283
4_8C_80PER_4_8C_NEWSTRUCTURE,45,0.9908418478566565,0.008050402657199859,0.9728726505221135,0.99989329361666
4_8C_80PER_4_8C_NEWSTRUCTURE,46,0.9908390756457384,0.008049999011493015,0.9728700165506751,0.9998906199055871
4_8C_80PER_4_8C_NEWSTRUCTURE,47,0.9908351742196192,0.008049754397142558,0.9728657769082785,0.9998870323904279
4_8C_80PER_4_8C_NEWSTRUCTURE,48,0.9908301971689094,0.008049674041715712,0.9728600786833224,0.999882487154929
4_8C_80PER_4_8C_NEWSTRUCTURE,49,0.9908241980842196,0.00804976317252096,0.9728529666675144,0.9998770425795301
4_8C_80PER_4_8C_NEWSTRUCTURE,50,0.9908172305561602,0.00805002701657036,0.9728444856525623,0.9998707570446703
4_8C_80PER_4_8C_NEWSTRUCTURE,51,0.9908093431918782,0.00805046916104833,0.9728346787393432,0.9998636824153857
4_8C_80PER_4_8C_NEWSTRUCTURE,52,0.9908005646646669,0.008051086635027585,0.9728235822654151,0.9998558444951011
4_8C_80PER_4_8C_NEWSTRUCTURE,53,0.9907909186643561,0.008051874828459234,0.9728112308775062,0.9998472625718388
4_8C_80PER_4_8C_NEWSTRUCTURE,54,0.9907804288807754,0.008052829131699392,0.9727976592223445,0.99983795593362
4_8C_80PER_4_8C_NEWSTRUCTURE,55,0.9907691190037548,0.00805394493545089,0.972782901946658,0.9998279438684673
4_8C_80PER_4_8C_NEWSTRUCTURE,56,0.9907570127231239,0.00805521763070652,0.9727669936971746,0.9998172456644026
4_8C_80PER_4_8C_NEWSTRUCTURE,57,0.9907441337287124,0.008056642608694334,0.9727499691206224,0.9998058806094472
4_8C_80PER_4_8C_NEWSTRUCTURE,58,0.9907305057103503,0.00805821526082414,0.9727318628637296,0.9997938679916237
4_8C_80PER_4_8C_NEWSTRUCTURE,59,0.9907161523578671,0.008059930978636049,0.972712709573224,0.9997812270989542
4_8C_80PER_4_8C_NEWSTRUCTURE,60,0.9907010973610929,0.0080617851537505,0.9726925438958337,0.9997679772194598
4_8C_80PER_4_8C_NEWSTRUCTURE,61,0.9906853644098572,0.008063773177820348,0.9726714004782869,0.9997541376411628
4_8C_80PER_4_8C_NEWSTRUCTURE,62,0.9906689771939898,0.008065890442484305,0.9726493139673114,0.9997397276520854
4_8C_80PER_4_8C_NEWSTRUCTURE,63,0.9906519594033206,0.008068132339322638,0.9726263190096354,0.9997253045188063
4_8C_80PER_4_8C_NEWSTRUCTURE,64,0.9906343347276793,0.008070494259814138,0.9726024502519867,0.9997124451707011
4_8C_80PER_4_8C_NEWSTRUCTURE,65,0.9906161268568955,0.008072971595295464,0.9725777423410935,0.9996991510971712
4_8C_80PER_4_8C_NEWSTRUCTURE,66,0.9905973594807992,0.008075559736921801,0.9725522299236838,0.9996854388282582
4_8C_80PER_4_8C_NEWSTRUCTURE,67,0.99057805628922,0.008078254075629449,0.9725259476464858,0.9996713248940033
4_8C_80PER_4_8C_NEWSTRUCTURE,68,0.990558240971988,0.008081050002100574,0.9724989301562271,0.9996568258244487
4_8C_80PER_4_8C_NEWSTRUCTURE,69,0.9905379372189325,0.008083942906729256,0.9724712120996363,0.999641958149635
4_8C_80PER_4_8C_NEWSTRUCTURE,70,0.9905171687198835,0.008086928179589744,0.972442828123441,0.9996267383996043
4_8C_80PER_4_8C_NEWSTRUCTURE,71,0.9904959591646708,0.008090001210406199,0.9724138128743692,0.9996111831043979
4_8C_80PER_4_8C_NEWSTRUCTURE,72,0.9904743322431242,0.008093157388524801,0.9723842009991494,0.9995953087940571
4_8C_80PER_4_8C_NEWSTRUCTURE,73,0.9904523116450732,0.00809639210288677,0.9723540271445089,0.9995791319986239
4_8C_80PER_4_8C_NEWSTRUCTURE,74,0.9904299210603478,0.00809970074200424,0.9723233259571765,0.9995626692481392
4_8C_80PER_4_8C_NEWSTRUCTURE,75,0.9904071841787778,0.008103078693936993,0.972294007807323,0.9995459370726448
4_8C_80PER_4_8C_NEWSTRUCTURE,76,0.9903841246901929,0.00810652134627153,0.9722642583075495,0.9995289520021824
4_8C_80PER_4_8C_NEWSTRUCTURE,77,0.9903607662844228,0.008110024086101812,0.9722341024315398,0.9995117305667933
4_8C_80PER_4_8C_NEWSTRUCTURE,78,0.9903371326512973,0.00811358230001156,0.9722035735928678,0.9994942892965188
4_8C_80PER_4_8C_NEWSTRUCTURE,79,0.9903132474806462,0.00811719137405859,0.9721727052051063,0.9994766447214007
4_8C_80PER_4_8C_NEWSTRUCTURE,80,0.9902891344622993,0.008120846693760557,0.9721415306818286,0.999457168344425
4_8C_80PER_4_8C_NEWSTRUCTURE,81,0.9902648172860863,0.008124543644082834,0.9721100834366087,0.9994354438101287
4_8C_80PER_4_8C_NEWSTRUCTURE,82,0.990240319641837,0.008128277609427706,0.972078396883019,0.9994135219970921
4_8C_80PER_4_8C_NEWSTRUCTURE,83,0.9902156652193812,0.008132043973625373,0.9720465044346334,0.9993914218945478
4_8C_80PER_4_8C_NEWSTRUCTURE,84,0.9901908777085486,0.008135838119926755,0.972014439505025,0.9993691624917278
4_8C_80PER_4_8C_NEWSTRUCTURE,85,0.990165980799169,0.008139655430997907,0.9719822355077671,0.9993467627778645
4_8C_80PER_4_8C_NEWSTRUCTURE,86,0.990140998181072,0.008143491288915887,0.9719488736034274,0.9993252939951958
4_8C_80PER_4_8C_NEWSTRUCTURE,87,0.9901159535440878,0.008147341075166497,0.9719145660439563,0.9993045962945775
4_8C_80PER_4_8C_NEWSTRUCTURE,88,0.9900908705780458,0.008151200170643459,0.9718801943002496,0.9992838406079186
4_8C_80PER_4_8C_NEWSTRUCTURE,89,0.9900657729727758,0.008155063955649407,0.9718457930119172,0.9992647393331219
4_8C_80PER_4_8C_NEWSTRUCTURE,90,0.9900406844181077,0.008158927809898088,0.9718113968185685,0.9992462456260743
4_8C_80PER_4_8C_NEWSTRUCTURE,91,0.9900156286038712,0.008162787112518496,0.9717770403598127,0.9992277403650945
4_8C_80PER_4_8C_NEWSTRUCTURE,92,0.9899906292198959,0.00816663724206027,0.9717427582752592,0.9992092403718953
4_8C_80PER_4_8C_NEWSTRUCTURE,93,0.9899657099560119,0.008170473576500786,0.971708585204518,0.9991907624681887
4_8C_80PER_4_8C_NEWSTRUCTURE,94,0.9899408945020488,0.00817429149325375,0.9716745557871976,0.9991723234756873
4_8C_80PER_4_8C_NEWSTRUCTURE,95,0.9899162065478363,0.008178086369179107,0.9716407046629082,0.999153940216104
4_8C_80PER_4_8C_NEWSTRUCTURE,96,0.9898916697832042,0.008181853580594617,0.9716070664712587,0.9991356295111508
4_8C_80PER_4_8C_NEWSTRUCTURE,97,0.9898673078979824,0.008185588503288837,0.9715736758518589,0.9991174081825407
4_8C_80PER_4_8C_NEWSTRUCTURE,98,0.9898431445820005,0.008189286512535525,0.9715405674443179,0.9990991907101835
4_8C_80PER_4_8C_NEWSTRUCTURE,99,0.9898192035250885,0.008192942983109542,0.9715077758882456,0.9990788023099847
4_8C_80PER_4_8C_NEWSTRUCTURE,100,0.9897955084170758,0.00819655328930387,0.9714753358232507,0.9990585470909411
4_8C_80PER_4_8C_NEWSTRUCTURE,101,0.9897720772499883,0.008200113761663675,0.9714432739001053,0.9990384384221376
4_8C_80PER_4_8C_NEWSTRUCTURE,102,0.9897489052246342,0.008203624557561117,0.9714115848142298,0.9990184721246907
4_8C_80PER_4_8C_NEWSTRUCTURE,103,0.9897259818440182,0.008207086791773125,0.9713802552722064,0.9989986396327228
4_8C_80PER_4_8C_NEWSTRUCTURE,104,0.9897032966111443,0.008210501579853846,0.9713492719806179,0.998978932380358
4_8C_80PER_4_8C_NEWSTRUCTURE,105,0.989680839029017,0.008213870038118284,0.9713186216460465,0.9989593418017187
4_8C_80PER_4_8C_NEWSTRUCTURE,106,0.9896585986006406,0.008217193283627303,0.971288290975075,0.9989398593309289
4_8C_80PER_4_8C_NEWSTRUCTURE,107,0.9896365648290196,0.008220472434172501,0.9712582666742858,0.9989224990451632
4_8C_80PER_4_8C_NEWSTRUCTURE,108,0.9896147272171578,0.00822370860826258,0.9712285354502616,0.9989060361390065
4_8C_80PER_4_8C_NEWSTRUCTURE,109,0.9895930752680601,0.008226902925110177,0.9711990840095845,0.9988896876047078
4_8C_80PER_4_8C_NEWSTRUCTURE,110,0.9895715984847304,0.008230056504619424,0.9711698990588375,0.9988734454060662
4_8C_80PER_4_8C_NEWSTRUCTURE,111,0.9895502863701734,0.00823317046737428,0.9711409673046029,0.9988573015068798
4_8C_80PER_4_8C_NEWSTRUCTURE,112,0.989529128427393,0.00823624593462784,0.9711122754534631,0.9988412478709469
4_8C_80PER_4_8C_NEWSTRUCTURE,113,0.9895081141593939,0.008239284028292097,0.9710838102120009,0.9988252764620668
4_8C_80PER_4_8C_NEWSTRUCTURE,114,0.9894872330691803,0.008242285870928326,0.9710555582867985,0.9988093792440376
4_8C_80PER_4_8C_NEWSTRUCTURE,115,0.9894664746597565,0.008245252585738612,0.9710275063844386,0.9987935481806576
4_8C_80PER_4_8C_NEWSTRUCTURE,116,0.9894458284341268,0.008248185296557842,0.9709996412115038,0.9987777752357252
4_8C_80PER_4_8C_NEWSTRUCTURE,117,0.9894252838952954,0.008251085127846319,0.9709719494745764,0.9987620523730396
4_8C_80PER_4_8C_NEWSTRUCTURE,118,0.9894048305462667,0.00825395320468331,0.9709444178802392,0.9987463715563989
4_8C_80PER_4_8C_NEWSTRUCTURE,119,0.9893844578900453,0.008256790652761158,0.9709170331350745,0.9987307247496012
4_8C_80PER_4_8C_NEWSTRUCTURE,120,0.9893641554296352,0.008259598598380054,0.9708897819456648,0.9987151039164458
4_8C_80PER_4_8C_NEWSTRUCTURE,121,0.9893439126680408,0.00826237816844355,0.9708626510185928,0.9986995010207309
4_8C_80PER_4_8C_NEWSTRUCTURE,122,0.9893237191082666,0.008265130490454946,0.9708356270604408,0.9986839080262546
4_8C_80PER_4_8C_NEWSTRUCTURE,123,0.9893035642533167,0.008267856692513963,0.9708086967777915,0.9986683168968161
4_8C_80PER_4_8C_NEWSTRUCTURE,124,0.9892834376061955,0.008270557903314414,0.9707818468772272,0.9986527195962136
4_8C_80PER_4_8C_NEWSTRUCTURE,125,0.9892633286699072,0.008273235252142422,0.9707550640653309,0.9986371080882452
4_8C_80PER_4_8C_NEWSTRUCTURE,126,0.9892432269474564,0.008275889868875338,0.9707283350486845,0.9986214743367102
4_8C_80PER_4_8C_NEWSTRUCTURE,127,0.9892231219418472,0.008278522883981254,0.970701646533871,0.9986058103054066
4_8C_80PER_4_8C_NEWSTRUCTURE,128,0.989203003156084,0.008281135428519328,0.9706749852274726,0.9985901079581331
4_8C_80PER_4_8C_NEWSTRUCTURE,129,0.9891828600931711,0.008283728634140598,0.9706483378360722,0.9985743592586881
4_8C_80PER_4_8C_NEWSTRUCTURE,130,0.9891626822561128,0.008286303633089432,0.9706216910662518,0.9985585561708701
4_8C_80PER_4_8C_NEWSTRUCTURE,131,0.9891424591479137,0.00828886155820604,0.9705950316245944,0.9985426906584774
4_8C_80PER_4_8C_NEWSTRUCTURE,132,0.9891221802715776,0.00829140354292876,0.9705683462176822,0.9985267546853093
4_8C_80PER_4_8C_NEWSTRUCTURE,133,0.9891018351301093,0.00829393072129794,0.9705416215520978,0.9985107402151637
4_8C_80PER_4_8C_NEWSTRUCTURE,134,0.9890814132265128,0.008296444227959967,0.9705148443344238,0.9984946392118388
4_8C_80PER_4_8C_NEWSTRUCTURE,135,0.9890609040637925,0.008298945198171696,0.9704880012712426,0.998478443639134
4_8C_80PER_4_8C_NEWSTRUCTURE,136,0.9890402971449529,0.008301434767806239,0.9704610790691369,0.9984621454608472
4_8C_80PER_4_8C_NEWSTRUCTURE,137,0.9890195819729981,0.008303914073358584,0.9704340644346893,0.9984457366407771
4_8C_80PER_4_8C_NEWSTRUCTURE,138,0.9889987480509327,0.008306384251952244,0.9704069440744817,0.9984292091427219
4_8C_80PER_4_8C_NEWSTRUCTURE,139,0.9889777848817607,0.0083088464413466,0.9703802625268199,0.9984131127622031
4_8C_80PER_4_8C_NEWSTRUCTURE,140,0.9889566819684865,0.008311301779944574,0.9703537904203243,0.9983972233850575
4_8C_80PER_4_8C_NEWSTRUCTURE,141,0.9889354288141146,0.008313751406801032,0.9703271860118684,0.9983812045253744
4_8C_80PER_4_8C_NEWSTRUCTURE,142,0.9889140149216492,0.00831619646163192,0.9703004357906791,0.9983650479295961
4_8C_80PER_4_8C_NEWSTRUCTURE,143,0.9888924297940946,0.008318638084823688,0.9702735262459833,0.9983487453441662
4_8C_80PER_4_8C_NEWSTRUCTURE,144,0.9888706629344551,0.008321077417443583,0.9702464438670078,0.9983322885155275
4_8C_80PER_4_8C_NEWSTRUCTURE,145,0.9888487038457351,0.008323515601250511,0.9702191751429793,0.9983156691901225
4_8C_80PER_4_8C_NEWSTRUCTURE,146,0.988826542030939,0.008325953778706251,0.9701917065631251,0.998298879114394
4_8C_80PER_4_8C_NEWSTRUCTURE,147,0.988804166993071,0.008328393092987536,0.9701640246166717,0.9982819100347854
4_8C_80PER_4_8C_NEWSTRUCTURE,148,0.9887815682351354,0.008330834687998535,0.9701340615418184,0.9982626994467115
4_8C_80PER_4_8C_NEWSTRUCTURE,149,0.9887587352601367,0.008333279708383792,0.9701037336333717,0.9982431689021944
4_8C_80PER_4_8C_NEWSTRUCTURE,150,0.988735657571079,0.00833572929954219,0.970073128930658,0.9982251316452315
4_8C_80PER_4_8C_NEWSTRUCTURE,151,0.9887123265143075,0.008338184043450996,0.9700422381755257,0.9982085539325669
4_8C_80PER_4_8C_NEWSTRUCTURE,152,0.9886887408095317,0.008340642264190418,0.9700110676992211,0.9981917657896685
4_8C_80PER_4_8C_NEWSTRUCTURE,153,0.9886649010198014,0.008343101717109105,0.9699796277303394,0.9981747573948287
4_8C_80PER_4_8C_NEWSTRUCTURE,154,0.9886408077081666,0.00834556015244565,0.9699479815103894,0.9981575189263417
4_8C_80PER_4_8C_NEWSTRUCTURE,155,0.9886164614376776,0.008348015315266322,0.9699172103756867,0.9981400405625003
4_8C_80PER_4_8C_NEWSTRUCTURE,156,0.9885918627713841,0.008350464945436432,0.9698861829827065,0.9981223124815981
4_8C_80PER_4_8C_NEWSTRUCTURE,157,0.9885670122723367,0.008352906777625159,0.9698549037878296,0.998104324861928
4_8C_80PER_4_8C_NEWSTRUCTURE,158,0.9885419105035849,0.008355338541343545,0.969823377247438,0.9980860678817843
4_8C_80PER_4_8C_NEWSTRUCTURE,159,0.9885165580281791,0.008357757961015894,0.9697916078179138,0.9980675317194593
4_8C_80PER_4_8C_NEWSTRUCTURE,160,0.988490955409169,0.008360162756083865,0.9697595999556385,0.9980487065532472
4_8C_80PER_4_8C_NEWSTRUCTURE,161,0.9884651032096051,0.008362550641143817,0.9697273581169941,0.9980295825614407
4_8C_80PER_4_8C_NEWSTRUCTURE,162,0.9884390019925373,0.008364919326116972,0.9696948867583618,0.9980101499223337
4_8C_80PER_4_8C_NEWSTRUCTURE,163,0.9884126523210156,0.008367266516452096,0.9696621903361239,0.997990398814219
4_8C_80PER_4_8C_NEWSTRUCTURE,164,0.98838605475809,0.00836958991336109,0.9696292733066619,0.9979703194153902
4_8C_80PER_4_8C_NEWSTRUCTURE,165,0.9883592098668108,0.008371887214086911,0.9695961401263575,0.9979499019041406
4_8C_80PER_4_8C_NEWSTRUCTURE,166,0.9883321182102279,0.008374156112204075,0.9695627952515926,0.9979291364587638
4_8C_80PER_4_8C_NEWSTRUCTURE,167,0.9883047803513912,0.008376394297951426,0.969529243138749,0.9979080132575526
4_8C_80PER_4_8C_NEWSTRUCTURE,168,0.9882771968533511,0.00837859945859727,0.9694954882442082,0.9978865224788009
4_8C_80PER_4_8C_NEWSTRUCTURE,169,0.9882493682791575,0.008380769278836884,0.9694615350243521,0.997864654300802
4_8C_80PER_4_8C_NEWSTRUCTURE,170,0.9882212951918604,0.00838290144122175,0.9694273879355625,0.9978423989018487
4_8C_80PER_4_8C_NEWSTRUCTURE,171,0.9881929781545099,0.008384993626621528,0.969393051434221,0.9978197464602349
4_8C_80PER_4_8C_NEWSTRUCTURE,172,0.988164417730156,0.008387043514717673,0.9693585299767095,0.997796687154254
4_8C_80PER_4_8C_NEWSTRUCTURE,173,0.9881356144818488,0.00838904878452931,0.9693238280194098,0.9977732111621989
4_8C_80PER_4_8C_NEWSTRUCTURE,174,0.9881065689726386,0.008391007114971205,0.9692889500187033,0.9977493086623629
4_8C_80PER_4_8C_NEWSTRUCTURE,175,0.9880772817655752,0.008392916185443626,0.9692539004309721,0.9977249698330403
4_8C_80PER_4_8C_NEWSTRUCTURE,176,0.9880477534237085,0.008394773676454595,0.969218683712598,0.9977001848525231
4_8C_80PER_4_8C_NEWSTRUCTURE,177,0.9880179845100889,0.00839657727027383,0.9691833043199624,0.9976749438991054
4_8C_80PER_4_8C_NEWSTRUCTURE,178,0.9879879755877664,0.008398324651619394,0.9691477667094474,0.9976492371510808
4_8C_80PER_4_8C_NEWSTRUCTURE,179,0.9879577272197909,0.008400013508376002,0.9691120753374345,0.9976230547867418
4_8C_80PER_4_8C_NEWSTRUCTURE,180,0.9879272399692124,0.008401641532345948,0.9690762346603056,0.9975963869843826
4_8C_80PER_4_8C_NEWSTRUCTURE,181,0.9878965143990812,0.008403206420032464,0.9690402491344423,0.9975692239222961
4_8C_80PER_4_8C_NEWSTRUCTURE,182,0.9878655510724474,0.008404705873455409,0.9690041232162265,0.9975415557787757
4_8C_80PER_4_8C_NEWSTRUCTURE,183,0.9878343505523608,0.00840613760099964,0.9689678613620399,0.9975133727321147
4_8C_80PER_4_8C_NEWSTRUCTURE,184,0.9878029134018717,0.008407499318296228,0.9689314680282645,0.9974846649606065
4_8C_80PER_4_8C_NEWSTRUCTURE,185,0.9877712401840297,0.008408788749136727,0.9688949476712814,0.9974554226425446
4_8C_80PER_4_8C_NEWSTRUCTURE,186,0.9877393314618855,0.008410003626420285,0.9688583047474728,0.9974256359562221
4_8C_80PER_4_8C_NEWSTRUCTURE,187,0.9877071877984888,0.008411141693134417,0.9688233528778555,0.9973952950799327
4_8C_80PER_4_8C_NEWSTRUCTURE,188,0.9876748097568898,0.008412200703369213,0.9687889246840242,0.9973643901919693
4_8C_80PER_4_8C_NEWSTRUCTURE,189,0.9876421979001383,0.008413178423365537,0.9687545952270582,0.9973329114706255
4_8C_80PER_4_8C_NEWSTRUCTURE,190,0.9876093527912848,0.008414072632597273,0.9687203747355537,0.9973008490941945
4_8C_80PER_4_8C_NEWSTRUCTURE,191,0.9875762749933787,0.00841488112488783,0.9686862734381055,0.9972681932409702
4_8C_80PER_4_8C_NEWSTRUCTURE,192,0.9875429650694709,0.008415601709561904,0.9686523015633097,0.9972349340892449
4_8C_80PER_4_8C_NEWSTRUCTURE,193,0.9875094235826107,0.008416232212631799,0.9686184693397618,0.9972010618173128
4_8C_80PER_4_8C_NEWSTRUCTURE,194,0.9874756510958487,0.00841677047801965,0.9685847869960573,0.997166566603467
4_8C_80PER_4_8C_NEWSTRUCTURE,195,0.9874416481722346,0.008417214368815398,0.9685512647607921,0.9971314386260007
4_8C_80PER_4_8C_NEWSTRUCTURE,196,0.9874074153748185,0.008417561768571152,0.968517912862562,0.9970956680632076
4_8C_80PER_4_8C_NEWSTRUCTURE,197,0.9873729532666506,0.00841781058263227,0.9684847415299621,0.9970592450933805
4_8C_80PER_4_8C_NEWSTRUCTURE,198,0.9873382624107812,0.008417958739505833,0.9684517609915881,0.9970221860972406
4_8C_80PER_4_8C_NEWSTRUCTURE,199,0.9873033433702598,0.008418004192266869,0.9684189814760358,0.9969846034650883
4_8C_80PER_4_8C_NEWSTRUCTURE,200,0.9872681967081368,0.00841794492000309,0.9683864132119008,0.996946345351366
5C_67PER_4C_NEWSTRUCTURE,1,0.9980208736522598,0.00023044147588443314,0.997503545729205,0.9984215595651166
5C_67PER_4C_NEWSTRUCTURE,2,0.9981295140599692,0.0002206115974040898,0.997637532296914,0.9985129726125725
5C_67PER_4C_NEWSTRUCTURE,3,0.9982341317963961,0.00021104074818454718,0.9977667739591536,0.9986007925409668
5C_67PER_4C_NEWSTRUCTURE,4,0.9983347927967713,0.00020172506926769391,0.9978913470427591,0.9986850783559537
5C_67PER_4C_NEWSTRUCTURE,5,0.9984315629963252,0.00019266071732363272,0.9980113278745654,0.9987658890631871
5C_67PER_4C_NEWSTRUCTURE,6,0.9985245083302885,0.00018384386889218639,0.9981267927814075,0.9988432836683209
5C_67PER_4C_NEWSTRUCTURE,7,0.9986136947338919,0.00017527072550778449,0.9982360734224622,0.9989173211770089
5C_67PER_4C_NEWSTRUCTURE,8,0.998699188142366,0.00016693751990071593,0.9983381298140742,0.9989878414110943
5C_67PER_4C_NEWSTRUCTURE,9,0.9987810544909415,0.00015884052351579063,0.9984361887295193,0.9990531020058134
5C_67PER_4C_NEWSTRUCTURE,10,0.9988593597148487,0.00015097605564978663,0.9985306871281058,0.9991153301309598
5C_67PER_4C_NEWSTRUCTURE,11,0.9989341697493185,0.0001433404945878633,0.9986205965679108,0.9991756427193024
5C_67PER_4C_NEWSTRUCTURE,12,0.9990055505295814,0.00013593029122044512,0.9987070867088583,0.9992341818741911
5C_67PER_4C_NEWSTRUCTURE,13,0.9990735679908679,0.00012874198575431165,0.9987898618096416,0.9992896519223206
5C_67PER_4C_NEWSTRUCTURE,14,0.9991382880684089,0.00012177222830500294,0.998868992479261,0.9993421128887965
5C_67PER_4C_NEWSTRUCTURE,15,0.9991997766974349,0.00011501780438622843,0.9989445493267172,0.9993916247987252
5C_67PER_4C_NEWSTRUCTURE,16,0.9992580998131764,0.00010847566661497315,0.9990166029610107,0.9994382685936255
5C_67PER_4C_NEWSTRUCTURE,17,0.9993133233508641,0.00010214297435500804,0.9990853240630977,0.9994820441153125
5C_67PER_4C_NEWSTRUCTURE,18,0.9993655132457284,9.601714356319894e-05,0.9991504830261126,0.9995230883758628
5C_67PER_4C_NEWSTRUCTURE,19,0.9994147354330003,9.009590983113538e-05,0.9992124506749223,0.9995611834093935
5C_67PER_4C_NEWSTRUCTURE,20,0.9994610558479102,8.437740859671387e-05,0.9992711975465719,0.999594922488973
5C_67PER_4C_NEWSTRUCTURE,21,0.9995045404256888,7.88602778259867e-05,0.9993267942500622,0.9996262520214438
5C_67PER_4C_NEWSTRUCTURE,22,0.9995452551015666,7.354379024813449e-05,0.9993792993097707,0.9996571873774692
5C_67PER_4C_NEWSTRUCTURE,23,0.9995832658107743,6.842802460530263e-05,0.9994287934295366,0.9996874042668353
5C_67PER_4C_NEWSTRUCTURE,24,0.9996186384885424,6.351408849918717e-05,0.9994738779942416,0.999713891676615
5C_67PER_4C_NEWSTRUCTURE,25,0.9996514390701016,5.8804409374669486e-05,0.9995172372625446,0.9997385294103007
5C_67PER_4C_NEWSTRUCTURE,26,0.9996817334906826,5.430311488792557e-05,0.9995585384489778,0.999761168952
5C_67PER_4C_NEWSTRUCTURE,27,0.9997095876855158,5.001652875248271e-05,0.9995958175594675,0.9997815923199926
5C_67PER_4C_NEWSTRUCTURE,28,0.9997350675898319,4.5953811290639377e-05,0.9996324395178023,0.9998007659150923
5C_67PER_4C_NEWSTRUCTURE,29,0.9997582391388616,4.212777076237013e-05,0.9996642275843819,0.9998180463748112
5C_67PER_4C_NEWSTRUCTURE,30,0.9997791682678355,3.8555852010938194e-05,0.9996924975072666,0.9998336953769734
5C_67PER_4C_NEWSTRUCTURE,31,0.9997979209119842,3.5261253001594996e-05,0.9997197364262733,0.9998488291632823
5C_67PER_4C_NEWSTRUCTURE,32,0.9998145630065383,3.227399279161305e-05,0.9997433111624013,0.9998633655281487
5C_67PER_4C_NEWSTRUCTURE,33,0.9998291604867283,2.963151076196341e-05,0.9997643547612306,0.9998767138855331
5C_67PER_4C_NEWSTRUCTURE,34,0.9998417792877851,2.7377997546811155e-05,0.9997832001452439,0.999887987920764
5C_67PER_4C_NEWSTRUCTURE,35,0.999852485344939,2.556126708103643e-05,0.9997996847126969,0.9998968424778135
5C_67PER_4C_NEWSTRUCTURE,36,0.9998613445934207,2.422603525480675e-05,0.9998129520380242,0.9999049511521289
5C_67PER_4C_NEWSTRUCTURE,37,0.9998684229684609,2.340375210253829e-05,0.9998203699674341,0.9999119160919395
5C_67PER_4C_NEWSTRUCTURE,38,0.9998737864052901,2.3101870440768747e-05,0.9998284815971576,0.9999171353027466
5C_67PER_4C_NEWSTRUCTURE,39,0.9998775008391392,2.3297783904974845e-05,0.9998305042218398,0.9999207275886544
5C_67PER_4C_NEWSTRUCTURE,40,0.9998796322052385,2.3941395381119e-05,0.9998306439201988,0.9999253038765046
5C_67PER_4C_NEWSTRUCTURE,41,0.9998802464388186,2.496522059117031e-05,0.9998297300022646,0.9999263854990074
5C_67PER_4C_NEWSTRUCTURE,42,0.9998794094751102,2.6296745974248244e-05,0.9998264741704745,0.9999285802238094
5C_67PER_4C_NEWSTRUCTURE,43,0.999877187249344,2.7868080633697312e-05,0.999822565439693,0.9999298669295972
5C_67PER_4C_NEWSTRUCTURE,44,0.9998736456967506,2.9621101345089472e-05,0.9998144434404361,0.9999286412769496
5C_67PER_4C_NEWSTRUCTURE,45,0.9998688507525606,3.150886403384443e-05,0.9998051006979622,0.9999248224771311
5C_67PER_4C_NEWSTRUCTURE,46,0.9998628683520044,3.349485545465419e-05,0.9997968077300811,0.9999255318287132
5C_67PER_4C_NEWSTRUCTURE,47,0.999855764430313,3.5551366007988e-05,0.9997849886342647,0.99992158971894
5C_67PER_4C_NEWSTRUCTURE,48,0.9998476049227167,3.76577236120617e-05,0.9997722225999636,0.9999165164027289
5C_67PER_4C_NEWSTRUCTURE,49,0.9998384557644463,3.979871725157615e-05,0.999758606609361,0.9999112725611297
5C_67PER_4C_NEWSTRUCTURE,50,0.9998283828907323,4.196330829443565e-05,0.9997442024203566,0.9999062372920865
5C_67PER_4C_NEWSTRUCTURE,51,0.999817444658265,4.4143297580141946e-05,0.9997290646311715,0.9999002583825655
5C_67PER_4C_NEWSTRUCTURE,52,0.9998056691095745,4.633159190526694e-05,0.9997132192013131,0.9998933649194214
5C_67PER_4C_NEWSTRUCTURE,53,0.9997930767086498,4.852262712869375e-05,0.9996966849306113,0.999885577831688
5C_67PER_4C_NEWSTRUCTURE,54,0.9997796879194807,5.071226903454377e-05,0.9996794806188948,0.9998769180483975
5C_67PER_4C_NEWSTRUCTURE,55,0.9997655232060565,5.289748756568688e-05,0.9996616250659935,0.9998674064985835
5C_67PER_4C_NEWSTRUCTURE,56,0.999750603032367,5.5076107233250585e-05,0.9996431370717371,0.999857064111279
5C_67PER_4C_NEWSTRUCTURE,57,0.9997349478624011,5.7246615033155834e-05,0.9996239839092856,0.9998459118155165
5C_67PER_4C_NEWSTRUCTURE,58,0.999718578160149,5.9408011759549685e-05,0.9996031857799679,0.9998339705403299
5C_67PER_4C_NEWSTRUCTURE,59,0.9997015143895996,6.155969615303921e-05,0.9995825872062909,0.9998212612147511
5C_67PER_4C_NEWSTRUCTURE,60,0.9996837770147429,6.37013740042488e-05,0.9995632318834375,0.9998078047678138
5C_67PER_4C_NEWSTRUCTURE,61,0.9996653864995677,6.58329863342936e-05,0.9995418279215816,0.9997936221285513
5C_67PER_4C_NEWSTRUCTURE,62,0.9996463633080641,6.795465225558046e-05,0.9995193957922436,0.999778734225996
5C_67PER_4C_NEWSTRUCTURE,63,0.9996267279042214,7.006662321093458e-05,0.9994975919396606,0.9997632392595662
5C_67PER_4C_NEWSTRUCTURE,64,0.9996065007520292,7.216924609891736e-05,0.9994747212084195,0.9997469263471398
5C_67PER_4C_NEWSTRUCTURE,65,0.9995857023154765,7.426293339357264e-05,0.999451235204277,0.9997300482289048
5C_67PER_4C_NEWSTRUCTURE,66,0.9995643530585534,7.634813881352843e-05,0.9994240598552205,0.9997125485635096
5C_67PER_4C_NEWSTRUCTURE,67,0.999542473445249,7.842533742964522e-05,0.9993963578205926,0.9996944482799864
5C_67PER_4C_NEWSTRUCTURE,68,0.9995200839395529,8.04950093517412e-05,0.9993695826035961,0.9996757683073692
5C_67PER_4C_NEWSTRUCTURE,69,0.9994972050054546,8.255762632435597e-05,0.9993439500848087,0.9996565295746902
5C_67PER_4C_NEWSTRUCTURE,70,0.9994738571069435,8.461364070595675e-05,0.9993178964872153,0.9996367530109829
5C_67PER_4C_NEWSTRUCTURE,71,0.9994500607080093,8.666347641611208e-05,0.9992914419448723,0.9996164595452801
5C_67PER_4C_NEWSTRUCTURE,72,0.9994258362726414,8.870752151977511e-05,0.999264416056819,0.9995956701066148
5C_67PER_4C_NEWSTRUCTURE,73,0.9994012042648291,9.07461221830498e-05,0.9992374105621671,0.9995744056240203
5C_67PER_4C_NEWSTRUCTURE,74,0.999376185148562,9.277957778572538e-05,0.9992098739899186,0.9995526870265292
5C_67PER_4C_NEWSTRUCTURE,75,0.9993507993878296,9.48081370156096e-05,0.9991818661944993,0.9995305702257089
5C_67PER_4C_NEWSTRUCTURE,76,0.9993250674466214,9.683199480032055e-05,0.999152413619109,0.9995080265091966
5C_67PER_4C_NEWSTRUCTURE,77,0.999299009788927,9.885128995759237e-05,0.9991227685449254,0.9994850338816262
5C_67PER_4C_NEWSTRUCTURE,78,0.9992726468787357,0.00010086610346399306,0.9990928699357784,0.9994621919087187
5C_67PER_4C_NEWSTRUCTURE,79,0.999245999180037,0.00010287645725799019,0.9990626885917084,0.9994404454983968
5C_67PER_4C_NEWSTRUCTURE,80,0.9992190871568203,0.00010488231350583348,0.9990322915454435,0.9994176379902252
5C_67PER_4C_NEWSTRUCTURE,81,0.9991919312730755,0.00010688357426893998,0.9990016999411292,0.9993953825154176
5C_67PER_4C_NEWSTRUCTURE,82,0.9991645519927916,0.00010888008151987709,0.9989706514236811,0.9993728907825928
5C_67PER_4C_NEWSTRUCTURE,83,0.9991369697799584,0.00011087161746089816,0.9989393531837588,0.9993501810279377
5C_67PER_4C_NEWSTRUCTURE,84,0.9991092050985652,0.00011285790510496197,0.9989079167818299,0.9993272714876398
5C_67PER_4C_NEWSTRUCTURE,85,0.9990812784126015,0.00011483860908372356,0.9988763630481065,0.9993041803978858
5C_67PER_4C_NEWSTRUCTURE,86,0.9990532101860569,0.00011681333665133971,0.9988447128128021,0.9992809259948634
5C_67PER_4C_NEWSTRUCTURE,87,0.999025020882921,0.00011878163885656293,0.9988130034755905,0.9992575265147592
5C_67PER_4C_NEWSTRUCTURE,88,0.9989967309671829,0.00012074301185826878,0.9987812596876309,0.9992340001937611
5C_67PER_4C_NEWSTRUCTURE,89,0.9989683609028323,0.00012269689836283857,0.9987494672267142,0.9992097567081503
5C_67PER_4C_NEWSTRUCTURE,90,0.9989399311538587,0.0001246426891637715,0.9987176499408502,0.999184976890471
5C_67PER_4C_NEWSTRUCTURE,91,0.9989114621842518,0.00012657972476604485,0.9986858405296855,0.9991617604754527
5C_67PER_4C_NEWSTRUCTURE,92,0.9988829744580006,0.00012850729708023285,0.9986540598310891,0.9991385837304759
5C_67PER_4C_NEWSTRUCTURE,93,0.9988544884390949,0.00013042465117216688,0.9986220608930337,0.9991153720318025
5C_67PER_4C_NEWSTRUCTURE,94,0.9988260245915243,0.0001323309870564029,0.9985897252881308,0.9990921424704206
5C_67PER_4C_NEWSTRUCTURE,95,0.9987976033792778,0.00013422546152271883,0.9985574824935419,0.9990689121373179
5C_67PER_4C_NEWSTRUCTURE,96,0.9987692452663455,0.0001361071899863283,0.998525354492336,0.9990456981234811
5C_67PER_4C_NEWSTRUCTURE,97,0.9987409707167164,0.00013797524835365788,0.998493363267582,0.9990195644354161
5C_67PER_4C_NEWSTRUCTURE,98,0.9987128001943801,0.00013982867489680952,0.9984615308023493,0.998995772695769
5C_67PER_4C_NEWSTRUCTURE,99,0.9986847541633264,0.00014166647213072192,0.998429879079707,0.9989720547132869
5C_67PER_4C_NEWSTRUCTURE,100,0.9986568530875445,0.000143487608688095,0.9983984300827242,0.9989484287241565
5C_67PER_4C_NEWSTRUCTURE,101,0.9986291125884798,0.00014529122247939737,0.9983672005479609,0.9989249087050226
5C_67PER_4C_NEWSTRUCTURE,102,0.9986015289174016,0.00014707724859925177,0.9983361862259403,0.9989014915943621
5C_67PER_4C_NEWSTRUCTURE,103,0.9985740934830352,0.00014884585385836375,0.998305377620678,0.9988781700711089
5C_67PER_4C_NEWSTRUCTURE,104,0.9985467976941057,0.0001505972383019495,0.9982747652361876,0.9988549368141977
5C_67PER_4C_NEWSTRUCTURE,105,0.9985196329593383,0.00015233163250184519,0.9982443395764838,0.9988317845025618
5C_67PER_4C_NEWSTRUCTURE,106,0.9984925906874583,0.00015404929510432508,0.9982140911455815,0.9988087058151364
5C_67PER_4C_NEWSTRUCTURE,107,0.998465662287191,0.00015575051060602046,0.9981840104474945,0.9987856934308551
5C_67PER_4C_NEWSTRUCTURE,108,0.9984388391672613,0.00015743558733408982,0.9981540879862383,0.9987627400286525
5C_67PER_4C_NEWSTRUCTURE,109,0.9984121127363945,0.00015910485560909104,0.9981243142658268,0.9987398382874628
5C_67PER_4C_NEWSTRUCTURE,110,0.998385474403316,0.0001607586660715967,0.9980946797902748,0.99871698088622
5C_67PER_4C_NEWSTRUCTURE,111,0.9983589155767509,0.00016239738815569928,0.9980651661959858,0.9986938146670363
5C_67PER_4C_NEWSTRUCTURE,112,0.9983324276654243,0.0001640214086944533,0.998035753850867,0.9986704532165495
5C_67PER_4C_NEWSTRUCTURE,113,0.9983060020780614,0.0001656311306438568,0.9980064517948669,0.9986456453544738
5C_67PER_4C_NEWSTRUCTURE,114,0.9982796302233877,0.0001672269719136075,0.9979772505355364,0.9986204580543965
5C_67PER_4C_NEWSTRUCTURE,115,0.998253303510128,0.0001688093642938549,0.9979481618124886,0.998595256924897
5C_67PER_4C_NEWSTRUCTURE,116,0.9982270133470077,0.0001703787524687203,0.9979191579214591,0.9985700343569401
5C_67PER_4C_NEWSTRUCTURE,117,0.9982007511427521,0.00017193559310795298,0.997890226261202,0.9985450413736698
5C_67PER_4C_NEWSTRUCTURE,118,0.9981745083060862,0.00017348035402919694,0.9978613573339183,0.9985226818730185
5C_67PER_4C_NEWSTRUCTURE,119,0.9981482762457352,0.00017501351342414607,0.9978325773088144,0.9985002961566949
5C_67PER_4C_NEWSTRUCTURE,120,0.9981220463704247,0.0001765355591425272,0.9978038556112317,0.9984778766712769
5C_67PER_4C_NEWSTRUCTURE,121,0.9980958100888795,0.00017804698802826753,0.9977751687172006,0.9984554158633421
5C_67PER_4C_NEWSTRUCTURE,122,0.9980695588098248,0.00017954830530333307,0.997745010976461,0.9984329061794689
5C_67PER_4C_NEWSTRUCTURE,123,0.9980432839419858,0.00018104002399425427,0.997714615871311,0.9984098088112402
5C_67PER_4C_NEWSTRUCTURE,124,0.9980169768940882,0.00018252266439815377,0.997684225894755,0.9983846592054326
5C_67PER_4C_NEWSTRUCTURE,125,0.9979906290748566,0.0001839967535838155,0.9976538313537496,0.9983594126044529
5C_67PER_4C_NEWSTRUCTURE,126,0.9979642318930165,0.00018546282492541016,0.9976234225552523,0.9983340614301971
5C_67PER_4C_NEWSTRUCTURE,127,0.9979377767572928,0.00018692141766535317,0.9975936761477898,0.9983117661456855
5C_67PER_4C_NEWSTRUCTURE,128,0.9979112550764113,0.00018837307650410595,0.9975662157159249,0.9982901276017939
5C_67PER_4C_NEWSTRUCTURE,129,0.9978846582590967,0.00018981835121417316,0.9975387238699517,0.9982685147729852
5C_67PER_4C_NEWSTRUCTURE,130,0.9978579777140744,0.0001912577962766038,0.9975111912806442,0.9982468110471928
5C_67PER_4C_NEWSTRUCTURE,131,0.9978312048500694,0.00019269197053768469,0.99748263218329,0.9982250090258218
5C_67PER_4C_NEWSTRUCTURE,132,0.9978043310758072,0.00019412143688420726,0.9974525892191795,0.9982031013102772
5C_67PER_4C_NEWSTRUCTURE,133,0.9977773478000126,0.0001955467619359331,0.9974224437239634,0.9981799135661379
5C_67PER_4C_NEWSTRUCTURE,134,0.9977502464314115,0.00019696851575340887,0.997392186373397,0.9981562282040638
5C_67PER_4C_NEWSTRUCTURE,135,0.9977230183787282,0.00019838727156040202,0.9973618078432377,0.9981323957715618
5C_67PER_4C_NEWSTRUCTURE,136,0.9976956550506888,0.00019980360547921678,0.9973312988092407,0.9981084087152099
5C_67PER_4C_NEWSTRUCTURE,137,0.9976681478560178,0.0002012180962783514,0.9973006499471632,0.9980842594815856
5C_67PER_4C_NEWSTRUCTURE,138,0.9976404882034408,0.00020263132513123445,0.997269851932761,0.9980599405172663
5C_67PER_4C_NEWSTRUCTURE,139,0.9976126675016829,0.00020404387538524034,0.9972388954417905,0.9980354442688305
5C_67PER_4C_NEWSTRUCTURE,140,0.9975846771594692,0.00020545633234040985,0.9972077711500075,0.9980107631828555
5C_67PER_4C_NEWSTRUCTURE,141,0.997556508585525,0.00020686928303703954,0.997176469733169,0.9979858897059193
5C_67PER_4C_NEWSTRUCTURE,142,0.9975281531885755,0.00020828331605128654,0.9971449818670307,0.9979608162845991
5C_67PER_4C_NEWSTRUCTURE,143,0.9974996023773459,0.00020969902129895632,0.9971132982273495,0.9979355353654735
5C_67PER_4C_NEWSTRUCTURE,144,0.9974708475605614,0.00021111698984614552,0.9970814094898806,0.9979100393951198
5C_67PER_4C_NEWSTRUCTURE,145,0.9974418801469473,0.0002125378137268536,0.9970493063303814,0.9978843208201158
5C_67PER_4C_NEWSTRUCTURE,146,0.9974126915452286,0.00021396208576707055,0.9970169794246075,0.9978583720870393
5C_67PER_4C_NEWSTRUCTURE,147,0.9973832731641308,0.00021539039941475706,0.9969844194483156,0.9978321856424681
5C_67PER_4C_NEWSTRUCTURE,148,0.9973536164123786,0.0002168233485758665,0.9969516170772615,0.9978057539329799
5C_67PER_4C_NEWSTRUCTURE,149,0.9973237126986978,0.00021826152745575475,0.9969193950748974,0.9977790694051523
5C_67PER_4C_NEWSTRUCTURE,150,0.9972935534318133,0.00021970553040585818,0.9968872110689496,0.9977521944162484
5C_67PER_4C_NEWSTRUCTURE,151,0.9972631318881539,0.00022115541757272882,0.99685349054639,0.997725842978864
5C_67PER_4C_NEWSTRUCTURE,152,0.9972324488149634,0.00022260912242965216,0.9968214034928832,0.9976974975196894
5C_67PER_4C_NEWSTRUCTURE,153,0.9972015068271889,0.00022406407251707253,0.9967891388721862,0.9976697437576557
5C_67PER_4C_NEWSTRUCTURE,154,0.9971703085397777,0.0002255177267447217,0.9967564540677698,0.9976417188696111
5C_67PER_4C_NEWSTRUCTURE,155,0.9971388565676773,0.00022696757610867396,0.9967231835727878,0.9976134216877685
5C_67PER_4C_NEWSTRUCTURE,156,0.9971071535258347,0.0002284111445771283,0.9966897084960107,0.9975848510443395
5C_67PER_4C_NEWSTRUCTURE,157,0.9970752020291973,0.00022984599014982574,0.9966560511714264,0.9975560057715375
5C_67PER_4C_NEWSTRUCTURE,158,0.997043004692712,0.00023126970609652309,0.9966222161455056,0.9975268847015734
5C_67PER_4C_NEWSTRUCTURE,159,0.9970105641313265,0.00023267992238071785,0.9965882014840328,0.9974974866666608
5C_67PER_4C_NEWSTRUCTURE,160,0.9969778829599881,0.00023407430727442693,0.9965540151098939,0.9974678104990118
5C_67PER_4C_NEWSTRUCTURE,161,0.9969449637936441,0.0002354505691711781,0.9965196649459751,0.9974378550308384
5C_67PER_4C_NEWSTRUCTURE,162,0.9969118092472411,0.0002368064586049612,0.9964851589151632,0.9974076190943533
5C_67PER_4C_NEWSTRUCTURE,163,0.9968784219357272,0.00023813977048325684,0.9964505049403439,0.9973771015217685
5C_67PER_4C_NEWSTRUCTURE,164,0.9968448044740491,0.00023944834654388123,0.9964157109444041,0.9973463011452969
5C_67PER_4C_NEWSTRUCTURE,165,0.9968109594771545,0.0002407300780458253,0.9963807848502296,0.9973152167971506
5C_67PER_4C_NEWSTRUCTURE,166,0.9967768895599904,0.00024198290870579967,0.9963445694250688,0.9972838473095417
5C_67PER_4C_NEWSTRUCTURE,167,0.9967425973375041,0.00024320483789307603,0.9963073040440068,0.997252191514683
5C_67PER_4C_NEWSTRUCTURE,168,0.9967080854246428,0.00024439392409695735,0.9962698262068006,0.9972202530766886
5C_67PER_4C_NEWSTRUCTURE,169,0.9966733564363542,0.0002455482886821419,0.9962321824892096,0.9971880303117716
5C_67PER_4C_NEWSTRUCTURE,170,0.9966384129875849,0.00024666611994920447,0.9961943854368631,0.9971555186925434
5C_67PER_4C_NEWSTRUCTURE,171,0.9966032576932826,0.0002477456775186496,0.9961564410104199,0.9971227171174701
5C_67PER_4C_NEWSTRUCTURE,172,0.9965678931683946,0.0002487852970588133,0.9961183551705388,0.9970896244850194
5C_67PER_4C_NEWSTRUCTURE,173,0.9965323220278678,0.00024978339537993127,0.996080133877879,0.9970562396936571
5C_67PER_4C_NEWSTRUCTURE,174,0.99649654688665,0.0002507384759179767,0.9960417830930988,0.9970225616418513
5C_67PER_4C_NEWSTRUCTURE,175,0.996460570359688,0.00025164913463405857,0.9960033087768576,0.9969885892280685
5C_67PER_4C_NEWSTRUCTURE,176,0.9964243950619293,0.00025251406635759044,0.9959647168898142,0.9969543213507758
5C_67PER_4C_NEWSTRUCTURE,177,0.9963880236083209,0.000253332071602558,0.9959260133926272,0.9969197569084394
5C_67PER_4C_NEWSTRUCTURE,178,0.9963514586138105,0.0002541020638890051,0.9958872042459559,0.9968848947995271
5C_67PER_4C_NEWSTRUCTURE,179,0.9963147026933452,0.00025482307760359905,0.9958482954104592,0.9968497339225058
5C_67PER_4C_NEWSTRUCTURE,180,0.996277758461872,0.0002554942764352828,0.9958092928467954,0.9968142731758419
5C_67PER_4C_NEWSTRUCTURE,181,0.9962406285343388,0.00025611496242356076,0.9957702025156243,0.9967785114580028
5C_67PER_4C_NEWSTRUCTURE,182,0.996203315525692,0.0002566845856595975,0.9957310303776039,0.9967424476674556
5C_67PER_4C_NEWSTRUCTURE,183,0.9961658220508794,0.0002572027546809318,0.9956943147182652,0.9967060807026665
5C_67PER_4C_NEWSTRUCTURE,184,0.9961281507248485,0.00025766924760273045,0.9956592988088857,0.9966694094621031
5C_67PER_4C_NEWSTRUCTURE,185,0.996090304162546,0.00025808402402906054,0.9956194326994166,0.996632432844232
5C_67PER_4C_NEWSTRUCTURE,186,0.9960522849789196,0.0002584472377881289,0.9955794309836997,0.9965951497475203
5C_67PER_4C_NEWSTRUCTURE,187,0.9960140957889162,0.0002587592505354552,0.9955441341421474,0.996557559070435
5C_67PER_4C_NEWSTRUCTURE,188,0.9959757392074834,0.00025902064626751064,0.9955086746343658,0.9965197079674097
5C_67PER_4C_NEWSTRUCTURE,189,0.9959372178495685,0.00025923224678667706,0.9954672113830347,0.9964816139006188
5C_67PER_4C_NEWSTRUCTURE,190,0.9958985343301183,0.00025939512815445666,0.9954256050676844,0.9964430990093897
5C_67PER_4C_NEWSTRUCTURE,191,0.9958596912640804,0.0002595106381653424,0.9953840194373124,0.9964042130688869
5C_67PER_4C_NEWSTRUCTURE,192,0.9958206912664023,0.00025958041486611914,0.9953512017944375,0.9963650110585668
5C_67PER_4C_NEWSTRUCTURE,193,0.9957815369520308,0.00025960640613669427,0.9953189919267322,0.9963254008061201
5C_67PER_4C_NEWSTRUCTURE,194,0.9957422309359134,0.00025959089033537435,0.9952831655413361,0.9962831022415732
5C_67PER_4C_NEWSTRUCTURE,195,0.9957027758329975,0.0002595364979969991,0.9952430417512984,0.9962403589084486
5C_67PER_4C_NEWSTRUCTURE,196,0.9956631742582301,0.0002594462345516925,0.9952028953495755,0.9961972200706534
5C_67PER_4C_NEWSTRUCTURE,197,0.9956234288265586,0.00025932350400908766,0.9951618015635205,0.9961537956818932
5C_67PER_4C_NEWSTRUCTURE,198,0.9955835421529302,0.00025917213352238955,0.9951201577822683,0.9961148539145902
5C_67PER_4C_NEWSTRUCTURE,199,0.9955435168522924,0.00025899639871297393,0.9950784538170085,0.9960770273075042
5C_67PER_4C_NEWSTRUCTURE,200,0.9955033555395919,0.00025880104959307337,0.9950366940336473,0.9960282217990725
5_3C_54PER_4C_NEWSTRUCTURE,1,0.9977786112352467,0.0001800739963576923,0.9974449420732531,0.9981453654158278
5_3C_54PER_4C_NEWSTRUCTURE,2,0.9978877922305435,0.0001664523349345716,0.9975826548686111,0.9982244041521074
5_3C_54PER_4C_NEWSTRUCTURE,3,0.9979929601445859,0.00015470876626055927,0.9977147531280479,0.9983130141335644
5_3C_54PER_4C_NEWSTRUCTURE,4,0.9980941800038768,0.00014495486356814102,0.9978327305515241,0.9984022880376867
5_3C_54PER_4C_NEWSTRUCTURE,5,0.9981915168349187,0.00013727501319204613,0.9979447526122707,0.9984796363698991
5_3C_54PER_4C_NEWSTRUCTURE,6,0.9982850356642141,0.00013170235486190574,0.9980549458906125,0.9985599581830561
5_3C_54PER_4C_NEWSTRUCTURE,7,0.998374801518266,0.00012819702606466972,0.9981550489735375,0.9986429609684923
5_3C_54PER_4C_NEWSTRUCTURE,8,0.9984608794235768,0.0001266354958335153,0.9982455158008237,0.9987221995812562
5_3C_54PER_4C_NEWSTRUCTURE,9,0.9985433344066493,0.0001268170948465902,0.9983201721593573,0.9988054475499488
5_3C_54PER_4C_NEWSTRUCTURE,10,0.9986222314939863,0.0001284865195188053,0.9983938712196647,0.9988859175654121
5_3C_54PER_4C_NEWSTRUCTURE,11,0.9986976357120901,0.0001313641234855586,0.9984489368349777,0.9989624317406027
5_3C_54PER_4C_NEWSTRUCTURE,12,0.9987696120874638,0.00013517415236734476,0.9985090285195266,0.9990338797016429
5_3C_54PER_4C_NEWSTRUCTURE,13,0.9988382256466097,0.00013966465780489788,0.9985512823907601,0.9991010246359459
5_3C_54PER_4C_NEWSTRUCTURE,14,0.9989035414160307,0.00014461781146097498,0.9985985835644937,0.9991665795738496
5_3C_54PER_4C_NEWSTRUCTURE,15,0.9989656244222294,0.00014985258914281414,0.9986424668037387,0.9992297189331807
5_3C_54PER_4C_NEWSTRUCTURE,16,0.9990245396917082,0.00015522273824023226,0.9986878580451322,0.9992878973545971
5_3C_54PER_4C_NEWSTRUCTURE,17,0.9990803522509702,0.00016061249520432286,0.9987291852439943,0.999342579697637
5_3C_54PER_4C_NEWSTRUCTURE,18,0.9991331271265179,0.00016593166497249086,0.9987694759442154,0.9993947729820235
5_3C_54PER_4C_NEWSTRUCTURE,19,0.9991829293448539,0.00017111092939811671,0.9988076688760404,0.9994456156646923
5_3C_54PER_4C_NEWSTRUCTURE,20,0.9992298239324808,0.00017609775667235024,0.9988410334784494,0.9994931674492851
5_3C_54PER_4C_NEWSTRUCTURE,21,0.9992738759159016,0.00018085300588676807,0.9988727541686523,0.9995383879972461
5_3C_54PER_4C_NEWSTRUCTURE,22,0.9993151503216186,0.000185348187100601,0.9989027940593183,0.9995791918993836
5_3C_54PER_4C_NEWSTRUCTURE,23,0.9993537121761346,0.0001895632855499689,0.9989311812399506,0.9996184414263957
5_3C_54PER_4C_NEWSTRUCTURE,24,0.9993896265059522,0.00019348504839706123,0.9989567104637581,0.9996534423131942
5_3C_54PER_4C_NEWSTRUCTURE,25,0.9994229583375743,0.00019710564049727863,0.998982239382374,0.9996854917052165
5_3C_54PER_4C_NEWSTRUCTURE,26,0.9994537726975034,0.0002004215900726635,0.9990089201666573,0.9997155572563325
5_3C_54PER_4C_NEWSTRUCTURE,27,0.9994821346122421,0.00020343296028713413,0.9990341930120379,0.9997414137002342
5_3C_54PER_4C_NEWSTRUCTURE,28,0.999508109108293,0.00020614269621901184,0.9990544250491974,0.999767014886587
5_3C_54PER_4C_NEWSTRUCTURE,29,0.9995317612121591,0.00020855610793027313,0.9990739879032549,0.9997914431346162
5_3C_54PER_4C_NEWSTRUCTURE,30,0.9995531559503429,0.00021068045926995256,0.999090813759187,0.9998145598016362
5_3C_54PER_4C_NEWSTRUCTURE,31,0.9995723583493469,0.0002125246390198752,0.9991061520668675,0.999834176556989
5_3C_54PER_4C_NEWSTRUCTURE,32,0.9995894334356739,0.00021409889635830943,0.9991188085621402,0.9998547931635104
5_3C_54PER_4C_NEWSTRUCTURE,33,0.9996044462358267,0.0002154146267206066,0.9991288295273506,0.9998735643132239
5_3C_54PER_4C_NEWSTRUCTURE,34,0.9996174617763077,0.00021648419726295732,0.9991395447733002,0.9998865527422817
5_3C_54PER_4C_NEWSTRUCTURE,35,0.9996285450836198,0.00021732080351639693,0.9991488488001705,0.9999007924539195
5_3C_54PER_4C_NEWSTRUCTURE,36,0.9996377611842655,0.00021793835063156164,0.9991547936689676,0.9999112488050601
5_3C_54PER_4C_NEWSTRUCTURE,37,0.9996451751047475,0.0002183513539995873,0.9991609028986311,0.999922818356058
5_3C_54PER_4C_NEWSTRUCTURE,38,0.9996508518715685,0.00021857485509368122,0.9991660490489006,0.999932332967917
5_3C_54PER_4C_NEWSTRUCTURE,39,0.9996548565112313,0.0002186243491900313,0.9991694736881049,0.9999410900560936
5_3C_54PER_4C_NEWSTRUCTURE,40,0.9996572540502383,0.00021851572225505206,0.9991719921000682,0.9999450977754766
5_3C_54PER_4C_NEWSTRUCTURE,41,0.9996581095150924,0.0002182651947747558,0.9991733704249511,0.9999471939449825
5_3C_54PER_4C_NEWSTRUCTURE,42,0.999657487932296,0.00021788927068644903,0.9991736327249686,0.9999510441226815
5_3C_54PER_4C_NEWSTRUCTURE,43,0.999655454328352,0.00021740468988034136,0.9991727925666359,0.9999512250644036
5_3C_54PER_4C_NEWSTRUCTURE,44,0.9996520737297631,0.00021682838299133287,0.9991708975919537,0.9999502039603813
5_3C_54PER_4C_NEWSTRUCTURE,45,0.9996474111630318,0.0002161774274151191,0.9991679762378938,0.999948424980908
5_3C_54PER_4C_NEWSTRUCTURE,46,0.9996415316546607,0.00021546900367418596,0.9991640569414281,0.9999467768301983
5_3C_54PER_4C_NEWSTRUCTURE,47,0.9996345002311527,0.00021472035143766955,0.9991591681395285,0.9999438389061933
5_3C_54PER_4C_NEWSTRUCTURE,48,0.9996263819190104,0.0002139487246753286,0.9991532547754379,0.9999370275285958
5_3C_54PER_4C_NEWSTRUCTURE,49,0.9996172417447364,0.00021317134560707606,0.9991461504892172,0.9999305204317522
5_3C_54PER_4C_NEWSTRUCTURE,50,0.9996071447348333,0.00021240535730038962,0.9991382764497364,0.9999223052315076
5_3C_54PER_4C_NEWSTRUCTURE,51,0.9995961486879066,0.0002116653618412217,0.9991296566440238,0.9999139362667037
5_3C_54PER_4C_NEWSTRUCTURE,52,0.9995842824909715,0.00021095620420267527,0.9991210569438702,0.9999049634662521
5_3C_54PER_4C_NEWSTRUCTURE,53,0.9995715678031464,0.00021028030704651636,0.9991112822939254,0.9998958901832186
5_3C_54PER_4C_NEWSTRUCTURE,54,0.9995580262835493,0.00020964008954392783,0.9991003600307965,0.999885727885327
5_3C_54PER_4C_NEWSTRUCTURE,55,0.9995436795912984,0.00020903795669908654,0.9990886526863499,0.9998737337710023
5_3C_54PER_4C_NEWSTRUCTURE,56,0.9995285493855117,0.00020847628859529577,0.9990761779468355,0.9998608318705176
5_3C_54PER_4C_NEWSTRUCTURE,57,0.9995126573253074,0.0002079574296101587,0.999063068375306,0.9998471019391365
5_3C_54PER_4C_NEWSTRUCTURE,58,0.9994960250698036,0.00020748367765389142,0.9990489970275989,0.9998322586466206
5_3C_54PER_4C_NEWSTRUCTURE,59,0.9994786742781185,0.0002070572734930774,0.9990343262203756,0.9998166576875094
5_3C_54PER_4C_NEWSTRUCTURE,60,0.9994606266093701,0.00020668039022908526,0.9990189587630814,0.999800359247535
5_3C_54PER_4C_NEWSTRUCTURE,61,0.9994419037226766,0.00020635512300667218,0.9990028522824719,0.9997846476280428
5_3C_54PER_4C_NEWSTRUCTURE,62,0.999422527277156,0.00020608347903371317,0.9989859545193517,0.9997676481812452
5_3C_54PER_4C_NEWSTRUCTURE,63,0.9994025189319266,0.0002058673679968148,0.9989684514165823,0.999750616052876
5_3C_54PER_4C_NEWSTRUCTURE,64,0.9993819003461064,0.00020570859296033483,0.9989501084252368,0.9997326241603216
5_3C_54PER_4C_NEWSTRUCTURE,65,0.9993606931788136,0.0002056088418368043,0.9989230813253264,0.9997135171967644
5_3C_54PER_4C_NEWSTRUCTURE,66,0.9993389190891664,0.00020556967951614787,0.9988987380401498,0.999693763032593
5_3C_54PER_4C_NEWSTRUCTURE,67,0.9993165997362826,0.0002055925407379391,0.9988744833840569,0.9996733855862636
5_3C_54PER_4C_NEWSTRUCTURE,68,0.9992937567792806,0.00020567872378629836,0.9988475726680613,0.9996524045121314
5_3C_54PER_4C_NEWSTRUCTURE,69,0.9992704118772785,0.00020582938508028305,0.9988274901528307,0.9996308510478166
5_3C_54PER_4C_NEWSTRUCTURE,70,0.9992465866893944,0.00020604553472410603,0.9988053174203867,0.9996087499558457
5_3C_54PER_4C_NEWSTRUCTURE,71,0.9992223028747462,0.0002063280330715301,0.998782652437397,0.9995861259987453
5_3C_54PER_4C_NEWSTRUCTURE,72,0.9991975820924525,0.000206677588346928,0.9987562693982257,0.9995630039390421
5_3C_54PER_4C_NEWSTRUCTURE,73,0.9991724460016309,0.0002070947553532188,0.9987374202108931,0.9995394085392626
5_3C_54PER_4C_NEWSTRUCTURE,74,0.9991469162614,0.0002075799352831878,0.9987192638439304,0.9995153645619337
5_3C_54PER_4C_NEWSTRUCTURE,75,0.9991210145308774,0.0002081333766366272,0.998694278113568,0.9994908967695818
5_3C_54PER_4C_NEWSTRUCTURE,76,0.9990947624691816,0.0002087551772320343,0.9986660787077796,0.9994660299247337
5_3C_54PER_4C_NEWSTRUCTURE,77,0.9990681817354308,0.00020944528728756198,0.998637574275368,0.9994407887899159
5_3C_54PER_4C_NEWSTRUCTURE,78,0.9990412939887428,0.00021020351353318015,0.9986101772846394,0.9994152516113703
5_3C_54PER_4C_NEWSTRUCTURE,79,0.9990141208882358,0.00021102952430334044,0.998579718411592,0.9993897751082723
5_3C_54PER_4C_NEWSTRUCTURE,80,0.9989866840930282,0.0002119228555494277,0.9985495195584188,0.9993639808865323
5_3C_54PER_4C_NEWSTRUCTURE,81,0.9989590052622378,0.0002128829177010566,0.9985175365652925,0.9993378919822835
5_3C_54PER_4C_NEWSTRUCTURE,82,0.9989311060549828,0.000213909003298521,0.9984906481632716,0.999311531431659
5_3C_54PER_4C_NEWSTRUCTURE,83,0.9989030081303815,0.00021500029531211582,0.9984600728423698,0.9992848936120181
5_3C_54PER_4C_NEWSTRUCTURE,84,0.9988747331475517,0.00021615587606079427,0.9984281684884375,0.9992599905298338
5_3C_54PER_4C_NEWSTRUCTURE,85,0.9988463027656118,0.0002173747366397804,0.9983966928338022,0.9992358903569158
5_3C_54PER_4C_NEWSTRUCTURE,86,0.9988177386436798,0.0002186557867671697,0.9983687766282848,0.9992117484301202
5_3C_54PER_4C_NEWSTRUCTURE,87,0.9987890624408737,0.00021999786496007548,0.998339474895362,0.9991876052544676
5_3C_54PER_4C_NEWSTRUCTURE,88,0.998760295816312,0.00022139974895434646,0.9983087615471536,0.9991634885450839
5_3C_54PER_4C_NEWSTRUCTURE,89,0.9987314604291125,0.00022286016628544742,0.9982779243731089,0.9991394202094854
5_3C_54PER_4C_NEWSTRUCTURE,90,0.9987025779383935,0.00022437780495343068,0.9982454335515522,0.9991154221551893
5_3C_54PER_4C_NEWSTRUCTURE,91,0.9986736700032729,0.0002259513241011096,0.9982148565774503,0.9990915162897124
5_3C_54PER_4C_NEWSTRUCTURE,92,0.998644758282869,0.00022757936464066158,0.9981849783499924,0.9990677245205715
5_3C_54PER_4C_NEWSTRUCTURE,93,0.9986158644362999,0.00022926055977150127,0.9981534398692495,0.999043231342803
5_3C_54PER_4C_NEWSTRUCTURE,94,0.9985870101226837,0.0002309935453389178,0.9981221744563441,0.9990153747837225
5_3C_54PER_4C_NEWSTRUCTURE,95,0.9985582170011384,0.00023277696999065217,0.9980915614873109,0.9989900989324788
5_3C_54PER_4C_NEWSTRUCTURE,96,0.9985295067307824,0.00023460950509520984,0.9980564556136468,0.9989665607358762
5_3C_54PER_4C_NEWSTRUCTURE,97,0.9985009009707336,0.0002364898543927076,0.9980226934955831,0.9989431484224944
5_3C_54PER_4C_NEWSTRUCTURE,98,0.9984724213801102,0.00023841676335529643,0.9979894990050164,0.9989199857860837
5_3C_54PER_4C_NEWSTRUCTURE,99,0.9984440896180303,0.00024038902823988122,0.9979601475024799,0.9988932099592099
5_3C_54PER_4C_NEWSTRUCTURE,100,0.9984159273436121,0.00024240550482119947,0.9979351007507088,0.9988675733449792
5_3C_54PER_4C_NEWSTRUCTURE,101,0.9983879512142668,0.0002444648764195297,0.9979033957520422,0.9988444546279058
5_3C_54PER_4C_NEWSTRUCTURE,102,0.9983601578805801,0.0002465649734988542,0.9978736330486588,0.9988215080444064
5_3C_54PER_4C_NEWSTRUCTURE,103,0.99833253899143,0.0002487035507405547,0.997844995778591,0.9987973119783514
5_3C_54PER_4C_NEWSTRUCTURE,104,0.9983050861956951,0.00025087852440308433,0.9978145158315009,0.99877423545026
5_3C_54PER_4C_NEWSTRUCTURE,105,0.998277791142254,0.0002530879604229862,0.9977829726564141,0.9987499808097196
5_3C_54PER_4C_NEWSTRUCTURE,106,0.9982506454799852,0.0002553300628764005,0.9977503717703728,0.9987259201431741
5_3C_54PER_4C_NEWSTRUCTURE,107,0.9982236408577672,0.0002576031628513611,0.9977179797379835,0.9987020972206456
5_3C_54PER_4C_NEWSTRUCTURE,108,0.9981967689244785,0.000259905707768819,0.9976857064169377,0.9986831345033934
5_3C_54PER_4C_NEWSTRUCTURE,109,0.9981700213289976,0.00026223625117990224,0.9976535335052199,0.9986588860747311
5_3C_54PER_4C_NEWSTRUCTURE,110,0.9981433897202028,0.00026459344305843324,0.9976214542907771,0.9986352777866284
5_3C_54PER_4C_NEWSTRUCTURE,111,0.9981168657469729,0.0002669760205999856,0.9975894620615566,0.9986123739101046
5_3C_54PER_4C_NEWSTRUCTURE,112,0.9980904410581865,0.000269382799532641,0.9975575501055056,0.9985901351986558
5_3C_54PER_4C_NEWSTRUCTURE,113,0.9980641073027215,0.00027181266593941425,0.9975259758696093,0.9985699575224373
5_3C_54PER_4C_NEWSTRUCTURE,114,0.9980378561294571,0.00027426456858819733,0.9974939639909202,0.9985507336601286
5_3C_54PER_4C_NEWSTRUCTURE,115,0.9980116791872713,0.0002767375117613551,0.9974621305705466,0.9985316057366678
5_3C_54PER_4C_NEWSTRUCTURE,116,0.9979855681250429,0.00027923054857481296,0.997430586808339,0.9985125651226212
5_3C_54PER_4C_NEWSTRUCTURE,117,0.9979595145916506,0.00028174277477377945,0.9973996176011773,0.9984936031885555
5_3C_54PER_4C_NEWSTRUCTURE,118,0.997933510235972,0.00028427332299108514,0.9973685826317282,0.9984747113050366
5_3C_54PER_4C_NEWSTRUCTURE,119,0.9979075467068867,0.00028682135745266695,0.9973374790171059,0.9984558808426315
5_3C_54PER_4C_NEWSTRUCTURE,120,0.9978816156532727,0.00028938606911368443,0.9973063038744245,0.9984364990473414
5_3C_54PER_4C_NEWSTRUCTURE,121,0.9978557087240083,0.00029196667120856237,0.9972750543207978,0.9984158713732744
5_3C_54PER_4C_NEWSTRUCTURE,122,0.9978298175679724,0.00029456239519763157,0.9972437274733399,0.9983953144552832
5_3C_54PER_4C_NEWSTRUCTURE,123,0.9978039338340432,0.0002971724870929029,0.9972123204491647,0.9983758887038018
5_3C_54PER_4C_NEWSTRUCTURE,124,0.9977780491710996,0.0002997962041456655,0.9971808303653867,0.9983569705265828
5_3C_54PER_4C_NEWSTRUCTURE,125,0.9977521552280196,0.0003024328118787454,0.9971492543391196,0.9983348492701238
5_3C_54PER_4C_NEWSTRUCTURE,126,0.997726243653682,0.00030508158144642504,0.9971175894874776,0.9983116849612028
5_3C_54PER_4C_NEWSTRUCTURE,127,0.9977003060969654,0.00030774178730543015,0.9970858329275747,0.9982885100599522
5_3C_54PER_4C_NEWSTRUCTURE,128,0.9976743342067479,0.00031041270518093733,0.9970539817765246,0.998265604691146
5_3C_54PER_4C_NEWSTRUCTURE,129,0.9976483196319085,0.0003130936103118341,0.997022033151442,0.9982465312169143
5_3C_54PER_4C_NEWSTRUCTURE,130,0.9976222540213251,0.00031578377596023,0.9969899841694405,0.9982274281510906
5_3C_54PER_4C_NEWSTRUCTURE,131,0.997596129023877,0.00031848247217037314,0.9969578319476344,0.9982082867561749
5_3C_54PER_4C_NEWSTRUCTURE,132,0.997569936288442,0.0003211889647633669,0.9969255736031376,0.9981890982946667
5_3C_54PER_4C_NEWSTRUCTURE,133,0.9975436674638989,0.00032390251455387975,0.9968934871323113,0.9981698540290661
5_3C_54PER_4C_NEWSTRUCTURE,134,0.9975173141991264,0.00032662237677636764,0.9968616334138766,0.9981502642682589
5_3C_54PER_4C_NEWSTRUCTURE,135,0.9974908681430024,0.0003293478007084189,0.9968296990730863,0.998130896120396
5_3C_54PER_4C_NEWSTRUCTURE,136,0.9974643209444062,0.0003320780294797783,0.9967976847834892,0.9981114347289161
5_3C_54PER_4C_NEWSTRUCTURE,137,0.9974376642522155,0.0003348123000560313,0.9967655838270737,0.9980918674274659
5_3C_54PER_4C_NEWSTRUCTURE,138,0.9974108897153094,0.00033754984338662007,0.9967333894858283,0.9980721815496916
5_3C_54PER_4C_NEWSTRUCTURE,139,0.9973839889825662,0.00034028988470745396,0.996701095041742,0.9980523644292403
5_3C_54PER_4C_NEWSTRUCTURE,140,0.9973569537028644,0.00034303164398899206,0.9966686937768033,0.9980324033997583
5_3C_54PER_4C_NEWSTRUCTURE,141,0.9973297755250824,0.0003457743365211683,0.9966361789730009,0.9980122857948924
5_3C_54PER_4C_NEWSTRUCTURE,142,0.9973024460980989,0.0003485171736271775,0.996603543912324,0.9979919989482892
5_3C_54PER_4C_NEWSTRUCTURE,143,0.9972749570707922,0.0003512593634988382,0.9965707818767606,0.9979715301935953
5_3C_54PER_4C_NEWSTRUCTURE,144,0.997247300092041,0.00035400011214633376,0.9965378861482999,0.9979508668644577
5_3C_54PER_4C_NEWSTRUCTURE,145,0.9972194668107238,0.00035673862445636346,0.9965048500089304,0.9979299962945223
5_3C_54PER_4C_NEWSTRUCTURE,146,0.997191448875719,0.00035947410535251836,0.9964716667406409,0.9979068879802028
5_3C_54PER_4C_NEWSTRUCTURE,147,0.997163237935905,0.00036220576105275667,0.99643832962542,0.9978858414798807
5_3C_54PER_4C_NEWSTRUCTURE,148,0.9971348256401605,0.0003649328004190797,0.9964048319452563,0.997864571445102
5_3C_54PER_4C_NEWSTRUCTURE,149,0.9971062036373639,0.0003676544363949802,0.9963711669821388,0.9978430682874301
5_3C_54PER_4C_NEWSTRUCTURE,150,0.9970773635763939,0.00037036988752675663,0.9963373280180561,0.9978213224184275
5_3C_54PER_4C_NEWSTRUCTURE,151,0.9970482992957872,0.0003730780385522001,0.9963033112047625,0.9977993259755028
5_3C_54PER_4C_NEWSTRUCTURE,152,0.9970190133927148,0.0003757764218848442,0.9962691241730727,0.9977770532792453
5_3C_54PER_4C_NEWSTRUCTURE,153,0.996989510654006,0.0003784622460634726,0.9962347774235677,0.9977541108086238
5_3C_54PER_4C_NEWSTRUCTURE,154,0.99695979586649,0.00038113273653111963,0.9962002814568279,0.9977308869031537
5_3C_54PER_4C_NEWSTRUCTURE,155,0.9969298738169965,0.0003837851346422977,0.9961656467734344,0.9977067331753388
5_3C_54PER_4C_NEWSTRUCTURE,156,0.9968997492923547,0.00038641669676836723,0.9961308838739679,0.9976806151267827
5_3C_54PER_4C_NEWSTRUCTURE,157,0.9968694270793937,0.0003890246934996404,0.9960960032590085,0.997654234703227
5_3C_54PER_4C_NEWSTRUCTURE,158,0.9968389119649431,0.00039160640894212324,0.9960605095602012,0.9976275902761661
5_3C_54PER_4C_NEWSTRUCTURE,159,0.9968082087358323,0.0003941591401072502,0.9960239748880056,0.997600680217095
5_3C_54PER_4C_NEWSTRUCTURE,160,0.9967773221788904,0.00039668019639252177,0.9959873062829995,0.9975735028975088
5_3C_54PER_4C_NEWSTRUCTURE,161,0.9967462570809468,0.00039916689915131277,0.9959505134100718,0.9975460566889026
5_3C_54PER_4C_NEWSTRUCTURE,162,0.9967150182288309,0.0004016165813498873,0.9959136059341115,0.9975183399627707
5_3C_54PER_4C_NEWSTRUCTURE,163,0.9966836104093721,0.00040402658731029576,0.9958767694607219,0.9974903535972937
5_3C_54PER_4C_NEWSTRUCTURE,164,0.9966520384093996,0.0004063942725371728,0.9958395478562672,0.9974621494568758
5_3C_54PER_4C_NEWSTRUCTURE,165,0.9966203070157428,0.0004087170036276428,0.9958022925369301,0.9974336708322986
5_3C_54PER_4C_NEWSTRUCTURE,166,0.9965884210152309,0.00041099215826282396,0.9957650232977333,0.9974055761949706
5_3C_54PER_4C_NEWSTRUCTURE,167,0.9965563851946937,0.00041321712528048153,0.9957276877799509,0.9973793322065047
5_3C_54PER_4C_NEWSTRUCTURE,168,0.9965242043409602,0.0004153893048279261,0.9956902956484719,0.9973528471664113
5_3C_54PER_4C_NEWSTRUCTURE,169,0.9964918832408596,0.00041750610859529817,0.9956528565681856,0.9973261216399377
5_3C_54PER_4C_NEWSTRUCTURE,170,0.9964594266812214,0.00041956496012907866,0.9956153802039812,0.9972991146116699
5_3C_54PER_4C_NEWSTRUCTURE,171,0.9964268394488751,0.00042156329522639147,0.9955778762207483,0.9972718624022884
5_3C_54PER_4C_NEWSTRUCTURE,172,0.9963941263306497,0.000423498562410971,0.9955412826024567,0.9972428945662423
5_3C_54PER_4C_NEWSTRUCTURE,173,0.996361292113375,0.00042536822349205236,0.9955071140235929,0.9972117509615066
5_3C_54PER_4C_NEWSTRUCTURE,174,0.99632834158388,0.0004271697542078077,0.995473032725588,0.9971802972822063
5_3C_54PER_4C_NEWSTRUCTURE,175,0.996295279528994,0.0004289006449556898,0.9954390510562391,0.997148533695076
5_3C_54PER_4C_NEWSTRUCTURE,176,0.9962621107355465,0.0004305584016121255,0.9954052184697298,0.9971168308816343
5_3C_54PER_4C_NEWSTRUCTURE,177,0.9962288399903667,0.00043214054644505513,0.9953715078704657,0.9970886273411083
5_3C_54PER_4C_NEWSTRUCTURE,178,0.9961954720802843,0.0004336446191228323,0.9953379304184754,0.997058140366832
5_3C_54PER_4C_NEWSTRUCTURE,179,0.996162011792128,0.0004350681778241788,0.9953044972737888,0.9970263599655091
5_3C_54PER_4C_NEWSTRUCTURE,180,0.9961284639127277,0.0004364088004539976,0.9952712195964359,0.9969942737665741
5_3C_54PER_4C_NEWSTRUCTURE,181,0.9960948332289126,0.00043766408597125186,0.9952381085464462,0.9969632063142372
5_3C_54PER_4C_NEWSTRUCTURE,182,0.996061124527512,0.00043883165583499155,0.9952051752838496,0.9969321084955383
5_3C_54PER_4C_NEWSTRUCTURE,183,0.9960273425953551,0.00043990915557654356,0.9951724309686756,0.996900729229457
5_3C_54PER_4C_NEWSTRUCTURE,184,0.9959934922192715,0.0004408942565057134,0.9951398867609534,0.9968691012252476
5_3C_54PER_4C_NEWSTRUCTURE,185,0.9959595781860905,0.0004417846575608275,0.9951047363665817,0.9968372248531026
5_3C_54PER_4C_NEWSTRUCTURE,186,0.9959256052826412,0.0004425780873127132,0.9950675059833143,0.9968051004832148
5_3C_54PER_4C_NEWSTRUCTURE,187,0.9958915782957533,0.0004432723061347036,0.9950304068340315,0.9967707863246559
5_3C_54PER_4C_NEWSTRUCTURE,188,0.9958575020122556,0.00044386510855122464,0.9949934497939705,0.996739930795438
5_3C_54PER_4C_NEWSTRUCTURE,189,0.995823381218978,0.0004443543257799957,0.9949566457383692,0.9967047170917687
5_3C_54PER_4C_NEWSTRUCTURE,190,0.9957892207027496,0.00044473782848335875,0.9949200868047307,0.9966691934236193
5_3C_54PER_4C_NEWSTRUCTURE,191,0.9957550252503997,0.0004450135297470138,0.9948837191813539,0.9966333960252038
5_3C_54PER_4C_NEWSTRUCTURE,192,0.9957207996487577,0.00044517938830582047,0.9948475397083472,0.9965973387811443
5_3C_54PER_4C_NEWSTRUCTURE,193,0.9956865486846532,0.0004452334120385956,0.9948166962812353,0.9965609692179719
5_3C_54PER_4C_NEWSTRUCTURE,194,0.995652277144915,0.0004451736617563943,0.9947877187420913,0.9965242859156459
5_3C_54PER_4C_NEWSTRUCTURE,195,0.9956179898163728,0.0004449982553113118,0.9947591749620397,0.9964893358504998
5_3C_54PER_4C_NEWSTRUCTURE,196,0.9955836914858559,0.00044470537205576634,0.9947298986413116,0.996460131153768
5_3C_54PER_4C_NEWSTRUCTURE,197,0.9955493869401936,0.00044429325768555823,0.9946913628553332,0.9964308651502888
5_3C_54PER_4C_NEWSTRUCTURE,198,0.9955150809662152,0.00044376022950380666,0.994656967328359,0.99640131862199
5_3C_54PER_4C_NEWSTRUCTURE,199,0.9954807783507502,0.0004431046821465295,0.9946277557151891,0.9963661248434531
5_3C_54PER_4C_NEWSTRUCTURE,200,0.9954464838806277,0.0004423250938157619,0.9945989024374313,0.996329067413813
3_7C_31PER_5_9C_NEWSTRUCTURE,1,1.000270835494996,2.5604263328575807e-05,1.0002336917115044,1.0003079792784875
3_7C_31PER_5_9C_NEWSTRUCTURE,2,1.0001856819762553,1.8086419751300578e-05,1.0001594442340969,1.0002119197184143
3_7C_31PER_5_9C_NEWSTRUCTURE,3,1.0000976078768546,1.0567690205246557e-05,1.0000822774612923,1.0001129382924165
3_7C_31PER_5_9C_NEWSTRUCTURE,4,1.0000066582476106,3.043704199482501e-06,1.000002242784125,1.0000110737110959
3_7C_31PER_5_9C_NEWSTRUCTURE,5,0.9999128781393416,4.489908757536836e-06,0.999906364685053,0.9999193915936304
3_7C_31PER_5_9C_NEWSTRUCTURE,6,0.9998163126028652,1.2037519157018517e-05,0.9997988499248884,0.9998337752808423
3_7C_31PER_5_9C_NEWSTRUCTURE,7,0.9997170066889992,1.960349749035387e-05,0.999688568141203,0.9997454452367955
3_7C_31PER_5_9C_NEWSTRUCTURE,8,0.9996150054485613,2.7192214248630833e-05,0.999575558044598,0.9996544528525246
3_7C_31PER_5_9C_NEWSTRUCTURE,9,0.9995103539323691,3.48080399233204e-05,0.9994598583456739,0.9995608495190643
3_7C_31PER_5_9C_NEWSTRUCTURE,10,0.9994030971912403,4.24553450057405e-05,0.9993415077550314,0.9994646866274491
3_7C_31PER_5_9C_NEWSTRUCTURE,11,0.9992932802759928,5.013849998705555e-05,0.9992205449832718,0.9993660155687137
3_7C_31PER_5_9C_NEWSTRUCTURE,12,0.9991809482374442,5.7861875358732664e-05,0.9990970087409956,0.9992648877338928
3_7C_31PER_5_9C_NEWSTRUCTURE,13,0.9990661461264122,6.56298416119431e-05,0.9989709377388037,0.9991613545140207
3_7C_31PER_5_9C_NEWSTRUCTURE,14,0.9989489189937146,7.344676923803728e-05,0.998842370687297,0.9990554673001321
3_7C_31PER_5_9C_NEWSTRUCTURE,15,0.9988293118901689,8.131702872837129e-05,0.9987113462970763,0.9989472774832618
3_7C_31PER_5_9C_NEWSTRUCTURE,16,0.9987073698665933,8.924499057422727e-05,0.9985779032787422,0.9988368364544443
3_7C_31PER_5_9C_NEWSTRUCTURE,17,0.998583137973805,9.723502526669061e-05,0.998442080342896,0.9987241956047139
3_7C_31PER_5_9C_NEWSTRUCTURE,18,0.998456661262622,0.00010529150329738424,0.9983039162001383,0.9986094063251058
3_7C_31PER_5_9C_NEWSTRUCTURE,19,0.9983279847838619,0.00011341879515747745,0.9981634495610696,0.998492520006654
3_7C_31PER_5_9C_NEWSTRUCTURE,20,0.9981971535883425,0.00012162127133820458,0.9980207191362913,0.9983735880403934
3_7C_31PER_5_9C_NEWSTRUCTURE,21,0.9980642127268814,0.00012990330233096173,0.9978757636364041,0.9982526618173588
3_7C_31PER_5_9C_NEWSTRUCTURE,22,0.9979292072502964,0.00013826925862703401,0.9977286217720084,0.9981297927285844
3_7C_31PER_5_9C_NEWSTRUCTURE,23,0.9977921822094052,0.00014672351071769467,0.9975793322537054,0.9980050321651049
3_7C_31PER_5_9C_NEWSTRUCTURE,24,0.9976531826550257,0.00015527042909425988,0.9974279337920962,0.9978784315179553
3_7C_31PER_5_9C_NEWSTRUCTURE,25,0.9975122536379752,0.0001639143842479765,0.9972744650977811,0.9977500421781695
3_7C_31PER_5_9C_NEWSTRUCTURE,26,0.9973694402090719,0.00017265974667026926,0.9971189648813611,0.9976199155367828
3_7C_31PER_5_9C_NEWSTRUCTURE,27,0.9972247874191332,0.00018151088685230876,0.9969614718534372,0.9974881029848293
3_7C_31PER_5_9C_NEWSTRUCTURE,28,0.9970783403189769,0.00019047217528544834,0.9968020247246101,0.9973546559133437
3_7C_31PER_5_9C_NEWSTRUCTURE,29,0.9969301439594208,0.00019954798246100145,0.9966406622054808,0.9972196257133609
3_7C_31PER_5_9C_NEWSTRUCTURE,30,0.9967802433912825,0.00020874267887022185,0.9964774230066499,0.997083063775915
3_7C_31PER_5_9C_NEWSTRUCTURE,31,0.9966286836653797,0.00021806063500453096,0.9963123458387182,0.9969450214920411
3_7C_31PER_5_9C_NEWSTRUCTURE,32,0.9964755098325302,0.00022750622135509193,0.9961454694122869,0.9968055502527736
3_7C_31PER_5_9C_NEWSTRUCTURE,33,0.9963207669435518,0.00023708380841330734,0.9959768324379564,0.9966647014491471
3_7C_31PER_5_9C_NEWSTRUCTURE,34,0.9961645000492619,0.0002467977666705242,0.9958064736263277,0.9965225264721963
3_7C_31PER_5_9C_NEWSTRUCTURE,35,0.9960067542004787,0.0002566524666177971,0.9956344316880018,0.9963790767129554
3_7C_31PER_5_9C_NEWSTRUCTURE,36,0.9958475744480194,0.00026665227874663025,0.9954607453335794,0.9962344035624595
3_7C_31PER_5_9C_NEWSTRUCTURE,37,0.9956870058427021,0.00027680157354827454,0.9952854532736614,0.9960885584117429
3_7C_31PER_5_9C_NEWSTRUCTURE,38,0.9955250934353443,0.000287104721514037,0.9951085942188485,0.9959415926518403
3_7C_31PER_5_9C_NEWSTRUCTURE,39,0.995361882276764,0.0002975660931352425,0.9949302068797415,0.9957935576737864
3_7C_31PER_5_9C_NEWSTRUCTURE,40,0.9951974174177786,0.00030819005890313016,0.9947503299669416,0.9956445048686157
3_7C_31PER_5_9C_NEWSTRUCTURE,41,0.9950317439092059,0.000318980989309084,0.9945690021910492,0.9954944856273628
3_7C_31PER_5_9C_NEWSTRUCTURE,42,0.9948649068018637,0.00032994325484436135,0.9943862622626652,0.9953435513410622
3_7C_31PER_5_9C_NEWSTRUCTURE,43,0.9946969511465696,0.0003410812260002687,0.9942021488923907,0.9951917534007487
3_7C_31PER_5_9C_NEWSTRUCTURE,44,0.9945279219941416,0.00035239927326812345,0.9940167007908263,0.9950391431974569
3_7C_31PER_5_9C_NEWSTRUCTURE,45,0.9943578643953972,0.0003639017671391368,0.993829956668573,0.9948857721222212
3_7C_31PER_5_9C_NEWSTRUCTURE,46,0.9941868234011539,0.00037559307810473044,0.9936419552362314,0.9947316915660763
3_7C_31PER_5_9C_NEWSTRUCTURE,47,0.9940148440622297,0.00038747757665611967,0.9934527352044027,0.9945769529200569
3_7C_31PER_5_9C_NEWSTRUCTURE,48,0.9938419714294424,0.00039955963328465173,0.9932623352836875,0.9944216075751975
3_7C_31PER_5_9C_NEWSTRUCTURE,49,0.9936682505536096,0.0004118436184816331,0.9930707941846865,0.9942657069225327
3_7C_31PER_5_9C_NEWSTRUCTURE,50,0.9934937264855489,0.0004243339027383314,0.9928781506180008,0.9941093023530971
3_7C_31PER_5_9C_NEWSTRUCTURE,51,0.9933184399462807,0.0004370342370439995,0.9926844398631375,0.9939524400294241
3_7C_31PER_5_9C_NEWSTRUCTURE,52,0.9931424143376362,0.0004499458943795929,0.9924896834752301,0.993795145200042
3_7C_31PER_5_9C_NEWSTRUCTURE,53,0.9929656687316483,0.0004630695282240162,0.9922938995783186,0.993637437884978
3_7C_31PER_5_9C_NEWSTRUCTURE,54,0.9927882222003508,0.0004764057920562225,0.9920971062964423,0.9934793381042591
3_7C_31PER_5_9C_NEWSTRUCTURE,55,0.9926100938157771,0.0004899553393549378,0.9918993217536417,0.9933208658779125
3_7C_31PER_5_9C_NEWSTRUCTURE,56,0.9924313026499607,0.0005037188235991261,0.9917005640739565,0.9931620412259652
3_7C_31PER_5_9C_NEWSTRUCTURE,57,0.9922518677749352,0.0005176968982676885,0.9915008513814263,0.9930028841684443
3_7C_31PER_5_9C_NEWSTRUCTURE,58,0.9920718082627339,0.0005318902168395252,0.991300201800091,0.9928434147253768
3_7C_31PER_5_9C_NEWSTRUCTURE,59,0.9918911431853904,0.0005462994327935981,0.9910986334539905,0.9926836529167902
3_7C_31PER_5_9C_NEWSTRUCTURE,60,0.9917098916149382,0.0005609251996085866,0.990896164467165,0.9925236187627112
3_7C_31PER_5_9C_NEWSTRUCTURE,61,0.9915280726234104,0.000575768170763646,0.9906928129636537,0.9923633322831672
3_7C_31PER_5_9C_NEWSTRUCTURE,62,0.9913457052828409,0.000590828999737465,0.990488597067497,0.9922028134981851
3_7C_31PER_5_9C_NEWSTRUCTURE,63,0.9911628086652633,0.0006061083400091161,0.9902835349027344,0.9920420824277921
3_7C_31PER_5_9C_NEWSTRUCTURE,64,0.9909794018427106,0.0006216068450572399,0.990077644593406,0.9918811590920151
3_7C_31PER_5_9C_NEWSTRUCTURE,65,0.9907955038872165,0.0006373251683609482,0.9898709442635515,0.9917200635108816
3_7C_31PER_5_9C_NEWSTRUCTURE,66,0.9906111338708145,0.0006532639633990473,0.9896634520372107,0.9915588157044184
3_7C_31PER_5_9C_NEWSTRUCTURE,67,0.9904263108655381,0.0006694238836503857,0.9894551860384238,0.9913974356926526
3_7C_31PER_5_9C_NEWSTRUCTURE,68,0.9902410539434208,0.00068580558259393,0.98924616439123,0.9912359434956113
3_7C_31PER_5_9C_NEWSTRUCTURE,69,0.9900553821764959,0.000702409713708435,0.9890364052196701,0.9910743591333218
3_7C_31PER_5_9C_NEWSTRUCTURE,70,0.989869314636797,0.0007192369304730418,0.988825926647783,0.9909127026258111
3_7C_31PER_5_9C_NEWSTRUCTURE,71,0.9896828703963577,0.0007362878863664638,0.9886147467996089,0.9907509939931062
3_7C_31PER_5_9C_NEWSTRUCTURE,72,0.9894960685272112,0.0007535632348676361,0.988402883799188,0.9905892532552345
3_7C_31PER_5_9C_NEWSTRUCTURE,73,0.9893089281013913,0.000771063629455359,0.9881903557705598,0.9904275004322227
3_7C_31PER_5_9C_NEWSTRUCTURE,74,0.989121468190931,0.0007887897236086276,0.9879771808377641,0.9902657555440981
3_7C_31PER_5_9C_NEWSTRUCTURE,75,0.9889337078678644,0.0008067421708063266,0.9877633771248409,0.9901040386108878
3_7C_31PER_5_9C_NEWSTRUCTURE,76,0.9887456662042244,0.0008249216245273654,0.9875489627558299,0.9899423696526191
3_7C_31PER_5_9C_NEWSTRUCTURE,77,0.9885573622720449,0.0008433287382504695,0.9873339558547714,0.9897807686893186
3_7C_31PER_5_9C_NEWSTRUCTURE,78,0.9883688151433593,0.0008619641654548068,0.9871183745457045,0.989619255741014
3_7C_31PER_5_9C_NEWSTRUCTURE,79,0.9881800438902008,0.0008808285596189842,0.9869022369526698,0.9894578508277319
3_7C_31PER_5_9C_NEWSTRUCTURE,80,0.9879910675846032,0.0008999225742220826,0.9866855611997066,0.9892965739694997
3_7C_31PER_5_9C_NEWSTRUCTURE,81,0.9878019052985998,0.0009192468627428588,0.9864683654108553,0.9891354451863443
3_7C_31PER_5_9C_NEWSTRUCTURE,82,0.9876125761042241,0.0009388020786604191,0.9862506677101551,0.9889744844982933
3_7C_31PER_5_9C_NEWSTRUCTURE,83,0.9874230990735096,0.0009585888754534953,0.9860324862216462,0.9888137119253732
3_7C_31PER_5_9C_NEWSTRUCTURE,84,0.98723349327849,0.0009786079066008934,0.9858138390693685,0.9886531474876111
3_7C_31PER_5_9C_NEWSTRUCTURE,85,0.9870437777911981,0.0009988598255816462,0.9855947443773618,0.9884928112050346
3_7C_31PER_5_9C_NEWSTRUCTURE,86,0.9868539716836682,0.0010193452858745424,0.9853752202696661,0.9883327230976704
3_7C_31PER_5_9C_NEWSTRUCTURE,87,0.9866640940279333,0.0010400649409586051,0.9851552848703208,0.9881729031855457
3_7C_31PER_5_9C_NEWSTRUCTURE,88,0.986474163896027,0.0010610194443126224,0.9849349563033662,0.9880133714886878
3_7C_31PER_5_9C_NEWSTRUCTURE,89,0.9862842003599828,0.0010822094494155484,0.9847142526928419,0.9878541480271236
3_7C_31PER_5_9C_NEWSTRUCTURE,90,0.9860942224918341,0.0011036356097462714,0.9844931921627877,0.9876952528208802
3_7C_31PER_5_9C_NEWSTRUCTURE,91,0.9859042493636144,0.0011252985787836335,0.9842717928372439,0.9875367058899849
3_7C_31PER_5_9C_NEWSTRUCTURE,92,0.9857143000473572,0.0011471990100064375,0.98405007284025,0.9873785272544645
3_7C_31PER_5_9C_NEWSTRUCTURE,93,0.985524393615096,0.0011693375568937586,0.9838280502958459,0.9872207369343463
3_7C_31PER_5_9C_NEWSTRUCTURE,94,0.9853345491388643,0.0011917148729243855,0.9836057433280714,0.9870633549496574
3_7C_31PER_5_9C_NEWSTRUCTURE,95,0.9851447856906954,0.0012143316115772959,0.9833831700609662,0.9869064013204247
3_7C_31PER_5_9C_NEWSTRUCTURE,96,0.9849551223426232,0.0012371884263312222,0.9831603486185705,0.9867498960666755
3_7C_31PER_5_9C_NEWSTRUCTURE,97,0.9847655781666806,0.001260285970665189,0.9829372971249242,0.9865938592084371
3_7C_31PER_5_9C_NEWSTRUCTURE,98,0.9845761722349015,0.001283624898057982,0.9827140337040668,0.9864383107657362
3_7C_31PER_5_9C_NEWSTRUCTURE,99,0.9843869236193191,0.0013072058619887348,0.9824905764800381,0.9862832707586001
3_7C_31PER_5_9C_NEWSTRUCTURE,100,0.9841978513919672,0.001331029515935973,0.9822669435768784,0.9861287592070558
3_7C_31PER_5_9C_NEWSTRUCTURE,101,0.9840089707408943,0.0013550952105627545,0.9820431511246216,0.985974790357167
3_7C_31PER_5_9C_NEWSTRUCTURE,102,0.9838202813182108,0.0013793970852673232,0.9818192072772792,0.9858213553591424
3_7C_31PER_5_9C_NEWSTRUCTURE,103,0.9836317788920421,0.0014039279766319998,0.9815951181948569,0.9856684395892275
3_7C_31PER_5_9C_NEWSTRUCTURE,104,0.983443459230514,0.0014286807212388474,0.9813708900373608,0.9855160284236673
3_7C_31PER_5_9C_NEWSTRUCTURE,105,0.9832553181017518,0.001453648155670159,0.9811465289647965,0.9853641072387072
3_7C_31PER_5_9C_NEWSTRUCTURE,106,0.9830673512738811,0.0014788231165082384,0.9809220411371696,0.9852126614105925
3_7C_31PER_5_9C_NEWSTRUCTURE,107,0.9828795545150274,0.0015041984403352847,0.9806974327144864,0.9850616763155686
3_7C_31PER_5_9C_NEWSTRUCTURE,108,0.9826919235933165,0.001529766963733499,0.9804727098567523,0.9849111373298807
3_7C_31PER_5_9C_NEWSTRUCTURE,109,0.9825044542768737,0.0015555215232852884,0.9802478787239732,0.9847610298297743
3_7C_31PER_5_9C_NEWSTRUCTURE,110,0.9823171423338246,0.0015814549555726927,0.9800229454761549,0.9846113391914944
3_7C_31PER_5_9C_NEWSTRUCTURE,111,0.9821299835322947,0.0016075600971780606,0.9797979162733029,0.9844620507912863
3_7C_31PER_5_9C_NEWSTRUCTURE,112,0.9819429736404096,0.001633829784683408,0.9795727972754239,0.9843131500053954
3_7C_31PER_5_9C_NEWSTRUCTURE,113,0.9817561084262949,0.0016602568546713774,0.9793475946425227,0.9841646222100672
3_7C_31PER_5_9C_NEWSTRUCTURE,114,0.9815693836580761,0.0016868341437238433,0.9791223145346056,0.9840164527815466
3_7C_31PER_5_9C_NEWSTRUCTURE,115,0.9813827951038787,0.0017135544884231946,0.9788969631116783,0.983868627096079
3_7C_31PER_5_9C_NEWSTRUCTURE,116,0.9811963385318283,0.0017404107253515338,0.9786715465337469,0.9837211305299098
3_7C_31PER_5_9C_NEWSTRUCTURE,117,0.9810100097100505,0.0017673956910913698,0.9784460709608165,0.9835739484592844
3_7C_31PER_5_9C_NEWSTRUCTURE,118,0.9808238044066707,0.0017945022222246043,0.9782205425528936,0.9834270662604477
3_7C_31PER_5_9C_NEWSTRUCTURE,119,0.9806377183898145,0.0018217231553336972,0.9779949674699836,0.9832804693096453
3_7C_31PER_5_9C_NEWSTRUCTURE,120,0.9804517474276074,0.0018490513270009474,0.9777693518720922,0.9831341429831226
3_7C_31PER_5_9C_NEWSTRUCTURE,121,0.9802658872881752,0.0018764795738082972,0.9775437019192258,0.9829880726571246
3_7C_31PER_5_9C_NEWSTRUCTURE,122,0.9800801337396431,0.0019040007323382437,0.9773180237713897,0.9828422437078967
3_7C_31PER_5_9C_NEWSTRUCTURE,123,0.979894482550137,0.0019316076391728948,0.9770923235885896,0.9826966415116841
3_7C_31PER_5_9C_NEWSTRUCTURE,124,0.979708929487782,0.001959293130894425,0.9768666075308318,0.9825512514447322
3_7C_31PER_5_9C_NEWSTRUCTURE,125,0.9795234703207041,0.001987050044085334,0.9766408817581216,0.9824060588832865
3_7C_31PER_5_9C_NEWSTRUCTURE,126,0.9793381008170284,0.002014871215327654,0.9764151524304651,0.9822610492035919
3_7C_31PER_5_9C_NEWSTRUCTURE,127,0.9791528167448809,0.0020427494812036468,0.9761894257078678,0.9821162077818939
3_7C_31PER_5_9C_NEWSTRUCTURE,128,0.978967613872387,0.002070677678295466,0.975963707750336,0.9819715199944377
3_7C_31PER_5_9C_NEWSTRUCTURE,129,0.978782487967672,0.0020986486431855455,0.9757380047178752,0.9818269712174688
3_7C_31PER_5_9C_NEWSTRUCTURE,130,0.9785974347988616,0.0021266552124559377,0.9755123227704912,0.9816825468272321
3_7C_31PER_5_9C_NEWSTRUCTURE,131,0.9784124501340815,0.002154690222688988,0.9752866680681898,0.9815382321999734
3_7C_31PER_5_9C_NEWSTRUCTURE,132,0.9782275297414571,0.0021827465104669063,0.9750610467709766,0.9813940127119375
3_7C_31PER_5_9C_NEWSTRUCTURE,133,0.9780426693891139,0.002210816912371896,0.9748354650388579,0.98124987373937
3_7C_31PER_5_9C_NEWSTRUCTURE,134,0.9778578648451776,0.0022388942649862777,0.9746099290318389,0.981105800658516
3_7C_31PER_5_9C_NEWSTRUCTURE,135,0.9776731118777736,0.0022669714048921346,0.9743844449099259,0.980961778845621
3_7C_31PER_5_9C_NEWSTRUCTURE,136,0.9774884062550274,0.002295041168671822,0.9741590188331245,0.9808177936769302
3_7C_31PER_5_9C_NEWSTRUCTURE,137,0.9773037437450648,0.0023230963929074667,0.9739336569614407,0.9806738305286888
3_7C_31PER_5_9C_NEWSTRUCTURE,138,0.9771191201160111,0.0023511299141814367,0.9737083654548799,0.9805298747771422
3_7C_31PER_5_9C_NEWSTRUCTURE,139,0.9769345311359919,0.0023791345690759498,0.9734831504734481,0.9803859117985357
3_7C_31PER_5_9C_NEWSTRUCTURE,140,0.9767499725731329,0.0024071031941732004,0.9732580181771512,0.9802419269691145
3_7C_31PER_5_9C_NEWSTRUCTURE,141,0.9765654401955595,0.002435028626055441,0.9730329747259949,0.980097905665124
3_7C_31PER_5_9C_NEWSTRUCTURE,142,0.9763809297713971,0.002462903701304872,0.972808026279985,0.9799538332628094
3_7C_31PER_5_9C_NEWSTRUCTURE,143,0.9761964370687717,0.0024907212565037674,0.9725831789991272,0.9798096951384161
3_7C_31PER_5_9C_NEWSTRUCTURE,144,0.9760119578558085,0.0025184741282342944,0.9723584390434277,0.9796654766681894
3_7C_31PER_5_9C_NEWSTRUCTURE,145,0.975827487900633,0.0025461551530787745,0.9721338125728917,0.9795211632283742
3_7C_31PER_5_9C_NEWSTRUCTURE,146,0.9756430229713708,0.002573757167619329,0.9719093057475255,0.9793767401952163
3_7C_31PER_5_9C_NEWSTRUCTURE,147,0.9754585588361476,0.0026012730084383887,0.9716849247273346,0.9792321929449608
3_7C_31PER_5_9C_NEWSTRUCTURE,148,0.975274091263089,0.0026286955121180328,0.971460675672325,0.9790875068538528
3_7C_31PER_5_9C_NEWSTRUCTURE,149,0.9750896160203202,0.002656017515240531,0.9712365647425024,0.9789426672981381
3_7C_31PER_5_9C_NEWSTRUCTURE,150,0.974905128875967,0.002683231854388175,0.9710125980978725,0.9787976596540615
3_7C_31PER_5_9C_NEWSTRUCTURE,151,0.9747206280101959,0.002710331888963713,0.970788783552033,0.9786524724683587
3_7C_31PER_5_9C_NEWSTRUCTURE,152,0.974536121251337,0.0027373130696524204,0.9705651355329479,0.9785071069697262
3_7C_31PER_5_9C_NEWSTRUCTURE,153,0.9743516188397618,0.0027641713699600645,0.9703416701221731,0.9783615675573507
3_7C_31PER_5_9C_NEWSTRUCTURE,154,0.9741671310158416,0.002790902763392772,0.9701184034012642,0.9782158586304192
3_7C_31PER_5_9C_NEWSTRUCTURE,155,0.9739826680199476,0.002817503223456125,0.9698953514517772,0.9780699845881179
3_7C_31PER_5_9C_NEWSTRUCTURE,156,0.9737982400924509,0.002843968723656021,0.9696725303552677,0.9779239498296339
3_7C_31PER_5_9C_NEWSTRUCTURE,157,0.9736138574737231,0.0028702952374984356,0.9694499561932919,0.9777777587541542
3_7C_31PER_5_9C_NEWSTRUCTURE,158,0.9734295304041352,0.002896478738489093,0.9692276450474052,0.9776314157608652
3_7C_31PER_5_9C_NEWSTRUCTURE,159,0.9732452691240586,0.0029225152001338913,0.9690056129991637,0.9774849252489537
3_7C_31PER_5_9C_NEWSTRUCTURE,160,0.9730610838738646,0.0029484005959386755,0.9687838761301228,0.9773382916176063
3_7C_31PER_5_9C_NEWSTRUCTURE,161,0.9728769848939245,0.0029741308994093853,0.9685624505218389,0.9771915192660101
3_7C_31PER_5_9C_NEWSTRUCTURE,162,0.9726929824246093,0.0029997020840517785,0.9683413522558671,0.9770446125933516
3_7C_31PER_5_9C_NEWSTRUCTURE,163,0.9725090867062907,0.0030251101233715947,0.9681205974137639,0.9768975759988173
3_7C_31PER_5_9C_NEWSTRUCTURE,164,0.9723253079793396,0.003050350990874814,0.9679002020770848,0.9767504138815946
3_7C_31PER_5_9C_NEWSTRUCTURE,165,0.9721416564841274,0.003075420660067424,0.9676801823273853,0.9766031306408696
3_7C_31PER_5_9C_NEWSTRUCTURE,166,0.9719581424610256,0.0031003151044550516,0.9674605542462218,0.9764557306758295
3_7C_31PER_5_9C_NEWSTRUCTURE,167,0.9717747761504051,0.003125030297543689,0.9672413339151494,0.9763082183856607
3_7C_31PER_5_9C_NEWSTRUCTURE,168,0.9715915677926376,0.0031495622128390834,0.9670225374157247,0.9761605981695503
3_7C_31PER_5_9C_NEWSTRUCTURE,169,0.9714085276280938,0.0031739068238471565,0.966804180829503,0.9760128744266846
3_7C_31PER_5_9C_NEWSTRUCTURE,170,0.9712256658971455,0.003198060104073625,0.9665862802380403,0.9758650515562507
3_7C_31PER_5_9C_NEWSTRUCTURE,171,0.9710429928401637,0.003222018027024668,0.9663688517228921,0.9757171339574353
3_7C_31PER_5_9C_NEWSTRUCTURE,172,0.9708605186975198,0.0032457765662056567,0.9661519113656147,0.9755691260294249
3_7C_31PER_5_9C_NEWSTRUCTURE,173,0.9706782537095849,0.003269331695122855,0.9659354752477636,0.9754210321714065
3_7C_31PER_5_9C_NEWSTRUCTURE,174,0.9704962081167305,0.0032926793872819363,0.9657195594508944,0.9752728567825667
3_7C_31PER_5_9C_NEWSTRUCTURE,175,0.9703143921593279,0.003315815616188802,0.9655041800565634,0.9751246042620924
3_7C_31PER_5_9C_NEWSTRUCTURE,176,0.9701328160777482,0.0033387363553492298,0.965289353146326,0.9749762790091702
3_7C_31PER_5_9C_NEWSTRUCTURE,177,0.9699514901123626,0.0033614375782692178,0.9650750948017383,0.9748278854229869
3_7C_31PER_5_9C_NEWSTRUCTURE,178,0.9697704245035424,0.0033839152584545363,0.9648614211043558,0.9746794279027293
3_7C_31PER_5_9C_NEWSTRUCTURE,179,0.9695896294916594,0.0034061653694108817,0.9646483481357346,0.974530910847584
3_7C_31PER_5_9C_NEWSTRUCTURE,180,0.9694091153170842,0.0034281838846443114,0.9644358919774304,0.9743823386567378
3_7C_31PER_5_9C_NEWSTRUCTURE,181,0.9692288922201882,0.0034499667776605953,0.964224068710999,0.9742337157293774
3_7C_31PER_5_9C_NEWSTRUCTURE,182,0.9690489704413429,0.003471510021965623,0.964012894417996,0.9740850464646897
3_7C_31PER_5_9C_NEWSTRUCTURE,183,0.9688693602209195,0.003492809591065293,0.9638023851799775,0.9739363352618614
3_7C_31PER_5_9C_NEWSTRUCTURE,184,0.9686900717992892,0.0035138614584652606,0.9635925570784993,0.973787586520079
3_7C_31PER_5_9C_NEWSTRUCTURE,185,0.9685111154168233,0.003534661597671544,0.9633834261951172,0.9736388046385296
3_7C_31PER_5_9C_NEWSTRUCTURE,186,0.9683325013138933,0.0035552059821899952,0.9631750086113866,0.9734899940163998
3_7C_31PER_5_9C_NEWSTRUCTURE,187,0.9681542397308701,0.003575490585526428,0.9629673204088638,0.9733411590528763
3_7C_31PER_5_9C_NEWSTRUCTURE,188,0.9679763409081251,0.003595511381186647,0.9627603776691044,0.9731923041471459
3_7C_31PER_5_9C_NEWSTRUCTURE,189,0.9677988150860297,0.0036152643426765173,0.9625541964736644,0.9730434336983951
3_7C_31PER_5_9C_NEWSTRUCTURE,190,0.967621672504955,0.0036347454435019925,0.9623487929040992,0.972894552105811
3_7C_31PER_5_9C_NEWSTRUCTURE,191,0.9674449234052724,0.0036539506571689456,0.9621441830419647,0.9727456637685803
3_7C_31PER_5_9C_NEWSTRUCTURE,192,0.9672685780273533,0.0036728759571829535,0.9619403829688171,0.9725967730858895
3_7C_31PER_5_9C_NEWSTRUCTURE,193,0.9670926466115687,0.0036915173170501427,0.9617374087662119,0.9724478844569255
3_7C_31PER_5_9C_NEWSTRUCTURE,194,0.9669171393982899,0.00370987071027618,0.961535276515705,0.972299002280875
3_7C_31PER_5_9C_NEWSTRUCTURE,195,0.9667420666278885,0.003727932110367139,0.961334002298852,0.9721501309569247
3_7C_31PER_5_9C_NEWSTRUCTURE,196,0.9665674385407353,0.0037456974908287293,0.9611336021972091,0.9720012748842618
3_7C_31PER_5_9C_NEWSTRUCTURE,197,0.9663932653772019,0.003763162825166673,0.9609340922923318,0.9718524384620721
3_7C_31PER_5_9C_NEWSTRUCTURE,198,0.9662195573776595,0.003780324086886986,0.9607354886657761,0.9717036260895433
3_7C_31PER_5_9C_NEWSTRUCTURE,199,0.9660463247824794,0.0037971772494956747,0.9605378073990972,0.9715548421658615
3_7C_31PER_5_9C_NEWSTRUCTURE,200,0.9658735778320329,0.003813718286498216,0.9603410645738519,0.9714060910902139
