Model,Policy,Cycle,SOHPred
polynomial_mixed,3_6C-80PER_3_6C,1,0.9985778521754624
polynomial_mixed,3_6C-80PER_3_6C,2,0.9986201620766646
polynomial_mixed,3_6C-80PER_3_6C,3,0.9986618502713336
polynomial_mixed,3_6C-80PER_3_6C,4,0.9987029167594694
polynomial_mixed,3_6C-80PER_3_6C,5,0.9987433615410718
polynomial_mixed,3_6C-80PER_3_6C,6,0.9987831846161411
polynomial_mixed,3_6C-80PER_3_6C,7,0.9988223859846771
polynomial_mixed,3_6C-80PER_3_6C,8,0.9988609656466798
polynomial_mixed,3_6C-80PER_3_6C,9,0.9988989236021494
polynomial_mixed,3_6C-80PER_3_6C,10,0.9989362598510856
polynomial_mixed,3_6C-80PER_3_6C,11,0.9989729743934886
polynomial_mixed,3_6C-80PER_3_6C,12,0.9990090672293584
polynomial_mixed,3_6C-80PER_3_6C,13,0.9990445383586949
polynomial_mixed,3_6C-80PER_3_6C,14,0.9990793877814982
polynomial_mixed,3_6C-80PER_3_6C,15,0.9991136154977682
polynomial_mixed,3_6C-80PER_3_6C,16,0.999147221507505
polynomial_mixed,3_6C-80PER_3_6C,17,0.9991802058107085
polynomial_mixed,3_6C-80PER_3_6C,18,0.9992125684073789
polynomial_mixed,3_6C-80PER_3_6C,19,0.9992443092975158
polynomial_mixed,3_6C-80PER_3_6C,20,0.9992754284811196
polynomial_mixed,3_6C-80PER_3_6C,21,0.9993059259581902
polynomial_mixed,3_6C-80PER_3_6C,22,0.9993358017287275
polynomial_mixed,3_6C-80PER_3_6C,23,0.9993650557927316
polynomial_mixed,3_6C-80PER_3_6C,24,0.9993936881502024
polynomial_mixed,3_6C-80PER_3_6C,25,0.9994216988011398
polynomial_mixed,3_6C-80PER_3_6C,26,0.9994490877455442
polynomial_mixed,3_6C-80PER_3_6C,27,0.9994758549834152
polynomial_mixed,3_6C-80PER_3_6C,28,0.999502000514753
polynomial_mixed,3_6C-80PER_3_6C,29,0.9995275243395576
polynomial_mixed,3_6C-80PER_3_6C,30,0.9995524264578289
polynomial_mixed,3_6C-80PER_3_6C,31,0.999576706869567
polynomial_mixed,3_6C-80PER_3_6C,32,0.9996003655747717
polynomial_mixed,3_6C-80PER_3_6C,33,0.9996234025734434
polynomial_mixed,3_6C-80PER_3_6C,34,0.9996458178655817
polynomial_mixed,3_6C-80PER_3_6C,35,0.9996676114511867
polynomial_mixed,3_6C-80PER_3_6C,36,0.9996887833302586
polynomial_mixed,3_6C-80PER_3_6C,37,0.9997093335027972
polynomial_mixed,3_6C-80PER_3_6C,38,0.9997292619688024
polynomial_mixed,3_6C-80PER_3_6C,39,0.9997485687282746
polynomial_mixed,3_6C-80PER_3_6C,40,0.9997672537812134
polynomial_mixed,3_6C-80PER_3_6C,41,0.9997853171276191
polynomial_mixed,3_6C-80PER_3_6C,42,0.9998027587674913
polynomial_mixed,3_6C-80PER_3_6C,43,0.9998195787008304
polynomial_mixed,3_6C-80PER_3_6C,44,0.9998357769276364
polynomial_mixed,3_6C-80PER_3_6C,45,0.9998513534479088
polynomial_mixed,3_6C-80PER_3_6C,46,0.9998663082616482
polynomial_mixed,3_6C-80PER_3_6C,47,0.9998806413688544
polynomial_mixed,3_6C-80PER_3_6C,48,0.9998943527695273
polynomial_mixed,3_6C-80PER_3_6C,49,0.9999074424636667
polynomial_mixed,3_6C-80PER_3_6C,50,0.9999199104512732
polynomial_mixed,3_6C-80PER_3_6C,51,0.9999317567323464
polynomial_mixed,3_6C-80PER_3_6C,52,0.9999429813068861
polynomial_mixed,3_6C-80PER_3_6C,53,0.9999535841748928
polynomial_mixed,3_6C-80PER_3_6C,54,0.9999635653363662
polynomial_mixed,3_6C-80PER_3_6C,55,0.9999729247913064
polynomial_mixed,3_6C-80PER_3_6C,56,0.9999816625397131
polynomial_mixed,3_6C-80PER_3_6C,57,0.9999897785815868
polynomial_mixed,3_6C-80PER_3_6C,58,0.9999972729169272
polynomial_mixed,3_6C-80PER_3_6C,59,1.0000041455457342
polynomial_mixed,3_6C-80PER_3_6C,60,1.000010396468008
polynomial_mixed,3_6C-80PER_3_6C,61,1.000016025683749
polynomial_mixed,3_6C-80PER_3_6C,62,1.000021033192956
polynomial_mixed,3_6C-80PER_3_6C,63,1.0000254189956304
polynomial_mixed,3_6C-80PER_3_6C,64,1.0000291830917711
polynomial_mixed,3_6C-80PER_3_6C,65,1.000032325481379
polynomial_mixed,3_6C-80PER_3_6C,66,1.0000348461644533
polynomial_mixed,3_6C-80PER_3_6C,67,1.0000367451409944
polynomial_mixed,3_6C-80PER_3_6C,68,1.0000380224110024
polynomial_mixed,3_6C-80PER_3_6C,69,1.0000386779744768
polynomial_mixed,3_6C-80PER_3_6C,70,1.0000387118314182
polynomial_mixed,3_6C-80PER_3_6C,71,1.0000381239818266
polynomial_mixed,3_6C-80PER_3_6C,72,1.0000369144257015
polynomial_mixed,3_6C-80PER_3_6C,73,1.0000350831630431
polynomial_mixed,3_6C-80PER_3_6C,74,1.0000326301938516
polynomial_mixed,3_6C-80PER_3_6C,75,1.0000295555181267
polynomial_mixed,3_6C-80PER_3_6C,76,1.0000258591358686
polynomial_mixed,3_6C-80PER_3_6C,77,1.0000215410470772
polynomial_mixed,3_6C-80PER_3_6C,78,1.0000166012517528
polynomial_mixed,3_6C-80PER_3_6C,79,1.000011039749895
polynomial_mixed,3_6C-80PER_3_6C,80,1.0000048565415038
polynomial_mixed,3_6C-80PER_3_6C,81,0.9999980516265795
polynomial_mixed,3_6C-80PER_3_6C,82,0.999990625005122
polynomial_mixed,3_6C-80PER_3_6C,83,0.9999825766771311
polynomial_mixed,3_6C-80PER_3_6C,84,0.9999739066426071
polynomial_mixed,3_6C-80PER_3_6C,85,0.9999646149015499
polynomial_mixed,3_6C-80PER_3_6C,86,0.9999547014539594
polynomial_mixed,3_6C-80PER_3_6C,87,0.9999441662998354
polynomial_mixed,3_6C-80PER_3_6C,88,0.9999330094391784
polynomial_mixed,3_6C-80PER_3_6C,89,0.9999212308719881
polynomial_mixed,3_6C-80PER_3_6C,90,0.9999088305982645
polynomial_mixed,3_6C-80PER_3_6C,91,0.9998958086180078
polynomial_mixed,3_6C-80PER_3_6C,92,0.9998821649312177
polynomial_mixed,3_6C-80PER_3_6C,93,0.9998678995378943
polynomial_mixed,3_6C-80PER_3_6C,94,0.9998530124380378
polynomial_mixed,3_6C-80PER_3_6C,95,0.9998375036316481
polynomial_mixed,3_6C-80PER_3_6C,96,0.9998213731187252
polynomial_mixed,3_6C-80PER_3_6C,97,0.9998046208992687
polynomial_mixed,3_6C-80PER_3_6C,98,0.9997872469732793
polynomial_mixed,3_6C-80PER_3_6C,99,0.9997692513407566
polynomial_mixed,3_6C-80PER_3_6C,100,0.9997506340017004
polynomial_mixed,3_6C-80PER_3_6C,101,0.9997313949561112
polynomial_mixed,3_6C-80PER_3_6C,102,0.9997115342039887
polynomial_mixed,3_6C-80PER_3_6C,103,0.999691051745333
polynomial_mixed,3_6C-80PER_3_6C,104,0.9996699475801439
polynomial_mixed,3_6C-80PER_3_6C,105,0.9996482217084217
polynomial_mixed,3_6C-80PER_3_6C,106,0.9996258741301662
polynomial_mixed,3_6C-80PER_3_6C,107,0.9996029048453774
polynomial_mixed,3_6C-80PER_3_6C,108,0.9995793138540554
polynomial_mixed,3_6C-80PER_3_6C,109,0.9995551011562003
polynomial_mixed,3_6C-80PER_3_6C,110,0.9995302667518118
polynomial_mixed,3_6C-80PER_3_6C,111,0.9995048106408899
polynomial_mixed,3_6C-80PER_3_6C,112,0.999478732823435
polynomial_mixed,3_6C-80PER_3_6C,113,0.9994520332994468
polynomial_mixed,3_6C-80PER_3_6C,114,0.9994247120689251
polynomial_mixed,3_6C-80PER_3_6C,115,0.9993967691318705
polynomial_mixed,3_6C-80PER_3_6C,116,0.9993682044882826
polynomial_mixed,3_6C-80PER_3_6C,117,0.9993390181381612
polynomial_mixed,3_6C-80PER_3_6C,118,0.9993092100815067
polynomial_mixed,3_6C-80PER_3_6C,119,0.9992787803183191
polynomial_mixed,3_6C-80PER_3_6C,120,0.9992477288485982
polynomial_mixed,3_6C-80PER_3_6C,121,0.9992160556723438
polynomial_mixed,3_6C-80PER_3_6C,122,0.9991837607895564
polynomial_mixed,3_6C-80PER_3_6C,123,0.9991508442002358
polynomial_mixed,3_6C-80PER_3_6C,124,0.9991173059043816
polynomial_mixed,3_6C-80PER_3_6C,125,0.9990831459019945
polynomial_mixed,3_6C-80PER_3_6C,126,0.9990483641930742
polynomial_mixed,3_6C-80PER_3_6C,127,0.9990129607776205
polynomial_mixed,3_6C-80PER_3_6C,128,0.9989769356556334
polynomial_mixed,3_6C-80PER_3_6C,129,0.9989402888271133
polynomial_mixed,3_6C-80PER_3_6C,130,0.9989030202920599
polynomial_mixed,3_6C-80PER_3_6C,131,0.9988651300504731
polynomial_mixed,3_6C-80PER_3_6C,132,0.9988266181023532
polynomial_mixed,3_6C-80PER_3_6C,133,0.9987874844477
polynomial_mixed,3_6C-80PER_3_6C,134,0.9987477290865137
polynomial_mixed,3_6C-80PER_3_6C,135,0.9987073520187938
polynomial_mixed,3_6C-80PER_3_6C,136,0.9986663532445409
polynomial_mixed,3_6C-80PER_3_6C,137,0.9986247327637549
polynomial_mixed,3_6C-80PER_3_6C,138,0.9985824905764352
polynomial_mixed,3_6C-80PER_3_6C,139,0.9985396266825827
polynomial_mixed,3_6C-80PER_3_6C,140,0.9984961410821968
polynomial_mixed,3_6C-80PER_3_6C,141,0.9984520337752777
polynomial_mixed,3_6C-80PER_3_6C,142,0.9984073047618252
polynomial_mixed,3_6C-80PER_3_6C,143,0.9983619540418395
polynomial_mixed,3_6C-80PER_3_6C,144,0.9983159816153206
polynomial_mixed,3_6C-80PER_3_6C,145,0.9982693874822683
polynomial_mixed,3_6C-80PER_3_6C,146,0.998222171642683
polynomial_mixed,3_6C-80PER_3_6C,147,0.9981743340965644
polynomial_mixed,3_6C-80PER_3_6C,148,0.9981258748439124
polynomial_mixed,3_6C-80PER_3_6C,149,0.9980767938847273
polynomial_mixed,3_6C-80PER_3_6C,150,0.9980270912190089
polynomial_mixed,3_6C-80PER_3_6C,151,0.9979767668467573
polynomial_mixed,3_6C-80PER_3_6C,152,0.9979258207679723
polynomial_mixed,3_6C-80PER_3_6C,153,0.9978742529826542
polynomial_mixed,3_6C-80PER_3_6C,154,0.9978220634908029
polynomial_mixed,3_6C-80PER_3_6C,155,0.9977692522924181
polynomial_mixed,3_6C-80PER_3_6C,156,0.9977158193875003
polynomial_mixed,3_6C-80PER_3_6C,157,0.9976617647760492
polynomial_mixed,3_6C-80PER_3_6C,158,0.9976070884580649
polynomial_mixed,3_6C-80PER_3_6C,159,0.9975517904335471
polynomial_mixed,3_6C-80PER_3_6C,160,0.9974958707024963
polynomial_mixed,3_6C-80PER_3_6C,161,0.9974393292649123
polynomial_mixed,3_6C-80PER_3_6C,162,0.9973821661207948
polynomial_mixed,3_6C-80PER_3_6C,163,0.9973243812701442
polynomial_mixed,3_6C-80PER_3_6C,164,0.9972659747129604
polynomial_mixed,3_6C-80PER_3_6C,165,0.9972069464492433
polynomial_mixed,3_6C-80PER_3_6C,166,0.9971472964789928
polynomial_mixed,3_6C-80PER_3_6C,167,0.9970870248022092
polynomial_mixed,3_6C-80PER_3_6C,168,0.9970261314188925
polynomial_mixed,3_6C-80PER_3_6C,169,0.9969646163290422
polynomial_mixed,3_6C-80PER_3_6C,170,0.996902479532659
polynomial_mixed,3_6C-80PER_3_6C,171,0.9968397210297424
polynomial_mixed,3_6C-80PER_3_6C,172,0.9967763408202924
polynomial_mixed,3_6C-80PER_3_6C,173,0.9967123389043094
polynomial_mixed,3_6C-80PER_3_6C,174,0.9966477152817931
polynomial_mixed,3_6C-80PER_3_6C,175,0.9965824699527436
polynomial_mixed,3_6C-80PER_3_6C,176,0.9965166029171606
polynomial_mixed,3_6C-80PER_3_6C,177,0.9964501141750446
polynomial_mixed,3_6C-80PER_3_6C,178,0.9963830037263953
polynomial_mixed,3_6C-80PER_3_6C,179,0.9963152715712126
polynomial_mixed,3_6C-80PER_3_6C,180,0.9962469177094968
polynomial_mixed,3_6C-80PER_3_6C,181,0.9961779421412478
polynomial_mixed,3_6C-80PER_3_6C,182,0.9961083448664656
polynomial_mixed,3_6C-80PER_3_6C,183,0.9960381258851498
polynomial_mixed,3_6C-80PER_3_6C,184,0.995967285197301
polynomial_mixed,3_6C-80PER_3_6C,185,0.9958958228029191
polynomial_mixed,3_6C-80PER_3_6C,186,0.9958237387020036
polynomial_mixed,3_6C-80PER_3_6C,187,0.9957510328945551
polynomial_mixed,3_6C-80PER_3_6C,188,0.9956777053805734
polynomial_mixed,3_6C-80PER_3_6C,189,0.9956037561600584
polynomial_mixed,3_6C-80PER_3_6C,190,0.9955291852330099
polynomial_mixed,3_6C-80PER_3_6C,191,0.9954539925994285
polynomial_mixed,3_6C-80PER_3_6C,192,0.9953781782593137
polynomial_mixed,3_6C-80PER_3_6C,193,0.9953017422126655
polynomial_mixed,3_6C-80PER_3_6C,194,0.9952246844594843
polynomial_mixed,3_6C-80PER_3_6C,195,0.9951470049997698
polynomial_mixed,3_6C-80PER_3_6C,196,0.9950687038335221
polynomial_mixed,3_6C-80PER_3_6C,197,0.9949897809607409
polynomial_mixed,3_6C-80PER_3_6C,198,0.9949102363814267
polynomial_mixed,3_6C-80PER_3_6C,199,0.9948300700955792
polynomial_mixed,3_6C-80PER_3_6C,200,0.9947492821031982
polynomial_mixed,80PER_3_6C,1,0.9988493154511036
polynomial_mixed,80PER_3_6C,2,0.9988260093772255
polynomial_mixed,80PER_3_6C,3,0.9988022175979419
polynomial_mixed,80PER_3_6C,4,0.9987779401132523
polynomial_mixed,80PER_3_6C,5,0.9987531769231571
polynomial_mixed,80PER_3_6C,6,0.9987279280276561
polynomial_mixed,80PER_3_6C,7,0.9987021934267494
polynomial_mixed,80PER_3_6C,8,0.9986759731204369
polynomial_mixed,80PER_3_6C,9,0.9986492671087186
polynomial_mixed,80PER_3_6C,10,0.9986220753915945
polynomial_mixed,80PER_3_6C,11,0.9985943979690646
polynomial_mixed,80PER_3_6C,12,0.998566234841129
polynomial_mixed,80PER_3_6C,13,0.9985375860077877
polynomial_mixed,80PER_3_6C,14,0.9985084514690407
polynomial_mixed,80PER_3_6C,15,0.9984788312248878
polynomial_mixed,80PER_3_6C,16,0.9984487252753291
polynomial_mixed,80PER_3_6C,17,0.9984181336203647
polynomial_mixed,80PER_3_6C,18,0.9983870562599945
polynomial_mixed,80PER_3_6C,19,0.9983554931942186
polynomial_mixed,80PER_3_6C,20,0.9983234444230369
polynomial_mixed,80PER_3_6C,21,0.9982909099464494
polynomial_mixed,80PER_3_6C,22,0.9982578897644563
polynomial_mixed,80PER_3_6C,23,0.9982243838770573
polynomial_mixed,80PER_3_6C,24,0.9981903922842524
polynomial_mixed,80PER_3_6C,25,0.998155914986042
polynomial_mixed,80PER_3_6C,26,0.9981209519824257
polynomial_mixed,80PER_3_6C,27,0.9980855032734036
polynomial_mixed,80PER_3_6C,28,0.9980495688589759
polynomial_mixed,80PER_3_6C,29,0.9980131487391424
polynomial_mixed,80PER_3_6C,30,0.997976242913903
polynomial_mixed,80PER_3_6C,31,0.9979388513832578
polynomial_mixed,80PER_3_6C,32,0.997900974147207
polynomial_mixed,80PER_3_6C,33,0.9978626112057504
polynomial_mixed,80PER_3_6C,34,0.997823762558888
polynomial_mixed,80PER_3_6C,35,0.9977844282066198
polynomial_mixed,80PER_3_6C,36,0.9977446081489459
polynomial_mixed,80PER_3_6C,37,0.9977043023858662
polynomial_mixed,80PER_3_6C,38,0.9976635109173808
polynomial_mixed,80PER_3_6C,39,0.9976222337434896
polynomial_mixed,80PER_3_6C,40,0.9975804708641927
polynomial_mixed,80PER_3_6C,41,0.99753822227949
polynomial_mixed,80PER_3_6C,42,0.9974954879893815
polynomial_mixed,80PER_3_6C,43,0.9974522679938672
polynomial_mixed,80PER_3_6C,44,0.997408562292947
polynomial_mixed,80PER_3_6C,45,0.9973643708866213
polynomial_mixed,80PER_3_6C,46,0.9973196937748897
polynomial_mixed,80PER_3_6C,47,0.9972745309577524
polynomial_mixed,80PER_3_6C,48,0.9972288824352094
polynomial_mixed,80PER_3_6C,49,0.9971827482072606
polynomial_mixed,80PER_3_6C,50,0.997136128273906
polynomial_mixed,80PER_3_6C,51,0.9970890226351455
polynomial_mixed,80PER_3_6C,52,0.9970414312909794
polynomial_mixed,80PER_3_6C,53,0.9969933542414076
polynomial_mixed,80PER_3_6C,54,0.9969447914864299
polynomial_mixed,80PER_3_6C,55,0.9968957430260464
polynomial_mixed,80PER_3_6C,56,0.9968462088602573
polynomial_mixed,80PER_3_6C,57,0.9967961889890623
polynomial_mixed,80PER_3_6C,58,0.9967456834124615
polynomial_mixed,80PER_3_6C,59,0.996694692130455
polynomial_mixed,80PER_3_6C,60,0.9966432151430429
polynomial_mixed,80PER_3_6C,61,0.9965912524502248
polynomial_mixed,80PER_3_6C,62,0.9965388040520011
polynomial_mixed,80PER_3_6C,63,0.9964858699483715
polynomial_mixed,80PER_3_6C,64,0.9964324501393361
polynomial_mixed,80PER_3_6C,65,0.9963785446248952
polynomial_mixed,80PER_3_6C,66,0.9963241534050483
polynomial_mixed,80PER_3_6C,67,0.9962692764797957
polynomial_mixed,80PER_3_6C,68,0.9962139138491374
polynomial_mixed,80PER_3_6C,69,0.9961580655130733
polynomial_mixed,80PER_3_6C,70,0.9961017314716034
polynomial_mixed,80PER_3_6C,71,0.9960449117247276
polynomial_mixed,80PER_3_6C,72,0.9959876062724463
polynomial_mixed,80PER_3_6C,73,0.9959298151147591
polynomial_mixed,80PER_3_6C,74,0.9958715382516662
polynomial_mixed,80PER_3_6C,75,0.9958127756831675
polynomial_mixed,80PER_3_6C,76,0.995753527409263
polynomial_mixed,80PER_3_6C,77,0.9956937934299529
polynomial_mixed,80PER_3_6C,78,0.9956335737452368
polynomial_mixed,80PER_3_6C,79,0.995572868355115
polynomial_mixed,80PER_3_6C,80,0.9955116772595876
polynomial_mixed,80PER_3_6C,81,0.9954500004586543
polynomial_mixed,80PER_3_6C,82,0.9953878379523152
polynomial_mixed,80PER_3_6C,83,0.9953251897405705
polynomial_mixed,80PER_3_6C,84,0.9952620558234198
polynomial_mixed,80PER_3_6C,85,0.9951984362008635
polynomial_mixed,80PER_3_6C,86,0.9951343308729014
polynomial_mixed,80PER_3_6C,87,0.9950697398395335
polynomial_mixed,80PER_3_6C,88,0.9950046631007599
polynomial_mixed,80PER_3_6C,89,0.9949391006565805
polynomial_mixed,80PER_3_6C,90,0.9948730525069954
polynomial_mixed,80PER_3_6C,91,0.9948065186520043
polynomial_mixed,80PER_3_6C,92,0.9947394990916076
polynomial_mixed,80PER_3_6C,93,0.9946719938258053
polynomial_mixed,80PER_3_6C,94,0.994604002854597
polynomial_mixed,80PER_3_6C,95,0.9945355261779831
polynomial_mixed,80PER_3_6C,96,0.9944665637959633
polynomial_mixed,80PER_3_6C,97,0.9943971157085378
polynomial_mixed,80PER_3_6C,98,0.9943271819157066
polynomial_mixed,80PER_3_6C,99,0.9942567624174695
polynomial_mixed,80PER_3_6C,100,0.9941858572138267
polynomial_mixed,80PER_3_6C,101,0.9941144663047782
polynomial_mixed,80PER_3_6C,102,0.9940425896903239
polynomial_mixed,80PER_3_6C,103,0.9939702273704638
polynomial_mixed,80PER_3_6C,104,0.993897379345198
polynomial_mixed,80PER_3_6C,105,0.9938240456145263
polynomial_mixed,80PER_3_6C,106,0.9937502261784489
polynomial_mixed,80PER_3_6C,107,0.9936759210369658
polynomial_mixed,80PER_3_6C,108,0.9936011301900769
polynomial_mixed,80PER_3_6C,109,0.9935258536377822
polynomial_mixed,80PER_3_6C,110,0.9934500913800818
polynomial_mixed,80PER_3_6C,111,0.9933738434169755
polynomial_mixed,80PER_3_6C,112,0.9932971097484635
polynomial_mixed,80PER_3_6C,113,0.9932198903745458
polynomial_mixed,80PER_3_6C,114,0.9931421852952224
polynomial_mixed,80PER_3_6C,115,0.9930639945104932
polynomial_mixed,80PER_3_6C,116,0.9929853180203582
polynomial_mixed,80PER_3_6C,117,0.9929061558248174
polynomial_mixed,80PER_3_6C,118,0.9928265079238707
polynomial_mixed,80PER_3_6C,119,0.9927463743175184
polynomial_mixed,80PER_3_6C,120,0.9926657550057604
polynomial_mixed,80PER_3_6C,121,0.9925846499885966
polynomial_mixed,80PER_3_6C,122,0.992503059266027
polynomial_mixed,80PER_3_6C,123,0.9924209828380517
polynomial_mixed,80PER_3_6C,124,0.9923384207046706
polynomial_mixed,80PER_3_6C,125,0.9922553728658836
polynomial_mixed,80PER_3_6C,126,0.992171839321691
polynomial_mixed,80PER_3_6C,127,0.9920878200720925
polynomial_mixed,80PER_3_6C,128,0.9920033151170884
polynomial_mixed,80PER_3_6C,129,0.9919183244566784
polynomial_mixed,80PER_3_6C,130,0.9918328480908627
polynomial_mixed,80PER_3_6C,131,0.9917468860196412
polynomial_mixed,80PER_3_6C,132,0.991660438243014
polynomial_mixed,80PER_3_6C,133,0.9915735047609809
polynomial_mixed,80PER_3_6C,134,0.9914860855735422
polynomial_mixed,80PER_3_6C,135,0.9913981806806977
polynomial_mixed,80PER_3_6C,136,0.9913097900824475
polynomial_mixed,80PER_3_6C,137,0.9912209137787914
polynomial_mixed,80PER_3_6C,138,0.9911315517697294
polynomial_mixed,80PER_3_6C,139,0.9910417040552619
polynomial_mixed,80PER_3_6C,140,0.9909513706353886
polynomial_mixed,80PER_3_6C,141,0.9908605515101095
polynomial_mixed,80PER_3_6C,142,0.9907692466794247
polynomial_mixed,80PER_3_6C,143,0.990677456143334
polynomial_mixed,80PER_3_6C,144,0.9905851799018376
polynomial_mixed,80PER_3_6C,145,0.9904924179549354
polynomial_mixed,80PER_3_6C,146,0.9903991703026275
polynomial_mixed,80PER_3_6C,147,0.9903054369449138
polynomial_mixed,80PER_3_6C,148,0.9902112178817943
polynomial_mixed,80PER_3_6C,149,0.9901165131132691
polynomial_mixed,80PER_3_6C,150,0.9900213226393382
polynomial_mixed,80PER_3_6C,151,0.9899256464600015
polynomial_mixed,80PER_3_6C,152,0.9898294845752589
polynomial_mixed,80PER_3_6C,153,0.9897328369851106
polynomial_mixed,80PER_3_6C,154,0.9896357036895566
polynomial_mixed,80PER_3_6C,155,0.9895380846885967
polynomial_mixed,80PER_3_6C,156,0.9894399799822312
polynomial_mixed,80PER_3_6C,157,0.9893413895704599
polynomial_mixed,80PER_3_6C,158,0.9892423134532827
polynomial_mixed,80PER_3_6C,159,0.9891427516306999
polynomial_mixed,80PER_3_6C,160,0.9890427041027112
polynomial_mixed,80PER_3_6C,161,0.9889421708693169
polynomial_mixed,80PER_3_6C,162,0.9888411519305167
polynomial_mixed,80PER_3_6C,163,0.9887396472863108
polynomial_mixed,80PER_3_6C,164,0.9886376569366991
polynomial_mixed,80PER_3_6C,165,0.9885351808816817
polynomial_mixed,80PER_3_6C,166,0.9884322191212584
polynomial_mixed,80PER_3_6C,167,0.9883287716554295
polynomial_mixed,80PER_3_6C,168,0.9882248384841948
polynomial_mixed,80PER_3_6C,169,0.9881204196075544
polynomial_mixed,80PER_3_6C,170,0.9880155150255081
polynomial_mixed,80PER_3_6C,171,0.9879101247380561
polynomial_mixed,80PER_3_6C,172,0.9878042487451982
polynomial_mixed,80PER_3_6C,173,0.9876978870469346
polynomial_mixed,80PER_3_6C,174,0.9875910396432653
polynomial_mixed,80PER_3_6C,175,0.9874837065341903
polynomial_mixed,80PER_3_6C,176,0.9873758877197094
polynomial_mixed,80PER_3_6C,177,0.9872675831998229
polynomial_mixed,80PER_3_6C,178,0.9871587929745304
polynomial_mixed,80PER_3_6C,179,0.9870495170438323
polynomial_mixed,80PER_3_6C,180,0.9869397554077284
polynomial_mixed,80PER_3_6C,181,0.9868295080662187
polynomial_mixed,80PER_3_6C,182,0.9867187750193034
polynomial_mixed,80PER_3_6C,183,0.9866075562669822
polynomial_mixed,80PER_3_6C,184,0.9864958518092553
polynomial_mixed,80PER_3_6C,185,0.9863836616461225
polynomial_mixed,80PER_3_6C,186,0.986270985777584
polynomial_mixed,80PER_3_6C,187,0.9861578242036397
polynomial_mixed,80PER_3_6C,188,0.9860441769242897
polynomial_mixed,80PER_3_6C,189,0.985930043939534
polynomial_mixed,80PER_3_6C,190,0.9858154252493725
polynomial_mixed,80PER_3_6C,191,0.9857003208538052
polynomial_mixed,80PER_3_6C,192,0.985584730752832
polynomial_mixed,80PER_3_6C,193,0.9854686549464532
polynomial_mixed,80PER_3_6C,194,0.9853520934346687
polynomial_mixed,80PER_3_6C,195,0.9852350462174783
polynomial_mixed,80PER_3_6C,196,0.9851175132948822
polynomial_mixed,80PER_3_6C,197,0.9849994946668803
polynomial_mixed,80PER_3_6C,198,0.9848809903334728
polynomial_mixed,80PER_3_6C,199,0.9847620002946592
polynomial_mixed,80PER_3_6C,200,0.9846425245504401
polynomial_mixed,4_8C_80PER_4_8C,1,0.9983483628122474
polynomial_mixed,4_8C_80PER_4_8C,2,0.9983860865513154
polynomial_mixed,4_8C_80PER_4_8C,3,0.9984226603138292
polynomial_mixed,4_8C_80PER_4_8C,4,0.9984580840997884
polynomial_mixed,4_8C_80PER_4_8C,5,0.9984923579091931
polynomial_mixed,4_8C_80PER_4_8C,6,0.9985254817420433
polynomial_mixed,4_8C_80PER_4_8C,7,0.9985574555983389
polynomial_mixed,4_8C_80PER_4_8C,8,0.9985882794780799
polynomial_mixed,4_8C_80PER_4_8C,9,0.9986179533812666
polynomial_mixed,4_8C_80PER_4_8C,10,0.9986464773078986
polynomial_mixed,4_8C_80PER_4_8C,11,0.9986738512579763
polynomial_mixed,4_8C_80PER_4_8C,12,0.9987000752314993
polynomial_mixed,4_8C_80PER_4_8C,13,0.9987251492284678
polynomial_mixed,4_8C_80PER_4_8C,14,0.9987490732488817
polynomial_mixed,4_8C_80PER_4_8C,15,0.9987718472927413
polynomial_mixed,4_8C_80PER_4_8C,16,0.9987934713600461
polynomial_mixed,4_8C_80PER_4_8C,17,0.9988139454507967
polynomial_mixed,4_8C_80PER_4_8C,18,0.9988332695649925
polynomial_mixed,4_8C_80PER_4_8C,19,0.998851443702634
polynomial_mixed,4_8C_80PER_4_8C,20,0.9988684678637209
polynomial_mixed,4_8C_80PER_4_8C,21,0.9988843420482532
polynomial_mixed,4_8C_80PER_4_8C,22,0.998899066256231
polynomial_mixed,4_8C_80PER_4_8C,23,0.9989126404876545
polynomial_mixed,4_8C_80PER_4_8C,24,0.9989250647425232
polynomial_mixed,4_8C_80PER_4_8C,25,0.9989363390208376
polynomial_mixed,4_8C_80PER_4_8C,26,0.9989464633225973
polynomial_mixed,4_8C_80PER_4_8C,27,0.9989554376478025
polynomial_mixed,4_8C_80PER_4_8C,28,0.9989632619964532
polynomial_mixed,4_8C_80PER_4_8C,29,0.9989699363685495
polynomial_mixed,4_8C_80PER_4_8C,30,0.9989754607640912
polynomial_mixed,4_8C_80PER_4_8C,31,0.9989798351830783
polynomial_mixed,4_8C_80PER_4_8C,32,0.9989830596255109
polynomial_mixed,4_8C_80PER_4_8C,33,0.9989851340913891
polynomial_mixed,4_8C_80PER_4_8C,34,0.9989860585807128
polynomial_mixed,4_8C_80PER_4_8C,35,0.9989858330934818
polynomial_mixed,4_8C_80PER_4_8C,36,0.9989844576296965
polynomial_mixed,4_8C_80PER_4_8C,37,0.9989819321893565
polynomial_mixed,4_8C_80PER_4_8C,38,0.998978256772462
polynomial_mixed,4_8C_80PER_4_8C,39,0.9989734313790131
polynomial_mixed,4_8C_80PER_4_8C,40,0.9989674560090095
polynomial_mixed,4_8C_80PER_4_8C,41,0.9989603306624515
polynomial_mixed,4_8C_80PER_4_8C,42,0.9989520553393391
polynomial_mixed,4_8C_80PER_4_8C,43,0.9989426300396719
polynomial_mixed,4_8C_80PER_4_8C,44,0.9989320547634505
polynomial_mixed,4_8C_80PER_4_8C,45,0.9989203295106743
polynomial_mixed,4_8C_80PER_4_8C,46,0.9989074542813436
polynomial_mixed,4_8C_80PER_4_8C,47,0.9988934290754584
polynomial_mixed,4_8C_80PER_4_8C,48,0.998878253893019
polynomial_mixed,4_8C_80PER_4_8C,49,0.9988619287340247
polynomial_mixed,4_8C_80PER_4_8C,50,0.998844453598476
polynomial_mixed,4_8C_80PER_4_8C,51,0.9988258284863729
polynomial_mixed,4_8C_80PER_4_8C,52,0.9988060533977151
polynomial_mixed,4_8C_80PER_4_8C,53,0.9987851283325028
polynomial_mixed,4_8C_80PER_4_8C,54,0.9987630532907362
polynomial_mixed,4_8C_80PER_4_8C,55,0.9987398282724148
polynomial_mixed,4_8C_80PER_4_8C,56,0.998715453277539
polynomial_mixed,4_8C_80PER_4_8C,57,0.9986899283061088
polynomial_mixed,4_8C_80PER_4_8C,58,0.9986632533581239
polynomial_mixed,4_8C_80PER_4_8C,59,0.9986354284335844
polynomial_mixed,4_8C_80PER_4_8C,60,0.9986064535324908
polynomial_mixed,4_8C_80PER_4_8C,61,0.9985763286548422
polynomial_mixed,4_8C_80PER_4_8C,62,0.9985450538006393
polynomial_mixed,4_8C_80PER_4_8C,63,0.998512628969882
polynomial_mixed,4_8C_80PER_4_8C,64,0.99847905416257
polynomial_mixed,4_8C_80PER_4_8C,65,0.9984443293787034
polynomial_mixed,4_8C_80PER_4_8C,66,0.9984084546182826
polynomial_mixed,4_8C_80PER_4_8C,67,0.998371429881307
polynomial_mixed,4_8C_80PER_4_8C,68,0.9983332551677769
polynomial_mixed,4_8C_80PER_4_8C,69,0.9982939304776923
polynomial_mixed,4_8C_80PER_4_8C,70,0.9982534558110534
polynomial_mixed,4_8C_80PER_4_8C,71,0.9982118311678597
polynomial_mixed,4_8C_80PER_4_8C,72,0.9981690565481115
polynomial_mixed,4_8C_80PER_4_8C,73,0.9981251319518091
polynomial_mixed,4_8C_80PER_4_8C,74,0.9980800573789519
polynomial_mixed,4_8C_80PER_4_8C,75,0.9980338328295402
polynomial_mixed,4_8C_80PER_4_8C,76,0.9979864583035741
polynomial_mixed,4_8C_80PER_4_8C,77,0.9979379338010533
polynomial_mixed,4_8C_80PER_4_8C,78,0.997888259321978
polynomial_mixed,4_8C_80PER_4_8C,79,0.9978374348663485
polynomial_mixed,4_8C_80PER_4_8C,80,0.9977854604341642
polynomial_mixed,4_8C_80PER_4_8C,81,0.9977323360254253
polynomial_mixed,4_8C_80PER_4_8C,82,0.9976780616401322
polynomial_mixed,4_8C_80PER_4_8C,83,0.9976226372782843
polynomial_mixed,4_8C_80PER_4_8C,84,0.9975660629398818
polynomial_mixed,4_8C_80PER_4_8C,85,0.9975083386249252
polynomial_mixed,4_8C_80PER_4_8C,86,0.9974494643334137
polynomial_mixed,4_8C_80PER_4_8C,87,0.9973894400653478
polynomial_mixed,4_8C_80PER_4_8C,88,0.9973282658207275
polynomial_mixed,4_8C_80PER_4_8C,89,0.9972659415995525
polynomial_mixed,4_8C_80PER_4_8C,90,0.997202467401823
polynomial_mixed,4_8C_80PER_4_8C,91,0.997137843227539
polynomial_mixed,4_8C_80PER_4_8C,92,0.9970720690767005
polynomial_mixed,4_8C_80PER_4_8C,93,0.9970051449493075
polynomial_mixed,4_8C_80PER_4_8C,94,0.9969370708453599
polynomial_mixed,4_8C_80PER_4_8C,95,0.9968678467648581
polynomial_mixed,4_8C_80PER_4_8C,96,0.9967974727078014
polynomial_mixed,4_8C_80PER_4_8C,97,0.9967259486741903
polynomial_mixed,4_8C_80PER_4_8C,98,0.9966532746640248
polynomial_mixed,4_8C_80PER_4_8C,99,0.9965794506773046
polynomial_mixed,4_8C_80PER_4_8C,100,0.9965044767140299
polynomial_mixed,4_8C_80PER_4_8C,101,0.9964283527742009
polynomial_mixed,4_8C_80PER_4_8C,102,0.9963510788578172
polynomial_mixed,4_8C_80PER_4_8C,103,0.9962726549648789
polynomial_mixed,4_8C_80PER_4_8C,104,0.9961930810953863
polynomial_mixed,4_8C_80PER_4_8C,105,0.996112357249339
polynomial_mixed,4_8C_80PER_4_8C,106,0.9960304834267372
polynomial_mixed,4_8C_80PER_4_8C,107,0.995947459627581
polynomial_mixed,4_8C_80PER_4_8C,108,0.9958632858518702
polynomial_mixed,4_8C_80PER_4_8C,109,0.9957779620996048
polynomial_mixed,4_8C_80PER_4_8C,110,0.9956914883707851
polynomial_mixed,4_8C_80PER_4_8C,111,0.9956038646654107
polynomial_mixed,4_8C_80PER_4_8C,112,0.9955150909834818
polynomial_mixed,4_8C_80PER_4_8C,113,0.9954251673249983
polynomial_mixed,4_8C_80PER_4_8C,114,0.9953340936899606
polynomial_mixed,4_8C_80PER_4_8C,115,0.9952418700783681
polynomial_mixed,4_8C_80PER_4_8C,116,0.9951484964902211
polynomial_mixed,4_8C_80PER_4_8C,117,0.9950539729255198
polynomial_mixed,4_8C_80PER_4_8C,118,0.9949582993842637
polynomial_mixed,4_8C_80PER_4_8C,119,0.9948614758664531
polynomial_mixed,4_8C_80PER_4_8C,120,0.9947635023720883
polynomial_mixed,4_8C_80PER_4_8C,121,0.9946643789011687
polynomial_mixed,4_8C_80PER_4_8C,122,0.9945641054536946
polynomial_mixed,4_8C_80PER_4_8C,123,0.9944626820296661
polynomial_mixed,4_8C_80PER_4_8C,124,0.994360108629083
polynomial_mixed,4_8C_80PER_4_8C,125,0.9942563852519453
polynomial_mixed,4_8C_80PER_4_8C,126,0.9941515118982532
polynomial_mixed,4_8C_80PER_4_8C,127,0.9940454885680066
polynomial_mixed,4_8C_80PER_4_8C,128,0.9939383152612054
polynomial_mixed,4_8C_80PER_4_8C,129,0.9938299919778498
polynomial_mixed,4_8C_80PER_4_8C,130,0.9937205187179395
polynomial_mixed,4_8C_80PER_4_8C,131,0.9936098954814747
polynomial_mixed,4_8C_80PER_4_8C,132,0.9934981222684556
polynomial_mixed,4_8C_80PER_4_8C,133,0.9933851990788818
polynomial_mixed,4_8C_80PER_4_8C,134,0.9932711259127535
polynomial_mixed,4_8C_80PER_4_8C,135,0.9931559027700707
polynomial_mixed,4_8C_80PER_4_8C,136,0.9930395296508333
polynomial_mixed,4_8C_80PER_4_8C,137,0.9929220065550415
polynomial_mixed,4_8C_80PER_4_8C,138,0.992803333482695
polynomial_mixed,4_8C_80PER_4_8C,139,0.9926835104337943
polynomial_mixed,4_8C_80PER_4_8C,140,0.9925625374083388
polynomial_mixed,4_8C_80PER_4_8C,141,0.9924404144063288
polynomial_mixed,4_8C_80PER_4_8C,142,0.9923171414277645
polynomial_mixed,4_8C_80PER_4_8C,143,0.9921927184726456
polynomial_mixed,4_8C_80PER_4_8C,144,0.992067145540972
polynomial_mixed,4_8C_80PER_4_8C,145,0.9919404226327442
polynomial_mixed,4_8C_80PER_4_8C,146,0.9918125497479615
polynomial_mixed,4_8C_80PER_4_8C,147,0.9916835268866244
polynomial_mixed,4_8C_80PER_4_8C,148,0.991553354048733
polynomial_mixed,4_8C_80PER_4_8C,149,0.9914220312342868
polynomial_mixed,4_8C_80PER_4_8C,150,0.9912895584432863
polynomial_mixed,4_8C_80PER_4_8C,151,0.9911559356757312
polynomial_mixed,4_8C_80PER_4_8C,152,0.9910211629316216
polynomial_mixed,4_8C_80PER_4_8C,153,0.9908852402109574
polynomial_mixed,4_8C_80PER_4_8C,154,0.9907481675137388
polynomial_mixed,4_8C_80PER_4_8C,155,0.9906099448399656
polynomial_mixed,4_8C_80PER_4_8C,156,0.9904705721896379
polynomial_mixed,4_8C_80PER_4_8C,157,0.9903300495627557
polynomial_mixed,4_8C_80PER_4_8C,158,0.9901883769593189
polynomial_mixed,4_8C_80PER_4_8C,159,0.9900455543793276
polynomial_mixed,4_8C_80PER_4_8C,160,0.9899015818227818
polynomial_mixed,4_8C_80PER_4_8C,161,0.9897564592896816
polynomial_mixed,4_8C_80PER_4_8C,162,0.9896101867800267
polynomial_mixed,4_8C_80PER_4_8C,163,0.9894627642938173
polynomial_mixed,4_8C_80PER_4_8C,164,0.9893141918310536
polynomial_mixed,4_8C_80PER_4_8C,165,0.9891644693917352
polynomial_mixed,4_8C_80PER_4_8C,166,0.9890135969758622
polynomial_mixed,4_8C_80PER_4_8C,167,0.9888615745834349
polynomial_mixed,4_8C_80PER_4_8C,168,0.9887084022144529
polynomial_mixed,4_8C_80PER_4_8C,169,0.9885540798689164
polynomial_mixed,4_8C_80PER_4_8C,170,0.9883986075468255
polynomial_mixed,4_8C_80PER_4_8C,171,0.98824198524818
polynomial_mixed,4_8C_80PER_4_8C,172,0.9880842129729799
polynomial_mixed,4_8C_80PER_4_8C,173,0.9879252907212256
polynomial_mixed,4_8C_80PER_4_8C,174,0.9877652184929164
polynomial_mixed,4_8C_80PER_4_8C,175,0.9876039962880528
polynomial_mixed,4_8C_80PER_4_8C,176,0.9874416241066348
polynomial_mixed,4_8C_80PER_4_8C,177,0.9872781019486622
polynomial_mixed,4_8C_80PER_4_8C,178,0.987113429814135
polynomial_mixed,4_8C_80PER_4_8C,179,0.9869476077030535
polynomial_mixed,4_8C_80PER_4_8C,180,0.9867806356154173
polynomial_mixed,4_8C_80PER_4_8C,181,0.9866125135512265
polynomial_mixed,4_8C_80PER_4_8C,182,0.9864432415104812
polynomial_mixed,4_8C_80PER_4_8C,183,0.9862728194931817
polynomial_mixed,4_8C_80PER_4_8C,184,0.9861012474993274
polynomial_mixed,4_8C_80PER_4_8C,185,0.9859285255289185
polynomial_mixed,4_8C_80PER_4_8C,186,0.9857546535819555
polynomial_mixed,4_8C_80PER_4_8C,187,0.9855796316584375
polynomial_mixed,4_8C_80PER_4_8C,188,0.9854034597583652
polynomial_mixed,4_8C_80PER_4_8C,189,0.9852261378817385
polynomial_mixed,4_8C_80PER_4_8C,190,0.9850476660285571
polynomial_mixed,4_8C_80PER_4_8C,191,0.9848680441988211
polynomial_mixed,4_8C_80PER_4_8C,192,0.9846872723925308
polynomial_mixed,4_8C_80PER_4_8C,193,0.9845053506096859
polynomial_mixed,4_8C_80PER_4_8C,194,0.9843222788502864
polynomial_mixed,4_8C_80PER_4_8C,195,0.9841380571143326
polynomial_mixed,4_8C_80PER_4_8C,196,0.9839526854018241
polynomial_mixed,4_8C_80PER_4_8C,197,0.983766163712761
polynomial_mixed,4_8C_80PER_4_8C,198,0.9835784920471436
polynomial_mixed,4_8C_80PER_4_8C,199,0.9833896704049716
polynomial_mixed,4_8C_80PER_4_8C,200,0.9831996987862449
polynomial_mixed,5C_67PER_4C_NEWSTRUCTURE,1,0.9991413726405363
polynomial_mixed,5C_67PER_4C_NEWSTRUCTURE,2,0.9991545130150825
polynomial_mixed,5C_67PER_4C_NEWSTRUCTURE,3,0.9991673148238958
polynomial_mixed,5C_67PER_4C_NEWSTRUCTURE,4,0.9991797780669758
polynomial_mixed,5C_67PER_4C_NEWSTRUCTURE,5,0.9991919027443226
polynomial_mixed,5C_67PER_4C_NEWSTRUCTURE,6,0.9992036888559362
polynomial_mixed,5C_67PER_4C_NEWSTRUCTURE,7,0.9992151364018168
polynomial_mixed,5C_67PER_4C_NEWSTRUCTURE,8,0.9992262453819641
polynomial_mixed,5C_67PER_4C_NEWSTRUCTURE,9,0.9992370157963785
polynomial_mixed,5C_67PER_4C_NEWSTRUCTURE,10,0.9992474476450596
polynomial_mixed,5C_67PER_4C_NEWSTRUCTURE,11,0.9992575409280076
polynomial_mixed,5C_67PER_4C_NEWSTRUCTURE,12,0.9992672956452223
polynomial_mixed,5C_67PER_4C_NEWSTRUCTURE,13,0.999276711796704
polynomial_mixed,5C_67PER_4C_NEWSTRUCTURE,14,0.9992857893824525
polynomial_mixed,5C_67PER_4C_NEWSTRUCTURE,15,0.9992945284024679
polynomial_mixed,5C_67PER_4C_NEWSTRUCTURE,16,0.9993029288567501
polynomial_mixed,5C_67PER_4C_NEWSTRUCTURE,17,0.9993109907452992
polynomial_mixed,5C_67PER_4C_NEWSTRUCTURE,18,0.9993187140681151
polynomial_mixed,5C_67PER_4C_NEWSTRUCTURE,19,0.9993260988251979
polynomial_mixed,5C_67PER_4C_NEWSTRUCTURE,20,0.9993331450165476
polynomial_mixed,5C_67PER_4C_NEWSTRUCTURE,21,0.9993398526421641
polynomial_mixed,5C_67PER_4C_NEWSTRUCTURE,22,0.9993462217020473
polynomial_mixed,5C_67PER_4C_NEWSTRUCTURE,23,0.9993522521961975
polynomial_mixed,5C_67PER_4C_NEWSTRUCTURE,24,0.9993579441246145
polynomial_mixed,5C_67PER_4C_NEWSTRUCTURE,25,0.9993632974872985
polynomial_mixed,5C_67PER_4C_NEWSTRUCTURE,26,0.9993683122842493
polynomial_mixed,5C_67PER_4C_NEWSTRUCTURE,27,0.9993729885154669
polynomial_mixed,5C_67PER_4C_NEWSTRUCTURE,28,0.9993773261809513
polynomial_mixed,5C_67PER_4C_NEWSTRUCTURE,29,0.9993813252807027
polynomial_mixed,5C_67PER_4C_NEWSTRUCTURE,30,0.9993849858147208
polynomial_mixed,5C_67PER_4C_NEWSTRUCTURE,31,0.9993883077830058
polynomial_mixed,5C_67PER_4C_NEWSTRUCTURE,32,0.9993912911855578
polynomial_mixed,5C_67PER_4C_NEWSTRUCTURE,33,0.9993939360223765
polynomial_mixed,5C_67PER_4C_NEWSTRUCTURE,34,0.999396242293462
polynomial_mixed,5C_67PER_4C_NEWSTRUCTURE,35,0.9993982099988145
polynomial_mixed,5C_67PER_4C_NEWSTRUCTURE,36,0.9993998391384337
polynomial_mixed,5C_67PER_4C_NEWSTRUCTURE,37,0.99940112971232
polynomial_mixed,5C_67PER_4C_NEWSTRUCTURE,38,0.999402081720473
polynomial_mixed,5C_67PER_4C_NEWSTRUCTURE,39,0.9994026951628927
polynomial_mixed,5C_67PER_4C_NEWSTRUCTURE,40,0.9994029700395795
polynomial_mixed,5C_67PER_4C_NEWSTRUCTURE,41,0.999402906350533
polynomial_mixed,5C_67PER_4C_NEWSTRUCTURE,42,0.9994025040957534
polynomial_mixed,5C_67PER_4C_NEWSTRUCTURE,43,0.9994017632752408
polynomial_mixed,5C_67PER_4C_NEWSTRUCTURE,44,0.9994006838889948
polynomial_mixed,5C_67PER_4C_NEWSTRUCTURE,45,0.9993992659370158
polynomial_mixed,5C_67PER_4C_NEWSTRUCTURE,46,0.9993975094193036
polynomial_mixed,5C_67PER_4C_NEWSTRUCTURE,47,0.9993954143358582
polynomial_mixed,5C_67PER_4C_NEWSTRUCTURE,48,0.9993929806866797
polynomial_mixed,5C_67PER_4C_NEWSTRUCTURE,49,0.9993902084717682
polynomial_mixed,5C_67PER_4C_NEWSTRUCTURE,50,0.9993870976911234
polynomial_mixed,5C_67PER_4C_NEWSTRUCTURE,51,0.9993836483447455
polynomial_mixed,5C_67PER_4C_NEWSTRUCTURE,52,0.9993798604326344
polynomial_mixed,5C_67PER_4C_NEWSTRUCTURE,53,0.9993757339547902
polynomial_mixed,5C_67PER_4C_NEWSTRUCTURE,54,0.999371268911213
polynomial_mixed,5C_67PER_4C_NEWSTRUCTURE,55,0.9993664653019024
polynomial_mixed,5C_67PER_4C_NEWSTRUCTURE,56,0.9993613231268588
polynomial_mixed,5C_67PER_4C_NEWSTRUCTURE,57,0.9993558423860819
polynomial_mixed,5C_67PER_4C_NEWSTRUCTURE,58,0.999350023079572
polynomial_mixed,5C_67PER_4C_NEWSTRUCTURE,59,0.9993438652073289
polynomial_mixed,5C_67PER_4C_NEWSTRUCTURE,60,0.9993373687693528
polynomial_mixed,5C_67PER_4C_NEWSTRUCTURE,61,0.9993305337656433
polynomial_mixed,5C_67PER_4C_NEWSTRUCTURE,62,0.9993233601962008
polynomial_mixed,5C_67PER_4C_NEWSTRUCTURE,63,0.9993158480610251
polynomial_mixed,5C_67PER_4C_NEWSTRUCTURE,64,0.9993079973601162
polynomial_mixed,5C_67PER_4C_NEWSTRUCTURE,65,0.9992998080934744
polynomial_mixed,5C_67PER_4C_NEWSTRUCTURE,66,0.9992912802610991
polynomial_mixed,5C_67PER_4C_NEWSTRUCTURE,67,0.999282413862991
polynomial_mixed,5C_67PER_4C_NEWSTRUCTURE,68,0.9992732088991496
polynomial_mixed,5C_67PER_4C_NEWSTRUCTURE,69,0.999263665369575
polynomial_mixed,5C_67PER_4C_NEWSTRUCTURE,70,0.9992537832742674
polynomial_mixed,5C_67PER_4C_NEWSTRUCTURE,71,0.9992435626132263
polynomial_mixed,5C_67PER_4C_NEWSTRUCTURE,72,0.9992330033864525
polynomial_mixed,5C_67PER_4C_NEWSTRUCTURE,73,0.9992221055939452
polynomial_mixed,5C_67PER_4C_NEWSTRUCTURE,74,0.999210869235705
polynomial_mixed,5C_67PER_4C_NEWSTRUCTURE,75,0.9991992943117317
polynomial_mixed,5C_67PER_4C_NEWSTRUCTURE,76,0.999187380822025
polynomial_mixed,5C_67PER_4C_NEWSTRUCTURE,77,0.9991751287665853
polynomial_mixed,5C_67PER_4C_NEWSTRUCTURE,78,0.9991625381454123
polynomial_mixed,5C_67PER_4C_NEWSTRUCTURE,79,0.9991496089585064
polynomial_mixed,5C_67PER_4C_NEWSTRUCTURE,80,0.9991363412058674
polynomial_mixed,5C_67PER_4C_NEWSTRUCTURE,81,0.9991227348874949
polynomial_mixed,5C_67PER_4C_NEWSTRUCTURE,82,0.9991087900033895
polynomial_mixed,5C_67PER_4C_NEWSTRUCTURE,83,0.9990945065535508
polynomial_mixed,5C_67PER_4C_NEWSTRUCTURE,84,0.9990798845379791
polynomial_mixed,5C_67PER_4C_NEWSTRUCTURE,85,0.9990649239566743
polynomial_mixed,5C_67PER_4C_NEWSTRUCTURE,86,0.9990496248096361
polynomial_mixed,5C_67PER_4C_NEWSTRUCTURE,87,0.999033987096865
polynomial_mixed,5C_67PER_4C_NEWSTRUCTURE,88,0.9990180108183605
polynomial_mixed,5C_67PER_4C_NEWSTRUCTURE,89,0.9990016959741231
polynomial_mixed,5C_67PER_4C_NEWSTRUCTURE,90,0.9989850425641523
polynomial_mixed,5C_67PER_4C_NEWSTRUCTURE,91,0.9989680505884487
polynomial_mixed,5C_67PER_4C_NEWSTRUCTURE,92,0.9989507200470118
polynomial_mixed,5C_67PER_4C_NEWSTRUCTURE,93,0.9989330509398416
polynomial_mixed,5C_67PER_4C_NEWSTRUCTURE,94,0.9989150432669385
polynomial_mixed,5C_67PER_4C_NEWSTRUCTURE,95,0.998896697028302
polynomial_mixed,5C_67PER_4C_NEWSTRUCTURE,96,0.9988780122239326
polynomial_mixed,5C_67PER_4C_NEWSTRUCTURE,97,0.9988589888538301
polynomial_mixed,5C_67PER_4C_NEWSTRUCTURE,98,0.9988396269179941
polynomial_mixed,5C_67PER_4C_NEWSTRUCTURE,99,0.9988199264164253
polynomial_mixed,5C_67PER_4C_NEWSTRUCTURE,100,0.998799887349123
polynomial_mixed,5C_67PER_4C_NEWSTRUCTURE,101,0.9987795097160879
polynomial_mixed,5C_67PER_4C_NEWSTRUCTURE,102,0.9987587935173196
polynomial_mixed,5C_67PER_4C_NEWSTRUCTURE,103,0.9987377387528179
polynomial_mixed,5C_67PER_4C_NEWSTRUCTURE,104,0.9987163454225833
polynomial_mixed,5C_67PER_4C_NEWSTRUCTURE,105,0.9986946135266153
polynomial_mixed,5C_67PER_4C_NEWSTRUCTURE,106,0.9986725430649144
polynomial_mixed,5C_67PER_4C_NEWSTRUCTURE,107,0.9986501340374802
polynomial_mixed,5C_67PER_4C_NEWSTRUCTURE,108,0.9986273864443129
polynomial_mixed,5C_67PER_4C_NEWSTRUCTURE,109,0.9986043002854126
polynomial_mixed,5C_67PER_4C_NEWSTRUCTURE,110,0.9985808755607789
polynomial_mixed,5C_67PER_4C_NEWSTRUCTURE,111,0.9985571122704123
polynomial_mixed,5C_67PER_4C_NEWSTRUCTURE,112,0.9985330104143123
polynomial_mixed,5C_67PER_4C_NEWSTRUCTURE,113,0.9985085699924794
polynomial_mixed,5C_67PER_4C_NEWSTRUCTURE,114,0.9984837910049134
polynomial_mixed,5C_67PER_4C_NEWSTRUCTURE,115,0.9984586734516139
polynomial_mixed,5C_67PER_4C_NEWSTRUCTURE,116,0.9984332173325815
polynomial_mixed,5C_67PER_4C_NEWSTRUCTURE,117,0.9984074226478158
polynomial_mixed,5C_67PER_4C_NEWSTRUCTURE,118,0.9983812893973172
polynomial_mixed,5C_67PER_4C_NEWSTRUCTURE,119,0.9983548175810854
polynomial_mixed,5C_67PER_4C_NEWSTRUCTURE,120,0.9983280071991202
polynomial_mixed,5C_67PER_4C_NEWSTRUCTURE,121,0.9983008582514221
polynomial_mixed,5C_67PER_4C_NEWSTRUCTURE,122,0.9982733707379906
polynomial_mixed,5C_67PER_4C_NEWSTRUCTURE,123,0.9982455446588262
polynomial_mixed,5C_67PER_4C_NEWSTRUCTURE,124,0.9982173800139285
polynomial_mixed,5C_67PER_4C_NEWSTRUCTURE,125,0.9981888768032978
polynomial_mixed,5C_67PER_4C_NEWSTRUCTURE,126,0.998160035026934
polynomial_mixed,5C_67PER_4C_NEWSTRUCTURE,127,0.9981308546848368
polynomial_mixed,5C_67PER_4C_NEWSTRUCTURE,128,0.9981013357770067
polynomial_mixed,5C_67PER_4C_NEWSTRUCTURE,129,0.9980714783034432
polynomial_mixed,5C_67PER_4C_NEWSTRUCTURE,130,0.9980412822641468
polynomial_mixed,5C_67PER_4C_NEWSTRUCTURE,131,0.9980107476591172
polynomial_mixed,5C_67PER_4C_NEWSTRUCTURE,132,0.9979798744883542
polynomial_mixed,5C_67PER_4C_NEWSTRUCTURE,133,0.9979486627518585
polynomial_mixed,5C_67PER_4C_NEWSTRUCTURE,134,0.9979171124496292
polynomial_mixed,5C_67PER_4C_NEWSTRUCTURE,135,0.9978852235816671
polynomial_mixed,5C_67PER_4C_NEWSTRUCTURE,136,0.9978529961479717
polynomial_mixed,5C_67PER_4C_NEWSTRUCTURE,137,0.9978204301485432
polynomial_mixed,5C_67PER_4C_NEWSTRUCTURE,138,0.9977875255833816
polynomial_mixed,5C_67PER_4C_NEWSTRUCTURE,139,0.9977542824524865
polynomial_mixed,5C_67PER_4C_NEWSTRUCTURE,140,0.9977207007558587
polynomial_mixed,5C_67PER_4C_NEWSTRUCTURE,141,0.9976867804934975
polynomial_mixed,5C_67PER_4C_NEWSTRUCTURE,142,0.9976525216654033
polynomial_mixed,5C_67PER_4C_NEWSTRUCTURE,143,0.9976179242715759
polynomial_mixed,5C_67PER_4C_NEWSTRUCTURE,144,0.9975829883120153
polynomial_mixed,5C_67PER_4C_NEWSTRUCTURE,145,0.9975477137867217
polynomial_mixed,5C_67PER_4C_NEWSTRUCTURE,146,0.9975121006956946
polynomial_mixed,5C_67PER_4C_NEWSTRUCTURE,147,0.9974761490389348
polynomial_mixed,5C_67PER_4C_NEWSTRUCTURE,148,0.9974398588164417
polynomial_mixed,5C_67PER_4C_NEWSTRUCTURE,149,0.9974032300282153
polynomial_mixed,5C_67PER_4C_NEWSTRUCTURE,150,0.9973662626742559
polynomial_mixed,5C_67PER_4C_NEWSTRUCTURE,151,0.9973289567545632
polynomial_mixed,5C_67PER_4C_NEWSTRUCTURE,152,0.9972913122691376
polynomial_mixed,5C_67PER_4C_NEWSTRUCTURE,153,0.9972533292179788
polynomial_mixed,5C_67PER_4C_NEWSTRUCTURE,154,0.9972150076010866
polynomial_mixed,5C_67PER_4C_NEWSTRUCTURE,155,0.9971763474184615
polynomial_mixed,5C_67PER_4C_NEWSTRUCTURE,156,0.9971373486701031
polynomial_mixed,5C_67PER_4C_NEWSTRUCTURE,157,0.9970980113560117
polynomial_mixed,5C_67PER_4C_NEWSTRUCTURE,158,0.9970583354761869
polynomial_mixed,5C_67PER_4C_NEWSTRUCTURE,159,0.9970183210306293
polynomial_mixed,5C_67PER_4C_NEWSTRUCTURE,160,0.9969779680193385
polynomial_mixed,5C_67PER_4C_NEWSTRUCTURE,161,0.9969372764423143
polynomial_mixed,5C_67PER_4C_NEWSTRUCTURE,162,0.9968962462995572
polynomial_mixed,5C_67PER_4C_NEWSTRUCTURE,163,0.9968548775910667
polynomial_mixed,5C_67PER_4C_NEWSTRUCTURE,164,0.9968131703168434
polynomial_mixed,5C_67PER_4C_NEWSTRUCTURE,165,0.9967711244768868
polynomial_mixed,5C_67PER_4C_NEWSTRUCTURE,166,0.9967287400711968
polynomial_mixed,5C_67PER_4C_NEWSTRUCTURE,167,0.996686017099774
polynomial_mixed,5C_67PER_4C_NEWSTRUCTURE,168,0.9966429555626178
polynomial_mixed,5C_67PER_4C_NEWSTRUCTURE,169,0.9965995554597287
polynomial_mixed,5C_67PER_4C_NEWSTRUCTURE,170,0.9965558167911064
polynomial_mixed,5C_67PER_4C_NEWSTRUCTURE,171,0.9965117395567508
polynomial_mixed,5C_67PER_4C_NEWSTRUCTURE,172,0.9964673237566621
polynomial_mixed,5C_67PER_4C_NEWSTRUCTURE,173,0.9964225693908402
polynomial_mixed,5C_67PER_4C_NEWSTRUCTURE,174,0.9963774764592853
polynomial_mixed,5C_67PER_4C_NEWSTRUCTURE,175,0.9963320449619971
polynomial_mixed,5C_67PER_4C_NEWSTRUCTURE,176,0.9962862748989759
polynomial_mixed,5C_67PER_4C_NEWSTRUCTURE,177,0.9962401662702216
polynomial_mixed,5C_67PER_4C_NEWSTRUCTURE,178,0.996193719075734
polynomial_mixed,5C_67PER_4C_NEWSTRUCTURE,179,0.9961469333155134
polynomial_mixed,5C_67PER_4C_NEWSTRUCTURE,180,0.9960998089895594
polynomial_mixed,5C_67PER_4C_NEWSTRUCTURE,181,0.9960523460978725
polynomial_mixed,5C_67PER_4C_NEWSTRUCTURE,182,0.9960045446404524
polynomial_mixed,5C_67PER_4C_NEWSTRUCTURE,183,0.9959564046172991
polynomial_mixed,5C_67PER_4C_NEWSTRUCTURE,184,0.9959079260284127
polynomial_mixed,5C_67PER_4C_NEWSTRUCTURE,185,0.995859108873793
polynomial_mixed,5C_67PER_4C_NEWSTRUCTURE,186,0.9958099531534403
polynomial_mixed,5C_67PER_4C_NEWSTRUCTURE,187,0.9957604588673545
polynomial_mixed,5C_67PER_4C_NEWSTRUCTURE,188,0.9957106260155354
polynomial_mixed,5C_67PER_4C_NEWSTRUCTURE,189,0.9956604545979834
polynomial_mixed,5C_67PER_4C_NEWSTRUCTURE,190,0.995609944614698
polynomial_mixed,5C_67PER_4C_NEWSTRUCTURE,191,0.9955590960656796
polynomial_mixed,5C_67PER_4C_NEWSTRUCTURE,192,0.9955079089509279
polynomial_mixed,5C_67PER_4C_NEWSTRUCTURE,193,0.9954563832704432
polynomial_mixed,5C_67PER_4C_NEWSTRUCTURE,194,0.9954045190242253
polynomial_mixed,5C_67PER_4C_NEWSTRUCTURE,195,0.9953523162122742
polynomial_mixed,5C_67PER_4C_NEWSTRUCTURE,196,0.9952997748345901
polynomial_mixed,5C_67PER_4C_NEWSTRUCTURE,197,0.9952468948911727
polynomial_mixed,5C_67PER_4C_NEWSTRUCTURE,198,0.9951936763820223
polynomial_mixed,5C_67PER_4C_NEWSTRUCTURE,199,0.9951401193071387
polynomial_mixed,5C_67PER_4C_NEWSTRUCTURE,200,0.9950862236665218
polynomial_mixed,5_3C_54PER_4C_NEWSTRUCTURE,1,0.9990191145100943
polynomial_mixed,5_3C_54PER_4C_NEWSTRUCTURE,2,0.9990299248441266
polynomial_mixed,5_3C_54PER_4C_NEWSTRUCTURE,3,0.9990404183324632
polynomial_mixed,5_3C_54PER_4C_NEWSTRUCTURE,4,0.999050594975104
polynomial_mixed,5_3C_54PER_4C_NEWSTRUCTURE,5,0.9990604547720492
polynomial_mixed,5_3C_54PER_4C_NEWSTRUCTURE,6,0.9990699977232985
polynomial_mixed,5_3C_54PER_4C_NEWSTRUCTURE,7,0.9990792238288522
polynomial_mixed,5_3C_54PER_4C_NEWSTRUCTURE,8,0.9990881330887099
polynomial_mixed,5_3C_54PER_4C_NEWSTRUCTURE,9,0.9990967255028721
polynomial_mixed,5_3C_54PER_4C_NEWSTRUCTURE,10,0.9991050010713385
polynomial_mixed,5_3C_54PER_4C_NEWSTRUCTURE,11,0.9991129597941092
polynomial_mixed,5_3C_54PER_4C_NEWSTRUCTURE,12,0.999120601671184
polynomial_mixed,5_3C_54PER_4C_NEWSTRUCTURE,13,0.9991279267025632
polynomial_mixed,5_3C_54PER_4C_NEWSTRUCTURE,14,0.9991349348882466
polynomial_mixed,5_3C_54PER_4C_NEWSTRUCTURE,15,0.9991416262282343
polynomial_mixed,5_3C_54PER_4C_NEWSTRUCTURE,16,0.9991480007225262
polynomial_mixed,5_3C_54PER_4C_NEWSTRUCTURE,17,0.9991540583711224
polynomial_mixed,5_3C_54PER_4C_NEWSTRUCTURE,18,0.9991597991740228
polynomial_mixed,5_3C_54PER_4C_NEWSTRUCTURE,19,0.9991652231312275
polynomial_mixed,5_3C_54PER_4C_NEWSTRUCTURE,20,0.9991703302427364
polynomial_mixed,5_3C_54PER_4C_NEWSTRUCTURE,21,0.9991751205085496
polynomial_mixed,5_3C_54PER_4C_NEWSTRUCTURE,22,0.999179593928667
polynomial_mixed,5_3C_54PER_4C_NEWSTRUCTURE,23,0.9991837505030887
polynomial_mixed,5_3C_54PER_4C_NEWSTRUCTURE,24,0.9991875902318147
polynomial_mixed,5_3C_54PER_4C_NEWSTRUCTURE,25,0.999191113114845
polynomial_mixed,5_3C_54PER_4C_NEWSTRUCTURE,26,0.9991943191521794
polynomial_mixed,5_3C_54PER_4C_NEWSTRUCTURE,27,0.9991972083438181
polynomial_mixed,5_3C_54PER_4C_NEWSTRUCTURE,28,0.999199780689761
polynomial_mixed,5_3C_54PER_4C_NEWSTRUCTURE,29,0.9992020361900084
polynomial_mixed,5_3C_54PER_4C_NEWSTRUCTURE,30,0.9992039748445598
polynomial_mixed,5_3C_54PER_4C_NEWSTRUCTURE,31,0.9992055966534156
polynomial_mixed,5_3C_54PER_4C_NEWSTRUCTURE,32,0.9992069016165755
polynomial_mixed,5_3C_54PER_4C_NEWSTRUCTURE,33,0.9992078897340398
polynomial_mixed,5_3C_54PER_4C_NEWSTRUCTURE,34,0.9992085610058082
polynomial_mixed,5_3C_54PER_4C_NEWSTRUCTURE,35,0.9992089154318811
polynomial_mixed,5_3C_54PER_4C_NEWSTRUCTURE,36,0.9992089530122581
polynomial_mixed,5_3C_54PER_4C_NEWSTRUCTURE,37,0.9992086737469393
polynomial_mixed,5_3C_54PER_4C_NEWSTRUCTURE,38,0.9992080776359249
polynomial_mixed,5_3C_54PER_4C_NEWSTRUCTURE,39,0.9992071646792147
polynomial_mixed,5_3C_54PER_4C_NEWSTRUCTURE,40,0.9992059348768086
polynomial_mixed,5_3C_54PER_4C_NEWSTRUCTURE,41,0.999204388228707
polynomial_mixed,5_3C_54PER_4C_NEWSTRUCTURE,42,0.9992025247349096
polynomial_mixed,5_3C_54PER_4C_NEWSTRUCTURE,43,0.9992003443954164
polynomial_mixed,5_3C_54PER_4C_NEWSTRUCTURE,44,0.9991978472102274
polynomial_mixed,5_3C_54PER_4C_NEWSTRUCTURE,45,0.9991950331793428
polynomial_mixed,5_3C_54PER_4C_NEWSTRUCTURE,46,0.9991919023027623
polynomial_mixed,5_3C_54PER_4C_NEWSTRUCTURE,47,0.9991884545804862
polynomial_mixed,5_3C_54PER_4C_NEWSTRUCTURE,48,0.9991846900125142
polynomial_mixed,5_3C_54PER_4C_NEWSTRUCTURE,49,0.9991806085988466
polynomial_mixed,5_3C_54PER_4C_NEWSTRUCTURE,50,0.9991762103394831
polynomial_mixed,5_3C_54PER_4C_NEWSTRUCTURE,51,0.9991714952344241
polynomial_mixed,5_3C_54PER_4C_NEWSTRUCTURE,52,0.9991664632836691
polynomial_mixed,5_3C_54PER_4C_NEWSTRUCTURE,53,0.9991611144872184
polynomial_mixed,5_3C_54PER_4C_NEWSTRUCTURE,54,0.999155448845072
polynomial_mixed,5_3C_54PER_4C_NEWSTRUCTURE,55,0.99914946635723
polynomial_mixed,5_3C_54PER_4C_NEWSTRUCTURE,56,0.999143167023692
polynomial_mixed,5_3C_54PER_4C_NEWSTRUCTURE,57,0.9991365508444585
polynomial_mixed,5_3C_54PER_4C_NEWSTRUCTURE,58,0.999129617819529
polynomial_mixed,5_3C_54PER_4C_NEWSTRUCTURE,59,0.999122367948904
polynomial_mixed,5_3C_54PER_4C_NEWSTRUCTURE,60,0.9991148012325831
polynomial_mixed,5_3C_54PER_4C_NEWSTRUCTURE,61,0.9991069176705666
polynomial_mixed,5_3C_54PER_4C_NEWSTRUCTURE,62,0.9990987172628542
polynomial_mixed,5_3C_54PER_4C_NEWSTRUCTURE,63,0.9990902000094461
polynomial_mixed,5_3C_54PER_4C_NEWSTRUCTURE,64,0.9990813659103422
polynomial_mixed,5_3C_54PER_4C_NEWSTRUCTURE,65,0.9990722149655427
polynomial_mixed,5_3C_54PER_4C_NEWSTRUCTURE,66,0.9990627471750473
polynomial_mixed,5_3C_54PER_4C_NEWSTRUCTURE,67,0.9990529625388563
polynomial_mixed,5_3C_54PER_4C_NEWSTRUCTURE,68,0.9990428610569694
polynomial_mixed,5_3C_54PER_4C_NEWSTRUCTURE,69,0.999032442729387
polynomial_mixed,5_3C_54PER_4C_NEWSTRUCTURE,70,0.9990217075561085
polynomial_mixed,5_3C_54PER_4C_NEWSTRUCTURE,71,0.9990106555371345
polynomial_mixed,5_3C_54PER_4C_NEWSTRUCTURE,72,0.9989992866724647
polynomial_mixed,5_3C_54PER_4C_NEWSTRUCTURE,73,0.9989876009620993
polynomial_mixed,5_3C_54PER_4C_NEWSTRUCTURE,74,0.9989755984060379
polynomial_mixed,5_3C_54PER_4C_NEWSTRUCTURE,75,0.998963279004281
polynomial_mixed,5_3C_54PER_4C_NEWSTRUCTURE,76,0.9989506427568281
polynomial_mixed,5_3C_54PER_4C_NEWSTRUCTURE,77,0.9989376896636796
polynomial_mixed,5_3C_54PER_4C_NEWSTRUCTURE,78,0.9989244197248353
polynomial_mixed,5_3C_54PER_4C_NEWSTRUCTURE,79,0.9989108329402954
polynomial_mixed,5_3C_54PER_4C_NEWSTRUCTURE,80,0.9988969293100596
polynomial_mixed,5_3C_54PER_4C_NEWSTRUCTURE,81,0.9988827088341281
polynomial_mixed,5_3C_54PER_4C_NEWSTRUCTURE,82,0.9988681715125008
polynomial_mixed,5_3C_54PER_4C_NEWSTRUCTURE,83,0.9988533173451779
polynomial_mixed,5_3C_54PER_4C_NEWSTRUCTURE,84,0.9988381463321592
polynomial_mixed,5_3C_54PER_4C_NEWSTRUCTURE,85,0.9988226584734446
polynomial_mixed,5_3C_54PER_4C_NEWSTRUCTURE,86,0.9988068537690344
polynomial_mixed,5_3C_54PER_4C_NEWSTRUCTURE,87,0.9987907322189284
polynomial_mixed,5_3C_54PER_4C_NEWSTRUCTURE,88,0.9987742938231267
polynomial_mixed,5_3C_54PER_4C_NEWSTRUCTURE,89,0.9987575385816293
polynomial_mixed,5_3C_54PER_4C_NEWSTRUCTURE,90,0.9987404664944362
polynomial_mixed,5_3C_54PER_4C_NEWSTRUCTURE,91,0.9987230775615472
polynomial_mixed,5_3C_54PER_4C_NEWSTRUCTURE,92,0.9987053717829624
polynomial_mixed,5_3C_54PER_4C_NEWSTRUCTURE,93,0.9986873491586821
polynomial_mixed,5_3C_54PER_4C_NEWSTRUCTURE,94,0.9986690096887059
polynomial_mixed,5_3C_54PER_4C_NEWSTRUCTURE,95,0.998650353373034
polynomial_mixed,5_3C_54PER_4C_NEWSTRUCTURE,96,0.9986313802116662
polynomial_mixed,5_3C_54PER_4C_NEWSTRUCTURE,97,0.9986120902046028
polynomial_mixed,5_3C_54PER_4C_NEWSTRUCTURE,98,0.9985924833518437
polynomial_mixed,5_3C_54PER_4C_NEWSTRUCTURE,99,0.9985725596533889
polynomial_mixed,5_3C_54PER_4C_NEWSTRUCTURE,100,0.998552319109238
polynomial_mixed,5_3C_54PER_4C_NEWSTRUCTURE,101,0.9985317617193917
polynomial_mixed,5_3C_54PER_4C_NEWSTRUCTURE,102,0.9985108874838496
polynomial_mixed,5_3C_54PER_4C_NEWSTRUCTURE,103,0.9984896964026118
polynomial_mixed,5_3C_54PER_4C_NEWSTRUCTURE,104,0.998468188475678
polynomial_mixed,5_3C_54PER_4C_NEWSTRUCTURE,105,0.9984463637030487
polynomial_mixed,5_3C_54PER_4C_NEWSTRUCTURE,106,0.9984242220847236
polynomial_mixed,5_3C_54PER_4C_NEWSTRUCTURE,107,0.9984017636207029
polynomial_mixed,5_3C_54PER_4C_NEWSTRUCTURE,108,0.998378988310986
polynomial_mixed,5_3C_54PER_4C_NEWSTRUCTURE,109,0.9983558961555737
polynomial_mixed,5_3C_54PER_4C_NEWSTRUCTURE,110,0.9983324871544657
polynomial_mixed,5_3C_54PER_4C_NEWSTRUCTURE,111,0.9983087613076619
polynomial_mixed,5_3C_54PER_4C_NEWSTRUCTURE,112,0.9982847186151622
polynomial_mixed,5_3C_54PER_4C_NEWSTRUCTURE,113,0.9982603590769669
polynomial_mixed,5_3C_54PER_4C_NEWSTRUCTURE,114,0.9982356826930758
polynomial_mixed,5_3C_54PER_4C_NEWSTRUCTURE,115,0.9982106894634891
polynomial_mixed,5_3C_54PER_4C_NEWSTRUCTURE,116,0.9981853793882064
polynomial_mixed,5_3C_54PER_4C_NEWSTRUCTURE,117,0.9981597524672281
polynomial_mixed,5_3C_54PER_4C_NEWSTRUCTURE,118,0.9981338087005541
polynomial_mixed,5_3C_54PER_4C_NEWSTRUCTURE,119,0.9981075480881844
polynomial_mixed,5_3C_54PER_4C_NEWSTRUCTURE,120,0.9980809706301187
polynomial_mixed,5_3C_54PER_4C_NEWSTRUCTURE,121,0.9980540763263575
polynomial_mixed,5_3C_54PER_4C_NEWSTRUCTURE,122,0.9980268651769004
polynomial_mixed,5_3C_54PER_4C_NEWSTRUCTURE,123,0.9979993371817477
polynomial_mixed,5_3C_54PER_4C_NEWSTRUCTURE,124,0.997971492340899
polynomial_mixed,5_3C_54PER_4C_NEWSTRUCTURE,125,0.9979433306543548
polynomial_mixed,5_3C_54PER_4C_NEWSTRUCTURE,126,0.9979148521221148
polynomial_mixed,5_3C_54PER_4C_NEWSTRUCTURE,127,0.9978860567441792
polynomial_mixed,5_3C_54PER_4C_NEWSTRUCTURE,128,0.9978569445205475
polynomial_mixed,5_3C_54PER_4C_NEWSTRUCTURE,129,0.9978275154512203
polynomial_mixed,5_3C_54PER_4C_NEWSTRUCTURE,130,0.9977977695361974
polynomial_mixed,5_3C_54PER_4C_NEWSTRUCTURE,131,0.9977677067754787
polynomial_mixed,5_3C_54PER_4C_NEWSTRUCTURE,132,0.997737327169064
polynomial_mixed,5_3C_54PER_4C_NEWSTRUCTURE,133,0.9977066307169539
polynomial_mixed,5_3C_54PER_4C_NEWSTRUCTURE,134,0.9976756174191479
polynomial_mixed,5_3C_54PER_4C_NEWSTRUCTURE,135,0.9976442872756462
polynomial_mixed,5_3C_54PER_4C_NEWSTRUCTURE,136,0.9976126402864486
polynomial_mixed,5_3C_54PER_4C_NEWSTRUCTURE,137,0.9975806764515555
polynomial_mixed,5_3C_54PER_4C_NEWSTRUCTURE,138,0.9975483957709665
polynomial_mixed,5_3C_54PER_4C_NEWSTRUCTURE,139,0.997515798244682
polynomial_mixed,5_3C_54PER_4C_NEWSTRUCTURE,140,0.9974828838727013
polynomial_mixed,5_3C_54PER_4C_NEWSTRUCTURE,141,0.9974496526550252
polynomial_mixed,5_3C_54PER_4C_NEWSTRUCTURE,142,0.9974161045916533
polynomial_mixed,5_3C_54PER_4C_NEWSTRUCTURE,143,0.9973822396825857
polynomial_mixed,5_3C_54PER_4C_NEWSTRUCTURE,144,0.9973480579278221
polynomial_mixed,5_3C_54PER_4C_NEWSTRUCTURE,145,0.997313559327363
polynomial_mixed,5_3C_54PER_4C_NEWSTRUCTURE,146,0.9972787438812081
polynomial_mixed,5_3C_54PER_4C_NEWSTRUCTURE,147,0.9972436115893575
polynomial_mixed,5_3C_54PER_4C_NEWSTRUCTURE,148,0.997208162451811
polynomial_mixed,5_3C_54PER_4C_NEWSTRUCTURE,149,0.9971723964685688
polynomial_mixed,5_3C_54PER_4C_NEWSTRUCTURE,150,0.9971363136396311
polynomial_mixed,5_3C_54PER_4C_NEWSTRUCTURE,151,0.9970999139649974
polynomial_mixed,5_3C_54PER_4C_NEWSTRUCTURE,152,0.9970631974446679
polynomial_mixed,5_3C_54PER_4C_NEWSTRUCTURE,153,0.9970261640786429
polynomial_mixed,5_3C_54PER_4C_NEWSTRUCTURE,154,0.996988813866922
polynomial_mixed,5_3C_54PER_4C_NEWSTRUCTURE,155,0.9969511468095055
polynomial_mixed,5_3C_54PER_4C_NEWSTRUCTURE,156,0.9969131629063929
polynomial_mixed,5_3C_54PER_4C_NEWSTRUCTURE,157,0.9968748621575849
polynomial_mixed,5_3C_54PER_4C_NEWSTRUCTURE,158,0.9968362445630811
polynomial_mixed,5_3C_54PER_4C_NEWSTRUCTURE,159,0.9967973101228815
polynomial_mixed,5_3C_54PER_4C_NEWSTRUCTURE,160,0.996758058836986
polynomial_mixed,5_3C_54PER_4C_NEWSTRUCTURE,161,0.996718490705395
polynomial_mixed,5_3C_54PER_4C_NEWSTRUCTURE,162,0.9966786057281082
polynomial_mixed,5_3C_54PER_4C_NEWSTRUCTURE,163,0.9966384039051257
polynomial_mixed,5_3C_54PER_4C_NEWSTRUCTURE,164,0.9965978852364472
polynomial_mixed,5_3C_54PER_4C_NEWSTRUCTURE,165,0.9965570497220733
polynomial_mixed,5_3C_54PER_4C_NEWSTRUCTURE,166,0.9965158973620034
polynomial_mixed,5_3C_54PER_4C_NEWSTRUCTURE,167,0.996474428156238
polynomial_mixed,5_3C_54PER_4C_NEWSTRUCTURE,168,0.9964326421047767
polynomial_mixed,5_3C_54PER_4C_NEWSTRUCTURE,169,0.9963905392076196
polynomial_mixed,5_3C_54PER_4C_NEWSTRUCTURE,170,0.9963481194647668
polynomial_mixed,5_3C_54PER_4C_NEWSTRUCTURE,171,0.9963053828762183
polynomial_mixed,5_3C_54PER_4C_NEWSTRUCTURE,172,0.9962623294419741
polynomial_mixed,5_3C_54PER_4C_NEWSTRUCTURE,173,0.9962189591620338
polynomial_mixed,5_3C_54PER_4C_NEWSTRUCTURE,174,0.9961752720363982
polynomial_mixed,5_3C_54PER_4C_NEWSTRUCTURE,175,0.9961312680650667
polynomial_mixed,5_3C_54PER_4C_NEWSTRUCTURE,176,0.9960869472480395
polynomial_mixed,5_3C_54PER_4C_NEWSTRUCTURE,177,0.9960423095853164
polynomial_mixed,5_3C_54PER_4C_NEWSTRUCTURE,178,0.9959973550768977
polynomial_mixed,5_3C_54PER_4C_NEWSTRUCTURE,179,0.9959520837227832
polynomial_mixed,5_3C_54PER_4C_NEWSTRUCTURE,180,0.9959064955229731
polynomial_mixed,5_3C_54PER_4C_NEWSTRUCTURE,181,0.9958605904774669
polynomial_mixed,5_3C_54PER_4C_NEWSTRUCTURE,182,0.9958143685862653
polynomial_mixed,5_3C_54PER_4C_NEWSTRUCTURE,183,0.9957678298493678
polynomial_mixed,5_3C_54PER_4C_NEWSTRUCTURE,184,0.9957209742667746
polynomial_mixed,5_3C_54PER_4C_NEWSTRUCTURE,185,0.9956738018384855
polynomial_mixed,5_3C_54PER_4C_NEWSTRUCTURE,186,0.9956263125645008
polynomial_mixed,5_3C_54PER_4C_NEWSTRUCTURE,187,0.9955785064448205
polynomial_mixed,5_3C_54PER_4C_NEWSTRUCTURE,188,0.9955303834794443
polynomial_mixed,5_3C_54PER_4C_NEWSTRUCTURE,189,0.9954819436683723
polynomial_mixed,5_3C_54PER_4C_NEWSTRUCTURE,190,0.9954331870116045
polynomial_mixed,5_3C_54PER_4C_NEWSTRUCTURE,191,0.9953841135091412
polynomial_mixed,5_3C_54PER_4C_NEWSTRUCTURE,192,0.9953347231609821
polynomial_mixed,5_3C_54PER_4C_NEWSTRUCTURE,193,0.995285015967127
polynomial_mixed,5_3C_54PER_4C_NEWSTRUCTURE,194,0.9952349919275764
polynomial_mixed,5_3C_54PER_4C_NEWSTRUCTURE,195,0.9951846510423301
polynomial_mixed,5_3C_54PER_4C_NEWSTRUCTURE,196,0.995133993311388
polynomial_mixed,5_3C_54PER_4C_NEWSTRUCTURE,197,0.9950830187347499
polynomial_mixed,5_3C_54PER_4C_NEWSTRUCTURE,198,0.9950317273124163
polynomial_mixed,5_3C_54PER_4C_NEWSTRUCTURE,199,0.994980119044387
polynomial_mixed,5_3C_54PER_4C_NEWSTRUCTURE,200,0.9949281939306619
polynomial_mixed,5_6C_19PER_4_6C_NEWSTRUCTURE,1,0.9994281163013445
polynomial_mixed,5_6C_19PER_4_6C_NEWSTRUCTURE,2,0.9994303651099449
polynomial_mixed,5_6C_19PER_4_6C_NEWSTRUCTURE,3,0.9994323108562151
polynomial_mixed,5_6C_19PER_4_6C_NEWSTRUCTURE,4,0.9994339535401556
polynomial_mixed,5_6C_19PER_4_6C_NEWSTRUCTURE,5,0.9994352931617663
polynomial_mixed,5_6C_19PER_4_6C_NEWSTRUCTURE,6,0.999436329721047
polynomial_mixed,5_6C_19PER_4_6C_NEWSTRUCTURE,7,0.9994370632179979
polynomial_mixed,5_6C_19PER_4_6C_NEWSTRUCTURE,8,0.9994374936526189
polynomial_mixed,5_6C_19PER_4_6C_NEWSTRUCTURE,9,0.9994376210249101
polynomial_mixed,5_6C_19PER_4_6C_NEWSTRUCTURE,10,0.9994374453348714
polynomial_mixed,5_6C_19PER_4_6C_NEWSTRUCTURE,11,0.9994369665825029
polynomial_mixed,5_6C_19PER_4_6C_NEWSTRUCTURE,12,0.9994361847678045
polynomial_mixed,5_6C_19PER_4_6C_NEWSTRUCTURE,13,0.9994350998907763
polynomial_mixed,5_6C_19PER_4_6C_NEWSTRUCTURE,14,0.9994337119514181
polynomial_mixed,5_6C_19PER_4_6C_NEWSTRUCTURE,15,0.99943202094973
polynomial_mixed,5_6C_19PER_4_6C_NEWSTRUCTURE,16,0.9994300268857123
polynomial_mixed,5_6C_19PER_4_6C_NEWSTRUCTURE,17,0.9994277297593644
polynomial_mixed,5_6C_19PER_4_6C_NEWSTRUCTURE,18,0.9994251295706869
polynomial_mixed,5_6C_19PER_4_6C_NEWSTRUCTURE,19,0.9994222263196795
polynomial_mixed,5_6C_19PER_4_6C_NEWSTRUCTURE,20,0.9994190200063422
polynomial_mixed,5_6C_19PER_4_6C_NEWSTRUCTURE,21,0.9994155106306749
polynomial_mixed,5_6C_19PER_4_6C_NEWSTRUCTURE,22,0.9994116981926779
polynomial_mixed,5_6C_19PER_4_6C_NEWSTRUCTURE,23,0.9994075826923511
polynomial_mixed,5_6C_19PER_4_6C_NEWSTRUCTURE,24,0.9994031641296943
polynomial_mixed,5_6C_19PER_4_6C_NEWSTRUCTURE,25,0.9993984425047077
polynomial_mixed,5_6C_19PER_4_6C_NEWSTRUCTURE,26,0.9993934178173912
polynomial_mixed,5_6C_19PER_4_6C_NEWSTRUCTURE,27,0.9993880900677449
polynomial_mixed,5_6C_19PER_4_6C_NEWSTRUCTURE,28,0.9993824592557686
polynomial_mixed,5_6C_19PER_4_6C_NEWSTRUCTURE,29,0.9993765253814626
polynomial_mixed,5_6C_19PER_4_6C_NEWSTRUCTURE,30,0.9993702884448267
polynomial_mixed,5_6C_19PER_4_6C_NEWSTRUCTURE,31,0.9993637484458608
polynomial_mixed,5_6C_19PER_4_6C_NEWSTRUCTURE,32,0.9993569053845652
polynomial_mixed,5_6C_19PER_4_6C_NEWSTRUCTURE,33,0.9993497592609397
polynomial_mixed,5_6C_19PER_4_6C_NEWSTRUCTURE,34,0.9993423100749843
polynomial_mixed,5_6C_19PER_4_6C_NEWSTRUCTURE,35,0.9993345578266991
polynomial_mixed,5_6C_19PER_4_6C_NEWSTRUCTURE,36,0.999326502516084
polynomial_mixed,5_6C_19PER_4_6C_NEWSTRUCTURE,37,0.999318144143139
polynomial_mixed,5_6C_19PER_4_6C_NEWSTRUCTURE,38,0.9993094827078642
polynomial_mixed,5_6C_19PER_4_6C_NEWSTRUCTURE,39,0.9993005182102596
polynomial_mixed,5_6C_19PER_4_6C_NEWSTRUCTURE,40,0.999291250650325
polynomial_mixed,5_6C_19PER_4_6C_NEWSTRUCTURE,41,0.9992816800280606
polynomial_mixed,5_6C_19PER_4_6C_NEWSTRUCTURE,42,0.9992718063434664
polynomial_mixed,5_6C_19PER_4_6C_NEWSTRUCTURE,43,0.9992616295965422
polynomial_mixed,5_6C_19PER_4_6C_NEWSTRUCTURE,44,0.9992511497872882
polynomial_mixed,5_6C_19PER_4_6C_NEWSTRUCTURE,45,0.9992403669157044
polynomial_mixed,5_6C_19PER_4_6C_NEWSTRUCTURE,46,0.9992292809817906
polynomial_mixed,5_6C_19PER_4_6C_NEWSTRUCTURE,47,0.9992178919855471
polynomial_mixed,5_6C_19PER_4_6C_NEWSTRUCTURE,48,0.9992061999269737
polynomial_mixed,5_6C_19PER_4_6C_NEWSTRUCTURE,49,0.9991942048060702
polynomial_mixed,5_6C_19PER_4_6C_NEWSTRUCTURE,50,0.9991819066228372
polynomial_mixed,5_6C_19PER_4_6C_NEWSTRUCTURE,51,0.9991693053772741
polynomial_mixed,5_6C_19PER_4_6C_NEWSTRUCTURE,52,0.9991564010693812
polynomial_mixed,5_6C_19PER_4_6C_NEWSTRUCTURE,53,0.9991431936991585
polynomial_mixed,5_6C_19PER_4_6C_NEWSTRUCTURE,54,0.9991296832666059
polynomial_mixed,5_6C_19PER_4_6C_NEWSTRUCTURE,55,0.9991158697717235
polynomial_mixed,5_6C_19PER_4_6C_NEWSTRUCTURE,56,0.9991017532145111
polynomial_mixed,5_6C_19PER_4_6C_NEWSTRUCTURE,57,0.9990873335949688
polynomial_mixed,5_6C_19PER_4_6C_NEWSTRUCTURE,58,0.9990726109130968
polynomial_mixed,5_6C_19PER_4_6C_NEWSTRUCTURE,59,0.9990575851688949
polynomial_mixed,5_6C_19PER_4_6C_NEWSTRUCTURE,60,0.9990422563623631
polynomial_mixed,5_6C_19PER_4_6C_NEWSTRUCTURE,61,0.9990266244935015
polynomial_mixed,5_6C_19PER_4_6C_NEWSTRUCTURE,62,0.99901068956231
polynomial_mixed,5_6C_19PER_4_6C_NEWSTRUCTURE,63,0.9989944515687885
polynomial_mixed,5_6C_19PER_4_6C_NEWSTRUCTURE,64,0.9989779105129374
polynomial_mixed,5_6C_19PER_4_6C_NEWSTRUCTURE,65,0.9989610663947562
polynomial_mixed,5_6C_19PER_4_6C_NEWSTRUCTURE,66,0.9989439192142453
polynomial_mixed,5_6C_19PER_4_6C_NEWSTRUCTURE,67,0.9989264689714046
polynomial_mixed,5_6C_19PER_4_6C_NEWSTRUCTURE,68,0.9989087156662338
polynomial_mixed,5_6C_19PER_4_6C_NEWSTRUCTURE,69,0.9988906592987332
polynomial_mixed,5_6C_19PER_4_6C_NEWSTRUCTURE,70,0.9988722998689029
polynomial_mixed,5_6C_19PER_4_6C_NEWSTRUCTURE,71,0.9988536373767426
polynomial_mixed,5_6C_19PER_4_6C_NEWSTRUCTURE,72,0.9988346718222526
polynomial_mixed,5_6C_19PER_4_6C_NEWSTRUCTURE,73,0.9988154032054325
polynomial_mixed,5_6C_19PER_4_6C_NEWSTRUCTURE,74,0.9987958315262826
polynomial_mixed,5_6C_19PER_4_6C_NEWSTRUCTURE,75,0.998775956784803
polynomial_mixed,5_6C_19PER_4_6C_NEWSTRUCTURE,76,0.9987557789809934
polynomial_mixed,5_6C_19PER_4_6C_NEWSTRUCTURE,77,0.998735298114854
polynomial_mixed,5_6C_19PER_4_6C_NEWSTRUCTURE,78,0.9987145141863847
polynomial_mixed,5_6C_19PER_4_6C_NEWSTRUCTURE,79,0.9986934271955855
polynomial_mixed,5_6C_19PER_4_6C_NEWSTRUCTURE,80,0.9986720371424564
polynomial_mixed,5_6C_19PER_4_6C_NEWSTRUCTURE,81,0.9986503440269976
polynomial_mixed,5_6C_19PER_4_6C_NEWSTRUCTURE,82,0.9986283478492088
polynomial_mixed,5_6C_19PER_4_6C_NEWSTRUCTURE,83,0.9986060486090902
polynomial_mixed,5_6C_19PER_4_6C_NEWSTRUCTURE,84,0.9985834463066418
polynomial_mixed,5_6C_19PER_4_6C_NEWSTRUCTURE,85,0.9985605409418634
polynomial_mixed,5_6C_19PER_4_6C_NEWSTRUCTURE,86,0.9985373325147553
polynomial_mixed,5_6C_19PER_4_6C_NEWSTRUCTURE,87,0.9985138210253172
polynomial_mixed,5_6C_19PER_4_6C_NEWSTRUCTURE,88,0.9984900064735492
polynomial_mixed,5_6C_19PER_4_6C_NEWSTRUCTURE,89,0.9984658888594515
polynomial_mixed,5_6C_19PER_4_6C_NEWSTRUCTURE,90,0.9984414681830238
polynomial_mixed,5_6C_19PER_4_6C_NEWSTRUCTURE,91,0.9984167444442663
polynomial_mixed,5_6C_19PER_4_6C_NEWSTRUCTURE,92,0.998391717643179
polynomial_mixed,5_6C_19PER_4_6C_NEWSTRUCTURE,93,0.9983663877797617
polynomial_mixed,5_6C_19PER_4_6C_NEWSTRUCTURE,94,0.9983407548540146
polynomial_mixed,5_6C_19PER_4_6C_NEWSTRUCTURE,95,0.9983148188659378
polynomial_mixed,5_6C_19PER_4_6C_NEWSTRUCTURE,96,0.9982885798155309
polynomial_mixed,5_6C_19PER_4_6C_NEWSTRUCTURE,97,0.9982620377027942
polynomial_mixed,5_6C_19PER_4_6C_NEWSTRUCTURE,98,0.9982351925277277
polynomial_mixed,5_6C_19PER_4_6C_NEWSTRUCTURE,99,0.9982080442903313
polynomial_mixed,5_6C_19PER_4_6C_NEWSTRUCTURE,100,0.998180592990605
polynomial_mixed,5_6C_19PER_4_6C_NEWSTRUCTURE,101,0.998152838628549
polynomial_mixed,5_6C_19PER_4_6C_NEWSTRUCTURE,102,0.9981247812041629
polynomial_mixed,5_6C_19PER_4_6C_NEWSTRUCTURE,103,0.9980964207174472
polynomial_mixed,5_6C_19PER_4_6C_NEWSTRUCTURE,104,0.9980677571684013
polynomial_mixed,5_6C_19PER_4_6C_NEWSTRUCTURE,105,0.9980387905570258
polynomial_mixed,5_6C_19PER_4_6C_NEWSTRUCTURE,106,0.9980095208833204
polynomial_mixed,5_6C_19PER_4_6C_NEWSTRUCTURE,107,0.9979799481472851
polynomial_mixed,5_6C_19PER_4_6C_NEWSTRUCTURE,108,0.9979500723489199
polynomial_mixed,5_6C_19PER_4_6C_NEWSTRUCTURE,109,0.997919893488225
polynomial_mixed,5_6C_19PER_4_6C_NEWSTRUCTURE,110,0.9978894115652001
polynomial_mixed,5_6C_19PER_4_6C_NEWSTRUCTURE,111,0.9978586265798453
polynomial_mixed,5_6C_19PER_4_6C_NEWSTRUCTURE,112,0.9978275385321608
polynomial_mixed,5_6C_19PER_4_6C_NEWSTRUCTURE,113,0.9977961474221463
polynomial_mixed,5_6C_19PER_4_6C_NEWSTRUCTURE,114,0.9977644532498019
polynomial_mixed,5_6C_19PER_4_6C_NEWSTRUCTURE,115,0.9977324560151277
polynomial_mixed,5_6C_19PER_4_6C_NEWSTRUCTURE,116,0.9977001557181236
polynomial_mixed,5_6C_19PER_4_6C_NEWSTRUCTURE,117,0.9976675523587898
polynomial_mixed,5_6C_19PER_4_6C_NEWSTRUCTURE,118,0.997634645937126
polynomial_mixed,5_6C_19PER_4_6C_NEWSTRUCTURE,119,0.9976014364531324
polynomial_mixed,5_6C_19PER_4_6C_NEWSTRUCTURE,120,0.9975679239068089
polynomial_mixed,5_6C_19PER_4_6C_NEWSTRUCTURE,121,0.9975341082981555
polynomial_mixed,5_6C_19PER_4_6C_NEWSTRUCTURE,122,0.9974999896271722
polynomial_mixed,5_6C_19PER_4_6C_NEWSTRUCTURE,123,0.9974655678938592
polynomial_mixed,5_6C_19PER_4_6C_NEWSTRUCTURE,124,0.9974308430982163
polynomial_mixed,5_6C_19PER_4_6C_NEWSTRUCTURE,125,0.9973958152402435
polynomial_mixed,5_6C_19PER_4_6C_NEWSTRUCTURE,126,0.9973604843199408
polynomial_mixed,5_6C_19PER_4_6C_NEWSTRUCTURE,127,0.9973248503373082
polynomial_mixed,5_6C_19PER_4_6C_NEWSTRUCTURE,128,0.9972889132923458
polynomial_mixed,5_6C_19PER_4_6C_NEWSTRUCTURE,129,0.9972526731850536
polynomial_mixed,5_6C_19PER_4_6C_NEWSTRUCTURE,130,0.9972161300154314
polynomial_mixed,5_6C_19PER_4_6C_NEWSTRUCTURE,131,0.9971792837834794
polynomial_mixed,5_6C_19PER_4_6C_NEWSTRUCTURE,132,0.9971421344891976
polynomial_mixed,5_6C_19PER_4_6C_NEWSTRUCTURE,133,0.997104682132586
polynomial_mixed,5_6C_19PER_4_6C_NEWSTRUCTURE,134,0.9970669267136445
polynomial_mixed,5_6C_19PER_4_6C_NEWSTRUCTURE,135,0.997028868232373
polynomial_mixed,5_6C_19PER_4_6C_NEWSTRUCTURE,136,0.9969905066887716
polynomial_mixed,5_6C_19PER_4_6C_NEWSTRUCTURE,137,0.9969518420828406
polynomial_mixed,5_6C_19PER_4_6C_NEWSTRUCTURE,138,0.9969128744145795
polynomial_mixed,5_6C_19PER_4_6C_NEWSTRUCTURE,139,0.9968736036839886
polynomial_mixed,5_6C_19PER_4_6C_NEWSTRUCTURE,140,0.996834029891068
polynomial_mixed,5_6C_19PER_4_6C_NEWSTRUCTURE,141,0.9967941530358173
polynomial_mixed,5_6C_19PER_4_6C_NEWSTRUCTURE,142,0.9967539731182368
polynomial_mixed,5_6C_19PER_4_6C_NEWSTRUCTURE,143,0.9967134901383266
polynomial_mixed,5_6C_19PER_4_6C_NEWSTRUCTURE,144,0.9966727040960863
polynomial_mixed,5_6C_19PER_4_6C_NEWSTRUCTURE,145,0.9966316149915162
polynomial_mixed,5_6C_19PER_4_6C_NEWSTRUCTURE,146,0.9965902228246164
polynomial_mixed,5_6C_19PER_4_6C_NEWSTRUCTURE,147,0.9965485275953866
polynomial_mixed,5_6C_19PER_4_6C_NEWSTRUCTURE,148,0.9965065293038271
polynomial_mixed,5_6C_19PER_4_6C_NEWSTRUCTURE,149,0.9964642279499375
polynomial_mixed,5_6C_19PER_4_6C_NEWSTRUCTURE,150,0.9964216235337181
polynomial_mixed,5_6C_19PER_4_6C_NEWSTRUCTURE,151,0.996378716055169
polynomial_mixed,5_6C_19PER_4_6C_NEWSTRUCTURE,152,0.9963355055142898
polynomial_mixed,5_6C_19PER_4_6C_NEWSTRUCTURE,153,0.9962919919110809
polynomial_mixed,5_6C_19PER_4_6C_NEWSTRUCTURE,154,0.9962481752455421
polynomial_mixed,5_6C_19PER_4_6C_NEWSTRUCTURE,155,0.9962040555176734
polynomial_mixed,5_6C_19PER_4_6C_NEWSTRUCTURE,156,0.9961596327274749
polynomial_mixed,5_6C_19PER_4_6C_NEWSTRUCTURE,157,0.9961149068749465
polynomial_mixed,5_6C_19PER_4_6C_NEWSTRUCTURE,158,0.9960698779600883
polynomial_mixed,5_6C_19PER_4_6C_NEWSTRUCTURE,159,0.9960245459829001
polynomial_mixed,5_6C_19PER_4_6C_NEWSTRUCTURE,160,0.9959789109433822
polynomial_mixed,5_6C_19PER_4_6C_NEWSTRUCTURE,161,0.9959329728415344
polynomial_mixed,5_6C_19PER_4_6C_NEWSTRUCTURE,162,0.9958867316773566
polynomial_mixed,5_6C_19PER_4_6C_NEWSTRUCTURE,163,0.9958401874508491
polynomial_mixed,5_6C_19PER_4_6C_NEWSTRUCTURE,164,0.9957933401620117
polynomial_mixed,5_6C_19PER_4_6C_NEWSTRUCTURE,165,0.9957461898108445
polynomial_mixed,5_6C_19PER_4_6C_NEWSTRUCTURE,166,0.9956987363973473
polynomial_mixed,5_6C_19PER_4_6C_NEWSTRUCTURE,167,0.9956509799215202
polynomial_mixed,5_6C_19PER_4_6C_NEWSTRUCTURE,168,0.9956029203833634
polynomial_mixed,5_6C_19PER_4_6C_NEWSTRUCTURE,169,0.9955545577828766
polynomial_mixed,5_6C_19PER_4_6C_NEWSTRUCTURE,170,0.99550589212006
polynomial_mixed,5_6C_19PER_4_6C_NEWSTRUCTURE,171,0.9954569233949137
polynomial_mixed,5_6C_19PER_4_6C_NEWSTRUCTURE,172,0.9954076516074373
polynomial_mixed,5_6C_19PER_4_6C_NEWSTRUCTURE,173,0.9953580767576311
polynomial_mixed,5_6C_19PER_4_6C_NEWSTRUCTURE,174,0.9953081988454952
polynomial_mixed,5_6C_19PER_4_6C_NEWSTRUCTURE,175,0.9952580178710292
polynomial_mixed,5_6C_19PER_4_6C_NEWSTRUCTURE,176,0.9952075338342333
polynomial_mixed,5_6C_19PER_4_6C_NEWSTRUCTURE,177,0.9951567467351078
polynomial_mixed,5_6C_19PER_4_6C_NEWSTRUCTURE,178,0.9951056565736522
polynomial_mixed,5_6C_19PER_4_6C_NEWSTRUCTURE,179,0.995054263349867
polynomial_mixed,5_6C_19PER_4_6C_NEWSTRUCTURE,180,0.9950025670637518
polynomial_mixed,5_6C_19PER_4_6C_NEWSTRUCTURE,181,0.9949505677153067
polynomial_mixed,5_6C_19PER_4_6C_NEWSTRUCTURE,182,0.9948982653045317
polynomial_mixed,5_6C_19PER_4_6C_NEWSTRUCTURE,183,0.9948456598314269
polynomial_mixed,5_6C_19PER_4_6C_NEWSTRUCTURE,184,0.9947927512959922
polynomial_mixed,5_6C_19PER_4_6C_NEWSTRUCTURE,185,0.9947395396982278
polynomial_mixed,5_6C_19PER_4_6C_NEWSTRUCTURE,186,0.9946860250381333
polynomial_mixed,5_6C_19PER_4_6C_NEWSTRUCTURE,187,0.9946322073157091
polynomial_mixed,5_6C_19PER_4_6C_NEWSTRUCTURE,188,0.994578086530955
polynomial_mixed,5_6C_19PER_4_6C_NEWSTRUCTURE,189,0.994523662683871
polynomial_mixed,5_6C_19PER_4_6C_NEWSTRUCTURE,190,0.9944689357744572
polynomial_mixed,5_6C_19PER_4_6C_NEWSTRUCTURE,191,0.9944139058027135
polynomial_mixed,5_6C_19PER_4_6C_NEWSTRUCTURE,192,0.9943585727686399
polynomial_mixed,5_6C_19PER_4_6C_NEWSTRUCTURE,193,0.9943029366722365
polynomial_mixed,5_6C_19PER_4_6C_NEWSTRUCTURE,194,0.9942469975135033
polynomial_mixed,5_6C_19PER_4_6C_NEWSTRUCTURE,195,0.99419075529244
polynomial_mixed,5_6C_19PER_4_6C_NEWSTRUCTURE,196,0.9941342100090471
polynomial_mixed,5_6C_19PER_4_6C_NEWSTRUCTURE,197,0.9940773616633243
polynomial_mixed,5_6C_19PER_4_6C_NEWSTRUCTURE,198,0.9940202102552715
polynomial_mixed,5_6C_19PER_4_6C_NEWSTRUCTURE,199,0.993962755784889
polynomial_mixed,5_6C_19PER_4_6C_NEWSTRUCTURE,200,0.9939049982521765
polynomial_mixed,5_6C_36PER_4_3C_NEWSTRUCTURE,1,0.9992977152811522
polynomial_mixed,5_6C_36PER_4_3C_NEWSTRUCTURE,2,0.9993039300844981
polynomial_mixed,5_6C_36PER_4_3C_NEWSTRUCTURE,3,0.9993098444659231
polynomial_mixed,5_6C_36PER_4_3C_NEWSTRUCTURE,4,0.9993154584254268
polynomial_mixed,5_6C_36PER_4_3C_NEWSTRUCTURE,5,0.9993207719630092
polynomial_mixed,5_6C_36PER_4_3C_NEWSTRUCTURE,6,0.9993257850786705
polynomial_mixed,5_6C_36PER_4_3C_NEWSTRUCTURE,7,0.9993304977724108
polynomial_mixed,5_6C_36PER_4_3C_NEWSTRUCTURE,8,0.9993349100442297
polynomial_mixed,5_6C_36PER_4_3C_NEWSTRUCTURE,9,0.9993390218941275
polynomial_mixed,5_6C_36PER_4_3C_NEWSTRUCTURE,10,0.9993428333221042
polynomial_mixed,5_6C_36PER_4_3C_NEWSTRUCTURE,11,0.9993463443281595
polynomial_mixed,5_6C_36PER_4_3C_NEWSTRUCTURE,12,0.9993495549122938
polynomial_mixed,5_6C_36PER_4_3C_NEWSTRUCTURE,13,0.9993524650745069
polynomial_mixed,5_6C_36PER_4_3C_NEWSTRUCTURE,14,0.9993550748147988
polynomial_mixed,5_6C_36PER_4_3C_NEWSTRUCTURE,15,0.9993573841331695
polynomial_mixed,5_6C_36PER_4_3C_NEWSTRUCTURE,16,0.9993593930296192
polynomial_mixed,5_6C_36PER_4_3C_NEWSTRUCTURE,17,0.9993611015041475
polynomial_mixed,5_6C_36PER_4_3C_NEWSTRUCTURE,18,0.9993625095567547
polynomial_mixed,5_6C_36PER_4_3C_NEWSTRUCTURE,19,0.9993636171874407
polynomial_mixed,5_6C_36PER_4_3C_NEWSTRUCTURE,20,0.9993644243962055
polynomial_mixed,5_6C_36PER_4_3C_NEWSTRUCTURE,21,0.9993649311830493
polynomial_mixed,5_6C_36PER_4_3C_NEWSTRUCTURE,22,0.9993651375479717
polynomial_mixed,5_6C_36PER_4_3C_NEWSTRUCTURE,23,0.999365043490973
polynomial_mixed,5_6C_36PER_4_3C_NEWSTRUCTURE,24,0.9993646490120531
polynomial_mixed,5_6C_36PER_4_3C_NEWSTRUCTURE,25,0.9993639541112121
polynomial_mixed,5_6C_36PER_4_3C_NEWSTRUCTURE,26,0.9993629587884498
polynomial_mixed,5_6C_36PER_4_3C_NEWSTRUCTURE,27,0.9993616630437665
polynomial_mixed,5_6C_36PER_4_3C_NEWSTRUCTURE,28,0.999360066877162
polynomial_mixed,5_6C_36PER_4_3C_NEWSTRUCTURE,29,0.9993581702886362
polynomial_mixed,5_6C_36PER_4_3C_NEWSTRUCTURE,30,0.9993559732781893
polynomial_mixed,5_6C_36PER_4_3C_NEWSTRUCTURE,31,0.9993534758458211
polynomial_mixed,5_6C_36PER_4_3C_NEWSTRUCTURE,32,0.9993506779915318
polynomial_mixed,5_6C_36PER_4_3C_NEWSTRUCTURE,33,0.9993475797153214
polynomial_mixed,5_6C_36PER_4_3C_NEWSTRUCTURE,34,0.9993441810171898
polynomial_mixed,5_6C_36PER_4_3C_NEWSTRUCTURE,35,0.9993404818971369
polynomial_mixed,5_6C_36PER_4_3C_NEWSTRUCTURE,36,0.9993364823551629
polynomial_mixed,5_6C_36PER_4_3C_NEWSTRUCTURE,37,0.9993321823912678
polynomial_mixed,5_6C_36PER_4_3C_NEWSTRUCTURE,38,0.9993275820054514
polynomial_mixed,5_6C_36PER_4_3C_NEWSTRUCTURE,39,0.9993226811977138
polynomial_mixed,5_6C_36PER_4_3C_NEWSTRUCTURE,40,0.9993174799680552
polynomial_mixed,5_6C_36PER_4_3C_NEWSTRUCTURE,41,0.9993119783164752
polynomial_mixed,5_6C_36PER_4_3C_NEWSTRUCTURE,42,0.9993061762429741
polynomial_mixed,5_6C_36PER_4_3C_NEWSTRUCTURE,43,0.9993000737475519
polynomial_mixed,5_6C_36PER_4_3C_NEWSTRUCTURE,44,0.9992936708302085
polynomial_mixed,5_6C_36PER_4_3C_NEWSTRUCTURE,45,0.9992869674909439
polynomial_mixed,5_6C_36PER_4_3C_NEWSTRUCTURE,46,0.9992799637297581
polynomial_mixed,5_6C_36PER_4_3C_NEWSTRUCTURE,47,0.9992726595466511
polynomial_mixed,5_6C_36PER_4_3C_NEWSTRUCTURE,48,0.999265054941623
polynomial_mixed,5_6C_36PER_4_3C_NEWSTRUCTURE,49,0.9992571499146737
polynomial_mixed,5_6C_36PER_4_3C_NEWSTRUCTURE,50,0.9992489444658031
polynomial_mixed,5_6C_36PER_4_3C_NEWSTRUCTURE,51,0.9992404385950115
polynomial_mixed,5_6C_36PER_4_3C_NEWSTRUCTURE,52,0.9992316323022987
polynomial_mixed,5_6C_36PER_4_3C_NEWSTRUCTURE,53,0.9992225255876647
polynomial_mixed,5_6C_36PER_4_3C_NEWSTRUCTURE,54,0.9992131184511095
polynomial_mixed,5_6C_36PER_4_3C_NEWSTRUCTURE,55,0.9992034108926331
polynomial_mixed,5_6C_36PER_4_3C_NEWSTRUCTURE,56,0.9991934029122355
polynomial_mixed,5_6C_36PER_4_3C_NEWSTRUCTURE,57,0.9991830945099168
polynomial_mixed,5_6C_36PER_4_3C_NEWSTRUCTURE,58,0.999172485685677
polynomial_mixed,5_6C_36PER_4_3C_NEWSTRUCTURE,59,0.9991615764395158
polynomial_mixed,5_6C_36PER_4_3C_NEWSTRUCTURE,60,0.9991503667714335
polynomial_mixed,5_6C_36PER_4_3C_NEWSTRUCTURE,61,0.9991388566814301
polynomial_mixed,5_6C_36PER_4_3C_NEWSTRUCTURE,62,0.9991270461695054
polynomial_mixed,5_6C_36PER_4_3C_NEWSTRUCTURE,63,0.9991149352356596
polynomial_mixed,5_6C_36PER_4_3C_NEWSTRUCTURE,64,0.9991025238798927
polynomial_mixed,5_6C_36PER_4_3C_NEWSTRUCTURE,65,0.9990898121022045
polynomial_mixed,5_6C_36PER_4_3C_NEWSTRUCTURE,66,0.9990767999025952
polynomial_mixed,5_6C_36PER_4_3C_NEWSTRUCTURE,67,0.9990634872810648
polynomial_mixed,5_6C_36PER_4_3C_NEWSTRUCTURE,68,0.9990498742376129
polynomial_mixed,5_6C_36PER_4_3C_NEWSTRUCTURE,69,0.9990359607722401
polynomial_mixed,5_6C_36PER_4_3C_NEWSTRUCTURE,70,0.9990217468849462
polynomial_mixed,5_6C_36PER_4_3C_NEWSTRUCTURE,71,0.9990072325757309
polynomial_mixed,5_6C_36PER_4_3C_NEWSTRUCTURE,72,0.9989924178445945
polynomial_mixed,5_6C_36PER_4_3C_NEWSTRUCTURE,73,0.998977302691537
polynomial_mixed,5_6C_36PER_4_3C_NEWSTRUCTURE,74,0.9989618871165581
polynomial_mixed,5_6C_36PER_4_3C_NEWSTRUCTURE,75,0.9989461711196582
polynomial_mixed,5_6C_36PER_4_3C_NEWSTRUCTURE,76,0.9989301547008371
polynomial_mixed,5_6C_36PER_4_3C_NEWSTRUCTURE,77,0.9989138378600948
polynomial_mixed,5_6C_36PER_4_3C_NEWSTRUCTURE,78,0.9988972205974314
polynomial_mixed,5_6C_36PER_4_3C_NEWSTRUCTURE,79,0.9988803029128467
polynomial_mixed,5_6C_36PER_4_3C_NEWSTRUCTURE,80,0.9988630848063408
polynomial_mixed,5_6C_36PER_4_3C_NEWSTRUCTURE,81,0.9988455662779139
polynomial_mixed,5_6C_36PER_4_3C_NEWSTRUCTURE,82,0.9988277473275657
polynomial_mixed,5_6C_36PER_4_3C_NEWSTRUCTURE,83,0.9988096279552963
polynomial_mixed,5_6C_36PER_4_3C_NEWSTRUCTURE,84,0.9987912081611058
polynomial_mixed,5_6C_36PER_4_3C_NEWSTRUCTURE,85,0.9987724879449941
polynomial_mixed,5_6C_36PER_4_3C_NEWSTRUCTURE,86,0.9987534673069611
polynomial_mixed,5_6C_36PER_4_3C_NEWSTRUCTURE,87,0.9987341462470071
polynomial_mixed,5_6C_36PER_4_3C_NEWSTRUCTURE,88,0.9987145247651319
polynomial_mixed,5_6C_36PER_4_3C_NEWSTRUCTURE,89,0.9986946028613354
polynomial_mixed,5_6C_36PER_4_3C_NEWSTRUCTURE,90,0.9986743805356179
polynomial_mixed,5_6C_36PER_4_3C_NEWSTRUCTURE,91,0.9986538577879791
polynomial_mixed,5_6C_36PER_4_3C_NEWSTRUCTURE,92,0.9986330346184191
polynomial_mixed,5_6C_36PER_4_3C_NEWSTRUCTURE,93,0.998611911026938
polynomial_mixed,5_6C_36PER_4_3C_NEWSTRUCTURE,94,0.9985904870135357
polynomial_mixed,5_6C_36PER_4_3C_NEWSTRUCTURE,95,0.9985687625782121
polynomial_mixed,5_6C_36PER_4_3C_NEWSTRUCTURE,96,0.9985467377209675
polynomial_mixed,5_6C_36PER_4_3C_NEWSTRUCTURE,97,0.9985244124418017
polynomial_mixed,5_6C_36PER_4_3C_NEWSTRUCTURE,98,0.9985017867407145
polynomial_mixed,5_6C_36PER_4_3C_NEWSTRUCTURE,99,0.9984788606177064
polynomial_mixed,5_6C_36PER_4_3C_NEWSTRUCTURE,100,0.998455634072777
polynomial_mixed,5_6C_36PER_4_3C_NEWSTRUCTURE,101,0.9984321071059264
polynomial_mixed,5_6C_36PER_4_3C_NEWSTRUCTURE,102,0.9984082797171547
polynomial_mixed,5_6C_36PER_4_3C_NEWSTRUCTURE,103,0.9983841519064619
polynomial_mixed,5_6C_36PER_4_3C_NEWSTRUCTURE,104,0.9983597236738477
polynomial_mixed,5_6C_36PER_4_3C_NEWSTRUCTURE,105,0.9983349950193124
polynomial_mixed,5_6C_36PER_4_3C_NEWSTRUCTURE,106,0.998309965942856
polynomial_mixed,5_6C_36PER_4_3C_NEWSTRUCTURE,107,0.9982846364444784
polynomial_mixed,5_6C_36PER_4_3C_NEWSTRUCTURE,108,0.9982590065241796
polynomial_mixed,5_6C_36PER_4_3C_NEWSTRUCTURE,109,0.9982330761819597
polynomial_mixed,5_6C_36PER_4_3C_NEWSTRUCTURE,110,0.9982068454178186
polynomial_mixed,5_6C_36PER_4_3C_NEWSTRUCTURE,111,0.998180314231756
polynomial_mixed,5_6C_36PER_4_3C_NEWSTRUCTURE,112,0.9981534826237726
polynomial_mixed,5_6C_36PER_4_3C_NEWSTRUCTURE,113,0.9981263505938679
polynomial_mixed,5_6C_36PER_4_3C_NEWSTRUCTURE,114,0.9980989181420421
polynomial_mixed,5_6C_36PER_4_3C_NEWSTRUCTURE,115,0.9980711852682951
polynomial_mixed,5_6C_36PER_4_3C_NEWSTRUCTURE,116,0.9980431519726268
polynomial_mixed,5_6C_36PER_4_3C_NEWSTRUCTURE,117,0.9980148182550372
polynomial_mixed,5_6C_36PER_4_3C_NEWSTRUCTURE,118,0.9979861841155268
polynomial_mixed,5_6C_36PER_4_3C_NEWSTRUCTURE,119,0.997957249554095
polynomial_mixed,5_6C_36PER_4_3C_NEWSTRUCTURE,120,0.9979280145707421
polynomial_mixed,5_6C_36PER_4_3C_NEWSTRUCTURE,121,0.997898479165468
polynomial_mixed,5_6C_36PER_4_3C_NEWSTRUCTURE,122,0.9978686433382729
polynomial_mixed,5_6C_36PER_4_3C_NEWSTRUCTURE,123,0.9978385070891561
polynomial_mixed,5_6C_36PER_4_3C_NEWSTRUCTURE,124,0.9978080704181186
polynomial_mixed,5_6C_36PER_4_3C_NEWSTRUCTURE,125,0.9977773333251597
polynomial_mixed,5_6C_36PER_4_3C_NEWSTRUCTURE,126,0.9977462958102797
polynomial_mixed,5_6C_36PER_4_3C_NEWSTRUCTURE,127,0.9977149578734786
polynomial_mixed,5_6C_36PER_4_3C_NEWSTRUCTURE,128,0.9976833195147563
polynomial_mixed,5_6C_36PER_4_3C_NEWSTRUCTURE,129,0.9976513807341126
polynomial_mixed,5_6C_36PER_4_3C_NEWSTRUCTURE,130,0.997619141531548
polynomial_mixed,5_6C_36PER_4_3C_NEWSTRUCTURE,131,0.997586601907062
polynomial_mixed,5_6C_36PER_4_3C_NEWSTRUCTURE,132,0.997553761860655
polynomial_mixed,5_6C_36PER_4_3C_NEWSTRUCTURE,133,0.9975206213923268
polynomial_mixed,5_6C_36PER_4_3C_NEWSTRUCTURE,134,0.9974871805020774
polynomial_mixed,5_6C_36PER_4_3C_NEWSTRUCTURE,135,0.9974534391899067
polynomial_mixed,5_6C_36PER_4_3C_NEWSTRUCTURE,136,0.9974193974558149
polynomial_mixed,5_6C_36PER_4_3C_NEWSTRUCTURE,137,0.997385055299802
polynomial_mixed,5_6C_36PER_4_3C_NEWSTRUCTURE,138,0.9973504127218679
polynomial_mixed,5_6C_36PER_4_3C_NEWSTRUCTURE,139,0.9973154697220126
polynomial_mixed,5_6C_36PER_4_3C_NEWSTRUCTURE,140,0.9972802263002362
polynomial_mixed,5_6C_36PER_4_3C_NEWSTRUCTURE,141,0.9972446824565383
polynomial_mixed,5_6C_36PER_4_3C_NEWSTRUCTURE,142,0.9972088381909195
polynomial_mixed,5_6C_36PER_4_3C_NEWSTRUCTURE,143,0.9971726935033796
polynomial_mixed,5_6C_36PER_4_3C_NEWSTRUCTURE,144,0.9971362483939183
polynomial_mixed,5_6C_36PER_4_3C_NEWSTRUCTURE,145,0.997099502862536
polynomial_mixed,5_6C_36PER_4_3C_NEWSTRUCTURE,146,0.9970624569092325
polynomial_mixed,5_6C_36PER_4_3C_NEWSTRUCTURE,147,0.9970251105340076
polynomial_mixed,5_6C_36PER_4_3C_NEWSTRUCTURE,148,0.9969874637368616
polynomial_mixed,5_6C_36PER_4_3C_NEWSTRUCTURE,149,0.9969495165177946
polynomial_mixed,5_6C_36PER_4_3C_NEWSTRUCTURE,150,0.9969112688768064
polynomial_mixed,5_6C_36PER_4_3C_NEWSTRUCTURE,151,0.996872720813897
polynomial_mixed,5_6C_36PER_4_3C_NEWSTRUCTURE,152,0.9968338723290664
polynomial_mixed,5_6C_36PER_4_3C_NEWSTRUCTURE,153,0.9967947234223145
polynomial_mixed,5_6C_36PER_4_3C_NEWSTRUCTURE,154,0.9967552740936415
polynomial_mixed,5_6C_36PER_4_3C_NEWSTRUCTURE,155,0.9967155243430473
polynomial_mixed,5_6C_36PER_4_3C_NEWSTRUCTURE,156,0.996675474170532
polynomial_mixed,5_6C_36PER_4_3C_NEWSTRUCTURE,157,0.9966351235760955
polynomial_mixed,5_6C_36PER_4_3C_NEWSTRUCTURE,158,0.9965944725597379
polynomial_mixed,5_6C_36PER_4_3C_NEWSTRUCTURE,159,0.9965535211214589
polynomial_mixed,5_6C_36PER_4_3C_NEWSTRUCTURE,160,0.9965122692612588
polynomial_mixed,5_6C_36PER_4_3C_NEWSTRUCTURE,161,0.9964707169791377
polynomial_mixed,5_6C_36PER_4_3C_NEWSTRUCTURE,162,0.9964288642750952
polynomial_mixed,5_6C_36PER_4_3C_NEWSTRUCTURE,163,0.9963867111491318
polynomial_mixed,5_6C_36PER_4_3C_NEWSTRUCTURE,164,0.996344257601247
polynomial_mixed,5_6C_36PER_4_3C_NEWSTRUCTURE,165,0.9963015036314409
polynomial_mixed,5_6C_36PER_4_3C_NEWSTRUCTURE,166,0.9962584492397139
polynomial_mixed,5_6C_36PER_4_3C_NEWSTRUCTURE,167,0.9962150944260656
polynomial_mixed,5_6C_36PER_4_3C_NEWSTRUCTURE,168,0.9961714391904961
polynomial_mixed,5_6C_36PER_4_3C_NEWSTRUCTURE,169,0.9961274835330055
polynomial_mixed,5_6C_36PER_4_3C_NEWSTRUCTURE,170,0.9960832274535938
polynomial_mixed,5_6C_36PER_4_3C_NEWSTRUCTURE,171,0.9960386709522605
polynomial_mixed,5_6C_36PER_4_3C_NEWSTRUCTURE,172,0.9959938140290064
polynomial_mixed,5_6C_36PER_4_3C_NEWSTRUCTURE,173,0.9959486566838311
polynomial_mixed,5_6C_36PER_4_3C_NEWSTRUCTURE,174,0.9959031989167346
polynomial_mixed,5_6C_36PER_4_3C_NEWSTRUCTURE,175,0.9958574407277169
polynomial_mixed,5_6C_36PER_4_3C_NEWSTRUCTURE,176,0.9958113821167781
polynomial_mixed,5_6C_36PER_4_3C_NEWSTRUCTURE,177,0.9957650230839178
polynomial_mixed,5_6C_36PER_4_3C_NEWSTRUCTURE,178,0.9957183636291366
polynomial_mixed,5_6C_36PER_4_3C_NEWSTRUCTURE,179,0.9956714037524342
polynomial_mixed,5_6C_36PER_4_3C_NEWSTRUCTURE,180,0.9956241434538107
polynomial_mixed,5_6C_36PER_4_3C_NEWSTRUCTURE,181,0.9955765827332659
polynomial_mixed,5_6C_36PER_4_3C_NEWSTRUCTURE,182,0.9955287215908
polynomial_mixed,5_6C_36PER_4_3C_NEWSTRUCTURE,183,0.9954805600264126
polynomial_mixed,5_6C_36PER_4_3C_NEWSTRUCTURE,184,0.9954320980401044
polynomial_mixed,5_6C_36PER_4_3C_NEWSTRUCTURE,185,0.995383335631875
polynomial_mixed,5_6C_36PER_4_3C_NEWSTRUCTURE,186,0.9953342728017243
polynomial_mixed,5_6C_36PER_4_3C_NEWSTRUCTURE,187,0.9952849095496524
polynomial_mixed,5_6C_36PER_4_3C_NEWSTRUCTURE,188,0.9952352458756595
polynomial_mixed,5_6C_36PER_4_3C_NEWSTRUCTURE,189,0.9951852817797451
polynomial_mixed,5_6C_36PER_4_3C_NEWSTRUCTURE,190,0.9951350172619098
polynomial_mixed,5_6C_36PER_4_3C_NEWSTRUCTURE,191,0.9950844523221533
polynomial_mixed,5_6C_36PER_4_3C_NEWSTRUCTURE,192,0.9950335869604755
polynomial_mixed,5_6C_36PER_4_3C_NEWSTRUCTURE,193,0.9949824211768766
polynomial_mixed,5_6C_36PER_4_3C_NEWSTRUCTURE,194,0.9949309549713566
polynomial_mixed,5_6C_36PER_4_3C_NEWSTRUCTURE,195,0.9948791883439152
polynomial_mixed,5_6C_36PER_4_3C_NEWSTRUCTURE,196,0.9948271212945528
polynomial_mixed,5_6C_36PER_4_3C_NEWSTRUCTURE,197,0.9947747538232692
polynomial_mixed,5_6C_36PER_4_3C_NEWSTRUCTURE,198,0.9947220859300644
polynomial_mixed,5_6C_36PER_4_3C_NEWSTRUCTURE,199,0.9946691176149385
polynomial_mixed,5_6C_36PER_4_3C_NEWSTRUCTURE,200,0.9946158488778913
polynomial_mixed,3_7C_31PER_5_9C_NEWSTRUCTURE,1,1.001032391218391
polynomial_mixed,3_7C_31PER_5_9C_NEWSTRUCTURE,2,1.0008638502831597
polynomial_mixed,3_7C_31PER_5_9C_NEWSTRUCTURE,3,1.0006951381488058
polynomial_mixed,3_7C_31PER_5_9C_NEWSTRUCTURE,4,1.0005262548153295
polynomial_mixed,3_7C_31PER_5_9C_NEWSTRUCTURE,5,1.0003572002827312
polynomial_mixed,3_7C_31PER_5_9C_NEWSTRUCTURE,6,1.0001879745510103
polynomial_mixed,3_7C_31PER_5_9C_NEWSTRUCTURE,7,1.000018577620167
polynomial_mixed,3_7C_31PER_5_9C_NEWSTRUCTURE,8,0.9998490094902015
polynomial_mixed,3_7C_31PER_5_9C_NEWSTRUCTURE,9,0.9996792701611136
polynomial_mixed,3_7C_31PER_5_9C_NEWSTRUCTURE,10,0.9995093596329033
polynomial_mixed,3_7C_31PER_5_9C_NEWSTRUCTURE,11,0.9993392779055709
polynomial_mixed,3_7C_31PER_5_9C_NEWSTRUCTURE,12,0.9991690249791159
polynomial_mixed,3_7C_31PER_5_9C_NEWSTRUCTURE,13,0.9989986008535385
polynomial_mixed,3_7C_31PER_5_9C_NEWSTRUCTURE,14,0.9988280055288389
polynomial_mixed,3_7C_31PER_5_9C_NEWSTRUCTURE,15,0.9986572390050169
polynomial_mixed,3_7C_31PER_5_9C_NEWSTRUCTURE,16,0.9984863012820727
polynomial_mixed,3_7C_31PER_5_9C_NEWSTRUCTURE,17,0.9983151923600059
polynomial_mixed,3_7C_31PER_5_9C_NEWSTRUCTURE,18,0.9981439122388169
polynomial_mixed,3_7C_31PER_5_9C_NEWSTRUCTURE,19,0.9979724609185056
polynomial_mixed,3_7C_31PER_5_9C_NEWSTRUCTURE,20,0.9978008383990719
polynomial_mixed,3_7C_31PER_5_9C_NEWSTRUCTURE,21,0.9976290446805158
polynomial_mixed,3_7C_31PER_5_9C_NEWSTRUCTURE,22,0.9974570797628374
polynomial_mixed,3_7C_31PER_5_9C_NEWSTRUCTURE,23,0.9972849436460367
polynomial_mixed,3_7C_31PER_5_9C_NEWSTRUCTURE,24,0.9971126363301135
polynomial_mixed,3_7C_31PER_5_9C_NEWSTRUCTURE,25,0.9969401578150681
polynomial_mixed,3_7C_31PER_5_9C_NEWSTRUCTURE,26,0.9967675081009003
polynomial_mixed,3_7C_31PER_5_9C_NEWSTRUCTURE,27,0.9965946871876101
polynomial_mixed,3_7C_31PER_5_9C_NEWSTRUCTURE,28,0.9964216950751977
polynomial_mixed,3_7C_31PER_5_9C_NEWSTRUCTURE,29,0.9962485317636628
polynomial_mixed,3_7C_31PER_5_9C_NEWSTRUCTURE,30,0.9960751972530056
polynomial_mixed,3_7C_31PER_5_9C_NEWSTRUCTURE,31,0.9959016915432262
polynomial_mixed,3_7C_31PER_5_9C_NEWSTRUCTURE,32,0.9957280146343243
polynomial_mixed,3_7C_31PER_5_9C_NEWSTRUCTURE,33,0.9955541665263001
polynomial_mixed,3_7C_31PER_5_9C_NEWSTRUCTURE,34,0.9953801472191535
polynomial_mixed,3_7C_31PER_5_9C_NEWSTRUCTURE,35,0.9952059567128846
polynomial_mixed,3_7C_31PER_5_9C_NEWSTRUCTURE,36,0.9950315950074934
polynomial_mixed,3_7C_31PER_5_9C_NEWSTRUCTURE,37,0.9948570621029798
polynomial_mixed,3_7C_31PER_5_9C_NEWSTRUCTURE,38,0.9946823579993438
polynomial_mixed,3_7C_31PER_5_9C_NEWSTRUCTURE,39,0.9945074826965854
polynomial_mixed,3_7C_31PER_5_9C_NEWSTRUCTURE,40,0.9943324361947048
polynomial_mixed,3_7C_31PER_5_9C_NEWSTRUCTURE,41,0.9941572184937019
polynomial_mixed,3_7C_31PER_5_9C_NEWSTRUCTURE,42,0.9939818295935765
polynomial_mixed,3_7C_31PER_5_9C_NEWSTRUCTURE,43,0.9938062694943288
polynomial_mixed,3_7C_31PER_5_9C_NEWSTRUCTURE,44,0.9936305381959587
polynomial_mixed,3_7C_31PER_5_9C_NEWSTRUCTURE,45,0.9934546356984664
polynomial_mixed,3_7C_31PER_5_9C_NEWSTRUCTURE,46,0.9932785620018517
polynomial_mixed,3_7C_31PER_5_9C_NEWSTRUCTURE,47,0.9931023171061145
polynomial_mixed,3_7C_31PER_5_9C_NEWSTRUCTURE,48,0.9929259010112552
polynomial_mixed,3_7C_31PER_5_9C_NEWSTRUCTURE,49,0.9927493137172734
polynomial_mixed,3_7C_31PER_5_9C_NEWSTRUCTURE,50,0.9925725552241693
polynomial_mixed,3_7C_31PER_5_9C_NEWSTRUCTURE,51,0.9923956255319428
polynomial_mixed,3_7C_31PER_5_9C_NEWSTRUCTURE,52,0.992218524640594
polynomial_mixed,3_7C_31PER_5_9C_NEWSTRUCTURE,53,0.9920412525501229
polynomial_mixed,3_7C_31PER_5_9C_NEWSTRUCTURE,54,0.9918638092605293
polynomial_mixed,3_7C_31PER_5_9C_NEWSTRUCTURE,55,0.9916861947718135
polynomial_mixed,3_7C_31PER_5_9C_NEWSTRUCTURE,56,0.9915084090839753
polynomial_mixed,3_7C_31PER_5_9C_NEWSTRUCTURE,57,0.9913304521970148
polynomial_mixed,3_7C_31PER_5_9C_NEWSTRUCTURE,58,0.9911523241109319
polynomial_mixed,3_7C_31PER_5_9C_NEWSTRUCTURE,59,0.9909740248257266
polynomial_mixed,3_7C_31PER_5_9C_NEWSTRUCTURE,60,0.9907955543413991
polynomial_mixed,3_7C_31PER_5_9C_NEWSTRUCTURE,61,0.9906169126579492
polynomial_mixed,3_7C_31PER_5_9C_NEWSTRUCTURE,62,0.9904380997753768
polynomial_mixed,3_7C_31PER_5_9C_NEWSTRUCTURE,63,0.9902591156936823
polynomial_mixed,3_7C_31PER_5_9C_NEWSTRUCTURE,64,0.9900799604128652
polynomial_mixed,3_7C_31PER_5_9C_NEWSTRUCTURE,65,0.9899006339329259
polynomial_mixed,3_7C_31PER_5_9C_NEWSTRUCTURE,66,0.9897211362538643
polynomial_mixed,3_7C_31PER_5_9C_NEWSTRUCTURE,67,0.9895414673756803
polynomial_mixed,3_7C_31PER_5_9C_NEWSTRUCTURE,68,0.989361627298374
polynomial_mixed,3_7C_31PER_5_9C_NEWSTRUCTURE,69,0.9891816160219452
polynomial_mixed,3_7C_31PER_5_9C_NEWSTRUCTURE,70,0.9890014335463941
polynomial_mixed,3_7C_31PER_5_9C_NEWSTRUCTURE,71,0.9888210798717207
polynomial_mixed,3_7C_31PER_5_9C_NEWSTRUCTURE,72,0.988640554997925
polynomial_mixed,3_7C_31PER_5_9C_NEWSTRUCTURE,73,0.988459858925007
polynomial_mixed,3_7C_31PER_5_9C_NEWSTRUCTURE,74,0.9882789916529664
polynomial_mixed,3_7C_31PER_5_9C_NEWSTRUCTURE,75,0.9880979531818037
polynomial_mixed,3_7C_31PER_5_9C_NEWSTRUCTURE,76,0.9879167435115186
polynomial_mixed,3_7C_31PER_5_9C_NEWSTRUCTURE,77,0.987735362642111
polynomial_mixed,3_7C_31PER_5_9C_NEWSTRUCTURE,78,0.9875538105735813
polynomial_mixed,3_7C_31PER_5_9C_NEWSTRUCTURE,79,0.9873720873059291
polynomial_mixed,3_7C_31PER_5_9C_NEWSTRUCTURE,80,0.9871901928391545
polynomial_mixed,3_7C_31PER_5_9C_NEWSTRUCTURE,81,0.9870081271732577
polynomial_mixed,3_7C_31PER_5_9C_NEWSTRUCTURE,82,0.9868258903082384
polynomial_mixed,3_7C_31PER_5_9C_NEWSTRUCTURE,83,0.9866434822440969
polynomial_mixed,3_7C_31PER_5_9C_NEWSTRUCTURE,84,0.986460902980833
polynomial_mixed,3_7C_31PER_5_9C_NEWSTRUCTURE,85,0.9862781525184467
polynomial_mixed,3_7C_31PER_5_9C_NEWSTRUCTURE,86,0.9860952308569382
polynomial_mixed,3_7C_31PER_5_9C_NEWSTRUCTURE,87,0.9859121379963072
polynomial_mixed,3_7C_31PER_5_9C_NEWSTRUCTURE,88,0.985728873936554
polynomial_mixed,3_7C_31PER_5_9C_NEWSTRUCTURE,89,0.9855454386776782
polynomial_mixed,3_7C_31PER_5_9C_NEWSTRUCTURE,90,0.9853618322196803
polynomial_mixed,3_7C_31PER_5_9C_NEWSTRUCTURE,91,0.98517805456256
polynomial_mixed,3_7C_31PER_5_9C_NEWSTRUCTURE,92,0.9849941057063173
polynomial_mixed,3_7C_31PER_5_9C_NEWSTRUCTURE,93,0.9848099856509522
polynomial_mixed,3_7C_31PER_5_9C_NEWSTRUCTURE,94,0.9846256943964649
polynomial_mixed,3_7C_31PER_5_9C_NEWSTRUCTURE,95,0.9844412319428552
polynomial_mixed,3_7C_31PER_5_9C_NEWSTRUCTURE,96,0.9842565982901231
polynomial_mixed,3_7C_31PER_5_9C_NEWSTRUCTURE,97,0.9840717934382687
polynomial_mixed,3_7C_31PER_5_9C_NEWSTRUCTURE,98,0.9838868173872919
polynomial_mixed,3_7C_31PER_5_9C_NEWSTRUCTURE,99,0.9837016701371929
polynomial_mixed,3_7C_31PER_5_9C_NEWSTRUCTURE,100,0.9835163516879714
polynomial_mixed,3_7C_31PER_5_9C_NEWSTRUCTURE,101,0.9833308620396276
polynomial_mixed,3_7C_31PER_5_9C_NEWSTRUCTURE,102,0.9831452011921613
polynomial_mixed,3_7C_31PER_5_9C_NEWSTRUCTURE,103,0.9829593691455729
polynomial_mixed,3_7C_31PER_5_9C_NEWSTRUCTURE,104,0.982773365899862
polynomial_mixed,3_7C_31PER_5_9C_NEWSTRUCTURE,105,0.9825871914550288
polynomial_mixed,3_7C_31PER_5_9C_NEWSTRUCTURE,106,0.9824008458110733
polynomial_mixed,3_7C_31PER_5_9C_NEWSTRUCTURE,107,0.9822143289679954
polynomial_mixed,3_7C_31PER_5_9C_NEWSTRUCTURE,108,0.9820276409257952
polynomial_mixed,3_7C_31PER_5_9C_NEWSTRUCTURE,109,0.9818407816844726
polynomial_mixed,3_7C_31PER_5_9C_NEWSTRUCTURE,110,0.9816537512440277
polynomial_mixed,3_7C_31PER_5_9C_NEWSTRUCTURE,111,0.9814665496044604
polynomial_mixed,3_7C_31PER_5_9C_NEWSTRUCTURE,112,0.9812791767657708
polynomial_mixed,3_7C_31PER_5_9C_NEWSTRUCTURE,113,0.9810916327279589
polynomial_mixed,3_7C_31PER_5_9C_NEWSTRUCTURE,114,0.9809039174910246
polynomial_mixed,3_7C_31PER_5_9C_NEWSTRUCTURE,115,0.9807160310549679
polynomial_mixed,3_7C_31PER_5_9C_NEWSTRUCTURE,116,0.9805279734197889
polynomial_mixed,3_7C_31PER_5_9C_NEWSTRUCTURE,117,0.9803397445854874
polynomial_mixed,3_7C_31PER_5_9C_NEWSTRUCTURE,118,0.9801513445520639
polynomial_mixed,3_7C_31PER_5_9C_NEWSTRUCTURE,119,0.9799627733195179
polynomial_mixed,3_7C_31PER_5_9C_NEWSTRUCTURE,120,0.9797740308878494
polynomial_mixed,3_7C_31PER_5_9C_NEWSTRUCTURE,121,0.9795851172570587
polynomial_mixed,3_7C_31PER_5_9C_NEWSTRUCTURE,122,0.9793960324271456
polynomial_mixed,3_7C_31PER_5_9C_NEWSTRUCTURE,123,0.9792067763981102
polynomial_mixed,3_7C_31PER_5_9C_NEWSTRUCTURE,124,0.9790173491699524
polynomial_mixed,3_7C_31PER_5_9C_NEWSTRUCTURE,125,0.9788277507426723
polynomial_mixed,3_7C_31PER_5_9C_NEWSTRUCTURE,126,0.9786379811162698
polynomial_mixed,3_7C_31PER_5_9C_NEWSTRUCTURE,127,0.9784480402907448
polynomial_mixed,3_7C_31PER_5_9C_NEWSTRUCTURE,128,0.9782579282660978
polynomial_mixed,3_7C_31PER_5_9C_NEWSTRUCTURE,129,0.9780676450423283
polynomial_mixed,3_7C_31PER_5_9C_NEWSTRUCTURE,130,0.9778771906194363
polynomial_mixed,3_7C_31PER_5_9C_NEWSTRUCTURE,131,0.9776865649974222
polynomial_mixed,3_7C_31PER_5_9C_NEWSTRUCTURE,132,0.9774957681762856
polynomial_mixed,3_7C_31PER_5_9C_NEWSTRUCTURE,133,0.9773048001560267
polynomial_mixed,3_7C_31PER_5_9C_NEWSTRUCTURE,134,0.9771136609366454
polynomial_mixed,3_7C_31PER_5_9C_NEWSTRUCTURE,135,0.9769223505181419
polynomial_mixed,3_7C_31PER_5_9C_NEWSTRUCTURE,136,0.976730868900516
polynomial_mixed,3_7C_31PER_5_9C_NEWSTRUCTURE,137,0.9765392160837676
polynomial_mixed,3_7C_31PER_5_9C_NEWSTRUCTURE,138,0.976347392067897
polynomial_mixed,3_7C_31PER_5_9C_NEWSTRUCTURE,139,0.9761553968529041
polynomial_mixed,3_7C_31PER_5_9C_NEWSTRUCTURE,140,0.9759632304387886
polynomial_mixed,3_7C_31PER_5_9C_NEWSTRUCTURE,141,0.9757708928255511
polynomial_mixed,3_7C_31PER_5_9C_NEWSTRUCTURE,142,0.975578384013191
polynomial_mixed,3_7C_31PER_5_9C_NEWSTRUCTURE,143,0.9753857040017087
polynomial_mixed,3_7C_31PER_5_9C_NEWSTRUCTURE,144,0.975192852791104
polynomial_mixed,3_7C_31PER_5_9C_NEWSTRUCTURE,145,0.9749998303813768
polynomial_mixed,3_7C_31PER_5_9C_NEWSTRUCTURE,146,0.9748066367725274
polynomial_mixed,3_7C_31PER_5_9C_NEWSTRUCTURE,147,0.9746132719645556
polynomial_mixed,3_7C_31PER_5_9C_NEWSTRUCTURE,148,0.9744197359574616
polynomial_mixed,3_7C_31PER_5_9C_NEWSTRUCTURE,149,0.9742260287512452
polynomial_mixed,3_7C_31PER_5_9C_NEWSTRUCTURE,150,0.9740321503459063
polynomial_mixed,3_7C_31PER_5_9C_NEWSTRUCTURE,151,0.9738381007414452
polynomial_mixed,3_7C_31PER_5_9C_NEWSTRUCTURE,152,0.9736438799378616
polynomial_mixed,3_7C_31PER_5_9C_NEWSTRUCTURE,153,0.9734494879351558
polynomial_mixed,3_7C_31PER_5_9C_NEWSTRUCTURE,154,0.9732549247333278
polynomial_mixed,3_7C_31PER_5_9C_NEWSTRUCTURE,155,0.9730601903323771
polynomial_mixed,3_7C_31PER_5_9C_NEWSTRUCTURE,156,0.9728652847323043
polynomial_mixed,3_7C_31PER_5_9C_NEWSTRUCTURE,157,0.972670207933109
polynomial_mixed,3_7C_31PER_5_9C_NEWSTRUCTURE,158,0.9724749599347915
polynomial_mixed,3_7C_31PER_5_9C_NEWSTRUCTURE,159,0.9722795407373516
polynomial_mixed,3_7C_31PER_5_9C_NEWSTRUCTURE,160,0.9720839503407893
polynomial_mixed,3_7C_31PER_5_9C_NEWSTRUCTURE,161,0.9718881887451047
polynomial_mixed,3_7C_31PER_5_9C_NEWSTRUCTURE,162,0.9716922559502976
polynomial_mixed,3_7C_31PER_5_9C_NEWSTRUCTURE,163,0.9714961519563684
polynomial_mixed,3_7C_31PER_5_9C_NEWSTRUCTURE,164,0.9712998767633167
polynomial_mixed,3_7C_31PER_5_9C_NEWSTRUCTURE,165,0.9711034303711428
polynomial_mixed,3_7C_31PER_5_9C_NEWSTRUCTURE,166,0.9709068127798465
polynomial_mixed,3_7C_31PER_5_9C_NEWSTRUCTURE,167,0.9707100239894276
polynomial_mixed,3_7C_31PER_5_9C_NEWSTRUCTURE,168,0.9705130639998867
polynomial_mixed,3_7C_31PER_5_9C_NEWSTRUCTURE,169,0.9703159328112233
polynomial_mixed,3_7C_31PER_5_9C_NEWSTRUCTURE,170,0.9701186304234375
polynomial_mixed,3_7C_31PER_5_9C_NEWSTRUCTURE,171,0.9699211568365295
polynomial_mixed,3_7C_31PER_5_9C_NEWSTRUCTURE,172,0.969723512050499
polynomial_mixed,3_7C_31PER_5_9C_NEWSTRUCTURE,173,0.9695256960653462
polynomial_mixed,3_7C_31PER_5_9C_NEWSTRUCTURE,174,0.9693277088810712
polynomial_mixed,3_7C_31PER_5_9C_NEWSTRUCTURE,175,0.9691295504976737
polynomial_mixed,3_7C_31PER_5_9C_NEWSTRUCTURE,176,0.9689312209151539
polynomial_mixed,3_7C_31PER_5_9C_NEWSTRUCTURE,177,0.9687327201335116
polynomial_mixed,3_7C_31PER_5_9C_NEWSTRUCTURE,178,0.9685340481527472
polynomial_mixed,3_7C_31PER_5_9C_NEWSTRUCTURE,179,0.9683352049728604
polynomial_mixed,3_7C_31PER_5_9C_NEWSTRUCTURE,180,0.9681361905938511
polynomial_mixed,3_7C_31PER_5_9C_NEWSTRUCTURE,181,0.9679370050157196
polynomial_mixed,3_7C_31PER_5_9C_NEWSTRUCTURE,182,0.9677376482384656
polynomial_mixed,3_7C_31PER_5_9C_NEWSTRUCTURE,183,0.9675381202620894
polynomial_mixed,3_7C_31PER_5_9C_NEWSTRUCTURE,184,0.9673384210865908
polynomial_mixed,3_7C_31PER_5_9C_NEWSTRUCTURE,185,0.9671385507119699
polynomial_mixed,3_7C_31PER_5_9C_NEWSTRUCTURE,186,0.9669385091382267
polynomial_mixed,3_7C_31PER_5_9C_NEWSTRUCTURE,187,0.9667382963653609
polynomial_mixed,3_7C_31PER_5_9C_NEWSTRUCTURE,188,0.966537912393373
polynomial_mixed,3_7C_31PER_5_9C_NEWSTRUCTURE,189,0.9663373572222628
polynomial_mixed,3_7C_31PER_5_9C_NEWSTRUCTURE,190,0.96613663085203
polynomial_mixed,3_7C_31PER_5_9C_NEWSTRUCTURE,191,0.965935733282675
polynomial_mixed,3_7C_31PER_5_9C_NEWSTRUCTURE,192,0.9657346645141976
polynomial_mixed,3_7C_31PER_5_9C_NEWSTRUCTURE,193,0.965533424546598
polynomial_mixed,3_7C_31PER_5_9C_NEWSTRUCTURE,194,0.965332013379876
polynomial_mixed,3_7C_31PER_5_9C_NEWSTRUCTURE,195,0.9651304310140315
polynomial_mixed,3_7C_31PER_5_9C_NEWSTRUCTURE,196,0.9649286774490647
polynomial_mixed,3_7C_31PER_5_9C_NEWSTRUCTURE,197,0.9647267526849755
polynomial_mixed,3_7C_31PER_5_9C_NEWSTRUCTURE,198,0.9645246567217641
polynomial_mixed,3_7C_31PER_5_9C_NEWSTRUCTURE,199,0.9643223895594304
polynomial_mixed,3_7C_31PER_5_9C_NEWSTRUCTURE,200,0.9641199511979742
polynomial_mixed,4_8C_80PER_4_8C_NEWSTRUCTURE,1,0.9916453337652323
polynomial_mixed,4_8C_80PER_4_8C_NEWSTRUCTURE,2,0.9916574203403085
polynomial_mixed,4_8C_80PER_4_8C_NEWSTRUCTURE,3,0.9916692150362094
polynomial_mixed,4_8C_80PER_4_8C_NEWSTRUCTURE,4,0.9916807178529355
polynomial_mixed,4_8C_80PER_4_8C_NEWSTRUCTURE,5,0.9916919287904866
polynomial_mixed,4_8C_80PER_4_8C_NEWSTRUCTURE,6,0.9917028478488629
polynomial_mixed,4_8C_80PER_4_8C_NEWSTRUCTURE,7,0.9917134750280641
polynomial_mixed,4_8C_80PER_4_8C_NEWSTRUCTURE,8,0.9917238103280904
polynomial_mixed,4_8C_80PER_4_8C_NEWSTRUCTURE,9,0.9917338537489419
polynomial_mixed,4_8C_80PER_4_8C_NEWSTRUCTURE,10,0.9917436052906182
polynomial_mixed,4_8C_80PER_4_8C_NEWSTRUCTURE,11,0.9917530649531197
polynomial_mixed,4_8C_80PER_4_8C_NEWSTRUCTURE,12,0.9917622327364463
polynomial_mixed,4_8C_80PER_4_8C_NEWSTRUCTURE,13,0.9917711086405978
polynomial_mixed,4_8C_80PER_4_8C_NEWSTRUCTURE,14,0.9917796926655744
polynomial_mixed,4_8C_80PER_4_8C_NEWSTRUCTURE,15,0.9917879848113761
polynomial_mixed,4_8C_80PER_4_8C_NEWSTRUCTURE,16,0.9917959850780028
polynomial_mixed,4_8C_80PER_4_8C_NEWSTRUCTURE,17,0.9918036934654546
polynomial_mixed,4_8C_80PER_4_8C_NEWSTRUCTURE,18,0.9918111099737315
polynomial_mixed,4_8C_80PER_4_8C_NEWSTRUCTURE,19,0.9918182346028334
polynomial_mixed,4_8C_80PER_4_8C_NEWSTRUCTURE,20,0.9918250673527603
polynomial_mixed,4_8C_80PER_4_8C_NEWSTRUCTURE,21,0.9918316082235124
polynomial_mixed,4_8C_80PER_4_8C_NEWSTRUCTURE,22,0.9918378572150893
polynomial_mixed,4_8C_80PER_4_8C_NEWSTRUCTURE,23,0.9918438143274916
polynomial_mixed,4_8C_80PER_4_8C_NEWSTRUCTURE,24,0.9918494795607187
polynomial_mixed,4_8C_80PER_4_8C_NEWSTRUCTURE,25,0.9918548529147709
polynomial_mixed,4_8C_80PER_4_8C_NEWSTRUCTURE,26,0.9918599343896483
polynomial_mixed,4_8C_80PER_4_8C_NEWSTRUCTURE,27,0.9918647239853505
polynomial_mixed,4_8C_80PER_4_8C_NEWSTRUCTURE,28,0.991869221701878
polynomial_mixed,4_8C_80PER_4_8C_NEWSTRUCTURE,29,0.9918734275392305
polynomial_mixed,4_8C_80PER_4_8C_NEWSTRUCTURE,30,0.9918773414974079
polynomial_mixed,4_8C_80PER_4_8C_NEWSTRUCTURE,31,0.9918809635764104
polynomial_mixed,4_8C_80PER_4_8C_NEWSTRUCTURE,32,0.991884293776238
polynomial_mixed,4_8C_80PER_4_8C_NEWSTRUCTURE,33,0.9918873320968907
polynomial_mixed,4_8C_80PER_4_8C_NEWSTRUCTURE,34,0.9918900785383684
polynomial_mixed,4_8C_80PER_4_8C_NEWSTRUCTURE,35,0.9918925331006712
polynomial_mixed,4_8C_80PER_4_8C_NEWSTRUCTURE,36,0.9918946957837991
polynomial_mixed,4_8C_80PER_4_8C_NEWSTRUCTURE,37,0.9918965665877519
polynomial_mixed,4_8C_80PER_4_8C_NEWSTRUCTURE,38,0.9918981455125299
polynomial_mixed,4_8C_80PER_4_8C_NEWSTRUCTURE,39,0.991899432558133
polynomial_mixed,4_8C_80PER_4_8C_NEWSTRUCTURE,40,0.9919004277245609
polynomial_mixed,4_8C_80PER_4_8C_NEWSTRUCTURE,41,0.991901131011814
polynomial_mixed,4_8C_80PER_4_8C_NEWSTRUCTURE,42,0.9919015424198921
polynomial_mixed,4_8C_80PER_4_8C_NEWSTRUCTURE,43,0.9919016619487954
polynomial_mixed,4_8C_80PER_4_8C_NEWSTRUCTURE,44,0.9919014895985236
polynomial_mixed,4_8C_80PER_4_8C_NEWSTRUCTURE,45,0.991901025369077
polynomial_mixed,4_8C_80PER_4_8C_NEWSTRUCTURE,46,0.9919002692604554
polynomial_mixed,4_8C_80PER_4_8C_NEWSTRUCTURE,47,0.9918992212726587
polynomial_mixed,4_8C_80PER_4_8C_NEWSTRUCTURE,48,0.9918978814056872
polynomial_mixed,4_8C_80PER_4_8C_NEWSTRUCTURE,49,0.9918962496595407
polynomial_mixed,4_8C_80PER_4_8C_NEWSTRUCTURE,50,0.9918943260342193
polynomial_mixed,4_8C_80PER_4_8C_NEWSTRUCTURE,51,0.991892110529723
polynomial_mixed,4_8C_80PER_4_8C_NEWSTRUCTURE,52,0.9918896031460517
polynomial_mixed,4_8C_80PER_4_8C_NEWSTRUCTURE,53,0.9918868038832055
polynomial_mixed,4_8C_80PER_4_8C_NEWSTRUCTURE,54,0.9918837127411843
polynomial_mixed,4_8C_80PER_4_8C_NEWSTRUCTURE,55,0.9918803297199881
polynomial_mixed,4_8C_80PER_4_8C_NEWSTRUCTURE,56,0.9918766548196171
polynomial_mixed,4_8C_80PER_4_8C_NEWSTRUCTURE,57,0.991872688040071
polynomial_mixed,4_8C_80PER_4_8C_NEWSTRUCTURE,58,0.99186842938135
polynomial_mixed,4_8C_80PER_4_8C_NEWSTRUCTURE,59,0.9918638788434541
polynomial_mixed,4_8C_80PER_4_8C_NEWSTRUCTURE,60,0.9918590364263833
polynomial_mixed,4_8C_80PER_4_8C_NEWSTRUCTURE,61,0.9918539021301375
polynomial_mixed,4_8C_80PER_4_8C_NEWSTRUCTURE,62,0.9918484759547167
polynomial_mixed,4_8C_80PER_4_8C_NEWSTRUCTURE,63,0.991842757900121
polynomial_mixed,4_8C_80PER_4_8C_NEWSTRUCTURE,64,0.9918367479663504
polynomial_mixed,4_8C_80PER_4_8C_NEWSTRUCTURE,65,0.9918304461534048
polynomial_mixed,4_8C_80PER_4_8C_NEWSTRUCTURE,66,0.9918238524612841
polynomial_mixed,4_8C_80PER_4_8C_NEWSTRUCTURE,67,0.9918169668899888
polynomial_mixed,4_8C_80PER_4_8C_NEWSTRUCTURE,68,0.9918097894395183
polynomial_mixed,4_8C_80PER_4_8C_NEWSTRUCTURE,69,0.9918023201098729
polynomial_mixed,4_8C_80PER_4_8C_NEWSTRUCTURE,70,0.9917945589010526
polynomial_mixed,4_8C_80PER_4_8C_NEWSTRUCTURE,71,0.9917865058130574
polynomial_mixed,4_8C_80PER_4_8C_NEWSTRUCTURE,72,0.9917781608458871
polynomial_mixed,4_8C_80PER_4_8C_NEWSTRUCTURE,73,0.991769523999542
polynomial_mixed,4_8C_80PER_4_8C_NEWSTRUCTURE,74,0.9917605952740218
polynomial_mixed,4_8C_80PER_4_8C_NEWSTRUCTURE,75,0.9917513746693268
polynomial_mixed,4_8C_80PER_4_8C_NEWSTRUCTURE,76,0.9917418621854568
polynomial_mixed,4_8C_80PER_4_8C_NEWSTRUCTURE,77,0.9917320578224119
polynomial_mixed,4_8C_80PER_4_8C_NEWSTRUCTURE,78,0.991721961580192
polynomial_mixed,4_8C_80PER_4_8C_NEWSTRUCTURE,79,0.9917115734587971
polynomial_mixed,4_8C_80PER_4_8C_NEWSTRUCTURE,80,0.9917008934582274
polynomial_mixed,4_8C_80PER_4_8C_NEWSTRUCTURE,81,0.9916899215784827
polynomial_mixed,4_8C_80PER_4_8C_NEWSTRUCTURE,82,0.991678657819563
polynomial_mixed,4_8C_80PER_4_8C_NEWSTRUCTURE,83,0.9916671021814683
polynomial_mixed,4_8C_80PER_4_8C_NEWSTRUCTURE,84,0.9916552546641988
polynomial_mixed,4_8C_80PER_4_8C_NEWSTRUCTURE,85,0.9916431152677543
polynomial_mixed,4_8C_80PER_4_8C_NEWSTRUCTURE,86,0.9916306839921348
polynomial_mixed,4_8C_80PER_4_8C_NEWSTRUCTURE,87,0.9916179608373404
polynomial_mixed,4_8C_80PER_4_8C_NEWSTRUCTURE,88,0.9916049458033711
polynomial_mixed,4_8C_80PER_4_8C_NEWSTRUCTURE,89,0.9915916388902268
polynomial_mixed,4_8C_80PER_4_8C_NEWSTRUCTURE,90,0.9915780400979076
polynomial_mixed,4_8C_80PER_4_8C_NEWSTRUCTURE,91,0.9915641494264135
polynomial_mixed,4_8C_80PER_4_8C_NEWSTRUCTURE,92,0.9915499668757443
polynomial_mixed,4_8C_80PER_4_8C_NEWSTRUCTURE,93,0.9915354924459001
polynomial_mixed,4_8C_80PER_4_8C_NEWSTRUCTURE,94,0.9915207261368812
polynomial_mixed,4_8C_80PER_4_8C_NEWSTRUCTURE,95,0.9915056679486872
polynomial_mixed,4_8C_80PER_4_8C_NEWSTRUCTURE,96,0.9914903178813183
polynomial_mixed,4_8C_80PER_4_8C_NEWSTRUCTURE,97,0.9914746759347745
polynomial_mixed,4_8C_80PER_4_8C_NEWSTRUCTURE,98,0.9914587421090557
polynomial_mixed,4_8C_80PER_4_8C_NEWSTRUCTURE,99,0.9914425164041619
polynomial_mixed,4_8C_80PER_4_8C_NEWSTRUCTURE,100,0.9914259988200932
polynomial_mixed,4_8C_80PER_4_8C_NEWSTRUCTURE,101,0.9914091893568496
polynomial_mixed,4_8C_80PER_4_8C_NEWSTRUCTURE,102,0.991392088014431
polynomial_mixed,4_8C_80PER_4_8C_NEWSTRUCTURE,103,0.9913746947928375
polynomial_mixed,4_8C_80PER_4_8C_NEWSTRUCTURE,104,0.9913570096920691
polynomial_mixed,4_8C_80PER_4_8C_NEWSTRUCTURE,105,0.9913390327121256
polynomial_mixed,4_8C_80PER_4_8C_NEWSTRUCTURE,106,0.9913207638530072
polynomial_mixed,4_8C_80PER_4_8C_NEWSTRUCTURE,107,0.991302203114714
polynomial_mixed,4_8C_80PER_4_8C_NEWSTRUCTURE,108,0.9912833504972457
polynomial_mixed,4_8C_80PER_4_8C_NEWSTRUCTURE,109,0.9912642060006025
polynomial_mixed,4_8C_80PER_4_8C_NEWSTRUCTURE,110,0.9912447696247842
polynomial_mixed,4_8C_80PER_4_8C_NEWSTRUCTURE,111,0.9912250413697913
polynomial_mixed,4_8C_80PER_4_8C_NEWSTRUCTURE,112,0.9912050212356232
polynomial_mixed,4_8C_80PER_4_8C_NEWSTRUCTURE,113,0.9911847092222802
polynomial_mixed,4_8C_80PER_4_8C_NEWSTRUCTURE,114,0.9911641053297623
polynomial_mixed,4_8C_80PER_4_8C_NEWSTRUCTURE,115,0.9911432095580694
polynomial_mixed,4_8C_80PER_4_8C_NEWSTRUCTURE,116,0.9911220219072016
polynomial_mixed,4_8C_80PER_4_8C_NEWSTRUCTURE,117,0.9911005423771588
polynomial_mixed,4_8C_80PER_4_8C_NEWSTRUCTURE,118,0.9910787709679412
polynomial_mixed,4_8C_80PER_4_8C_NEWSTRUCTURE,119,0.9910567076795485
polynomial_mixed,4_8C_80PER_4_8C_NEWSTRUCTURE,120,0.9910343525119808
polynomial_mixed,4_8C_80PER_4_8C_NEWSTRUCTURE,121,0.9910117054652383
polynomial_mixed,4_8C_80PER_4_8C_NEWSTRUCTURE,122,0.9909887665393208
polynomial_mixed,4_8C_80PER_4_8C_NEWSTRUCTURE,123,0.9909655357342283
polynomial_mixed,4_8C_80PER_4_8C_NEWSTRUCTURE,124,0.990942013049961
polynomial_mixed,4_8C_80PER_4_8C_NEWSTRUCTURE,125,0.9909181984865186
polynomial_mixed,4_8C_80PER_4_8C_NEWSTRUCTURE,126,0.9908940920439013
polynomial_mixed,4_8C_80PER_4_8C_NEWSTRUCTURE,127,0.9908696937221091
polynomial_mixed,4_8C_80PER_4_8C_NEWSTRUCTURE,128,0.990845003521142
polynomial_mixed,4_8C_80PER_4_8C_NEWSTRUCTURE,129,0.9908200214409999
polynomial_mixed,4_8C_80PER_4_8C_NEWSTRUCTURE,130,0.9907947474816828
polynomial_mixed,4_8C_80PER_4_8C_NEWSTRUCTURE,131,0.9907691816431908
polynomial_mixed,4_8C_80PER_4_8C_NEWSTRUCTURE,132,0.9907433239255239
polynomial_mixed,4_8C_80PER_4_8C_NEWSTRUCTURE,133,0.990717174328682
polynomial_mixed,4_8C_80PER_4_8C_NEWSTRUCTURE,134,0.9906907328526652
polynomial_mixed,4_8C_80PER_4_8C_NEWSTRUCTURE,135,0.9906639994974734
polynomial_mixed,4_8C_80PER_4_8C_NEWSTRUCTURE,136,0.9906369742631066
polynomial_mixed,4_8C_80PER_4_8C_NEWSTRUCTURE,137,0.990609657149565
polynomial_mixed,4_8C_80PER_4_8C_NEWSTRUCTURE,138,0.9905820481568484
polynomial_mixed,4_8C_80PER_4_8C_NEWSTRUCTURE,139,0.9905541472849567
polynomial_mixed,4_8C_80PER_4_8C_NEWSTRUCTURE,140,0.9905259545338903
polynomial_mixed,4_8C_80PER_4_8C_NEWSTRUCTURE,141,0.9904974699036488
polynomial_mixed,4_8C_80PER_4_8C_NEWSTRUCTURE,142,0.9904686933942324
polynomial_mixed,4_8C_80PER_4_8C_NEWSTRUCTURE,143,0.990439625005641
polynomial_mixed,4_8C_80PER_4_8C_NEWSTRUCTURE,144,0.9904102647378746
polynomial_mixed,4_8C_80PER_4_8C_NEWSTRUCTURE,145,0.9903806125909335
polynomial_mixed,4_8C_80PER_4_8C_NEWSTRUCTURE,146,0.9903506685648173
polynomial_mixed,4_8C_80PER_4_8C_NEWSTRUCTURE,147,0.9903204326595261
polynomial_mixed,4_8C_80PER_4_8C_NEWSTRUCTURE,148,0.9902899048750601
polynomial_mixed,4_8C_80PER_4_8C_NEWSTRUCTURE,149,0.990259085211419
polynomial_mixed,4_8C_80PER_4_8C_NEWSTRUCTURE,150,0.990227973668603
polynomial_mixed,4_8C_80PER_4_8C_NEWSTRUCTURE,151,0.9901965702466122
polynomial_mixed,4_8C_80PER_4_8C_NEWSTRUCTURE,152,0.9901648749454464
polynomial_mixed,4_8C_80PER_4_8C_NEWSTRUCTURE,153,0.9901328877651056
polynomial_mixed,4_8C_80PER_4_8C_NEWSTRUCTURE,154,0.9901006087055897
polynomial_mixed,4_8C_80PER_4_8C_NEWSTRUCTURE,155,0.9900680377668991
polynomial_mixed,4_8C_80PER_4_8C_NEWSTRUCTURE,156,0.9900351749490334
polynomial_mixed,4_8C_80PER_4_8C_NEWSTRUCTURE,157,0.9900020202519928
polynomial_mixed,4_8C_80PER_4_8C_NEWSTRUCTURE,158,0.9899685736757773
polynomial_mixed,4_8C_80PER_4_8C_NEWSTRUCTURE,159,0.9899348352203868
polynomial_mixed,4_8C_80PER_4_8C_NEWSTRUCTURE,160,0.9899008048858213
polynomial_mixed,4_8C_80PER_4_8C_NEWSTRUCTURE,161,0.989866482672081
polynomial_mixed,4_8C_80PER_4_8C_NEWSTRUCTURE,162,0.9898318685791657
polynomial_mixed,4_8C_80PER_4_8C_NEWSTRUCTURE,163,0.9897969626070754
polynomial_mixed,4_8C_80PER_4_8C_NEWSTRUCTURE,164,0.9897617647558102
polynomial_mixed,4_8C_80PER_4_8C_NEWSTRUCTURE,165,0.9897262750253701
polynomial_mixed,4_8C_80PER_4_8C_NEWSTRUCTURE,166,0.989690493415755
polynomial_mixed,4_8C_80PER_4_8C_NEWSTRUCTURE,167,0.9896544199269649
polynomial_mixed,4_8C_80PER_4_8C_NEWSTRUCTURE,168,0.989618054559
polynomial_mixed,4_8C_80PER_4_8C_NEWSTRUCTURE,169,0.98958139731186
polynomial_mixed,4_8C_80PER_4_8C_NEWSTRUCTURE,170,0.9895444481855451
polynomial_mixed,4_8C_80PER_4_8C_NEWSTRUCTURE,171,0.9895072071800552
polynomial_mixed,4_8C_80PER_4_8C_NEWSTRUCTURE,172,0.9894696742953906
polynomial_mixed,4_8C_80PER_4_8C_NEWSTRUCTURE,173,0.9894318495315508
polynomial_mixed,4_8C_80PER_4_8C_NEWSTRUCTURE,174,0.989393732888536
polynomial_mixed,4_8C_80PER_4_8C_NEWSTRUCTURE,175,0.9893553243663465
polynomial_mixed,4_8C_80PER_4_8C_NEWSTRUCTURE,176,0.989316623964982
polynomial_mixed,4_8C_80PER_4_8C_NEWSTRUCTURE,177,0.9892776316844425
polynomial_mixed,4_8C_80PER_4_8C_NEWSTRUCTURE,178,0.989238347524728
polynomial_mixed,4_8C_80PER_4_8C_NEWSTRUCTURE,179,0.9891987714858387
polynomial_mixed,4_8C_80PER_4_8C_NEWSTRUCTURE,180,0.9891589035677743
polynomial_mixed,4_8C_80PER_4_8C_NEWSTRUCTURE,181,0.989118743770535
polynomial_mixed,4_8C_80PER_4_8C_NEWSTRUCTURE,182,0.9890782920941208
polynomial_mixed,4_8C_80PER_4_8C_NEWSTRUCTURE,183,0.9890375485385317
polynomial_mixed,4_8C_80PER_4_8C_NEWSTRUCTURE,184,0.9889965131037675
polynomial_mixed,4_8C_80PER_4_8C_NEWSTRUCTURE,185,0.9889551857898284
polynomial_mixed,4_8C_80PER_4_8C_NEWSTRUCTURE,186,0.9889135665967145
polynomial_mixed,4_8C_80PER_4_8C_NEWSTRUCTURE,187,0.9888716555244255
polynomial_mixed,4_8C_80PER_4_8C_NEWSTRUCTURE,188,0.9888294525729615
polynomial_mixed,4_8C_80PER_4_8C_NEWSTRUCTURE,189,0.9887869577423227
polynomial_mixed,4_8C_80PER_4_8C_NEWSTRUCTURE,190,0.9887441710325089
polynomial_mixed,4_8C_80PER_4_8C_NEWSTRUCTURE,191,0.9887010924435201
polynomial_mixed,4_8C_80PER_4_8C_NEWSTRUCTURE,192,0.9886577219753565
polynomial_mixed,4_8C_80PER_4_8C_NEWSTRUCTURE,193,0.9886140596280178
polynomial_mixed,4_8C_80PER_4_8C_NEWSTRUCTURE,194,0.9885701054015043
polynomial_mixed,4_8C_80PER_4_8C_NEWSTRUCTURE,195,0.9885258592958157
polynomial_mixed,4_8C_80PER_4_8C_NEWSTRUCTURE,196,0.9884813213109523
polynomial_mixed,4_8C_80PER_4_8C_NEWSTRUCTURE,197,0.9884364914469138
polynomial_mixed,4_8C_80PER_4_8C_NEWSTRUCTURE,198,0.9883913697037005
polynomial_mixed,4_8C_80PER_4_8C_NEWSTRUCTURE,199,0.9883459560813123
polynomial_mixed,4_8C_80PER_4_8C_NEWSTRUCTURE,200,0.9883002505797489
spline_mixed,3_6C-80PER_3_6C,1,0.9971374485803688
spline_mixed,3_6C-80PER_3_6C,2,0.9972918261885275
spline_mixed,3_6C-80PER_3_6C,3,0.9974416925275529
spline_mixed,3_6C-80PER_3_6C,4,0.9975871070322215
spline_mixed,3_6C-80PER_3_6C,5,0.9977281291373112
spline_mixed,3_6C-80PER_3_6C,6,0.9978648182775989
spline_mixed,3_6C-80PER_3_6C,7,0.9979972338878619
spline_mixed,3_6C-80PER_3_6C,8,0.9981254354028773
spline_mixed,3_6C-80PER_3_6C,9,0.9982494822574227
spline_mixed,3_6C-80PER_3_6C,10,0.9983694338862749
spline_mixed,3_6C-80PER_3_6C,11,0.9984853497242114
spline_mixed,3_6C-80PER_3_6C,12,0.9985972892060093
spline_mixed,3_6C-80PER_3_6C,13,0.9987053117664461
spline_mixed,3_6C-80PER_3_6C,14,0.9988094768402986
spline_mixed,3_6C-80PER_3_6C,15,0.9989098438623445
spline_mixed,3_6C-80PER_3_6C,16,0.9990064722673606
spline_mixed,3_6C-80PER_3_6C,17,0.9990994214901245
spline_mixed,3_6C-80PER_3_6C,18,0.9991887509654132
spline_mixed,3_6C-80PER_3_6C,19,0.9992745201280041
spline_mixed,3_6C-80PER_3_6C,20,0.9993567884126744
spline_mixed,3_6C-80PER_3_6C,21,0.9994356152542011
spline_mixed,3_6C-80PER_3_6C,22,0.9995110600873618
spline_mixed,3_6C-80PER_3_6C,23,0.9995831823469333
spline_mixed,3_6C-80PER_3_6C,24,0.9996520414676934
spline_mixed,3_6C-80PER_3_6C,25,0.9997176968844188
spline_mixed,3_6C-80PER_3_6C,26,0.9997802080318872
spline_mixed,3_6C-80PER_3_6C,27,0.9998396343448754
spline_mixed,3_6C-80PER_3_6C,28,0.999896035258161
spline_mixed,3_6C-80PER_3_6C,29,0.999949470206521
spline_mixed,3_6C-80PER_3_6C,30,0.9999999986247327
spline_mixed,3_6C-80PER_3_6C,31,1.0000476799475735
spline_mixed,3_6C-80PER_3_6C,32,1.00009257360982
spline_mixed,3_6C-80PER_3_6C,33,1.0001347390462505
spline_mixed,3_6C-80PER_3_6C,34,1.0001742356916414
spline_mixed,3_6C-80PER_3_6C,35,1.0002111229807702
spline_mixed,3_6C-80PER_3_6C,36,1.000245460348414
spline_mixed,3_6C-80PER_3_6C,37,1.0002773072293503
spline_mixed,3_6C-80PER_3_6C,38,1.0003067230583562
spline_mixed,3_6C-80PER_3_6C,39,1.000333767270209
spline_mixed,3_6C-80PER_3_6C,40,1.0003584992996857
spline_mixed,3_6C-80PER_3_6C,41,1.0003809785815638
spline_mixed,3_6C-80PER_3_6C,42,1.0004012645506204
spline_mixed,3_6C-80PER_3_6C,43,1.000419416641633
spline_mixed,3_6C-80PER_3_6C,44,1.0004354942893783
spline_mixed,3_6C-80PER_3_6C,45,1.0004495569286338
spline_mixed,3_6C-80PER_3_6C,46,1.000461663994177
spline_mixed,3_6C-80PER_3_6C,47,1.0004718749207848
spline_mixed,3_6C-80PER_3_6C,48,1.0004802491432345
spline_mixed,3_6C-80PER_3_6C,49,1.0004868460963037
spline_mixed,3_6C-80PER_3_6C,50,1.000491725214769
spline_mixed,3_6C-80PER_3_6C,51,1.0004949425400813
spline_mixed,3_6C-80PER_3_6C,52,1.0004965405403843
spline_mixed,3_6C-80PER_3_6C,53,1.000496558290494
spline_mixed,3_6C-80PER_3_6C,54,1.0004950348652284
spline_mixed,3_6C-80PER_3_6C,55,1.0004920093394036
spline_mixed,3_6C-80PER_3_6C,56,1.0004875207878363
spline_mixed,3_6C-80PER_3_6C,57,1.0004816082853438
spline_mixed,3_6C-80PER_3_6C,58,1.0004743109067427
spline_mixed,3_6C-80PER_3_6C,59,1.0004656677268495
spline_mixed,3_6C-80PER_3_6C,60,1.0004557178204816
spline_mixed,3_6C-80PER_3_6C,61,1.0004445002624556
spline_mixed,3_6C-80PER_3_6C,62,1.0004320541275882
spline_mixed,3_6C-80PER_3_6C,63,1.0004184184906961
spline_mixed,3_6C-80PER_3_6C,64,1.0004036324265964
spline_mixed,3_6C-80PER_3_6C,65,1.0003877350101056
spline_mixed,3_6C-80PER_3_6C,66,1.0003707653160407
spline_mixed,3_6C-80PER_3_6C,67,1.0003527624192188
spline_mixed,3_6C-80PER_3_6C,68,1.0003337653944564
spline_mixed,3_6C-80PER_3_6C,69,1.0003138133165703
spline_mixed,3_6C-80PER_3_6C,70,1.0002929452603773
spline_mixed,3_6C-80PER_3_6C,71,1.0002712003006944
spline_mixed,3_6C-80PER_3_6C,72,1.0002486175123384
spline_mixed,3_6C-80PER_3_6C,73,1.0002252359701258
spline_mixed,3_6C-80PER_3_6C,74,1.000201094748874
spline_mixed,3_6C-80PER_3_6C,75,1.0001762329233992
spline_mixed,3_6C-80PER_3_6C,76,1.0001506895685186
spline_mixed,3_6C-80PER_3_6C,77,1.0001245037590487
spline_mixed,3_6C-80PER_3_6C,78,1.000097714569807
spline_mixed,3_6C-80PER_3_6C,79,1.0000703610756092
spline_mixed,3_6C-80PER_3_6C,80,1.000042482351273
spline_mixed,3_6C-80PER_3_6C,81,1.0000141174716153
spline_mixed,3_6C-80PER_3_6C,82,0.9999853055114524
spline_mixed,3_6C-80PER_3_6C,83,0.9999560855456012
spline_mixed,3_6C-80PER_3_6C,84,0.9999264966488787
spline_mixed,3_6C-80PER_3_6C,85,0.9998965778961015
spline_mixed,3_6C-80PER_3_6C,86,0.9998663683620868
spline_mixed,3_6C-80PER_3_6C,87,0.9998359071216508
spline_mixed,3_6C-80PER_3_6C,88,0.9998052332496111
spline_mixed,3_6C-80PER_3_6C,89,0.999774385820784
spline_mixed,3_6C-80PER_3_6C,90,0.9997434039099865
spline_mixed,3_6C-80PER_3_6C,91,0.999712326592035
spline_mixed,3_6C-80PER_3_6C,92,0.9996811929417471
spline_mixed,3_6C-80PER_3_6C,93,0.9996500420339389
spline_mixed,3_6C-80PER_3_6C,94,0.9996189129434276
spline_mixed,3_6C-80PER_3_6C,95,0.9995878447450298
spline_mixed,3_6C-80PER_3_6C,96,0.9995568765135626
spline_mixed,3_6C-80PER_3_6C,97,0.9995260473238426
spline_mixed,3_6C-80PER_3_6C,98,0.9994953962506867
spline_mixed,3_6C-80PER_3_6C,99,0.9994649623689115
spline_mixed,3_6C-80PER_3_6C,100,0.9994347847533341
spline_mixed,3_6C-80PER_3_6C,101,0.9994048933221072
spline_mixed,3_6C-80PER_3_6C,102,0.999375281366727
spline_mixed,3_6C-80PER_3_6C,103,0.9993459330220259
spline_mixed,3_6C-80PER_3_6C,104,0.9993168324228362
spline_mixed,3_6C-80PER_3_6C,105,0.9992879637039901
spline_mixed,3_6C-80PER_3_6C,106,0.9992593110003198
spline_mixed,3_6C-80PER_3_6C,107,0.9992308584466577
spline_mixed,3_6C-80PER_3_6C,108,0.999202590177836
spline_mixed,3_6C-80PER_3_6C,109,0.9991744903286872
spline_mixed,3_6C-80PER_3_6C,110,0.9991465430340433
spline_mixed,3_6C-80PER_3_6C,111,0.9991187324287366
spline_mixed,3_6C-80PER_3_6C,112,0.9990910426475995
spline_mixed,3_6C-80PER_3_6C,113,0.9990634578254641
spline_mixed,3_6C-80PER_3_6C,114,0.999035962097163
spline_mixed,3_6C-80PER_3_6C,115,0.9990085395975282
spline_mixed,3_6C-80PER_3_6C,116,0.998981174461392
spline_mixed,3_6C-80PER_3_6C,117,0.9989538508235868
spline_mixed,3_6C-80PER_3_6C,118,0.9989265528189446
spline_mixed,3_6C-80PER_3_6C,119,0.9988992645822982
spline_mixed,3_6C-80PER_3_6C,120,0.9988719702484792
spline_mixed,3_6C-80PER_3_6C,121,0.9988446539523204
spline_mixed,3_6C-80PER_3_6C,122,0.9988172998286539
spline_mixed,3_6C-80PER_3_6C,123,0.9987898920123119
spline_mixed,3_6C-80PER_3_6C,124,0.9987624146381268
spline_mixed,3_6C-80PER_3_6C,125,0.9987348518409307
spline_mixed,3_6C-80PER_3_6C,126,0.9987071877555561
spline_mixed,3_6C-80PER_3_6C,127,0.9986794065168352
spline_mixed,3_6C-80PER_3_6C,128,0.9986514922596003
spline_mixed,3_6C-80PER_3_6C,129,0.9986234291186835
spline_mixed,3_6C-80PER_3_6C,130,0.9985952012289172
spline_mixed,3_6C-80PER_3_6C,131,0.9985667927251337
spline_mixed,3_6C-80PER_3_6C,132,0.9985381877421653
spline_mixed,3_6C-80PER_3_6C,133,0.9985093704148442
spline_mixed,3_6C-80PER_3_6C,134,0.9984803248780028
spline_mixed,3_6C-80PER_3_6C,135,0.9984510352664732
spline_mixed,3_6C-80PER_3_6C,136,0.9984214857150874
spline_mixed,3_6C-80PER_3_6C,137,0.9983916603586784
spline_mixed,3_6C-80PER_3_6C,138,0.998361543332078
spline_mixed,3_6C-80PER_3_6C,139,0.9983311187701185
spline_mixed,3_6C-80PER_3_6C,140,0.9983003708076326
spline_mixed,3_6C-80PER_3_6C,141,0.9982692835794519
spline_mixed,3_6C-80PER_3_6C,142,0.998237841220409
spline_mixed,3_6C-80PER_3_6C,143,0.9982060278653361
spline_mixed,3_6C-80PER_3_6C,144,0.9981738276490656
spline_mixed,3_6C-80PER_3_6C,145,0.99814122470643
spline_mixed,3_6C-80PER_3_6C,146,0.9981082031722611
spline_mixed,3_6C-80PER_3_6C,147,0.9980747471813913
spline_mixed,3_6C-80PER_3_6C,148,0.9980408408686532
spline_mixed,3_6C-80PER_3_6C,149,0.9980064683688785
spline_mixed,3_6C-80PER_3_6C,150,0.9979716138169001
spline_mixed,3_6C-80PER_3_6C,151,0.9979362610364008
spline_mixed,3_6C-80PER_3_6C,152,0.9979003926064681
spline_mixed,3_6C-80PER_3_6C,153,0.9978639907950402
spline_mixed,3_6C-80PER_3_6C,154,0.9978270378700556
spline_mixed,3_6C-80PER_3_6C,155,0.9977895160994522
spline_mixed,3_6C-80PER_3_6C,156,0.9977514077511686
spline_mixed,3_6C-80PER_3_6C,157,0.997712695093143
spline_mixed,3_6C-80PER_3_6C,158,0.9976733603933137
spline_mixed,3_6C-80PER_3_6C,159,0.997633385919619
spline_mixed,3_6C-80PER_3_6C,160,0.9975927539399971
spline_mixed,3_6C-80PER_3_6C,161,0.9975514467223865
spline_mixed,3_6C-80PER_3_6C,162,0.9975094465347248
spline_mixed,3_6C-80PER_3_6C,163,0.9974667356449514
spline_mixed,3_6C-80PER_3_6C,164,0.9974232963210038
spline_mixed,3_6C-80PER_3_6C,165,0.9973791108308205
spline_mixed,3_6C-80PER_3_6C,166,0.9973341614423396
spline_mixed,3_6C-80PER_3_6C,167,0.9972884304234998
spline_mixed,3_6C-80PER_3_6C,168,0.9972419000422389
spline_mixed,3_6C-80PER_3_6C,169,0.9971945525664957
spline_mixed,3_6C-80PER_3_6C,170,0.9971463702642082
spline_mixed,3_6C-80PER_3_6C,171,0.9970973354033146
spline_mixed,3_6C-80PER_3_6C,172,0.9970474302517531
spline_mixed,3_6C-80PER_3_6C,173,0.9969966370774624
spline_mixed,3_6C-80PER_3_6C,174,0.9969449381483807
spline_mixed,3_6C-80PER_3_6C,175,0.9968923157324459
spline_mixed,3_6C-80PER_3_6C,176,0.9968387520975965
spline_mixed,3_6C-80PER_3_6C,177,0.996784229511771
spline_mixed,3_6C-80PER_3_6C,178,0.9967287302429075
spline_mixed,3_6C-80PER_3_6C,179,0.9966722365589443
spline_mixed,3_6C-80PER_3_6C,180,0.9966147307278196
spline_mixed,3_6C-80PER_3_6C,181,0.996556195017472
spline_mixed,3_6C-80PER_3_6C,182,0.9964966116958393
spline_mixed,3_6C-80PER_3_6C,183,0.99643596303086
spline_mixed,3_6C-80PER_3_6C,184,0.9963742312904726
spline_mixed,3_6C-80PER_3_6C,185,0.9963113987426151
spline_mixed,3_6C-80PER_3_6C,186,0.9962474476552262
spline_mixed,3_6C-80PER_3_6C,187,0.9961823602962436
spline_mixed,3_6C-80PER_3_6C,188,0.996116118933606
spline_mixed,3_6C-80PER_3_6C,189,0.9960487058352513
spline_mixed,3_6C-80PER_3_6C,190,0.9959801032691182
spline_mixed,3_6C-80PER_3_6C,191,0.9959102935031449
spline_mixed,3_6C-80PER_3_6C,192,0.9958392588052698
spline_mixed,3_6C-80PER_3_6C,193,0.9957669814434308
spline_mixed,3_6C-80PER_3_6C,194,0.9956934436855662
spline_mixed,3_6C-80PER_3_6C,195,0.9956186277996149
spline_mixed,3_6C-80PER_3_6C,196,0.9955425160535144
spline_mixed,3_6C-80PER_3_6C,197,0.9954650907152034
spline_mixed,3_6C-80PER_3_6C,198,0.9953863340526204
spline_mixed,3_6C-80PER_3_6C,199,0.9953062283337033
spline_mixed,3_6C-80PER_3_6C,200,0.9952247558263903
spline_mixed,80PER_3_6C,1,0.9980889125004111
spline_mixed,80PER_3_6C,2,0.9981264287360362
spline_mixed,80PER_3_6C,3,0.9981612466664788
spline_mixed,80PER_3_6C,4,0.998193402605705
spline_mixed,80PER_3_6C,5,0.9982229328676804
spline_mixed,80PER_3_6C,6,0.9982498737663712
spline_mixed,80PER_3_6C,7,0.9982742616157431
spline_mixed,80PER_3_6C,8,0.998296132729762
spline_mixed,80PER_3_6C,9,0.998315523422394
spline_mixed,80PER_3_6C,10,0.9983324700076048
spline_mixed,80PER_3_6C,11,0.9983470087993603
spline_mixed,80PER_3_6C,12,0.9983591761116266
spline_mixed,80PER_3_6C,13,0.9983690082583694
spline_mixed,80PER_3_6C,14,0.9983765415535546
spline_mixed,80PER_3_6C,15,0.9983818123111481
spline_mixed,80PER_3_6C,16,0.9983848568451159
spline_mixed,80PER_3_6C,17,0.9983857114694239
spline_mixed,80PER_3_6C,18,0.9983844124980378
spline_mixed,80PER_3_6C,19,0.9983809962449236
spline_mixed,80PER_3_6C,20,0.9983754990240473
spline_mixed,80PER_3_6C,21,0.9983679571493748
spline_mixed,80PER_3_6C,22,0.9983584069348718
spline_mixed,80PER_3_6C,23,0.9983468846945043
spline_mixed,80PER_3_6C,24,0.9983334267422384
spline_mixed,80PER_3_6C,25,0.9983180693920396
spline_mixed,80PER_3_6C,26,0.9983008489578741
spline_mixed,80PER_3_6C,27,0.9982818017537077
spline_mixed,80PER_3_6C,28,0.9982609640935063
spline_mixed,80PER_3_6C,29,0.9982383722912358
spline_mixed,80PER_3_6C,30,0.998214062660862
spline_mixed,80PER_3_6C,31,0.9981880715163508
spline_mixed,80PER_3_6C,32,0.9981604351716685
spline_mixed,80PER_3_6C,33,0.9981311899407804
spline_mixed,80PER_3_6C,34,0.9981003721376529
spline_mixed,80PER_3_6C,35,0.9980680180762516
spline_mixed,80PER_3_6C,36,0.9980341640705424
spline_mixed,80PER_3_6C,37,0.9979988464344913
spline_mixed,80PER_3_6C,38,0.9979621014820641
spline_mixed,80PER_3_6C,39,0.9979239655272268
spline_mixed,80PER_3_6C,40,0.9978844748839454
spline_mixed,80PER_3_6C,41,0.9978436658661856
spline_mixed,80PER_3_6C,42,0.9978015747879132
spline_mixed,80PER_3_6C,43,0.9977582379630943
spline_mixed,80PER_3_6C,44,0.9977136917056948
spline_mixed,80PER_3_6C,45,0.9976679723296806
spline_mixed,80PER_3_6C,46,0.9976211161490174
spline_mixed,80PER_3_6C,47,0.9975731594776713
spline_mixed,80PER_3_6C,48,0.9975241386296082
spline_mixed,80PER_3_6C,49,0.9974740899187937
spline_mixed,80PER_3_6C,50,0.9974230496591941
spline_mixed,80PER_3_6C,51,0.9973710511308198
spline_mixed,80PER_3_6C,52,0.9973181154778604
spline_mixed,80PER_3_6C,53,0.99726426081055
spline_mixed,80PER_3_6C,54,0.9972095052391229
spline_mixed,80PER_3_6C,55,0.997153866873813
spline_mixed,80PER_3_6C,56,0.997097363824855
spline_mixed,80PER_3_6C,57,0.9970400142024828
spline_mixed,80PER_3_6C,58,0.9969818361169306
spline_mixed,80PER_3_6C,59,0.9969228476784328
spline_mixed,80PER_3_6C,60,0.9968630669972236
spline_mixed,80PER_3_6C,61,0.9968025121835368
spline_mixed,80PER_3_6C,62,0.9967412013476069
spline_mixed,80PER_3_6C,63,0.9966791525996683
spline_mixed,80PER_3_6C,64,0.9966163840499549
spline_mixed,80PER_3_6C,65,0.996552913808701
spline_mixed,80PER_3_6C,66,0.996488759986141
spline_mixed,80PER_3_6C,67,0.9964239406925087
spline_mixed,80PER_3_6C,68,0.9963584740380387
spline_mixed,80PER_3_6C,69,0.996292378132965
spline_mixed,80PER_3_6C,70,0.9962256710875218
spline_mixed,80PER_3_6C,71,0.9961583710119435
spline_mixed,80PER_3_6C,72,0.9960904960164639
spline_mixed,80PER_3_6C,73,0.9960220642113178
spline_mixed,80PER_3_6C,74,0.9959530937067389
spline_mixed,80PER_3_6C,75,0.9958836026129615
spline_mixed,80PER_3_6C,76,0.9958136090402201
spline_mixed,80PER_3_6C,77,0.9957431310987486
spline_mixed,80PER_3_6C,78,0.9956721868987812
spline_mixed,80PER_3_6C,79,0.9956007945505525
spline_mixed,80PER_3_6C,80,0.9955289721642963
spline_mixed,80PER_3_6C,81,0.9954567378502469
spline_mixed,80PER_3_6C,82,0.9953841097186383
spline_mixed,80PER_3_6C,83,0.9953111058797053
spline_mixed,80PER_3_6C,84,0.9952377444436816
spline_mixed,80PER_3_6C,85,0.9951640435208015
spline_mixed,80PER_3_6C,86,0.9950900212212994
spline_mixed,80PER_3_6C,87,0.9950156956554093
spline_mixed,80PER_3_6C,88,0.9949410849333655
spline_mixed,80PER_3_6C,89,0.9948662071654022
spline_mixed,80PER_3_6C,90,0.9947910804617536
spline_mixed,80PER_3_6C,91,0.9947157229326539
spline_mixed,80PER_3_6C,92,0.9946401526883373
spline_mixed,80PER_3_6C,93,0.9945643878390379
spline_mixed,80PER_3_6C,94,0.9944884464949902
spline_mixed,80PER_3_6C,95,0.9944123467664281
spline_mixed,80PER_3_6C,96,0.994336106763586
spline_mixed,80PER_3_6C,97,0.994259744596698
spline_mixed,80PER_3_6C,98,0.9941832783759984
spline_mixed,80PER_3_6C,99,0.9941067262117212
spline_mixed,80PER_3_6C,100,0.9940301062141009
spline_mixed,80PER_3_6C,101,0.9939534322731094
spline_mixed,80PER_3_6C,102,0.99387670139767
spline_mixed,80PER_3_6C,103,0.9937999063764437
spline_mixed,80PER_3_6C,104,0.9937230399980916
spline_mixed,80PER_3_6C,105,0.9936460950512749
spline_mixed,80PER_3_6C,106,0.9935690643246546
spline_mixed,80PER_3_6C,107,0.9934919406068919
spline_mixed,80PER_3_6C,108,0.9934147166866479
spline_mixed,80PER_3_6C,109,0.9933373853525835
spline_mixed,80PER_3_6C,110,0.9932599393933601
spline_mixed,80PER_3_6C,111,0.9931823715976387
spline_mixed,80PER_3_6C,112,0.9931046747540802
spline_mixed,80PER_3_6C,113,0.9930268416513458
spline_mixed,80PER_3_6C,114,0.9929488650780967
spline_mixed,80PER_3_6C,115,0.992870737822994
spline_mixed,80PER_3_6C,116,0.9927924526746984
spline_mixed,80PER_3_6C,117,0.9927140024218717
spline_mixed,80PER_3_6C,118,0.9926353798531744
spline_mixed,80PER_3_6C,119,0.9925565777572677
spline_mixed,80PER_3_6C,120,0.992477588922813
spline_mixed,80PER_3_6C,121,0.9923984061384712
spline_mixed,80PER_3_6C,122,0.9923190221929034
spline_mixed,80PER_3_6C,123,0.9922394298747705
spline_mixed,80PER_3_6C,124,0.9921596219727341
spline_mixed,80PER_3_6C,125,0.9920795912754549
spline_mixed,80PER_3_6C,126,0.9919993305715938
spline_mixed,80PER_3_6C,127,0.9919188326498125
spline_mixed,80PER_3_6C,128,0.9918380902987717
spline_mixed,80PER_3_6C,129,0.9917570963071325
spline_mixed,80PER_3_6C,130,0.9916758434635562
spline_mixed,80PER_3_6C,131,0.9915943245567037
spline_mixed,80PER_3_6C,132,0.9915125323752363
spline_mixed,80PER_3_6C,133,0.9914304597078147
spline_mixed,80PER_3_6C,134,0.9913480993431004
spline_mixed,80PER_3_6C,135,0.9912654440697544
spline_mixed,80PER_3_6C,136,0.9911824866764377
spline_mixed,80PER_3_6C,137,0.9910992199518115
spline_mixed,80PER_3_6C,138,0.9910156366845367
spline_mixed,80PER_3_6C,139,0.9909317296632746
spline_mixed,80PER_3_6C,140,0.9908474916766863
spline_mixed,80PER_3_6C,141,0.9907629155134328
spline_mixed,80PER_3_6C,142,0.9906779939621753
spline_mixed,80PER_3_6C,143,0.9905927198115747
spline_mixed,80PER_3_6C,144,0.9905070858502923
spline_mixed,80PER_3_6C,145,0.9904210848669892
spline_mixed,80PER_3_6C,146,0.9903347096503263
spline_mixed,80PER_3_6C,147,0.9902479529889648
spline_mixed,80PER_3_6C,148,0.990160807671566
spline_mixed,80PER_3_6C,149,0.9900732664867907
spline_mixed,80PER_3_6C,150,0.9899853222233
spline_mixed,80PER_3_6C,151,0.9898969674863863
spline_mixed,80PER_3_6C,152,0.9898081941478657
spline_mixed,80PER_3_6C,153,0.9897189938961855
spline_mixed,80PER_3_6C,154,0.9896293584197928
spline_mixed,80PER_3_6C,155,0.9895392794071353
spline_mixed,80PER_3_6C,156,0.98944874854666
spline_mixed,80PER_3_6C,157,0.9893577575268142
spline_mixed,80PER_3_6C,158,0.9892662980360456
spline_mixed,80PER_3_6C,159,0.9891743617628008
spline_mixed,80PER_3_6C,160,0.9890819403955279
spline_mixed,80PER_3_6C,161,0.9889890256226734
spline_mixed,80PER_3_6C,162,0.9888956091326853
spline_mixed,80PER_3_6C,163,0.9888016826140105
spline_mixed,80PER_3_6C,164,0.9887072377550964
spline_mixed,80PER_3_6C,165,0.9886122662443902
spline_mixed,80PER_3_6C,166,0.9885167597703394
spline_mixed,80PER_3_6C,167,0.9884207100213911
spline_mixed,80PER_3_6C,168,0.9883241086859927
spline_mixed,80PER_3_6C,169,0.9882269474525914
spline_mixed,80PER_3_6C,170,0.9881292180096347
spline_mixed,80PER_3_6C,171,0.9880309120455698
spline_mixed,80PER_3_6C,172,0.9879320212488439
spline_mixed,80PER_3_6C,173,0.9878325373079044
spline_mixed,80PER_3_6C,174,0.9877324519111986
spline_mixed,80PER_3_6C,175,0.9876317567471737
spline_mixed,80PER_3_6C,176,0.9875304435042771
spline_mixed,80PER_3_6C,177,0.9874285038709562
spline_mixed,80PER_3_6C,178,0.9873259295356579
spline_mixed,80PER_3_6C,179,0.98722271218683
spline_mixed,80PER_3_6C,180,0.9871188435129195
spline_mixed,80PER_3_6C,181,0.9870143152023737
spline_mixed,80PER_3_6C,182,0.9869091189436401
spline_mixed,80PER_3_6C,183,0.9868032464251658
spline_mixed,80PER_3_6C,184,0.9866966893353981
spline_mixed,80PER_3_6C,185,0.9865894393627844
spline_mixed,80PER_3_6C,186,0.9864814881957721
spline_mixed,80PER_3_6C,187,0.9863728275228082
spline_mixed,80PER_3_6C,188,0.9862634490323402
spline_mixed,80PER_3_6C,189,0.9861533444128154
spline_mixed,80PER_3_6C,190,0.9860425053526809
spline_mixed,80PER_3_6C,191,0.9859309235403844
spline_mixed,80PER_3_6C,192,0.9858185906643727
spline_mixed,80PER_3_6C,193,0.9857054984130935
spline_mixed,80PER_3_6C,194,0.9855916384749939
spline_mixed,80PER_3_6C,195,0.9854770025385212
spline_mixed,80PER_3_6C,196,0.9853615822921228
spline_mixed,80PER_3_6C,197,0.985245369424246
spline_mixed,80PER_3_6C,198,0.9851283556233381
spline_mixed,80PER_3_6C,199,0.9850105325778463
spline_mixed,80PER_3_6C,200,0.9848918919762178
spline_mixed,4_8C_80PER_4_8C,1,0.9969441508274111
spline_mixed,4_8C_80PER_4_8C,2,0.9970864388960317
spline_mixed,4_8C_80PER_4_8C,3,0.9972241130137902
spline_mixed,4_8C_80PER_4_8C,4,0.9973572235981132
spline_mixed,4_8C_80PER_4_8C,5,0.9974858210664269
spline_mixed,4_8C_80PER_4_8C,6,0.9976099558361579
spline_mixed,4_8C_80PER_4_8C,7,0.9977296783247326
spline_mixed,4_8C_80PER_4_8C,8,0.9978450389495773
spline_mixed,4_8C_80PER_4_8C,9,0.9979560881281188
spline_mixed,4_8C_80PER_4_8C,10,0.9980628762777833
spline_mixed,4_8C_80PER_4_8C,11,0.9981654538159973
spline_mixed,4_8C_80PER_4_8C,12,0.9982638711601873
spline_mixed,4_8C_80PER_4_8C,13,0.9983581787277797
spline_mixed,4_8C_80PER_4_8C,14,0.998448426936201
spline_mixed,4_8C_80PER_4_8C,15,0.9985346662028776
spline_mixed,4_8C_80PER_4_8C,16,0.998616946945236
spline_mixed,4_8C_80PER_4_8C,17,0.9986953195807026
spline_mixed,4_8C_80PER_4_8C,18,0.9987698345267039
spline_mixed,4_8C_80PER_4_8C,19,0.9988405422006663
spline_mixed,4_8C_80PER_4_8C,20,0.9989074930200164
spline_mixed,4_8C_80PER_4_8C,21,0.9989707374021806
spline_mixed,4_8C_80PER_4_8C,22,0.9990303257645851
spline_mixed,4_8C_80PER_4_8C,23,0.9990863085246566
spline_mixed,4_8C_80PER_4_8C,24,0.9991387360998216
spline_mixed,4_8C_80PER_4_8C,25,0.9991876589075065
spline_mixed,4_8C_80PER_4_8C,26,0.9992331273651377
spline_mixed,4_8C_80PER_4_8C,27,0.9992751918901416
spline_mixed,4_8C_80PER_4_8C,28,0.9993139028999447
spline_mixed,4_8C_80PER_4_8C,29,0.9993493108119736
spline_mixed,4_8C_80PER_4_8C,30,0.9993814660436545
spline_mixed,4_8C_80PER_4_8C,31,0.999410419012414
spline_mixed,4_8C_80PER_4_8C,32,0.9994362201356787
spline_mixed,4_8C_80PER_4_8C,33,0.9994589198308748
spline_mixed,4_8C_80PER_4_8C,34,0.9994785685154288
spline_mixed,4_8C_80PER_4_8C,35,0.9994952166067672
spline_mixed,4_8C_80PER_4_8C,36,0.9995089145223165
spline_mixed,4_8C_80PER_4_8C,37,0.9995197126795031
spline_mixed,4_8C_80PER_4_8C,38,0.9995276614957535
spline_mixed,4_8C_80PER_4_8C,39,0.9995328113884939
spline_mixed,4_8C_80PER_4_8C,40,0.9995352127751512
spline_mixed,4_8C_80PER_4_8C,41,0.9995349160731516
spline_mixed,4_8C_80PER_4_8C,42,0.9995319716999215
spline_mixed,4_8C_80PER_4_8C,43,0.9995264300728874
spline_mixed,4_8C_80PER_4_8C,44,0.999518341609476
spline_mixed,4_8C_80PER_4_8C,45,0.9995077567271133
spline_mixed,4_8C_80PER_4_8C,46,0.999494725843226
spline_mixed,4_8C_80PER_4_8C,47,0.9994792993752406
spline_mixed,4_8C_80PER_4_8C,48,0.9994615277405835
spline_mixed,4_8C_80PER_4_8C,49,0.9994414613566811
spline_mixed,4_8C_80PER_4_8C,50,0.9994191506409599
spline_mixed,4_8C_80PER_4_8C,51,0.9993946435488463
spline_mixed,4_8C_80PER_4_8C,52,0.9993679781877657
spline_mixed,4_8C_80PER_4_8C,53,0.9993391902031437
spline_mixed,4_8C_80PER_4_8C,54,0.9993083152404056
spline_mixed,4_8C_80PER_4_8C,55,0.9992753889449769
spline_mixed,4_8C_80PER_4_8C,56,0.9992404469622829
spline_mixed,4_8C_80PER_4_8C,57,0.9992035249377493
spline_mixed,4_8C_80PER_4_8C,58,0.9991646585168014
spline_mixed,4_8C_80PER_4_8C,59,0.9991238833448646
spline_mixed,4_8C_80PER_4_8C,60,0.9990812350673642
spline_mixed,4_8C_80PER_4_8C,61,0.9990367493297261
spline_mixed,4_8C_80PER_4_8C,62,0.9989904617773753
spline_mixed,4_8C_80PER_4_8C,63,0.9989424080557372
spline_mixed,4_8C_80PER_4_8C,64,0.9988926238102375
spline_mixed,4_8C_80PER_4_8C,65,0.9988411446863015
spline_mixed,4_8C_80PER_4_8C,66,0.9987880063293547
spline_mixed,4_8C_80PER_4_8C,67,0.9987332443848225
spline_mixed,4_8C_80PER_4_8C,68,0.9986768944981302
spline_mixed,4_8C_80PER_4_8C,69,0.9986189923147035
spline_mixed,4_8C_80PER_4_8C,70,0.9985595734799678
spline_mixed,4_8C_80PER_4_8C,71,0.9984986736393482
spline_mixed,4_8C_80PER_4_8C,72,0.9984363284382706
spline_mixed,4_8C_80PER_4_8C,73,0.9983725735221599
spline_mixed,4_8C_80PER_4_8C,74,0.9983074445364419
spline_mixed,4_8C_80PER_4_8C,75,0.9982409771265423
spline_mixed,4_8C_80PER_4_8C,76,0.9981732069378858
spline_mixed,4_8C_80PER_4_8C,77,0.9981041696158984
spline_mixed,4_8C_80PER_4_8C,78,0.9980339008060054
spline_mixed,4_8C_80PER_4_8C,79,0.997962436153632
spline_mixed,4_8C_80PER_4_8C,80,0.9978898113042041
spline_mixed,4_8C_80PER_4_8C,81,0.9978160619031466
spline_mixed,4_8C_80PER_4_8C,82,0.9977412235958854
spline_mixed,4_8C_80PER_4_8C,83,0.9976653320278457
spline_mixed,4_8C_80PER_4_8C,84,0.9975884228444528
spline_mixed,4_8C_80PER_4_8C,85,0.9975105316911325
spline_mixed,4_8C_80PER_4_8C,86,0.99743169421331
spline_mixed,4_8C_80PER_4_8C,87,0.9973519460564106
spline_mixed,4_8C_80PER_4_8C,88,0.9972713228658601
spline_mixed,4_8C_80PER_4_8C,89,0.9971898602870837
spline_mixed,4_8C_80PER_4_8C,90,0.9971075939655066
spline_mixed,4_8C_80PER_4_8C,91,0.9970245595465548
spline_mixed,4_8C_80PER_4_8C,92,0.9969407926756535
spline_mixed,4_8C_80PER_4_8C,93,0.996856328998228
spline_mixed,4_8C_80PER_4_8C,94,0.9967712041597037
spline_mixed,4_8C_80PER_4_8C,95,0.9966854538055061
spline_mixed,4_8C_80PER_4_8C,96,0.9965991135810606
spline_mixed,4_8C_80PER_4_8C,97,0.9965122191317929
spline_mixed,4_8C_80PER_4_8C,98,0.9964248061031282
spline_mixed,4_8C_80PER_4_8C,99,0.9963369101404919
spline_mixed,4_8C_80PER_4_8C,100,0.9962485668893095
spline_mixed,4_8C_80PER_4_8C,101,0.9961598046432653
spline_mixed,4_8C_80PER_4_8C,102,0.9960706222890782
spline_mixed,4_8C_80PER_4_8C,103,0.9959810113617263
spline_mixed,4_8C_80PER_4_8C,104,0.9958909633961875
spline_mixed,4_8C_80PER_4_8C,105,0.9958004699274395
spline_mixed,4_8C_80PER_4_8C,106,0.9957095224904604
spline_mixed,4_8C_80PER_4_8C,107,0.9956181126202279
spline_mixed,4_8C_80PER_4_8C,108,0.9955262318517202
spline_mixed,4_8C_80PER_4_8C,109,0.9954338717199147
spline_mixed,4_8C_80PER_4_8C,110,0.9953410237597898
spline_mixed,4_8C_80PER_4_8C,111,0.9952476795063234
spline_mixed,4_8C_80PER_4_8C,112,0.9951538304944929
spline_mixed,4_8C_80PER_4_8C,113,0.9950594682592767
spline_mixed,4_8C_80PER_4_8C,114,0.9949645843356524
spline_mixed,4_8C_80PER_4_8C,115,0.994869170258598
spline_mixed,4_8C_80PER_4_8C,116,0.9947732175630913
spline_mixed,4_8C_80PER_4_8C,117,0.9946767177841105
spline_mixed,4_8C_80PER_4_8C,118,0.9945796624566331
spline_mixed,4_8C_80PER_4_8C,119,0.9944820431156371
spline_mixed,4_8C_80PER_4_8C,120,0.9943838512961006
spline_mixed,4_8C_80PER_4_8C,121,0.9942850785330015
spline_mixed,4_8C_80PER_4_8C,122,0.9941857163613175
spline_mixed,4_8C_80PER_4_8C,123,0.9940857563160264
spline_mixed,4_8C_80PER_4_8C,124,0.9939851899321063
spline_mixed,4_8C_80PER_4_8C,125,0.9938840087445352
spline_mixed,4_8C_80PER_4_8C,126,0.9937822042882907
spline_mixed,4_8C_80PER_4_8C,127,0.993679768098351
spline_mixed,4_8C_80PER_4_8C,128,0.9935766917096938
spline_mixed,4_8C_80PER_4_8C,129,0.9934729666572969
spline_mixed,4_8C_80PER_4_8C,130,0.9933685844761384
spline_mixed,4_8C_80PER_4_8C,131,0.9932635367011963
spline_mixed,4_8C_80PER_4_8C,132,0.9931578148674481
spline_mixed,4_8C_80PER_4_8C,133,0.9930514105098722
spline_mixed,4_8C_80PER_4_8C,134,0.9929443151634458
spline_mixed,4_8C_80PER_4_8C,135,0.9928365203631476
spline_mixed,4_8C_80PER_4_8C,136,0.992728017643955
spline_mixed,4_8C_80PER_4_8C,137,0.992618798540846
spline_mixed,4_8C_80PER_4_8C,138,0.9925088545887987
spline_mixed,4_8C_80PER_4_8C,139,0.9923981773227905
spline_mixed,4_8C_80PER_4_8C,140,0.9922867582777999
spline_mixed,4_8C_80PER_4_8C,141,0.9921745889888042
spline_mixed,4_8C_80PER_4_8C,142,0.9920616609907817
spline_mixed,4_8C_80PER_4_8C,143,0.9919479658187104
spline_mixed,4_8C_80PER_4_8C,144,0.9918334950075678
spline_mixed,4_8C_80PER_4_8C,145,0.991718240092332
spline_mixed,4_8C_80PER_4_8C,146,0.991602192607981
spline_mixed,4_8C_80PER_4_8C,147,0.9914853440894924
spline_mixed,4_8C_80PER_4_8C,148,0.9913676860718443
spline_mixed,4_8C_80PER_4_8C,149,0.9912492100900148
spline_mixed,4_8C_80PER_4_8C,150,0.9911299076789813
spline_mixed,4_8C_80PER_4_8C,151,0.9910097708276228
spline_mixed,4_8C_80PER_4_8C,152,0.9908887933404191
spline_mixed,4_8C_80PER_4_8C,153,0.9907669694757516
spline_mixed,4_8C_80PER_4_8C,154,0.9906442934920011
spline_mixed,4_8C_80PER_4_8C,155,0.9905207596475487
spline_mixed,4_8C_80PER_4_8C,156,0.9903963622007751
spline_mixed,4_8C_80PER_4_8C,157,0.9902710954100613
spline_mixed,4_8C_80PER_4_8C,158,0.9901449535337885
spline_mixed,4_8C_80PER_4_8C,159,0.9900179308303374
spline_mixed,4_8C_80PER_4_8C,160,0.9898900215580889
spline_mixed,4_8C_80PER_4_8C,161,0.9897612199754242
spline_mixed,4_8C_80PER_4_8C,162,0.9896315203407242
spline_mixed,4_8C_80PER_4_8C,163,0.9895009169123697
spline_mixed,4_8C_80PER_4_8C,164,0.9893694039487418
spline_mixed,4_8C_80PER_4_8C,165,0.9892369757082212
spline_mixed,4_8C_80PER_4_8C,166,0.9891036264491893
spline_mixed,4_8C_80PER_4_8C,167,0.9889693504300267
spline_mixed,4_8C_80PER_4_8C,168,0.9888341419091143
spline_mixed,4_8C_80PER_4_8C,169,0.9886979951448333
spline_mixed,4_8C_80PER_4_8C,170,0.9885609043955644
spline_mixed,4_8C_80PER_4_8C,171,0.9884228639196887
spline_mixed,4_8C_80PER_4_8C,172,0.9882838679755874
spline_mixed,4_8C_80PER_4_8C,173,0.988143910821641
spline_mixed,4_8C_80PER_4_8C,174,0.9880029867162307
spline_mixed,4_8C_80PER_4_8C,175,0.9878610899177374
spline_mixed,4_8C_80PER_4_8C,176,0.9877182146845419
spline_mixed,4_8C_80PER_4_8C,177,0.9875743552750255
spline_mixed,4_8C_80PER_4_8C,178,0.9874295059475688
spline_mixed,4_8C_80PER_4_8C,179,0.987283660960553
spline_mixed,4_8C_80PER_4_8C,180,0.9871368145723588
spline_mixed,4_8C_80PER_4_8C,181,0.9869889610413675
spline_mixed,4_8C_80PER_4_8C,182,0.9868400946259597
spline_mixed,4_8C_80PER_4_8C,183,0.9866902095845165
spline_mixed,4_8C_80PER_4_8C,184,0.9865393001754188
spline_mixed,4_8C_80PER_4_8C,185,0.9863873606570478
spline_mixed,4_8C_80PER_4_8C,186,0.9862343852877841
spline_mixed,4_8C_80PER_4_8C,187,0.9860803683260089
spline_mixed,4_8C_80PER_4_8C,188,0.9859253040301029
spline_mixed,4_8C_80PER_4_8C,189,0.9857691866584474
spline_mixed,4_8C_80PER_4_8C,190,0.9856120104694231
spline_mixed,4_8C_80PER_4_8C,191,0.985453769721411
spline_mixed,4_8C_80PER_4_8C,192,0.9852944586727921
spline_mixed,4_8C_80PER_4_8C,193,0.9851340715819472
spline_mixed,4_8C_80PER_4_8C,194,0.9849726027072574
spline_mixed,4_8C_80PER_4_8C,195,0.9848100463071036
spline_mixed,4_8C_80PER_4_8C,196,0.9846463966398669
spline_mixed,4_8C_80PER_4_8C,197,0.9844816479639279
spline_mixed,4_8C_80PER_4_8C,198,0.9843157945376679
spline_mixed,4_8C_80PER_4_8C,199,0.9841488306194678
spline_mixed,4_8C_80PER_4_8C,200,0.9839807504677083
spline_mixed,5C_67PER_4C_NEWSTRUCTURE,1,0.9980257586824551
spline_mixed,5C_67PER_4C_NEWSTRUCTURE,2,0.9981282436432526
spline_mixed,5C_67PER_4C_NEWSTRUCTURE,3,0.9982270856644541
spline_mixed,5C_67PER_4C_NEWSTRUCTURE,4,0.9983223407758262
spline_mixed,5C_67PER_4C_NEWSTRUCTURE,5,0.998414065007136
spline_mixed,5C_67PER_4C_NEWSTRUCTURE,6,0.9985023143881504
spline_mixed,5C_67PER_4C_NEWSTRUCTURE,7,0.9985871449486361
spline_mixed,5C_67PER_4C_NEWSTRUCTURE,8,0.9986686127183602
spline_mixed,5C_67PER_4C_NEWSTRUCTURE,9,0.9987467737270895
spline_mixed,5C_67PER_4C_NEWSTRUCTURE,10,0.998821684004591
spline_mixed,5C_67PER_4C_NEWSTRUCTURE,11,0.9988933995806314
spline_mixed,5C_67PER_4C_NEWSTRUCTURE,12,0.9989619764849779
spline_mixed,5C_67PER_4C_NEWSTRUCTURE,13,0.9990274707473971
spline_mixed,5C_67PER_4C_NEWSTRUCTURE,14,0.9990899383976559
spline_mixed,5C_67PER_4C_NEWSTRUCTURE,15,0.9991494354655215
spline_mixed,5C_67PER_4C_NEWSTRUCTURE,16,0.9992060179807605
spline_mixed,5C_67PER_4C_NEWSTRUCTURE,17,0.9992597419731399
spline_mixed,5C_67PER_4C_NEWSTRUCTURE,18,0.9993106634724266
spline_mixed,5C_67PER_4C_NEWSTRUCTURE,19,0.9993588385083876
spline_mixed,5C_67PER_4C_NEWSTRUCTURE,20,0.9994043231107895
spline_mixed,5C_67PER_4C_NEWSTRUCTURE,21,0.9994471733093995
spline_mixed,5C_67PER_4C_NEWSTRUCTURE,22,0.9994874451339844
spline_mixed,5C_67PER_4C_NEWSTRUCTURE,23,0.999525194614311
spline_mixed,5C_67PER_4C_NEWSTRUCTURE,24,0.9995604777801463
spline_mixed,5C_67PER_4C_NEWSTRUCTURE,25,0.9995933506612573
spline_mixed,5C_67PER_4C_NEWSTRUCTURE,26,0.9996238692874106
spline_mixed,5C_67PER_4C_NEWSTRUCTURE,27,0.9996520896883734
spline_mixed,5C_67PER_4C_NEWSTRUCTURE,28,0.9996780678939124
spline_mixed,5C_67PER_4C_NEWSTRUCTURE,29,0.9997018599337946
spline_mixed,5C_67PER_4C_NEWSTRUCTURE,30,0.999723521837787
spline_mixed,5C_67PER_4C_NEWSTRUCTURE,31,0.9997431096356562
spline_mixed,5C_67PER_4C_NEWSTRUCTURE,32,0.9997606793571693
spline_mixed,5C_67PER_4C_NEWSTRUCTURE,33,0.999776287032093
spline_mixed,5C_67PER_4C_NEWSTRUCTURE,34,0.9997899886901944
spline_mixed,5C_67PER_4C_NEWSTRUCTURE,35,0.9998018403612404
spline_mixed,5C_67PER_4C_NEWSTRUCTURE,36,0.9998118980749979
spline_mixed,5C_67PER_4C_NEWSTRUCTURE,37,0.9998202178612338
spline_mixed,5C_67PER_4C_NEWSTRUCTURE,38,0.9998268557497147
spline_mixed,5C_67PER_4C_NEWSTRUCTURE,39,0.9998318677702079
spline_mixed,5C_67PER_4C_NEWSTRUCTURE,40,0.9998353099524802
spline_mixed,5C_67PER_4C_NEWSTRUCTURE,41,0.9998372383262983
spline_mixed,5C_67PER_4C_NEWSTRUCTURE,42,0.9998377089214292
spline_mixed,5C_67PER_4C_NEWSTRUCTURE,43,0.99983677776764
spline_mixed,5C_67PER_4C_NEWSTRUCTURE,44,0.9998345008946972
spline_mixed,5C_67PER_4C_NEWSTRUCTURE,45,0.999830934332368
spline_mixed,5C_67PER_4C_NEWSTRUCTURE,46,0.9998261341104193
spline_mixed,5C_67PER_4C_NEWSTRUCTURE,47,0.9998201562586179
spline_mixed,5C_67PER_4C_NEWSTRUCTURE,48,0.9998130568067305
spline_mixed,5C_67PER_4C_NEWSTRUCTURE,49,0.9998048917845244
spline_mixed,5C_67PER_4C_NEWSTRUCTURE,50,0.9997957172217662
spline_mixed,5C_67PER_4C_NEWSTRUCTURE,51,0.9997855836869602
spline_mixed,5C_67PER_4C_NEWSTRUCTURE,52,0.9997745199035605
spline_mixed,5C_67PER_4C_NEWSTRUCTURE,53,0.999762549133758
spline_mixed,5C_67PER_4C_NEWSTRUCTURE,54,0.9997496946397437
spline_mixed,5C_67PER_4C_NEWSTRUCTURE,55,0.9997359796837092
spline_mixed,5C_67PER_4C_NEWSTRUCTURE,56,0.9997214275278454
spline_mixed,5C_67PER_4C_NEWSTRUCTURE,57,0.9997060614343435
spline_mixed,5C_67PER_4C_NEWSTRUCTURE,58,0.9996899046653949
spline_mixed,5C_67PER_4C_NEWSTRUCTURE,59,0.9996729804831903
spline_mixed,5C_67PER_4C_NEWSTRUCTURE,60,0.9996553121499213
spline_mixed,5C_67PER_4C_NEWSTRUCTURE,61,0.9996369229277791
spline_mixed,5C_67PER_4C_NEWSTRUCTURE,62,0.9996178360789545
spline_mixed,5C_67PER_4C_NEWSTRUCTURE,63,0.9995980748656389
spline_mixed,5C_67PER_4C_NEWSTRUCTURE,64,0.9995776625500234
spline_mixed,5C_67PER_4C_NEWSTRUCTURE,65,0.9995566223942993
spline_mixed,5C_67PER_4C_NEWSTRUCTURE,66,0.9995349776606578
spline_mixed,5C_67PER_4C_NEWSTRUCTURE,67,0.9995127516112898
spline_mixed,5C_67PER_4C_NEWSTRUCTURE,68,0.9994899675083868
spline_mixed,5C_67PER_4C_NEWSTRUCTURE,69,0.9994666486141397
spline_mixed,5C_67PER_4C_NEWSTRUCTURE,70,0.9994428181907399
spline_mixed,5C_67PER_4C_NEWSTRUCTURE,71,0.9994184995003784
spline_mixed,5C_67PER_4C_NEWSTRUCTURE,72,0.9993937158052464
spline_mixed,5C_67PER_4C_NEWSTRUCTURE,73,0.9993684903675353
spline_mixed,5C_67PER_4C_NEWSTRUCTURE,74,0.9993428464494358
spline_mixed,5C_67PER_4C_NEWSTRUCTURE,75,0.9993168073131397
spline_mixed,5C_67PER_4C_NEWSTRUCTURE,76,0.9992903962208375
spline_mixed,5C_67PER_4C_NEWSTRUCTURE,77,0.9992636364347209
spline_mixed,5C_67PER_4C_NEWSTRUCTURE,78,0.9992365512169809
spline_mixed,5C_67PER_4C_NEWSTRUCTURE,79,0.9992091638298085
spline_mixed,5C_67PER_4C_NEWSTRUCTURE,80,0.9991814975353952
spline_mixed,5C_67PER_4C_NEWSTRUCTURE,81,0.9991535755959319
spline_mixed,5C_67PER_4C_NEWSTRUCTURE,82,0.9991254212736099
spline_mixed,5C_67PER_4C_NEWSTRUCTURE,83,0.9990970578306204
spline_mixed,5C_67PER_4C_NEWSTRUCTURE,84,0.9990685085291545
spline_mixed,5C_67PER_4C_NEWSTRUCTURE,85,0.9990397966314035
spline_mixed,5C_67PER_4C_NEWSTRUCTURE,86,0.9990109453995583
spline_mixed,5C_67PER_4C_NEWSTRUCTURE,87,0.9989819780958102
spline_mixed,5C_67PER_4C_NEWSTRUCTURE,88,0.9989529179823505
spline_mixed,5C_67PER_4C_NEWSTRUCTURE,89,0.9989237883213704
spline_mixed,5C_67PER_4C_NEWSTRUCTURE,90,0.9988946123750609
spline_mixed,5C_67PER_4C_NEWSTRUCTURE,91,0.9988654134056132
spline_mixed,5C_67PER_4C_NEWSTRUCTURE,92,0.9988362146752185
spline_mixed,5C_67PER_4C_NEWSTRUCTURE,93,0.9988070394460681
spline_mixed,5C_67PER_4C_NEWSTRUCTURE,94,0.998777910980353
spline_mixed,5C_67PER_4C_NEWSTRUCTURE,95,0.9987488525402644
spline_mixed,5C_67PER_4C_NEWSTRUCTURE,96,0.9987198873879936
spline_mixed,5C_67PER_4C_NEWSTRUCTURE,97,0.9986910387857315
spline_mixed,5C_67PER_4C_NEWSTRUCTURE,98,0.9986623299956695
spline_mixed,5C_67PER_4C_NEWSTRUCTURE,99,0.9986337842799988
spline_mixed,5C_67PER_4C_NEWSTRUCTURE,100,0.9986054249009105
spline_mixed,5C_67PER_4C_NEWSTRUCTURE,101,0.9985772696628974
spline_mixed,5C_67PER_4C_NEWSTRUCTURE,102,0.9985493145396579
spline_mixed,5C_67PER_4C_NEWSTRUCTURE,103,0.9985215500471929
spline_mixed,5C_67PER_4C_NEWSTRUCTURE,104,0.9984939667015026
spline_mixed,5C_67PER_4C_NEWSTRUCTURE,105,0.9984665550185872
spline_mixed,5C_67PER_4C_NEWSTRUCTURE,106,0.9984393055144469
spline_mixed,5C_67PER_4C_NEWSTRUCTURE,107,0.9984122087050824
spline_mixed,5C_67PER_4C_NEWSTRUCTURE,108,0.9983852551064939
spline_mixed,5C_67PER_4C_NEWSTRUCTURE,109,0.9983584352346816
spline_mixed,5C_67PER_4C_NEWSTRUCTURE,110,0.9983317396056461
spline_mixed,5C_67PER_4C_NEWSTRUCTURE,111,0.9983051587353875
spline_mixed,5C_67PER_4C_NEWSTRUCTURE,112,0.9982786831399065
spline_mixed,5C_67PER_4C_NEWSTRUCTURE,113,0.9982523033352031
spline_mixed,5C_67PER_4C_NEWSTRUCTURE,114,0.9982260098372776
spline_mixed,5C_67PER_4C_NEWSTRUCTURE,115,0.9981997931621307
spline_mixed,5C_67PER_4C_NEWSTRUCTURE,116,0.9981736438257625
spline_mixed,5C_67PER_4C_NEWSTRUCTURE,117,0.9981475523441733
spline_mixed,5C_67PER_4C_NEWSTRUCTURE,118,0.9981215092333636
spline_mixed,5C_67PER_4C_NEWSTRUCTURE,119,0.9980955050093336
spline_mixed,5C_67PER_4C_NEWSTRUCTURE,120,0.9980695301880839
spline_mixed,5C_67PER_4C_NEWSTRUCTURE,121,0.9980435752856145
spline_mixed,5C_67PER_4C_NEWSTRUCTURE,122,0.9980176308179259
spline_mixed,5C_67PER_4C_NEWSTRUCTURE,123,0.9979916873010187
spline_mixed,5C_67PER_4C_NEWSTRUCTURE,124,0.9979657352508927
spline_mixed,5C_67PER_4C_NEWSTRUCTURE,125,0.9979397651835489
spline_mixed,5C_67PER_4C_NEWSTRUCTURE,126,0.9979137676149868
spline_mixed,5C_67PER_4C_NEWSTRUCTURE,127,0.9978877330612076
spline_mixed,5C_67PER_4C_NEWSTRUCTURE,128,0.9978616520382112
spline_mixed,5C_67PER_4C_NEWSTRUCTURE,129,0.9978355150619981
spline_mixed,5C_67PER_4C_NEWSTRUCTURE,130,0.9978093126485685
spline_mixed,5C_67PER_4C_NEWSTRUCTURE,131,0.9977830353139227
spline_mixed,5C_67PER_4C_NEWSTRUCTURE,132,0.9977566735740612
spline_mixed,5C_67PER_4C_NEWSTRUCTURE,133,0.9977302179449843
spline_mixed,5C_67PER_4C_NEWSTRUCTURE,134,0.9977036589426925
spline_mixed,5C_67PER_4C_NEWSTRUCTURE,135,0.9976769870831859
spline_mixed,5C_67PER_4C_NEWSTRUCTURE,136,0.9976501928824648
spline_mixed,5C_67PER_4C_NEWSTRUCTURE,137,0.9976232668565299
spline_mixed,5C_67PER_4C_NEWSTRUCTURE,138,0.9975961995213812
spline_mixed,5C_67PER_4C_NEWSTRUCTURE,139,0.9975689813930194
spline_mixed,5C_67PER_4C_NEWSTRUCTURE,140,0.9975416029874443
spline_mixed,5C_67PER_4C_NEWSTRUCTURE,141,0.9975140548206567
spline_mixed,5C_67PER_4C_NEWSTRUCTURE,142,0.9974863274086567
spline_mixed,5C_67PER_4C_NEWSTRUCTURE,143,0.9974584112674449
spline_mixed,5C_67PER_4C_NEWSTRUCTURE,144,0.9974302969130214
spline_mixed,5C_67PER_4C_NEWSTRUCTURE,145,0.9974019748613866
spline_mixed,5C_67PER_4C_NEWSTRUCTURE,146,0.9973734356285411
spline_mixed,5C_67PER_4C_NEWSTRUCTURE,147,0.9973446697304849
spline_mixed,5C_67PER_4C_NEWSTRUCTURE,148,0.9973156676832184
spline_mixed,5C_67PER_4C_NEWSTRUCTURE,149,0.9972864200027421
spline_mixed,5C_67PER_4C_NEWSTRUCTURE,150,0.9972569172050562
spline_mixed,5C_67PER_4C_NEWSTRUCTURE,151,0.9972271513865798
spline_mixed,5C_67PER_4C_NEWSTRUCTURE,152,0.9971971209654066
spline_mixed,5C_67PER_4C_NEWSTRUCTURE,153,0.9971668259400489
spline_mixed,5C_67PER_4C_NEWSTRUCTURE,154,0.9971362663090191
spline_mixed,5C_67PER_4C_NEWSTRUCTURE,155,0.9971054420708295
spline_mixed,5C_67PER_4C_NEWSTRUCTURE,156,0.9970743532239926
spline_mixed,5C_67PER_4C_NEWSTRUCTURE,157,0.9970429997670205
spline_mixed,5C_67PER_4C_NEWSTRUCTURE,158,0.9970113816984258
spline_mixed,5C_67PER_4C_NEWSTRUCTURE,159,0.9969794990167206
spline_mixed,5C_67PER_4C_NEWSTRUCTURE,160,0.9969473517204175
spline_mixed,5C_67PER_4C_NEWSTRUCTURE,161,0.9969149398080287
spline_mixed,5C_67PER_4C_NEWSTRUCTURE,162,0.996882263278067
spline_mixed,5C_67PER_4C_NEWSTRUCTURE,163,0.9968493221290441
spline_mixed,5C_67PER_4C_NEWSTRUCTURE,164,0.9968161163594726
spline_mixed,5C_67PER_4C_NEWSTRUCTURE,165,0.996782645967865
spline_mixed,5C_67PER_4C_NEWSTRUCTURE,166,0.9967489109527335
spline_mixed,5C_67PER_4C_NEWSTRUCTURE,167,0.9967149113125906
spline_mixed,5C_67PER_4C_NEWSTRUCTURE,168,0.9966806470459485
spline_mixed,5C_67PER_4C_NEWSTRUCTURE,169,0.9966461181513198
spline_mixed,5C_67PER_4C_NEWSTRUCTURE,170,0.9966113246272165
spline_mixed,5C_67PER_4C_NEWSTRUCTURE,171,0.9965762664721511
spline_mixed,5C_67PER_4C_NEWSTRUCTURE,172,0.9965409436846362
spline_mixed,5C_67PER_4C_NEWSTRUCTURE,173,0.9965053562631838
spline_mixed,5C_67PER_4C_NEWSTRUCTURE,174,0.9964695042063064
spline_mixed,5C_67PER_4C_NEWSTRUCTURE,175,0.9964333875125166
spline_mixed,5C_67PER_4C_NEWSTRUCTURE,176,0.9963970061803263
spline_mixed,5C_67PER_4C_NEWSTRUCTURE,177,0.9963603602082481
spline_mixed,5C_67PER_4C_NEWSTRUCTURE,178,0.9963234495947944
spline_mixed,5C_67PER_4C_NEWSTRUCTURE,179,0.9962862743384776
spline_mixed,5C_67PER_4C_NEWSTRUCTURE,180,0.9962488344378099
spline_mixed,5C_67PER_4C_NEWSTRUCTURE,181,0.9962111298913036
spline_mixed,5C_67PER_4C_NEWSTRUCTURE,182,0.9961731606974712
spline_mixed,5C_67PER_4C_NEWSTRUCTURE,183,0.9961349268548251
spline_mixed,5C_67PER_4C_NEWSTRUCTURE,184,0.9960964283618775
spline_mixed,5C_67PER_4C_NEWSTRUCTURE,185,0.9960576652171409
spline_mixed,5C_67PER_4C_NEWSTRUCTURE,186,0.9960186374191277
spline_mixed,5C_67PER_4C_NEWSTRUCTURE,187,0.9959793449663499
spline_mixed,5C_67PER_4C_NEWSTRUCTURE,188,0.9959397878573203
spline_mixed,5C_67PER_4C_NEWSTRUCTURE,189,0.995899966090551
spline_mixed,5C_67PER_4C_NEWSTRUCTURE,190,0.9958598796645545
spline_mixed,5C_67PER_4C_NEWSTRUCTURE,191,0.995819528577843
spline_mixed,5C_67PER_4C_NEWSTRUCTURE,192,0.9957789128289289
spline_mixed,5C_67PER_4C_NEWSTRUCTURE,193,0.9957380324163246
spline_mixed,5C_67PER_4C_NEWSTRUCTURE,194,0.9956968873385427
spline_mixed,5C_67PER_4C_NEWSTRUCTURE,195,0.9956554775940949
spline_mixed,5C_67PER_4C_NEWSTRUCTURE,196,0.9956138031814943
spline_mixed,5C_67PER_4C_NEWSTRUCTURE,197,0.9955718640992528
spline_mixed,5C_67PER_4C_NEWSTRUCTURE,198,0.9955296603458829
spline_mixed,5C_67PER_4C_NEWSTRUCTURE,199,0.995487191919897
spline_mixed,5C_67PER_4C_NEWSTRUCTURE,200,0.9954444588198074
spline_mixed,5_3C_54PER_4C_NEWSTRUCTURE,1,0.9978702500694854
spline_mixed,5_3C_54PER_4C_NEWSTRUCTURE,2,0.9979735996292128
spline_mixed,5_3C_54PER_4C_NEWSTRUCTURE,3,0.9980731713445529
spline_mixed,5_3C_54PER_4C_NEWSTRUCTURE,4,0.9981690248485292
spline_mixed,5_3C_54PER_4C_NEWSTRUCTURE,5,0.998261219774165
spline_mixed,5_3C_54PER_4C_NEWSTRUCTURE,6,0.9983498157544839
spline_mixed,5_3C_54PER_4C_NEWSTRUCTURE,7,0.9984348724225093
spline_mixed,5_3C_54PER_4C_NEWSTRUCTURE,8,0.9985164494112644
spline_mixed,5_3C_54PER_4C_NEWSTRUCTURE,9,0.9985946063537728
spline_mixed,5_3C_54PER_4C_NEWSTRUCTURE,10,0.9986694028830579
spline_mixed,5_3C_54PER_4C_NEWSTRUCTURE,11,0.9987408986321431
spline_mixed,5_3C_54PER_4C_NEWSTRUCTURE,12,0.9988091532340518
spline_mixed,5_3C_54PER_4C_NEWSTRUCTURE,13,0.9988742263218074
spline_mixed,5_3C_54PER_4C_NEWSTRUCTURE,14,0.9989361775284334
spline_mixed,5_3C_54PER_4C_NEWSTRUCTURE,15,0.9989950664869532
spline_mixed,5_3C_54PER_4C_NEWSTRUCTURE,16,0.9990509528303901
spline_mixed,5_3C_54PER_4C_NEWSTRUCTURE,17,0.9991038961917678
spline_mixed,5_3C_54PER_4C_NEWSTRUCTURE,18,0.9991539562041093
spline_mixed,5_3C_54PER_4C_NEWSTRUCTURE,19,0.9992011925004384
spline_mixed,5_3C_54PER_4C_NEWSTRUCTURE,20,0.9992456647137782
spline_mixed,5_3C_54PER_4C_NEWSTRUCTURE,21,0.9992874324771525
spline_mixed,5_3C_54PER_4C_NEWSTRUCTURE,22,0.9993265554235843
spline_mixed,5_3C_54PER_4C_NEWSTRUCTURE,23,0.9993630931860974
spline_mixed,5_3C_54PER_4C_NEWSTRUCTURE,24,0.9993971053977149
spline_mixed,5_3C_54PER_4C_NEWSTRUCTURE,25,0.9994286516914603
spline_mixed,5_3C_54PER_4C_NEWSTRUCTURE,26,0.9994577917003573
spline_mixed,5_3C_54PER_4C_NEWSTRUCTURE,27,0.9994845850574289
spline_mixed,5_3C_54PER_4C_NEWSTRUCTURE,28,0.9995090913956988
spline_mixed,5_3C_54PER_4C_NEWSTRUCTURE,29,0.9995313703481902
spline_mixed,5_3C_54PER_4C_NEWSTRUCTURE,30,0.9995514815479267
spline_mixed,5_3C_54PER_4C_NEWSTRUCTURE,31,0.9995694846279318
spline_mixed,5_3C_54PER_4C_NEWSTRUCTURE,32,0.9995854392212287
spline_mixed,5_3C_54PER_4C_NEWSTRUCTURE,33,0.9995994049608409
spline_mixed,5_3C_54PER_4C_NEWSTRUCTURE,34,0.9996114414797918
spline_mixed,5_3C_54PER_4C_NEWSTRUCTURE,35,0.9996216084111048
spline_mixed,5_3C_54PER_4C_NEWSTRUCTURE,36,0.9996299653878035
spline_mixed,5_3C_54PER_4C_NEWSTRUCTURE,37,0.999636572042911
spline_mixed,5_3C_54PER_4C_NEWSTRUCTURE,38,0.999641488009451
spline_mixed,5_3C_54PER_4C_NEWSTRUCTURE,39,0.9996447729204467
spline_mixed,5_3C_54PER_4C_NEWSTRUCTURE,40,0.9996464864089218
spline_mixed,5_3C_54PER_4C_NEWSTRUCTURE,41,0.9996466881078995
spline_mixed,5_3C_54PER_4C_NEWSTRUCTURE,42,0.9996454376504031
spline_mixed,5_3C_54PER_4C_NEWSTRUCTURE,43,0.9996427946694563
spline_mixed,5_3C_54PER_4C_NEWSTRUCTURE,44,0.9996388187980825
spline_mixed,5_3C_54PER_4C_NEWSTRUCTURE,45,0.9996335696693048
spline_mixed,5_3C_54PER_4C_NEWSTRUCTURE,46,0.999627106916147
spline_mixed,5_3C_54PER_4C_NEWSTRUCTURE,47,0.9996194901716323
spline_mixed,5_3C_54PER_4C_NEWSTRUCTURE,48,0.9996107790687843
spline_mixed,5_3C_54PER_4C_NEWSTRUCTURE,49,0.9996010332406262
spline_mixed,5_3C_54PER_4C_NEWSTRUCTURE,50,0.9995903123201815
spline_mixed,5_3C_54PER_4C_NEWSTRUCTURE,51,0.9995786697956712
spline_mixed,5_3C_54PER_4C_NEWSTRUCTURE,52,0.9995661345761072
spline_mixed,5_3C_54PER_4C_NEWSTRUCTURE,53,0.9995527294256987
spline_mixed,5_3C_54PER_4C_NEWSTRUCTURE,54,0.999538477108655
spline_mixed,5_3C_54PER_4C_NEWSTRUCTURE,55,0.9995234003891854
spline_mixed,5_3C_54PER_4C_NEWSTRUCTURE,56,0.9995075220314994
spline_mixed,5_3C_54PER_4C_NEWSTRUCTURE,57,0.9994908647998063
spline_mixed,5_3C_54PER_4C_NEWSTRUCTURE,58,0.9994734514583152
spline_mixed,5_3C_54PER_4C_NEWSTRUCTURE,59,0.9994553047712357
spline_mixed,5_3C_54PER_4C_NEWSTRUCTURE,60,0.999436447502777
spline_mixed,5_3C_54PER_4C_NEWSTRUCTURE,61,0.9994169024171488
spline_mixed,5_3C_54PER_4C_NEWSTRUCTURE,62,0.9993966922785599
spline_mixed,5_3C_54PER_4C_NEWSTRUCTURE,63,0.9993758398512198
spline_mixed,5_3C_54PER_4C_NEWSTRUCTURE,64,0.999354367899338
spline_mixed,5_3C_54PER_4C_NEWSTRUCTURE,65,0.9993322991871237
spline_mixed,5_3C_54PER_4C_NEWSTRUCTURE,66,0.9993096564787863
spline_mixed,5_3C_54PER_4C_NEWSTRUCTURE,67,0.9992864625385351
spline_mixed,5_3C_54PER_4C_NEWSTRUCTURE,68,0.9992627401305795
spline_mixed,5_3C_54PER_4C_NEWSTRUCTURE,69,0.9992385120191286
spline_mixed,5_3C_54PER_4C_NEWSTRUCTURE,70,0.9992138009683922
spline_mixed,5_3C_54PER_4C_NEWSTRUCTURE,71,0.9991886297425792
spline_mixed,5_3C_54PER_4C_NEWSTRUCTURE,72,0.999163021105899
spline_mixed,5_3C_54PER_4C_NEWSTRUCTURE,73,0.9991369978225612
spline_mixed,5_3C_54PER_4C_NEWSTRUCTURE,74,0.9991105826567749
spline_mixed,5_3C_54PER_4C_NEWSTRUCTURE,75,0.9990837983727494
spline_mixed,5_3C_54PER_4C_NEWSTRUCTURE,76,0.9990566677346944
spline_mixed,5_3C_54PER_4C_NEWSTRUCTURE,77,0.9990292135068187
spline_mixed,5_3C_54PER_4C_NEWSTRUCTURE,78,0.999001458453332
spline_mixed,5_3C_54PER_4C_NEWSTRUCTURE,79,0.9989734253384436
spline_mixed,5_3C_54PER_4C_NEWSTRUCTURE,80,0.9989451369263627
spline_mixed,5_3C_54PER_4C_NEWSTRUCTURE,81,0.9989166159812988
spline_mixed,5_3C_54PER_4C_NEWSTRUCTURE,82,0.9988878852674611
spline_mixed,5_3C_54PER_4C_NEWSTRUCTURE,83,0.9988589675490589
spline_mixed,5_3C_54PER_4C_NEWSTRUCTURE,84,0.9988298855903017
spline_mixed,5_3C_54PER_4C_NEWSTRUCTURE,85,0.9988006621553989
spline_mixed,5_3C_54PER_4C_NEWSTRUCTURE,86,0.9987713200085595
spline_mixed,5_3C_54PER_4C_NEWSTRUCTURE,87,0.998741881913993
spline_mixed,5_3C_54PER_4C_NEWSTRUCTURE,88,0.998712370635909
spline_mixed,5_3C_54PER_4C_NEWSTRUCTURE,89,0.9986828089385165
spline_mixed,5_3C_54PER_4C_NEWSTRUCTURE,90,0.9986532195860249
spline_mixed,5_3C_54PER_4C_NEWSTRUCTURE,91,0.9986236253426436
spline_mixed,5_3C_54PER_4C_NEWSTRUCTURE,92,0.998594048972582
spline_mixed,5_3C_54PER_4C_NEWSTRUCTURE,93,0.9985645132400492
spline_mixed,5_3C_54PER_4C_NEWSTRUCTURE,94,0.9985350409092547
spline_mixed,5_3C_54PER_4C_NEWSTRUCTURE,95,0.9985056547444079
spline_mixed,5_3C_54PER_4C_NEWSTRUCTURE,96,0.9984763775097182
spline_mixed,5_3C_54PER_4C_NEWSTRUCTURE,97,0.9984472319693946
spline_mixed,5_3C_54PER_4C_NEWSTRUCTURE,98,0.9984182408876466
spline_mixed,5_3C_54PER_4C_NEWSTRUCTURE,99,0.9983894270286838
spline_mixed,5_3C_54PER_4C_NEWSTRUCTURE,100,0.9983608131567152
spline_mixed,5_3C_54PER_4C_NEWSTRUCTURE,101,0.9983324166558636
spline_mixed,5_3C_54PER_4C_NEWSTRUCTURE,102,0.9983042333899058
spline_mixed,5_3C_54PER_4C_NEWSTRUCTURE,103,0.9982762538425316
spline_mixed,5_3C_54PER_4C_NEWSTRUCTURE,104,0.9982484684974315
spline_mixed,5_3C_54PER_4C_NEWSTRUCTURE,105,0.9982208678382952
spline_mixed,5_3C_54PER_4C_NEWSTRUCTURE,106,0.9981934423488131
spline_mixed,5_3C_54PER_4C_NEWSTRUCTURE,107,0.9981661825126751
spline_mixed,5_3C_54PER_4C_NEWSTRUCTURE,108,0.9981390788135711
spline_mixed,5_3C_54PER_4C_NEWSTRUCTURE,109,0.9981121217351916
spline_mixed,5_3C_54PER_4C_NEWSTRUCTURE,110,0.9980853017612263
spline_mixed,5_3C_54PER_4C_NEWSTRUCTURE,111,0.9980586093753654
spline_mixed,5_3C_54PER_4C_NEWSTRUCTURE,112,0.998032035061299
spline_mixed,5_3C_54PER_4C_NEWSTRUCTURE,113,0.9980055693027172
spline_mixed,5_3C_54PER_4C_NEWSTRUCTURE,114,0.9979792025833099
spline_mixed,5_3C_54PER_4C_NEWSTRUCTURE,115,0.9979529253867676
spline_mixed,5_3C_54PER_4C_NEWSTRUCTURE,116,0.9979267281967799
spline_mixed,5_3C_54PER_4C_NEWSTRUCTURE,117,0.9979006014970371
spline_mixed,5_3C_54PER_4C_NEWSTRUCTURE,118,0.9978745357712292
spline_mixed,5_3C_54PER_4C_NEWSTRUCTURE,119,0.9978485215030464
spline_mixed,5_3C_54PER_4C_NEWSTRUCTURE,120,0.9978225491761787
spline_mixed,5_3C_54PER_4C_NEWSTRUCTURE,121,0.9977966092743161
spline_mixed,5_3C_54PER_4C_NEWSTRUCTURE,122,0.9977706922811489
spline_mixed,5_3C_54PER_4C_NEWSTRUCTURE,123,0.997744788680367
spline_mixed,5_3C_54PER_4C_NEWSTRUCTURE,124,0.9977188889556604
spline_mixed,5_3C_54PER_4C_NEWSTRUCTURE,125,0.9976929835907195
spline_mixed,5_3C_54PER_4C_NEWSTRUCTURE,126,0.9976670630692339
spline_mixed,5_3C_54PER_4C_NEWSTRUCTURE,127,0.9976411178748942
spline_mixed,5_3C_54PER_4C_NEWSTRUCTURE,128,0.99761513849139
spline_mixed,5_3C_54PER_4C_NEWSTRUCTURE,129,0.9975891154024117
spline_mixed,5_3C_54PER_4C_NEWSTRUCTURE,130,0.9975630390916496
spline_mixed,5_3C_54PER_4C_NEWSTRUCTURE,131,0.9975369000427928
spline_mixed,5_3C_54PER_4C_NEWSTRUCTURE,132,0.9975106887395324
spline_mixed,5_3C_54PER_4C_NEWSTRUCTURE,133,0.9974843956655582
spline_mixed,5_3C_54PER_4C_NEWSTRUCTURE,134,0.99745801130456
spline_mixed,5_3C_54PER_4C_NEWSTRUCTURE,135,0.9974315261402281
spline_mixed,5_3C_54PER_4C_NEWSTRUCTURE,136,0.9974049306562525
spline_mixed,5_3C_54PER_4C_NEWSTRUCTURE,137,0.9973782153363234
spline_mixed,5_3C_54PER_4C_NEWSTRUCTURE,138,0.9973513706641307
spline_mixed,5_3C_54PER_4C_NEWSTRUCTURE,139,0.9973243871233647
spline_mixed,5_3C_54PER_4C_NEWSTRUCTURE,140,0.9972972551977153
spline_mixed,5_3C_54PER_4C_NEWSTRUCTURE,141,0.9972699653708725
spline_mixed,5_3C_54PER_4C_NEWSTRUCTURE,142,0.9972425081265267
spline_mixed,5_3C_54PER_4C_NEWSTRUCTURE,143,0.9972148739483676
spline_mixed,5_3C_54PER_4C_NEWSTRUCTURE,144,0.9971870533200855
spline_mixed,5_3C_54PER_4C_NEWSTRUCTURE,145,0.9971590367253705
spline_mixed,5_3C_54PER_4C_NEWSTRUCTURE,146,0.9971308146479126
spline_mixed,5_3C_54PER_4C_NEWSTRUCTURE,147,0.997102377571402
spline_mixed,5_3C_54PER_4C_NEWSTRUCTURE,148,0.9970737159795283
spline_mixed,5_3C_54PER_4C_NEWSTRUCTURE,149,0.9970448203559821
spline_mixed,5_3C_54PER_4C_NEWSTRUCTURE,150,0.9970156811844534
spline_mixed,5_3C_54PER_4C_NEWSTRUCTURE,151,0.9969862912096737
spline_mixed,5_3C_54PER_4C_NEWSTRUCTURE,152,0.9969566522205404
spline_mixed,5_3C_54PER_4C_NEWSTRUCTURE,153,0.9969267682669931
spline_mixed,5_3C_54PER_4C_NEWSTRUCTURE,154,0.9968966433989708
spline_mixed,5_3C_54PER_4C_NEWSTRUCTURE,155,0.9968662816664121
spline_mixed,5_3C_54PER_4C_NEWSTRUCTURE,156,0.9968356871192567
spline_mixed,5_3C_54PER_4C_NEWSTRUCTURE,157,0.9968048638074435
spline_mixed,5_3C_54PER_4C_NEWSTRUCTURE,158,0.9967738157809115
spline_mixed,5_3C_54PER_4C_NEWSTRUCTURE,159,0.9967425470896002
spline_mixed,5_3C_54PER_4C_NEWSTRUCTURE,160,0.9967110617834485
spline_mixed,5_3C_54PER_4C_NEWSTRUCTURE,161,0.9966793639123954
spline_mixed,5_3C_54PER_4C_NEWSTRUCTURE,162,0.9966474575263801
spline_mixed,5_3C_54PER_4C_NEWSTRUCTURE,163,0.9966153466753419
spline_mixed,5_3C_54PER_4C_NEWSTRUCTURE,164,0.9965830354092196
spline_mixed,5_3C_54PER_4C_NEWSTRUCTURE,165,0.9965505277779526
spline_mixed,5_3C_54PER_4C_NEWSTRUCTURE,166,0.9965178278314799
spline_mixed,5_3C_54PER_4C_NEWSTRUCTURE,167,0.9964849396197407
spline_mixed,5_3C_54PER_4C_NEWSTRUCTURE,168,0.9964518671926742
spline_mixed,5_3C_54PER_4C_NEWSTRUCTURE,169,0.9964186146002191
spline_mixed,5_3C_54PER_4C_NEWSTRUCTURE,170,0.996385185892315
spline_mixed,5_3C_54PER_4C_NEWSTRUCTURE,171,0.9963515851189008
spline_mixed,5_3C_54PER_4C_NEWSTRUCTURE,172,0.9963178163299157
spline_mixed,5_3C_54PER_4C_NEWSTRUCTURE,173,0.9962838835752987
spline_mixed,5_3C_54PER_4C_NEWSTRUCTURE,174,0.996249790904989
spline_mixed,5_3C_54PER_4C_NEWSTRUCTURE,175,0.9962155423689257
spline_mixed,5_3C_54PER_4C_NEWSTRUCTURE,176,0.996181142017048
spline_mixed,5_3C_54PER_4C_NEWSTRUCTURE,177,0.996146593899295
spline_mixed,5_3C_54PER_4C_NEWSTRUCTURE,178,0.9961119020656057
spline_mixed,5_3C_54PER_4C_NEWSTRUCTURE,179,0.9960770705659193
spline_mixed,5_3C_54PER_4C_NEWSTRUCTURE,180,0.9960421034501751
spline_mixed,5_3C_54PER_4C_NEWSTRUCTURE,181,0.9960070047683119
spline_mixed,5_3C_54PER_4C_NEWSTRUCTURE,182,0.9959717785702692
spline_mixed,5_3C_54PER_4C_NEWSTRUCTURE,183,0.9959364289059857
spline_mixed,5_3C_54PER_4C_NEWSTRUCTURE,184,0.9959009598254008
spline_mixed,5_3C_54PER_4C_NEWSTRUCTURE,185,0.9958653753784537
spline_mixed,5_3C_54PER_4C_NEWSTRUCTURE,186,0.995829679615083
spline_mixed,5_3C_54PER_4C_NEWSTRUCTURE,187,0.9957938765852283
spline_mixed,5_3C_54PER_4C_NEWSTRUCTURE,188,0.9957579703388288
spline_mixed,5_3C_54PER_4C_NEWSTRUCTURE,189,0.9957219649258233
spline_mixed,5_3C_54PER_4C_NEWSTRUCTURE,190,0.995685864396151
spline_mixed,5_3C_54PER_4C_NEWSTRUCTURE,191,0.9956496727997514
spline_mixed,5_3C_54PER_4C_NEWSTRUCTURE,192,0.995613394186563
spline_mixed,5_3C_54PER_4C_NEWSTRUCTURE,193,0.9955770326065253
spline_mixed,5_3C_54PER_4C_NEWSTRUCTURE,194,0.9955405921095773
spline_mixed,5_3C_54PER_4C_NEWSTRUCTURE,195,0.9955040767456582
spline_mixed,5_3C_54PER_4C_NEWSTRUCTURE,196,0.9954674905647071
spline_mixed,5_3C_54PER_4C_NEWSTRUCTURE,197,0.9954308376166632
spline_mixed,5_3C_54PER_4C_NEWSTRUCTURE,198,0.9953941219514655
spline_mixed,5_3C_54PER_4C_NEWSTRUCTURE,199,0.9953573476190531
spline_mixed,5_3C_54PER_4C_NEWSTRUCTURE,200,0.9953205186693651
spline_mixed,5_6C_19PER_4_6C_NEWSTRUCTURE,1,0.9983161187551887
spline_mixed,5_6C_19PER_4_6C_NEWSTRUCTURE,2,0.9984110323273805
spline_mixed,5_6C_19PER_4_6C_NEWSTRUCTURE,3,0.9985020669670295
spline_mixed,5_6C_19PER_4_6C_NEWSTRUCTURE,4,0.9985892858755874
spline_mixed,5_6C_19PER_4_6C_NEWSTRUCTURE,5,0.9986727522545064
spline_mixed,5_6C_19PER_4_6C_NEWSTRUCTURE,6,0.9987525293052382
spline_mixed,5_6C_19PER_4_6C_NEWSTRUCTURE,7,0.9988286802292349
spline_mixed,5_6C_19PER_4_6C_NEWSTRUCTURE,8,0.9989012682279483
spline_mixed,5_6C_19PER_4_6C_NEWSTRUCTURE,9,0.9989703565028305
spline_mixed,5_6C_19PER_4_6C_NEWSTRUCTURE,10,0.9990360082553333
spline_mixed,5_6C_19PER_4_6C_NEWSTRUCTURE,11,0.9990982866869088
spline_mixed,5_6C_19PER_4_6C_NEWSTRUCTURE,12,0.9991572549990089
spline_mixed,5_6C_19PER_4_6C_NEWSTRUCTURE,13,0.9992129763930854
spline_mixed,5_6C_19PER_4_6C_NEWSTRUCTURE,14,0.9992655140705903
spline_mixed,5_6C_19PER_4_6C_NEWSTRUCTURE,15,0.9993149312329755
spline_mixed,5_6C_19PER_4_6C_NEWSTRUCTURE,16,0.9993612910816931
spline_mixed,5_6C_19PER_4_6C_NEWSTRUCTURE,17,0.999404656818195
spline_mixed,5_6C_19PER_4_6C_NEWSTRUCTURE,18,0.9994450916439331
spline_mixed,5_6C_19PER_4_6C_NEWSTRUCTURE,19,0.9994826587603592
spline_mixed,5_6C_19PER_4_6C_NEWSTRUCTURE,20,0.9995174213689255
spline_mixed,5_6C_19PER_4_6C_NEWSTRUCTURE,21,0.9995494426710838
spline_mixed,5_6C_19PER_4_6C_NEWSTRUCTURE,22,0.999578785868286
spline_mixed,5_6C_19PER_4_6C_NEWSTRUCTURE,23,0.999605514161984
spline_mixed,5_6C_19PER_4_6C_NEWSTRUCTURE,24,0.99962969075363
spline_mixed,5_6C_19PER_4_6C_NEWSTRUCTURE,25,0.9996513788446756
spline_mixed,5_6C_19PER_4_6C_NEWSTRUCTURE,26,0.999670641636573
spline_mixed,5_6C_19PER_4_6C_NEWSTRUCTURE,27,0.9996875423307741
spline_mixed,5_6C_19PER_4_6C_NEWSTRUCTURE,28,0.9997021441287307
spline_mixed,5_6C_19PER_4_6C_NEWSTRUCTURE,29,0.9997145102318948
spline_mixed,5_6C_19PER_4_6C_NEWSTRUCTURE,30,0.9997247038417185
spline_mixed,5_6C_19PER_4_6C_NEWSTRUCTURE,31,0.9997327881596535
spline_mixed,5_6C_19PER_4_6C_NEWSTRUCTURE,32,0.9997388263871518
spline_mixed,5_6C_19PER_4_6C_NEWSTRUCTURE,33,0.9997428817256655
spline_mixed,5_6C_19PER_4_6C_NEWSTRUCTURE,34,0.9997450173766464
spline_mixed,5_6C_19PER_4_6C_NEWSTRUCTURE,35,0.9997452965415464
spline_mixed,5_6C_19PER_4_6C_NEWSTRUCTURE,36,0.9997437824218177
spline_mixed,5_6C_19PER_4_6C_NEWSTRUCTURE,37,0.9997405382189118
spline_mixed,5_6C_19PER_4_6C_NEWSTRUCTURE,38,0.9997356271342811
spline_mixed,5_6C_19PER_4_6C_NEWSTRUCTURE,39,0.9997291123693772
spline_mixed,5_6C_19PER_4_6C_NEWSTRUCTURE,40,0.9997210571256522
spline_mixed,5_6C_19PER_4_6C_NEWSTRUCTURE,41,0.999711524604558
spline_mixed,5_6C_19PER_4_6C_NEWSTRUCTURE,42,0.9997005780075466
spline_mixed,5_6C_19PER_4_6C_NEWSTRUCTURE,43,0.9996882805360698
spline_mixed,5_6C_19PER_4_6C_NEWSTRUCTURE,44,0.9996746953915797
spline_mixed,5_6C_19PER_4_6C_NEWSTRUCTURE,45,0.9996598857755281
spline_mixed,5_6C_19PER_4_6C_NEWSTRUCTURE,46,0.9996439148893672
spline_mixed,5_6C_19PER_4_6C_NEWSTRUCTURE,47,0.9996268459345485
spline_mixed,5_6C_19PER_4_6C_NEWSTRUCTURE,48,0.9996087421125243
spline_mixed,5_6C_19PER_4_6C_NEWSTRUCTURE,49,0.9995896666247465
spline_mixed,5_6C_19PER_4_6C_NEWSTRUCTURE,50,0.9995696826726669
spline_mixed,5_6C_19PER_4_6C_NEWSTRUCTURE,51,0.999548846723133
spline_mixed,5_6C_19PER_4_6C_NEWSTRUCTURE,52,0.9995271883045755
spline_mixed,5_6C_19PER_4_6C_NEWSTRUCTURE,53,0.9995047302108201
spline_mixed,5_6C_19PER_4_6C_NEWSTRUCTURE,54,0.9994814952356929
spline_mixed,5_6C_19PER_4_6C_NEWSTRUCTURE,55,0.9994575061730195
spline_mixed,5_6C_19PER_4_6C_NEWSTRUCTURE,56,0.9994327858166262
spline_mixed,5_6C_19PER_4_6C_NEWSTRUCTURE,57,0.9994073569603391
spline_mixed,5_6C_19PER_4_6C_NEWSTRUCTURE,58,0.9993812423979836
spline_mixed,5_6C_19PER_4_6C_NEWSTRUCTURE,59,0.9993544649233863
spline_mixed,5_6C_19PER_4_6C_NEWSTRUCTURE,60,0.9993270473303729
spline_mixed,5_6C_19PER_4_6C_NEWSTRUCTURE,61,0.9992990124127692
spline_mixed,5_6C_19PER_4_6C_NEWSTRUCTURE,62,0.9992703829644013
spline_mixed,5_6C_19PER_4_6C_NEWSTRUCTURE,63,0.9992411817790954
spline_mixed,5_6C_19PER_4_6C_NEWSTRUCTURE,64,0.9992114316506769
spline_mixed,5_6C_19PER_4_6C_NEWSTRUCTURE,65,0.9991811553729724
spline_mixed,5_6C_19PER_4_6C_NEWSTRUCTURE,66,0.9991503757398074
spline_mixed,5_6C_19PER_4_6C_NEWSTRUCTURE,67,0.999119115545008
spline_mixed,5_6C_19PER_4_6C_NEWSTRUCTURE,68,0.9990873975824003
spline_mixed,5_6C_19PER_4_6C_NEWSTRUCTURE,69,0.9990552446458101
spline_mixed,5_6C_19PER_4_6C_NEWSTRUCTURE,70,0.9990226795290633
spline_mixed,5_6C_19PER_4_6C_NEWSTRUCTURE,71,0.998989725025986
spline_mixed,5_6C_19PER_4_6C_NEWSTRUCTURE,72,0.9989564039304044
spline_mixed,5_6C_19PER_4_6C_NEWSTRUCTURE,73,0.9989227390361439
spline_mixed,5_6C_19PER_4_6C_NEWSTRUCTURE,74,0.998888753137031
spline_mixed,5_6C_19PER_4_6C_NEWSTRUCTURE,75,0.9988544690268911
spline_mixed,5_6C_19PER_4_6C_NEWSTRUCTURE,76,0.9988199094995509
spline_mixed,5_6C_19PER_4_6C_NEWSTRUCTURE,77,0.9987850973488358
spline_mixed,5_6C_19PER_4_6C_NEWSTRUCTURE,78,0.9987500553685718
spline_mixed,5_6C_19PER_4_6C_NEWSTRUCTURE,79,0.9987148063525851
spline_mixed,5_6C_19PER_4_6C_NEWSTRUCTURE,80,0.9986793730947016
spline_mixed,5_6C_19PER_4_6C_NEWSTRUCTURE,81,0.9986437783887471
spline_mixed,5_6C_19PER_4_6C_NEWSTRUCTURE,82,0.9986080450285476
spline_mixed,5_6C_19PER_4_6C_NEWSTRUCTURE,83,0.9985721958079293
spline_mixed,5_6C_19PER_4_6C_NEWSTRUCTURE,84,0.998536253520718
spline_mixed,5_6C_19PER_4_6C_NEWSTRUCTURE,85,0.9985002409607396
spline_mixed,5_6C_19PER_4_6C_NEWSTRUCTURE,86,0.9984641809218201
spline_mixed,5_6C_19PER_4_6C_NEWSTRUCTURE,87,0.9984280961977857
spline_mixed,5_6C_19PER_4_6C_NEWSTRUCTURE,88,0.998392009582462
spline_mixed,5_6C_19PER_4_6C_NEWSTRUCTURE,89,0.9983559438696751
spline_mixed,5_6C_19PER_4_6C_NEWSTRUCTURE,90,0.998319921853251
spline_mixed,5_6C_19PER_4_6C_NEWSTRUCTURE,91,0.9982839663270157
spline_mixed,5_6C_19PER_4_6C_NEWSTRUCTURE,92,0.998248100084795
spline_mixed,5_6C_19PER_4_6C_NEWSTRUCTURE,93,0.9982123459204151
spline_mixed,5_6C_19PER_4_6C_NEWSTRUCTURE,94,0.9981767266277018
spline_mixed,5_6C_19PER_4_6C_NEWSTRUCTURE,95,0.9981412650004811
spline_mixed,5_6C_19PER_4_6C_NEWSTRUCTURE,96,0.9981059838325789
spline_mixed,5_6C_19PER_4_6C_NEWSTRUCTURE,97,0.9980709059178213
spline_mixed,5_6C_19PER_4_6C_NEWSTRUCTURE,98,0.9980360540500341
spline_mixed,5_6C_19PER_4_6C_NEWSTRUCTURE,99,0.9980014510230435
spline_mixed,5_6C_19PER_4_6C_NEWSTRUCTURE,100,0.9979671196306753
spline_mixed,5_6C_19PER_4_6C_NEWSTRUCTURE,101,0.9979330767494432
spline_mixed,5_6C_19PER_4_6C_NEWSTRUCTURE,102,0.9978993155866124
spline_mixed,5_6C_19PER_4_6C_NEWSTRUCTURE,103,0.9978658234321356
spline_mixed,5_6C_19PER_4_6C_NEWSTRUCTURE,104,0.9978325875759658
spline_mixed,5_6C_19PER_4_6C_NEWSTRUCTURE,105,0.997799595308056
spline_mixed,5_6C_19PER_4_6C_NEWSTRUCTURE,106,0.9977668339183585
spline_mixed,5_6C_19PER_4_6C_NEWSTRUCTURE,107,0.9977342906968268
spline_mixed,5_6C_19PER_4_6C_NEWSTRUCTURE,108,0.9977019529334135
spline_mixed,5_6C_19PER_4_6C_NEWSTRUCTURE,109,0.9976698079180711
spline_mixed,5_6C_19PER_4_6C_NEWSTRUCTURE,110,0.9976378429407532
spline_mixed,5_6C_19PER_4_6C_NEWSTRUCTURE,111,0.997606045291412
spline_mixed,5_6C_19PER_4_6C_NEWSTRUCTURE,112,0.9975744022600006
spline_mixed,5_6C_19PER_4_6C_NEWSTRUCTURE,113,0.9975429011364719
spline_mixed,5_6C_19PER_4_6C_NEWSTRUCTURE,114,0.9975115292107786
spline_mixed,5_6C_19PER_4_6C_NEWSTRUCTURE,115,0.9974802737728738
spline_mixed,5_6C_19PER_4_6C_NEWSTRUCTURE,116,0.9974491221127102
spline_mixed,5_6C_19PER_4_6C_NEWSTRUCTURE,117,0.9974180615202406
spline_mixed,5_6C_19PER_4_6C_NEWSTRUCTURE,118,0.9973870792854179
spline_mixed,5_6C_19PER_4_6C_NEWSTRUCTURE,119,0.9973561626981952
spline_mixed,5_6C_19PER_4_6C_NEWSTRUCTURE,120,0.9973252990485251
spline_mixed,5_6C_19PER_4_6C_NEWSTRUCTURE,121,0.9972944756263603
spline_mixed,5_6C_19PER_4_6C_NEWSTRUCTURE,122,0.997263679721654
spline_mixed,5_6C_19PER_4_6C_NEWSTRUCTURE,123,0.9972328986243588
spline_mixed,5_6C_19PER_4_6C_NEWSTRUCTURE,124,0.9972021196244278
spline_mixed,5_6C_19PER_4_6C_NEWSTRUCTURE,125,0.9971713300118137
spline_mixed,5_6C_19PER_4_6C_NEWSTRUCTURE,126,0.9971405170764692
spline_mixed,5_6C_19PER_4_6C_NEWSTRUCTURE,127,0.9971096681083476
spline_mixed,5_6C_19PER_4_6C_NEWSTRUCTURE,128,0.9970787703974013
spline_mixed,5_6C_19PER_4_6C_NEWSTRUCTURE,129,0.9970478112335834
spline_mixed,5_6C_19PER_4_6C_NEWSTRUCTURE,130,0.9970167779068467
spline_mixed,5_6C_19PER_4_6C_NEWSTRUCTURE,131,0.9969856577071441
spline_mixed,5_6C_19PER_4_6C_NEWSTRUCTURE,132,0.9969544379244283
spline_mixed,5_6C_19PER_4_6C_NEWSTRUCTURE,133,0.9969231058486524
spline_mixed,5_6C_19PER_4_6C_NEWSTRUCTURE,134,0.9968916487697689
spline_mixed,5_6C_19PER_4_6C_NEWSTRUCTURE,135,0.996860053977731
spline_mixed,5_6C_19PER_4_6C_NEWSTRUCTURE,136,0.9968283087624916
spline_mixed,5_6C_19PER_4_6C_NEWSTRUCTURE,137,0.9967964004140034
spline_mixed,5_6C_19PER_4_6C_NEWSTRUCTURE,138,0.996764316222219
spline_mixed,5_6C_19PER_4_6C_NEWSTRUCTURE,139,0.9967320434770917
spline_mixed,5_6C_19PER_4_6C_NEWSTRUCTURE,140,0.9966995694685741
spline_mixed,5_6C_19PER_4_6C_NEWSTRUCTURE,141,0.9966668814866191
spline_mixed,5_6C_19PER_4_6C_NEWSTRUCTURE,142,0.9966339668211794
spline_mixed,5_6C_19PER_4_6C_NEWSTRUCTURE,143,0.9966008127622082
spline_mixed,5_6C_19PER_4_6C_NEWSTRUCTURE,144,0.996567406599658
spline_mixed,5_6C_19PER_4_6C_NEWSTRUCTURE,145,0.996533735623482
spline_mixed,5_6C_19PER_4_6C_NEWSTRUCTURE,146,0.996499787123633
spline_mixed,5_6C_19PER_4_6C_NEWSTRUCTURE,147,0.9964655483900636
spline_mixed,5_6C_19PER_4_6C_NEWSTRUCTURE,148,0.9964310067127269
spline_mixed,5_6C_19PER_4_6C_NEWSTRUCTURE,149,0.9963961493815755
spline_mixed,5_6C_19PER_4_6C_NEWSTRUCTURE,150,0.9963609636865625
spline_mixed,5_6C_19PER_4_6C_NEWSTRUCTURE,151,0.9963254388108093
spline_mixed,5_6C_19PER_4_6C_NEWSTRUCTURE,152,0.9962895715101107
spline_mixed,5_6C_19PER_4_6C_NEWSTRUCTURE,153,0.9962533604334304
spline_mixed,5_6C_19PER_4_6C_NEWSTRUCTURE,154,0.9962168042297322
spline_mixed,5_6C_19PER_4_6C_NEWSTRUCTURE,155,0.9961799015479795
spline_mixed,5_6C_19PER_4_6C_NEWSTRUCTURE,156,0.9961426510371361
spline_mixed,5_6C_19PER_4_6C_NEWSTRUCTURE,157,0.9961050513461654
spline_mixed,5_6C_19PER_4_6C_NEWSTRUCTURE,158,0.9960671011240311
spline_mixed,5_6C_19PER_4_6C_NEWSTRUCTURE,159,0.996028799019697
spline_mixed,5_6C_19PER_4_6C_NEWSTRUCTURE,160,0.9959901436821262
spline_mixed,5_6C_19PER_4_6C_NEWSTRUCTURE,161,0.995951133760283
spline_mixed,5_6C_19PER_4_6C_NEWSTRUCTURE,162,0.9959117679031303
spline_mixed,5_6C_19PER_4_6C_NEWSTRUCTURE,163,0.9958720447596322
spline_mixed,5_6C_19PER_4_6C_NEWSTRUCTURE,164,0.995831962978752
spline_mixed,5_6C_19PER_4_6C_NEWSTRUCTURE,165,0.9957915212094535
spline_mixed,5_6C_19PER_4_6C_NEWSTRUCTURE,166,0.9957507181007
spline_mixed,5_6C_19PER_4_6C_NEWSTRUCTURE,167,0.9957095523014555
spline_mixed,5_6C_19PER_4_6C_NEWSTRUCTURE,168,0.9956680224606836
spline_mixed,5_6C_19PER_4_6C_NEWSTRUCTURE,169,0.9956261272273477
spline_mixed,5_6C_19PER_4_6C_NEWSTRUCTURE,170,0.9955838652504113
spline_mixed,5_6C_19PER_4_6C_NEWSTRUCTURE,171,0.9955412351788382
spline_mixed,5_6C_19PER_4_6C_NEWSTRUCTURE,172,0.9954982356615919
spline_mixed,5_6C_19PER_4_6C_NEWSTRUCTURE,173,0.9954548653476363
spline_mixed,5_6C_19PER_4_6C_NEWSTRUCTURE,174,0.9954111228859346
spline_mixed,5_6C_19PER_4_6C_NEWSTRUCTURE,175,0.9953670069254505
spline_mixed,5_6C_19PER_4_6C_NEWSTRUCTURE,176,0.9953225161151479
spline_mixed,5_6C_19PER_4_6C_NEWSTRUCTURE,177,0.9952776491039899
spline_mixed,5_6C_19PER_4_6C_NEWSTRUCTURE,178,0.9952324045409403
spline_mixed,5_6C_19PER_4_6C_NEWSTRUCTURE,179,0.9951867810749632
spline_mixed,5_6C_19PER_4_6C_NEWSTRUCTURE,180,0.9951407773550215
spline_mixed,5_6C_19PER_4_6C_NEWSTRUCTURE,181,0.9950943920300792
spline_mixed,5_6C_19PER_4_6C_NEWSTRUCTURE,182,0.9950476237490998
spline_mixed,5_6C_19PER_4_6C_NEWSTRUCTURE,183,0.9950004711610468
spline_mixed,5_6C_19PER_4_6C_NEWSTRUCTURE,184,0.9949529329148838
spline_mixed,5_6C_19PER_4_6C_NEWSTRUCTURE,185,0.9949050076595748
spline_mixed,5_6C_19PER_4_6C_NEWSTRUCTURE,186,0.994856694044083
spline_mixed,5_6C_19PER_4_6C_NEWSTRUCTURE,187,0.994807990717372
spline_mixed,5_6C_19PER_4_6C_NEWSTRUCTURE,188,0.9947588963284058
spline_mixed,5_6C_19PER_4_6C_NEWSTRUCTURE,189,0.9947094095261474
spline_mixed,5_6C_19PER_4_6C_NEWSTRUCTURE,190,0.9946595289595609
spline_mixed,5_6C_19PER_4_6C_NEWSTRUCTURE,191,0.9946092532776096
spline_mixed,5_6C_19PER_4_6C_NEWSTRUCTURE,192,0.9945585811292574
spline_mixed,5_6C_19PER_4_6C_NEWSTRUCTURE,193,0.9945075111634677
spline_mixed,5_6C_19PER_4_6C_NEWSTRUCTURE,194,0.9944560420292041
spline_mixed,5_6C_19PER_4_6C_NEWSTRUCTURE,195,0.9944041723754303
spline_mixed,5_6C_19PER_4_6C_NEWSTRUCTURE,196,0.9943519008511099
spline_mixed,5_6C_19PER_4_6C_NEWSTRUCTURE,197,0.9942992261052065
spline_mixed,5_6C_19PER_4_6C_NEWSTRUCTURE,198,0.9942461467866837
spline_mixed,5_6C_19PER_4_6C_NEWSTRUCTURE,199,0.9941926615445047
spline_mixed,5_6C_19PER_4_6C_NEWSTRUCTURE,200,0.9941387690276339
spline_mixed,5_6C_36PER_4_3C_NEWSTRUCTURE,1,0.9981425664119408
spline_mixed,5_6C_36PER_4_3C_NEWSTRUCTURE,2,0.9982438742176486
spline_mixed,5_6C_36PER_4_3C_NEWSTRUCTURE,3,0.9983412595446848
spline_mixed,5_6C_36PER_4_3C_NEWSTRUCTURE,4,0.9984347856039658
spline_mixed,5_6C_36PER_4_3C_NEWSTRUCTURE,5,0.9985245156064083
spline_mixed,5_6C_36PER_4_3C_NEWSTRUCTURE,6,0.9986105127629293
spline_mixed,5_6C_36PER_4_3C_NEWSTRUCTURE,7,0.9986928402844453
spline_mixed,5_6C_36PER_4_3C_NEWSTRUCTURE,8,0.9987715613818728
spline_mixed,5_6C_36PER_4_3C_NEWSTRUCTURE,9,0.9988467392661287
spline_mixed,5_6C_36PER_4_3C_NEWSTRUCTURE,10,0.9989184371481293
spline_mixed,5_6C_36PER_4_3C_NEWSTRUCTURE,11,0.9989867182387917
spline_mixed,5_6C_36PER_4_3C_NEWSTRUCTURE,12,0.9990516457490324
spline_mixed,5_6C_36PER_4_3C_NEWSTRUCTURE,13,0.999113282889768
spline_mixed,5_6C_36PER_4_3C_NEWSTRUCTURE,14,0.9991716928719152
spline_mixed,5_6C_36PER_4_3C_NEWSTRUCTURE,15,0.9992269389063906
spline_mixed,5_6C_36PER_4_3C_NEWSTRUCTURE,16,0.9992790842041109
spline_mixed,5_6C_36PER_4_3C_NEWSTRUCTURE,17,0.999328191975993
spline_mixed,5_6C_36PER_4_3C_NEWSTRUCTURE,18,0.9993743254329532
spline_mixed,5_6C_36PER_4_3C_NEWSTRUCTURE,19,0.9994175477859084
spline_mixed,5_6C_36PER_4_3C_NEWSTRUCTURE,20,0.9994579222457751
spline_mixed,5_6C_36PER_4_3C_NEWSTRUCTURE,21,0.9994955120234701
spline_mixed,5_6C_36PER_4_3C_NEWSTRUCTURE,22,0.99953038032991
spline_mixed,5_6C_36PER_4_3C_NEWSTRUCTURE,23,0.9995625903760116
spline_mixed,5_6C_36PER_4_3C_NEWSTRUCTURE,24,0.9995922053726912
spline_mixed,5_6C_36PER_4_3C_NEWSTRUCTURE,25,0.9996192885308659
spline_mixed,5_6C_36PER_4_3C_NEWSTRUCTURE,26,0.9996439030614521
spline_mixed,5_6C_36PER_4_3C_NEWSTRUCTURE,27,0.9996661121753665
spline_mixed,5_6C_36PER_4_3C_NEWSTRUCTURE,28,0.9996859790835259
spline_mixed,5_6C_36PER_4_3C_NEWSTRUCTURE,29,0.9997035669968467
spline_mixed,5_6C_36PER_4_3C_NEWSTRUCTURE,30,0.9997189391262459
spline_mixed,5_6C_36PER_4_3C_NEWSTRUCTURE,31,0.9997321586826399
spline_mixed,5_6C_36PER_4_3C_NEWSTRUCTURE,32,0.9997432888769455
spline_mixed,5_6C_36PER_4_3C_NEWSTRUCTURE,33,0.9997523929200793
spline_mixed,5_6C_36PER_4_3C_NEWSTRUCTURE,34,0.9997595340229579
spline_mixed,5_6C_36PER_4_3C_NEWSTRUCTURE,35,0.9997647753964981
spline_mixed,5_6C_36PER_4_3C_NEWSTRUCTURE,36,0.9997681802516165
spline_mixed,5_6C_36PER_4_3C_NEWSTRUCTURE,37,0.9997698117992299
spline_mixed,5_6C_36PER_4_3C_NEWSTRUCTURE,38,0.9997697332502546
spline_mixed,5_6C_36PER_4_3C_NEWSTRUCTURE,39,0.9997680078156077
spline_mixed,5_6C_36PER_4_3C_NEWSTRUCTURE,40,0.9997646987062055
spline_mixed,5_6C_36PER_4_3C_NEWSTRUCTURE,41,0.9997598691329651
spline_mixed,5_6C_36PER_4_3C_NEWSTRUCTURE,42,0.9997535823068027
spline_mixed,5_6C_36PER_4_3C_NEWSTRUCTURE,43,0.9997459014386352
spline_mixed,5_6C_36PER_4_3C_NEWSTRUCTURE,44,0.9997368897393791
spline_mixed,5_6C_36PER_4_3C_NEWSTRUCTURE,45,0.9997266104199514
spline_mixed,5_6C_36PER_4_3C_NEWSTRUCTURE,46,0.9997151266912683
spline_mixed,5_6C_36PER_4_3C_NEWSTRUCTURE,47,0.9997025017642469
spline_mixed,5_6C_36PER_4_3C_NEWSTRUCTURE,48,0.9996887988498037
spline_mixed,5_6C_36PER_4_3C_NEWSTRUCTURE,49,0.9996740811588551
spline_mixed,5_6C_36PER_4_3C_NEWSTRUCTURE,50,0.9996584119023183
spline_mixed,5_6C_36PER_4_3C_NEWSTRUCTURE,51,0.9996418477356261
spline_mixed,5_6C_36PER_4_3C_NEWSTRUCTURE,52,0.9996244190922796
spline_mixed,5_6C_36PER_4_3C_NEWSTRUCTURE,53,0.9996061498502957
spline_mixed,5_6C_36PER_4_3C_NEWSTRUCTURE,54,0.9995870638876917
spline_mixed,5_6C_36PER_4_3C_NEWSTRUCTURE,55,0.9995671850824848
spline_mixed,5_6C_36PER_4_3C_NEWSTRUCTURE,56,0.9995465373126922
spline_mixed,5_6C_36PER_4_3C_NEWSTRUCTURE,57,0.9995251444563313
spline_mixed,5_6C_36PER_4_3C_NEWSTRUCTURE,58,0.9995030303914191
spline_mixed,5_6C_36PER_4_3C_NEWSTRUCTURE,59,0.9994802189959732
spline_mixed,5_6C_36PER_4_3C_NEWSTRUCTURE,60,0.9994567341480105
spline_mixed,5_6C_36PER_4_3C_NEWSTRUCTURE,61,0.9994325997255483
spline_mixed,5_6C_36PER_4_3C_NEWSTRUCTURE,62,0.9994078396066038
spline_mixed,5_6C_36PER_4_3C_NEWSTRUCTURE,63,0.9993824776691947
spline_mixed,5_6C_36PER_4_3C_NEWSTRUCTURE,64,0.9993565377913377
spline_mixed,5_6C_36PER_4_3C_NEWSTRUCTURE,65,0.9993300438510503
spline_mixed,5_6C_36PER_4_3C_NEWSTRUCTURE,66,0.9993030197263495
spline_mixed,5_6C_36PER_4_3C_NEWSTRUCTURE,67,0.9992754892952529
spline_mixed,5_6C_36PER_4_3C_NEWSTRUCTURE,68,0.9992474764357774
spline_mixed,5_6C_36PER_4_3C_NEWSTRUCTURE,69,0.9992190050259404
spline_mixed,5_6C_36PER_4_3C_NEWSTRUCTURE,70,0.9991900989437591
spline_mixed,5_6C_36PER_4_3C_NEWSTRUCTURE,71,0.9991607820672508
spline_mixed,5_6C_36PER_4_3C_NEWSTRUCTURE,72,0.9991310782744328
spline_mixed,5_6C_36PER_4_3C_NEWSTRUCTURE,73,0.9991010114433221
spline_mixed,5_6C_36PER_4_3C_NEWSTRUCTURE,74,0.9990706054519362
spline_mixed,5_6C_36PER_4_3C_NEWSTRUCTURE,75,0.9990398841782921
spline_mixed,5_6C_36PER_4_3C_NEWSTRUCTURE,76,0.9990088715004073
spline_mixed,5_6C_36PER_4_3C_NEWSTRUCTURE,77,0.9989775912962989
spline_mixed,5_6C_36PER_4_3C_NEWSTRUCTURE,78,0.9989460674439841
spline_mixed,5_6C_36PER_4_3C_NEWSTRUCTURE,79,0.9989143238214802
spline_mixed,5_6C_36PER_4_3C_NEWSTRUCTURE,80,0.9988823843068042
spline_mixed,5_6C_36PER_4_3C_NEWSTRUCTURE,81,0.9988502727779737
spline_mixed,5_6C_36PER_4_3C_NEWSTRUCTURE,82,0.998818013113006
spline_mixed,5_6C_36PER_4_3C_NEWSTRUCTURE,83,0.998785629189918
spline_mixed,5_6C_36PER_4_3C_NEWSTRUCTURE,84,0.9987531448867268
spline_mixed,5_6C_36PER_4_3C_NEWSTRUCTURE,85,0.9987205840814503
spline_mixed,5_6C_36PER_4_3C_NEWSTRUCTURE,86,0.9986879706521052
spline_mixed,5_6C_36PER_4_3C_NEWSTRUCTURE,87,0.9986553284767089
spline_mixed,5_6C_36PER_4_3C_NEWSTRUCTURE,88,0.9986226814332788
spline_mixed,5_6C_36PER_4_3C_NEWSTRUCTURE,89,0.9985900533998319
spline_mixed,5_6C_36PER_4_3C_NEWSTRUCTURE,90,0.9985574682543854
spline_mixed,5_6C_36PER_4_3C_NEWSTRUCTURE,91,0.9985249498749567
spline_mixed,5_6C_36PER_4_3C_NEWSTRUCTURE,92,0.9984925221395631
spline_mixed,5_6C_36PER_4_3C_NEWSTRUCTURE,93,0.9984602089262214
spline_mixed,5_6C_36PER_4_3C_NEWSTRUCTURE,94,0.9984280341129496
spline_mixed,5_6C_36PER_4_3C_NEWSTRUCTURE,95,0.9983960215777644
spline_mixed,5_6C_36PER_4_3C_NEWSTRUCTURE,96,0.998364195198683
spline_mixed,5_6C_36PER_4_3C_NEWSTRUCTURE,97,0.998332578853723
spline_mixed,5_6C_36PER_4_3C_NEWSTRUCTURE,98,0.9983011964209013
spline_mixed,5_6C_36PER_4_3C_NEWSTRUCTURE,99,0.9982700717782352
spline_mixed,5_6C_36PER_4_3C_NEWSTRUCTURE,100,0.9982392288037423
spline_mixed,5_6C_36PER_4_3C_NEWSTRUCTURE,101,0.9982086853722273
spline_mixed,5_6C_36PER_4_3C_NEWSTRUCTURE,102,0.9981784353456464
spline_mixed,5_6C_36PER_4_3C_NEWSTRUCTURE,103,0.9981484665827445
spline_mixed,5_6C_36PER_4_3C_NEWSTRUCTURE,104,0.9981187669422654
spline_mixed,5_6C_36PER_4_3C_NEWSTRUCTURE,105,0.9980893242829537
spline_mixed,5_6C_36PER_4_3C_NEWSTRUCTURE,106,0.9980601264635534
spline_mixed,5_6C_36PER_4_3C_NEWSTRUCTURE,107,0.9980311613428087
spline_mixed,5_6C_36PER_4_3C_NEWSTRUCTURE,108,0.9980024167794641
spline_mixed,5_6C_36PER_4_3C_NEWSTRUCTURE,109,0.9979738806322638
spline_mixed,5_6C_36PER_4_3C_NEWSTRUCTURE,110,0.997945540759952
spline_mixed,5_6C_36PER_4_3C_NEWSTRUCTURE,111,0.9979173850212729
spline_mixed,5_6C_36PER_4_3C_NEWSTRUCTURE,112,0.997889401274971
spline_mixed,5_6C_36PER_4_3C_NEWSTRUCTURE,113,0.9978615773797903
spline_mixed,5_6C_36PER_4_3C_NEWSTRUCTURE,114,0.9978339011944752
spline_mixed,5_6C_36PER_4_3C_NEWSTRUCTURE,115,0.9978063605777702
spline_mixed,5_6C_36PER_4_3C_NEWSTRUCTURE,116,0.997778943388419
spline_mixed,5_6C_36PER_4_3C_NEWSTRUCTURE,117,0.9977516374851664
spline_mixed,5_6C_36PER_4_3C_NEWSTRUCTURE,118,0.9977244307267563
spline_mixed,5_6C_36PER_4_3C_NEWSTRUCTURE,119,0.9976973109719331
spline_mixed,5_6C_36PER_4_3C_NEWSTRUCTURE,120,0.9976702660794411
spline_mixed,5_6C_36PER_4_3C_NEWSTRUCTURE,121,0.9976432839080246
spline_mixed,5_6C_36PER_4_3C_NEWSTRUCTURE,122,0.9976163523164278
spline_mixed,5_6C_36PER_4_3C_NEWSTRUCTURE,123,0.9975894591633947
spline_mixed,5_6C_36PER_4_3C_NEWSTRUCTURE,124,0.9975625923076701
spline_mixed,5_6C_36PER_4_3C_NEWSTRUCTURE,125,0.997535739607998
spline_mixed,5_6C_36PER_4_3C_NEWSTRUCTURE,126,0.9975088889231225
spline_mixed,5_6C_36PER_4_3C_NEWSTRUCTURE,127,0.9974820281117881
spline_mixed,5_6C_36PER_4_3C_NEWSTRUCTURE,128,0.9974551450327391
spline_mixed,5_6C_36PER_4_3C_NEWSTRUCTURE,129,0.9974282275447196
spline_mixed,5_6C_36PER_4_3C_NEWSTRUCTURE,130,0.9974012635064737
spline_mixed,5_6C_36PER_4_3C_NEWSTRUCTURE,131,0.997374240776746
spline_mixed,5_6C_36PER_4_3C_NEWSTRUCTURE,132,0.9973471472142806
spline_mixed,5_6C_36PER_4_3C_NEWSTRUCTURE,133,0.997319970677822
spline_mixed,5_6C_36PER_4_3C_NEWSTRUCTURE,134,0.997292699026114
spline_mixed,5_6C_36PER_4_3C_NEWSTRUCTURE,135,0.9972653201179014
spline_mixed,5_6C_36PER_4_3C_NEWSTRUCTURE,136,0.9972378218119279
spline_mixed,5_6C_36PER_4_3C_NEWSTRUCTURE,137,0.9972101919669383
spline_mixed,5_6C_36PER_4_3C_NEWSTRUCTURE,138,0.9971824184416764
spline_mixed,5_6C_36PER_4_3C_NEWSTRUCTURE,139,0.9971544890948868
spline_mixed,5_6C_36PER_4_3C_NEWSTRUCTURE,140,0.9971263917853137
spline_mixed,5_6C_36PER_4_3C_NEWSTRUCTURE,141,0.9970981143717014
spline_mixed,5_6C_36PER_4_3C_NEWSTRUCTURE,142,0.9970696447127938
spline_mixed,5_6C_36PER_4_3C_NEWSTRUCTURE,143,0.9970409706673358
spline_mixed,5_6C_36PER_4_3C_NEWSTRUCTURE,144,0.9970120800940709
spline_mixed,5_6C_36PER_4_3C_NEWSTRUCTURE,145,0.9969829608517441
spline_mixed,5_6C_36PER_4_3C_NEWSTRUCTURE,146,0.9969536007990992
spline_mixed,5_6C_36PER_4_3C_NEWSTRUCTURE,147,0.9969239877948805
spline_mixed,5_6C_36PER_4_3C_NEWSTRUCTURE,148,0.9968941096978325
spline_mixed,5_6C_36PER_4_3C_NEWSTRUCTURE,149,0.9968639543666992
spline_mixed,5_6C_36PER_4_3C_NEWSTRUCTURE,150,0.9968335096602253
spline_mixed,5_6C_36PER_4_3C_NEWSTRUCTURE,151,0.9968027651329218
spline_mixed,5_6C_36PER_4_3C_NEWSTRUCTURE,152,0.99677171712237
spline_mixed,5_6C_36PER_4_3C_NEWSTRUCTURE,153,0.9967403636619184
spline_mixed,5_6C_36PER_4_3C_NEWSTRUCTURE,154,0.996708702784915
spline_mixed,5_6C_36PER_4_3C_NEWSTRUCTURE,155,0.9966767325247083
spline_mixed,5_6C_36PER_4_3C_NEWSTRUCTURE,156,0.9966444509146469
spline_mixed,5_6C_36PER_4_3C_NEWSTRUCTURE,157,0.9966118559880786
spline_mixed,5_6C_36PER_4_3C_NEWSTRUCTURE,158,0.9965789457783519
spline_mixed,5_6C_36PER_4_3C_NEWSTRUCTURE,159,0.9965457183188157
spline_mixed,5_6C_36PER_4_3C_NEWSTRUCTURE,160,0.9965121716428175
spline_mixed,5_6C_36PER_4_3C_NEWSTRUCTURE,161,0.9964783037837062
spline_mixed,5_6C_36PER_4_3C_NEWSTRUCTURE,162,0.9964441127748298
spline_mixed,5_6C_36PER_4_3C_NEWSTRUCTURE,163,0.996409596649537
spline_mixed,5_6C_36PER_4_3C_NEWSTRUCTURE,164,0.9963747534411758
spline_mixed,5_6C_36PER_4_3C_NEWSTRUCTURE,165,0.9963395811830946
spline_mixed,5_6C_36PER_4_3C_NEWSTRUCTURE,166,0.9963040779086422
spline_mixed,5_6C_36PER_4_3C_NEWSTRUCTURE,167,0.9962682416511661
spline_mixed,5_6C_36PER_4_3C_NEWSTRUCTURE,168,0.9962320704440152
spline_mixed,5_6C_36PER_4_3C_NEWSTRUCTURE,169,0.9961955623205379
spline_mixed,5_6C_36PER_4_3C_NEWSTRUCTURE,170,0.9961587153140822
spline_mixed,5_6C_36PER_4_3C_NEWSTRUCTURE,171,0.9961215274579965
spline_mixed,5_6C_36PER_4_3C_NEWSTRUCTURE,172,0.9960839967856292
spline_mixed,5_6C_36PER_4_3C_NEWSTRUCTURE,173,0.9960461213303288
spline_mixed,5_6C_36PER_4_3C_NEWSTRUCTURE,174,0.9960078991254434
spline_mixed,5_6C_36PER_4_3C_NEWSTRUCTURE,175,0.9959693282043217
spline_mixed,5_6C_36PER_4_3C_NEWSTRUCTURE,176,0.9959304066003116
spline_mixed,5_6C_36PER_4_3C_NEWSTRUCTURE,177,0.9958911323467615
spline_mixed,5_6C_36PER_4_3C_NEWSTRUCTURE,178,0.9958515034770201
spline_mixed,5_6C_36PER_4_3C_NEWSTRUCTURE,179,0.9958115180244352
spline_mixed,5_6C_36PER_4_3C_NEWSTRUCTURE,180,0.9957711740223556
spline_mixed,5_6C_36PER_4_3C_NEWSTRUCTURE,181,0.9957304695041294
spline_mixed,5_6C_36PER_4_3C_NEWSTRUCTURE,182,0.995689402503105
spline_mixed,5_6C_36PER_4_3C_NEWSTRUCTURE,183,0.9956479710526307
spline_mixed,5_6C_36PER_4_3C_NEWSTRUCTURE,184,0.9956061731860549
spline_mixed,5_6C_36PER_4_3C_NEWSTRUCTURE,185,0.995564006936726
spline_mixed,5_6C_36PER_4_3C_NEWSTRUCTURE,186,0.9955214703379922
spline_mixed,5_6C_36PER_4_3C_NEWSTRUCTURE,187,0.9954785614232017
spline_mixed,5_6C_36PER_4_3C_NEWSTRUCTURE,188,0.9954352782257031
spline_mixed,5_6C_36PER_4_3C_NEWSTRUCTURE,189,0.9953916187788446
spline_mixed,5_6C_36PER_4_3C_NEWSTRUCTURE,190,0.9953475811159749
spline_mixed,5_6C_36PER_4_3C_NEWSTRUCTURE,191,0.9953031632704419
spline_mixed,5_6C_36PER_4_3C_NEWSTRUCTURE,192,0.9952583632755938
spline_mixed,5_6C_36PER_4_3C_NEWSTRUCTURE,193,0.9952131791647794
spline_mixed,5_6C_36PER_4_3C_NEWSTRUCTURE,194,0.9951676089713469
spline_mixed,5_6C_36PER_4_3C_NEWSTRUCTURE,195,0.9951216507286443
spline_mixed,5_6C_36PER_4_3C_NEWSTRUCTURE,196,0.9950753024700205
spline_mixed,5_6C_36PER_4_3C_NEWSTRUCTURE,197,0.9950285622288234
spline_mixed,5_6C_36PER_4_3C_NEWSTRUCTURE,198,0.9949814280384015
spline_mixed,5_6C_36PER_4_3C_NEWSTRUCTURE,199,0.9949338979321033
spline_mixed,5_6C_36PER_4_3C_NEWSTRUCTURE,200,0.9948859699432766
spline_mixed,3_7C_31PER_5_9C_NEWSTRUCTURE,1,1.0004796403275975
spline_mixed,3_7C_31PER_5_9C_NEWSTRUCTURE,2,1.0003503402108493
spline_mixed,3_7C_31PER_5_9C_NEWSTRUCTURE,3,1.0002196279082072
spline_mixed,3_7C_31PER_5_9C_NEWSTRUCTURE,4,1.0000875207872777
spline_mixed,3_7C_31PER_5_9C_NEWSTRUCTURE,5,0.9999540362156664
spline_mixed,3_7C_31PER_5_9C_NEWSTRUCTURE,6,0.9998191915609796
spline_mixed,3_7C_31PER_5_9C_NEWSTRUCTURE,7,0.9996830041908237
spline_mixed,3_7C_31PER_5_9C_NEWSTRUCTURE,8,0.9995454914728046
spline_mixed,3_7C_31PER_5_9C_NEWSTRUCTURE,9,0.9994066707745283
spline_mixed,3_7C_31PER_5_9C_NEWSTRUCTURE,10,0.9992665594636009
spline_mixed,3_7C_31PER_5_9C_NEWSTRUCTURE,11,0.9991251749076288
spline_mixed,3_7C_31PER_5_9C_NEWSTRUCTURE,12,0.9989825344742177
spline_mixed,3_7C_31PER_5_9C_NEWSTRUCTURE,13,0.9988386555309742
spline_mixed,3_7C_31PER_5_9C_NEWSTRUCTURE,14,0.9986935554455042
spline_mixed,3_7C_31PER_5_9C_NEWSTRUCTURE,15,0.9985472515854137
spline_mixed,3_7C_31PER_5_9C_NEWSTRUCTURE,16,0.9983997613183089
spline_mixed,3_7C_31PER_5_9C_NEWSTRUCTURE,17,0.9982511020117959
spline_mixed,3_7C_31PER_5_9C_NEWSTRUCTURE,18,0.9981012910334811
spline_mixed,3_7C_31PER_5_9C_NEWSTRUCTURE,19,0.9979503457509702
spline_mixed,3_7C_31PER_5_9C_NEWSTRUCTURE,20,0.9977982835318694
spline_mixed,3_7C_31PER_5_9C_NEWSTRUCTURE,21,0.9976451217437852
spline_mixed,3_7C_31PER_5_9C_NEWSTRUCTURE,22,0.9974908777543231
spline_mixed,3_7C_31PER_5_9C_NEWSTRUCTURE,23,0.9973355689310895
spline_mixed,3_7C_31PER_5_9C_NEWSTRUCTURE,24,0.9971792126416908
spline_mixed,3_7C_31PER_5_9C_NEWSTRUCTURE,25,0.9970218262537328
spline_mixed,3_7C_31PER_5_9C_NEWSTRUCTURE,26,0.9968634271348218
spline_mixed,3_7C_31PER_5_9C_NEWSTRUCTURE,27,0.9967040326525636
spline_mixed,3_7C_31PER_5_9C_NEWSTRUCTURE,28,0.9965436601745646
spline_mixed,3_7C_31PER_5_9C_NEWSTRUCTURE,29,0.9963823270684308
spline_mixed,3_7C_31PER_5_9C_NEWSTRUCTURE,30,0.9962200507017684
spline_mixed,3_7C_31PER_5_9C_NEWSTRUCTURE,31,0.9960568484421835
spline_mixed,3_7C_31PER_5_9C_NEWSTRUCTURE,32,0.9958927376572821
spline_mixed,3_7C_31PER_5_9C_NEWSTRUCTURE,33,0.9957277357146705
spline_mixed,3_7C_31PER_5_9C_NEWSTRUCTURE,34,0.9955618599819547
spline_mixed,3_7C_31PER_5_9C_NEWSTRUCTURE,35,0.9953951278267409
spline_mixed,3_7C_31PER_5_9C_NEWSTRUCTURE,36,0.9952275566166351
spline_mixed,3_7C_31PER_5_9C_NEWSTRUCTURE,37,0.9950591637192434
spline_mixed,3_7C_31PER_5_9C_NEWSTRUCTURE,38,0.9948899665021721
spline_mixed,3_7C_31PER_5_9C_NEWSTRUCTURE,39,0.9947199823330273
spline_mixed,3_7C_31PER_5_9C_NEWSTRUCTURE,40,0.9945492285794149
spline_mixed,3_7C_31PER_5_9C_NEWSTRUCTURE,41,0.9943777226089411
spline_mixed,3_7C_31PER_5_9C_NEWSTRUCTURE,42,0.9942054817892121
spline_mixed,3_7C_31PER_5_9C_NEWSTRUCTURE,43,0.994032523487834
spline_mixed,3_7C_31PER_5_9C_NEWSTRUCTURE,44,0.993858865072413
spline_mixed,3_7C_31PER_5_9C_NEWSTRUCTURE,45,0.9936845239105548
spline_mixed,3_7C_31PER_5_9C_NEWSTRUCTURE,46,0.9935095173698661
spline_mixed,3_7C_31PER_5_9C_NEWSTRUCTURE,47,0.9933338628179527
spline_mixed,3_7C_31PER_5_9C_NEWSTRUCTURE,48,0.9931575776224207
spline_mixed,3_7C_31PER_5_9C_NEWSTRUCTURE,49,0.9929806791508764
spline_mixed,3_7C_31PER_5_9C_NEWSTRUCTURE,50,0.9928031847709257
spline_mixed,3_7C_31PER_5_9C_NEWSTRUCTURE,51,0.9926251109887775
spline_mixed,3_7C_31PER_5_9C_NEWSTRUCTURE,52,0.9924464708650508
spline_mixed,3_7C_31PER_5_9C_NEWSTRUCTURE,53,0.9922672765989674
spline_mixed,3_7C_31PER_5_9C_NEWSTRUCTURE,54,0.9920875403897492
spline_mixed,3_7C_31PER_5_9C_NEWSTRUCTURE,55,0.9919072744366179
spline_mixed,3_7C_31PER_5_9C_NEWSTRUCTURE,56,0.9917264909387952
spline_mixed,3_7C_31PER_5_9C_NEWSTRUCTURE,57,0.9915452020955029
spline_mixed,3_7C_31PER_5_9C_NEWSTRUCTURE,58,0.9913634201059628
spline_mixed,3_7C_31PER_5_9C_NEWSTRUCTURE,59,0.9911811571693966
spline_mixed,3_7C_31PER_5_9C_NEWSTRUCTURE,60,0.990998425485026
spline_mixed,3_7C_31PER_5_9C_NEWSTRUCTURE,61,0.990815237252073
spline_mixed,3_7C_31PER_5_9C_NEWSTRUCTURE,62,0.9906316046697591
spline_mixed,3_7C_31PER_5_9C_NEWSTRUCTURE,63,0.990447539937306
spline_mixed,3_7C_31PER_5_9C_NEWSTRUCTURE,64,0.9902630552539359
spline_mixed,3_7C_31PER_5_9C_NEWSTRUCTURE,65,0.9900781628188703
spline_mixed,3_7C_31PER_5_9C_NEWSTRUCTURE,66,0.9898928748313309
spline_mixed,3_7C_31PER_5_9C_NEWSTRUCTURE,67,0.9897072034905396
spline_mixed,3_7C_31PER_5_9C_NEWSTRUCTURE,68,0.9895211609957181
spline_mixed,3_7C_31PER_5_9C_NEWSTRUCTURE,69,0.9893347595460881
spline_mixed,3_7C_31PER_5_9C_NEWSTRUCTURE,70,0.9891480113408715
spline_mixed,3_7C_31PER_5_9C_NEWSTRUCTURE,71,0.9889609285792899
spline_mixed,3_7C_31PER_5_9C_NEWSTRUCTURE,72,0.9887735234605651
spline_mixed,3_7C_31PER_5_9C_NEWSTRUCTURE,73,0.9885858081839191
spline_mixed,3_7C_31PER_5_9C_NEWSTRUCTURE,74,0.9883977949485734
spline_mixed,3_7C_31PER_5_9C_NEWSTRUCTURE,75,0.9882094959537499
spline_mixed,3_7C_31PER_5_9C_NEWSTRUCTURE,76,0.9880209233986701
spline_mixed,3_7C_31PER_5_9C_NEWSTRUCTURE,77,0.9878320894825562
spline_mixed,3_7C_31PER_5_9C_NEWSTRUCTURE,78,0.9876430064046295
spline_mixed,3_7C_31PER_5_9C_NEWSTRUCTURE,79,0.9874536863641123
spline_mixed,3_7C_31PER_5_9C_NEWSTRUCTURE,80,0.9872641415602259
spline_mixed,3_7C_31PER_5_9C_NEWSTRUCTURE,81,0.9870743841921922
spline_mixed,3_7C_31PER_5_9C_NEWSTRUCTURE,82,0.9868844264592331
spline_mixed,3_7C_31PER_5_9C_NEWSTRUCTURE,83,0.9866942805605702
spline_mixed,3_7C_31PER_5_9C_NEWSTRUCTURE,84,0.9865039586954254
spline_mixed,3_7C_31PER_5_9C_NEWSTRUCTURE,85,0.9863134730630202
spline_mixed,3_7C_31PER_5_9C_NEWSTRUCTURE,86,0.9861228358625768
spline_mixed,3_7C_31PER_5_9C_NEWSTRUCTURE,87,0.9859320592933163
spline_mixed,3_7C_31PER_5_9C_NEWSTRUCTURE,88,0.9857411555544612
spline_mixed,3_7C_31PER_5_9C_NEWSTRUCTURE,89,0.9855501368452327
spline_mixed,3_7C_31PER_5_9C_NEWSTRUCTURE,90,0.985359015364853
spline_mixed,3_7C_31PER_5_9C_NEWSTRUCTURE,91,0.9851678033125436
spline_mixed,3_7C_31PER_5_9C_NEWSTRUCTURE,92,0.9849765128875265
spline_mixed,3_7C_31PER_5_9C_NEWSTRUCTURE,93,0.9847851562890232
spline_mixed,3_7C_31PER_5_9C_NEWSTRUCTURE,94,0.9845937457162555
spline_mixed,3_7C_31PER_5_9C_NEWSTRUCTURE,95,0.9844022933684451
spline_mixed,3_7C_31PER_5_9C_NEWSTRUCTURE,96,0.9842108114448139
spline_mixed,3_7C_31PER_5_9C_NEWSTRUCTURE,97,0.9840193121445838
spline_mixed,3_7C_31PER_5_9C_NEWSTRUCTURE,98,0.9838278076669764
spline_mixed,3_7C_31PER_5_9C_NEWSTRUCTURE,99,0.9836363102112134
spline_mixed,3_7C_31PER_5_9C_NEWSTRUCTURE,100,0.9834448319765167
spline_mixed,3_7C_31PER_5_9C_NEWSTRUCTURE,101,0.9832533831621172
spline_mixed,3_7C_31PER_5_9C_NEWSTRUCTURE,102,0.9830619659672825
spline_mixed,3_7C_31PER_5_9C_NEWSTRUCTURE,103,0.9828705805912895
spline_mixed,3_7C_31PER_5_9C_NEWSTRUCTURE,104,0.9826792272334149
spline_mixed,3_7C_31PER_5_9C_NEWSTRUCTURE,105,0.9824879060929358
spline_mixed,3_7C_31PER_5_9C_NEWSTRUCTURE,106,0.9822966173691289
spline_mixed,3_7C_31PER_5_9C_NEWSTRUCTURE,107,0.9821053612612709
spline_mixed,3_7C_31PER_5_9C_NEWSTRUCTURE,108,0.9819141379686388
spline_mixed,3_7C_31PER_5_9C_NEWSTRUCTURE,109,0.9817229476905095
spline_mixed,3_7C_31PER_5_9C_NEWSTRUCTURE,110,0.9815317906261597
spline_mixed,3_7C_31PER_5_9C_NEWSTRUCTURE,111,0.9813406669748663
spline_mixed,3_7C_31PER_5_9C_NEWSTRUCTURE,112,0.9811495769359062
spline_mixed,3_7C_31PER_5_9C_NEWSTRUCTURE,113,0.9809585207085562
spline_mixed,3_7C_31PER_5_9C_NEWSTRUCTURE,114,0.980767498492093
spline_mixed,3_7C_31PER_5_9C_NEWSTRUCTURE,115,0.9805765104857936
spline_mixed,3_7C_31PER_5_9C_NEWSTRUCTURE,116,0.9803855568889348
spline_mixed,3_7C_31PER_5_9C_NEWSTRUCTURE,117,0.9801946379007935
spline_mixed,3_7C_31PER_5_9C_NEWSTRUCTURE,118,0.9800037537206462
spline_mixed,3_7C_31PER_5_9C_NEWSTRUCTURE,119,0.9798129045477701
spline_mixed,3_7C_31PER_5_9C_NEWSTRUCTURE,120,0.9796220905814422
spline_mixed,3_7C_31PER_5_9C_NEWSTRUCTURE,121,0.979431312020939
spline_mixed,3_7C_31PER_5_9C_NEWSTRUCTURE,122,0.9792405690655374
spline_mixed,3_7C_31PER_5_9C_NEWSTRUCTURE,123,0.9790498619145142
spline_mixed,3_7C_31PER_5_9C_NEWSTRUCTURE,124,0.9788591907671462
spline_mixed,3_7C_31PER_5_9C_NEWSTRUCTURE,125,0.9786685558227105
spline_mixed,3_7C_31PER_5_9C_NEWSTRUCTURE,126,0.9784779572804837
spline_mixed,3_7C_31PER_5_9C_NEWSTRUCTURE,127,0.978287395339743
spline_mixed,3_7C_31PER_5_9C_NEWSTRUCTURE,128,0.9780968701997647
spline_mixed,3_7C_31PER_5_9C_NEWSTRUCTURE,129,0.9779063820598258
spline_mixed,3_7C_31PER_5_9C_NEWSTRUCTURE,130,0.9777159311192035
spline_mixed,3_7C_31PER_5_9C_NEWSTRUCTURE,131,0.9775255175771742
spline_mixed,3_7C_31PER_5_9C_NEWSTRUCTURE,132,0.9773351416330149
spline_mixed,3_7C_31PER_5_9C_NEWSTRUCTURE,133,0.9771448034860026
spline_mixed,3_7C_31PER_5_9C_NEWSTRUCTURE,134,0.9769545033354139
spline_mixed,3_7C_31PER_5_9C_NEWSTRUCTURE,135,0.9767642413805258
spline_mixed,3_7C_31PER_5_9C_NEWSTRUCTURE,136,0.976574017820615
spline_mixed,3_7C_31PER_5_9C_NEWSTRUCTURE,137,0.9763838328549586
spline_mixed,3_7C_31PER_5_9C_NEWSTRUCTURE,138,0.9761936866828331
spline_mixed,3_7C_31PER_5_9C_NEWSTRUCTURE,139,0.9760035795035155
spline_mixed,3_7C_31PER_5_9C_NEWSTRUCTURE,140,0.9758135115162826
spline_mixed,3_7C_31PER_5_9C_NEWSTRUCTURE,141,0.9756234829204113
spline_mixed,3_7C_31PER_5_9C_NEWSTRUCTURE,142,0.9754334939151785
spline_mixed,3_7C_31PER_5_9C_NEWSTRUCTURE,143,0.9752435446998609
spline_mixed,3_7C_31PER_5_9C_NEWSTRUCTURE,144,0.9750536354737352
spline_mixed,3_7C_31PER_5_9C_NEWSTRUCTURE,145,0.9748637664360789
spline_mixed,3_7C_31PER_5_9C_NEWSTRUCTURE,146,0.974673937786168
spline_mixed,3_7C_31PER_5_9C_NEWSTRUCTURE,147,0.9744841497232798
spline_mixed,3_7C_31PER_5_9C_NEWSTRUCTURE,148,0.9742944024466911
spline_mixed,3_7C_31PER_5_9C_NEWSTRUCTURE,149,0.9741046961556785
spline_mixed,3_7C_31PER_5_9C_NEWSTRUCTURE,150,0.9739150310495193
spline_mixed,3_7C_31PER_5_9C_NEWSTRUCTURE,151,0.9737254081508829
spline_mixed,3_7C_31PER_5_9C_NEWSTRUCTURE,152,0.9735358317760128
spline_mixed,3_7C_31PER_5_9C_NEWSTRUCTURE,153,0.9733463070645446
spline_mixed,3_7C_31PER_5_9C_NEWSTRUCTURE,154,0.9731568391561145
spline_mixed,3_7C_31PER_5_9C_NEWSTRUCTURE,155,0.9729674331903586
spline_mixed,3_7C_31PER_5_9C_NEWSTRUCTURE,156,0.9727780943069125
spline_mixed,3_7C_31PER_5_9C_NEWSTRUCTURE,157,0.9725888276454128
spline_mixed,3_7C_31PER_5_9C_NEWSTRUCTURE,158,0.9723996383454951
spline_mixed,3_7C_31PER_5_9C_NEWSTRUCTURE,159,0.9722105315467958
spline_mixed,3_7C_31PER_5_9C_NEWSTRUCTURE,160,0.9720215123889506
spline_mixed,3_7C_31PER_5_9C_NEWSTRUCTURE,161,0.9718325860115957
spline_mixed,3_7C_31PER_5_9C_NEWSTRUCTURE,162,0.9716437575543672
spline_mixed,3_7C_31PER_5_9C_NEWSTRUCTURE,163,0.9714550321569009
spline_mixed,3_7C_31PER_5_9C_NEWSTRUCTURE,164,0.9712664149588329
spline_mixed,3_7C_31PER_5_9C_NEWSTRUCTURE,165,0.9710779110997994
spline_mixed,3_7C_31PER_5_9C_NEWSTRUCTURE,166,0.9708895257194363
spline_mixed,3_7C_31PER_5_9C_NEWSTRUCTURE,167,0.9707012639573795
spline_mixed,3_7C_31PER_5_9C_NEWSTRUCTURE,168,0.9705131309532652
spline_mixed,3_7C_31PER_5_9C_NEWSTRUCTURE,169,0.9703251318467296
spline_mixed,3_7C_31PER_5_9C_NEWSTRUCTURE,170,0.9701372717774084
spline_mixed,3_7C_31PER_5_9C_NEWSTRUCTURE,171,0.9699495558849376
spline_mixed,3_7C_31PER_5_9C_NEWSTRUCTURE,172,0.9697619893089536
spline_mixed,3_7C_31PER_5_9C_NEWSTRUCTURE,173,0.9695745771890921
spline_mixed,3_7C_31PER_5_9C_NEWSTRUCTURE,174,0.9693873246649894
spline_mixed,3_7C_31PER_5_9C_NEWSTRUCTURE,175,0.9692002368762813
spline_mixed,3_7C_31PER_5_9C_NEWSTRUCTURE,176,0.9690133189626038
spline_mixed,3_7C_31PER_5_9C_NEWSTRUCTURE,177,0.9688265760635931
spline_mixed,3_7C_31PER_5_9C_NEWSTRUCTURE,178,0.9686400133188852
spline_mixed,3_7C_31PER_5_9C_NEWSTRUCTURE,179,0.9684536358681161
spline_mixed,3_7C_31PER_5_9C_NEWSTRUCTURE,180,0.9682674488509218
spline_mixed,3_7C_31PER_5_9C_NEWSTRUCTURE,181,0.9680814574069384
spline_mixed,3_7C_31PER_5_9C_NEWSTRUCTURE,182,0.9678956666758017
spline_mixed,3_7C_31PER_5_9C_NEWSTRUCTURE,183,0.9677100817971481
spline_mixed,3_7C_31PER_5_9C_NEWSTRUCTURE,184,0.9675247079106133
spline_mixed,3_7C_31PER_5_9C_NEWSTRUCTURE,185,0.9673395501558336
spline_mixed,3_7C_31PER_5_9C_NEWSTRUCTURE,186,0.9671546136724447
spline_mixed,3_7C_31PER_5_9C_NEWSTRUCTURE,187,0.9669699036000831
spline_mixed,3_7C_31PER_5_9C_NEWSTRUCTURE,188,0.9667854250783844
spline_mixed,3_7C_31PER_5_9C_NEWSTRUCTURE,189,0.9666011832469849
spline_mixed,3_7C_31PER_5_9C_NEWSTRUCTURE,190,0.9664171832455204
spline_mixed,3_7C_31PER_5_9C_NEWSTRUCTURE,191,0.966233430213627
spline_mixed,3_7C_31PER_5_9C_NEWSTRUCTURE,192,0.966049929290941
spline_mixed,3_7C_31PER_5_9C_NEWSTRUCTURE,193,0.965866685617098
spline_mixed,3_7C_31PER_5_9C_NEWSTRUCTURE,194,0.9656837043317344
spline_mixed,3_7C_31PER_5_9C_NEWSTRUCTURE,195,0.9655009905744859
spline_mixed,3_7C_31PER_5_9C_NEWSTRUCTURE,196,0.9653185494849889
spline_mixed,3_7C_31PER_5_9C_NEWSTRUCTURE,197,0.965136386202879
spline_mixed,3_7C_31PER_5_9C_NEWSTRUCTURE,198,0.9649545058677925
spline_mixed,3_7C_31PER_5_9C_NEWSTRUCTURE,199,0.9647729136193656
spline_mixed,3_7C_31PER_5_9C_NEWSTRUCTURE,200,0.9645916145972339
spline_mixed,4_8C_80PER_4_8C_NEWSTRUCTURE,1,0.9906134396972629
spline_mixed,4_8C_80PER_4_8C_NEWSTRUCTURE,2,0.9907057285223118
spline_mixed,4_8C_80PER_4_8C_NEWSTRUCTURE,3,0.9907949144870354
spline_mixed,4_8C_80PER_4_8C_NEWSTRUCTURE,4,0.9908810415753941
spline_mixed,4_8C_80PER_4_8C_NEWSTRUCTURE,5,0.9909641537713484
spline_mixed,4_8C_80PER_4_8C_NEWSTRUCTURE,6,0.9910442950588587
spline_mixed,4_8C_80PER_4_8C_NEWSTRUCTURE,7,0.9911215094218854
spline_mixed,4_8C_80PER_4_8C_NEWSTRUCTURE,8,0.9911958408443889
spline_mixed,4_8C_80PER_4_8C_NEWSTRUCTURE,9,0.9912673333103295
spline_mixed,4_8C_80PER_4_8C_NEWSTRUCTURE,10,0.9913360308036676
spline_mixed,4_8C_80PER_4_8C_NEWSTRUCTURE,11,0.9914019773083637
spline_mixed,4_8C_80PER_4_8C_NEWSTRUCTURE,12,0.9914652168083782
spline_mixed,4_8C_80PER_4_8C_NEWSTRUCTURE,13,0.9915257932876713
spline_mixed,4_8C_80PER_4_8C_NEWSTRUCTURE,14,0.9915837507302037
spline_mixed,4_8C_80PER_4_8C_NEWSTRUCTURE,15,0.9916391331199356
spline_mixed,4_8C_80PER_4_8C_NEWSTRUCTURE,16,0.9916919844408273
spline_mixed,4_8C_80PER_4_8C_NEWSTRUCTURE,17,0.9917423486768393
spline_mixed,4_8C_80PER_4_8C_NEWSTRUCTURE,18,0.9917902698119321
spline_mixed,4_8C_80PER_4_8C_NEWSTRUCTURE,19,0.991835791830066
spline_mixed,4_8C_80PER_4_8C_NEWSTRUCTURE,20,0.9918789587152015
spline_mixed,4_8C_80PER_4_8C_NEWSTRUCTURE,21,0.9919198144512988
spline_mixed,4_8C_80PER_4_8C_NEWSTRUCTURE,22,0.9919584030223183
spline_mixed,4_8C_80PER_4_8C_NEWSTRUCTURE,23,0.9919947684122206
spline_mixed,4_8C_80PER_4_8C_NEWSTRUCTURE,24,0.992028954604966
spline_mixed,4_8C_80PER_4_8C_NEWSTRUCTURE,25,0.9920610055845148
spline_mixed,4_8C_80PER_4_8C_NEWSTRUCTURE,26,0.9920909653348277
spline_mixed,4_8C_80PER_4_8C_NEWSTRUCTURE,27,0.9921188778398646
spline_mixed,4_8C_80PER_4_8C_NEWSTRUCTURE,28,0.9921447870835863
spline_mixed,4_8C_80PER_4_8C_NEWSTRUCTURE,29,0.992168737049953
spline_mixed,4_8C_80PER_4_8C_NEWSTRUCTURE,30,0.9921907717229251
spline_mixed,4_8C_80PER_4_8C_NEWSTRUCTURE,31,0.9922109350864633
spline_mixed,4_8C_80PER_4_8C_NEWSTRUCTURE,32,0.9922292711245276
spline_mixed,4_8C_80PER_4_8C_NEWSTRUCTURE,33,0.9922458238210785
spline_mixed,4_8C_80PER_4_8C_NEWSTRUCTURE,34,0.9922606371600764
spline_mixed,4_8C_80PER_4_8C_NEWSTRUCTURE,35,0.9922737551254819
spline_mixed,4_8C_80PER_4_8C_NEWSTRUCTURE,36,0.9922852217012551
spline_mixed,4_8C_80PER_4_8C_NEWSTRUCTURE,37,0.9922950808713565
spline_mixed,4_8C_80PER_4_8C_NEWSTRUCTURE,38,0.9923033766197467
spline_mixed,4_8C_80PER_4_8C_NEWSTRUCTURE,39,0.9923101529303857
spline_mixed,4_8C_80PER_4_8C_NEWSTRUCTURE,40,0.9923154537872342
spline_mixed,4_8C_80PER_4_8C_NEWSTRUCTURE,41,0.9923193231742524
spline_mixed,4_8C_80PER_4_8C_NEWSTRUCTURE,42,0.9923218050754009
spline_mixed,4_8C_80PER_4_8C_NEWSTRUCTURE,43,0.99232294347464
spline_mixed,4_8C_80PER_4_8C_NEWSTRUCTURE,44,0.9923227823559302
spline_mixed,4_8C_80PER_4_8C_NEWSTRUCTURE,45,0.9923213657032317
spline_mixed,4_8C_80PER_4_8C_NEWSTRUCTURE,46,0.9923187375005048
spline_mixed,4_8C_80PER_4_8C_NEWSTRUCTURE,47,0.9923149417317102
spline_mixed,4_8C_80PER_4_8C_NEWSTRUCTURE,48,0.9923100223808082
spline_mixed,4_8C_80PER_4_8C_NEWSTRUCTURE,49,0.9923040234317592
spline_mixed,4_8C_80PER_4_8C_NEWSTRUCTURE,50,0.9922969888685235
spline_mixed,4_8C_80PER_4_8C_NEWSTRUCTURE,51,0.9922889596773266
spline_mixed,4_8C_80PER_4_8C_NEWSTRUCTURE,52,0.9922799648534535
spline_mixed,4_8C_80PER_4_8C_NEWSTRUCTURE,53,0.9922700303944544
spline_mixed,4_8C_80PER_4_8C_NEWSTRUCTURE,54,0.9922591822978793
spline_mixed,4_8C_80PER_4_8C_NEWSTRUCTURE,55,0.9922474465612787
spline_mixed,4_8C_80PER_4_8C_NEWSTRUCTURE,56,0.9922348491822025
spline_mixed,4_8C_80PER_4_8C_NEWSTRUCTURE,57,0.9922214161582006
spline_mixed,4_8C_80PER_4_8C_NEWSTRUCTURE,58,0.9922071734868234
spline_mixed,4_8C_80PER_4_8C_NEWSTRUCTURE,59,0.992192147165621
spline_mixed,4_8C_80PER_4_8C_NEWSTRUCTURE,60,0.9921763631921434
spline_mixed,4_8C_80PER_4_8C_NEWSTRUCTURE,61,0.9921598475639409
spline_mixed,4_8C_80PER_4_8C_NEWSTRUCTURE,62,0.9921426262785635
spline_mixed,4_8C_80PER_4_8C_NEWSTRUCTURE,63,0.9921247253335613
spline_mixed,4_8C_80PER_4_8C_NEWSTRUCTURE,64,0.9921061707264849
spline_mixed,4_8C_80PER_4_8C_NEWSTRUCTURE,65,0.9920869884548835
spline_mixed,4_8C_80PER_4_8C_NEWSTRUCTURE,66,0.9920672045163079
spline_mixed,4_8C_80PER_4_8C_NEWSTRUCTURE,67,0.9920468449083081
spline_mixed,4_8C_80PER_4_8C_NEWSTRUCTURE,68,0.9920259356284341
spline_mixed,4_8C_80PER_4_8C_NEWSTRUCTURE,69,0.9920045026742362
spline_mixed,4_8C_80PER_4_8C_NEWSTRUCTURE,70,0.9919825720432646
spline_mixed,4_8C_80PER_4_8C_NEWSTRUCTURE,71,0.991960169733069
spline_mixed,4_8C_80PER_4_8C_NEWSTRUCTURE,72,0.9919373217411999
spline_mixed,4_8C_80PER_4_8C_NEWSTRUCTURE,73,0.9919140540652072
spline_mixed,4_8C_80PER_4_8C_NEWSTRUCTURE,74,0.9918903927026413
spline_mixed,4_8C_80PER_4_8C_NEWSTRUCTURE,75,0.9918663636510521
spline_mixed,4_8C_80PER_4_8C_NEWSTRUCTURE,76,0.9918419929079898
spline_mixed,4_8C_80PER_4_8C_NEWSTRUCTURE,77,0.9918173064710045
spline_mixed,4_8C_80PER_4_8C_NEWSTRUCTURE,78,0.9917923303376464
spline_mixed,4_8C_80PER_4_8C_NEWSTRUCTURE,79,0.9917670905054655
spline_mixed,4_8C_80PER_4_8C_NEWSTRUCTURE,80,0.991741612972012
spline_mixed,4_8C_80PER_4_8C_NEWSTRUCTURE,81,0.9917159237348361
spline_mixed,4_8C_80PER_4_8C_NEWSTRUCTURE,82,0.9916900487914878
spline_mixed,4_8C_80PER_4_8C_NEWSTRUCTURE,83,0.9916640141395173
spline_mixed,4_8C_80PER_4_8C_NEWSTRUCTURE,84,0.9916378457764747
spline_mixed,4_8C_80PER_4_8C_NEWSTRUCTURE,85,0.99161156969991
spline_mixed,4_8C_80PER_4_8C_NEWSTRUCTURE,86,0.9915852119073736
spline_mixed,4_8C_80PER_4_8C_NEWSTRUCTURE,87,0.9915587983964154
spline_mixed,4_8C_80PER_4_8C_NEWSTRUCTURE,88,0.9915323551645856
spline_mixed,4_8C_80PER_4_8C_NEWSTRUCTURE,89,0.9915059082094343
spline_mixed,4_8C_80PER_4_8C_NEWSTRUCTURE,90,0.9914794835285117
spline_mixed,4_8C_80PER_4_8C_NEWSTRUCTURE,91,0.991453107119368
spline_mixed,4_8C_80PER_4_8C_NEWSTRUCTURE,92,0.9914268049795529
spline_mixed,4_8C_80PER_4_8C_NEWSTRUCTURE,93,0.9914006031066169
spline_mixed,4_8C_80PER_4_8C_NEWSTRUCTURE,94,0.9913745274981103
spline_mixed,4_8C_80PER_4_8C_NEWSTRUCTURE,95,0.9913486041515828
spline_mixed,4_8C_80PER_4_8C_NEWSTRUCTURE,96,0.9913228590645847
spline_mixed,4_8C_80PER_4_8C_NEWSTRUCTURE,97,0.991297318234666
spline_mixed,4_8C_80PER_4_8C_NEWSTRUCTURE,98,0.9912720076593773
spline_mixed,4_8C_80PER_4_8C_NEWSTRUCTURE,99,0.9912469533362681
spline_mixed,4_8C_80PER_4_8C_NEWSTRUCTURE,100,0.9912221812628889
spline_mixed,4_8C_80PER_4_8C_NEWSTRUCTURE,101,0.9911977112411094
spline_mixed,4_8C_80PER_4_8C_NEWSTRUCTURE,102,0.9911735382900784
spline_mixed,4_8C_80PER_4_8C_NEWSTRUCTURE,103,0.9911496512332645
spline_mixed,4_8C_80PER_4_8C_NEWSTRUCTURE,104,0.9911260388941358
spline_mixed,4_8C_80PER_4_8C_NEWSTRUCTURE,105,0.9911026900961609
spline_mixed,4_8C_80PER_4_8C_NEWSTRUCTURE,106,0.9910795936628084
spline_mixed,4_8C_80PER_4_8C_NEWSTRUCTURE,107,0.9910567384175465
spline_mixed,4_8C_80PER_4_8C_NEWSTRUCTURE,108,0.9910341131838438
spline_mixed,4_8C_80PER_4_8C_NEWSTRUCTURE,109,0.9910117067851688
spline_mixed,4_8C_80PER_4_8C_NEWSTRUCTURE,110,0.9909895080449899
spline_mixed,4_8C_80PER_4_8C_NEWSTRUCTURE,111,0.9909675057867754
spline_mixed,4_8C_80PER_4_8C_NEWSTRUCTURE,112,0.9909456888339939
spline_mixed,4_8C_80PER_4_8C_NEWSTRUCTURE,113,0.990924046010114
spline_mixed,4_8C_80PER_4_8C_NEWSTRUCTURE,114,0.9909025661386037
spline_mixed,4_8C_80PER_4_8C_NEWSTRUCTURE,115,0.9908812380429319
spline_mixed,4_8C_80PER_4_8C_NEWSTRUCTURE,116,0.9908600505465668
spline_mixed,4_8C_80PER_4_8C_NEWSTRUCTURE,117,0.9908389924729769
spline_mixed,4_8C_80PER_4_8C_NEWSTRUCTURE,118,0.9908180526456309
spline_mixed,4_8C_80PER_4_8C_NEWSTRUCTURE,119,0.9907972198879967
spline_mixed,4_8C_80PER_4_8C_NEWSTRUCTURE,120,0.9907764830235433
spline_mixed,4_8C_80PER_4_8C_NEWSTRUCTURE,121,0.9907558308757388
spline_mixed,4_8C_80PER_4_8C_NEWSTRUCTURE,122,0.9907352522680519
spline_mixed,4_8C_80PER_4_8C_NEWSTRUCTURE,123,0.9907147360239508
spline_mixed,4_8C_80PER_4_8C_NEWSTRUCTURE,124,0.990694270966904
spline_mixed,4_8C_80PER_4_8C_NEWSTRUCTURE,125,0.9906738459203802
spline_mixed,4_8C_80PER_4_8C_NEWSTRUCTURE,126,0.9906534497078476
spline_mixed,4_8C_80PER_4_8C_NEWSTRUCTURE,127,0.9906330711527747
spline_mixed,4_8C_80PER_4_8C_NEWSTRUCTURE,128,0.9906126990786299
spline_mixed,4_8C_80PER_4_8C_NEWSTRUCTURE,129,0.9905923223088818
spline_mixed,4_8C_80PER_4_8C_NEWSTRUCTURE,130,0.9905719296669987
spline_mixed,4_8C_80PER_4_8C_NEWSTRUCTURE,131,0.9905515099764493
spline_mixed,4_8C_80PER_4_8C_NEWSTRUCTURE,132,0.9905310520607016
spline_mixed,4_8C_80PER_4_8C_NEWSTRUCTURE,133,0.9905105447432245
spline_mixed,4_8C_80PER_4_8C_NEWSTRUCTURE,134,0.9904899768474862
spline_mixed,4_8C_80PER_4_8C_NEWSTRUCTURE,135,0.9904693371969552
spline_mixed,4_8C_80PER_4_8C_NEWSTRUCTURE,136,0.9904486146150999
spline_mixed,4_8C_80PER_4_8C_NEWSTRUCTURE,137,0.9904277979253889
spline_mixed,4_8C_80PER_4_8C_NEWSTRUCTURE,138,0.9904068759512906
spline_mixed,4_8C_80PER_4_8C_NEWSTRUCTURE,139,0.9903858375162734
spline_mixed,4_8C_80PER_4_8C_NEWSTRUCTURE,140,0.9903646714438057
spline_mixed,4_8C_80PER_4_8C_NEWSTRUCTURE,141,0.990343366557356
spline_mixed,4_8C_80PER_4_8C_NEWSTRUCTURE,142,0.9903219116803927
spline_mixed,4_8C_80PER_4_8C_NEWSTRUCTURE,143,0.9903002956363846
spline_mixed,4_8C_80PER_4_8C_NEWSTRUCTURE,144,0.9902785072487995
spline_mixed,4_8C_80PER_4_8C_NEWSTRUCTURE,145,0.9902565353411065
spline_mixed,4_8C_80PER_4_8C_NEWSTRUCTURE,146,0.9902343687367734
spline_mixed,4_8C_80PER_4_8C_NEWSTRUCTURE,147,0.9902119962592694
spline_mixed,4_8C_80PER_4_8C_NEWSTRUCTURE,148,0.9901894067320623
spline_mixed,4_8C_80PER_4_8C_NEWSTRUCTURE,149,0.9901665889786209
spline_mixed,4_8C_80PER_4_8C_NEWSTRUCTURE,150,0.9901435318224135
spline_mixed,4_8C_80PER_4_8C_NEWSTRUCTURE,151,0.9901202254408372
spline_mixed,4_8C_80PER_4_8C_NEWSTRUCTURE,152,0.9900966654270035
spline_mixed,4_8C_80PER_4_8C_NEWSTRUCTURE,153,0.9900728487279521
spline_mixed,4_8C_80PER_4_8C_NEWSTRUCTURE,154,0.9900487722907232
spline_mixed,4_8C_80PER_4_8C_NEWSTRUCTURE,155,0.9900244330623567
spline_mixed,4_8C_80PER_4_8C_NEWSTRUCTURE,156,0.9899998279898924
spline_mixed,4_8C_80PER_4_8C_NEWSTRUCTURE,157,0.9899749540203705
spline_mixed,4_8C_80PER_4_8C_NEWSTRUCTURE,158,0.9899498081008309
spline_mixed,4_8C_80PER_4_8C_NEWSTRUCTURE,159,0.9899243871783137
spline_mixed,4_8C_80PER_4_8C_NEWSTRUCTURE,160,0.9898986881998586
spline_mixed,4_8C_80PER_4_8C_NEWSTRUCTURE,161,0.9898727081125056
spline_mixed,4_8C_80PER_4_8C_NEWSTRUCTURE,162,0.9898464438632949
spline_mixed,4_8C_80PER_4_8C_NEWSTRUCTURE,163,0.9898198923992663
spline_mixed,4_8C_80PER_4_8C_NEWSTRUCTURE,164,0.9897930506674599
spline_mixed,4_8C_80PER_4_8C_NEWSTRUCTURE,165,0.9897659156149156
spline_mixed,4_8C_80PER_4_8C_NEWSTRUCTURE,166,0.989738484188673
spline_mixed,4_8C_80PER_4_8C_NEWSTRUCTURE,167,0.9897107533357729
spline_mixed,4_8C_80PER_4_8C_NEWSTRUCTURE,168,0.9896827200032544
spline_mixed,4_8C_80PER_4_8C_NEWSTRUCTURE,169,0.9896543811381581
spline_mixed,4_8C_80PER_4_8C_NEWSTRUCTURE,170,0.9896257336875236
spline_mixed,4_8C_80PER_4_8C_NEWSTRUCTURE,171,0.9895967745983911
spline_mixed,4_8C_80PER_4_8C_NEWSTRUCTURE,172,0.9895675008178004
spline_mixed,4_8C_80PER_4_8C_NEWSTRUCTURE,173,0.9895379092927915
spline_mixed,4_8C_80PER_4_8C_NEWSTRUCTURE,174,0.9895079969704044
spline_mixed,4_8C_80PER_4_8C_NEWSTRUCTURE,175,0.9894777607976792
spline_mixed,4_8C_80PER_4_8C_NEWSTRUCTURE,176,0.9894471977216558
spline_mixed,4_8C_80PER_4_8C_NEWSTRUCTURE,177,0.989416304689374
spline_mixed,4_8C_80PER_4_8C_NEWSTRUCTURE,178,0.9893850786478737
spline_mixed,4_8C_80PER_4_8C_NEWSTRUCTURE,179,0.9893535165441953
spline_mixed,4_8C_80PER_4_8C_NEWSTRUCTURE,180,0.9893216153253784
spline_mixed,4_8C_80PER_4_8C_NEWSTRUCTURE,181,0.9892893719384632
spline_mixed,4_8C_80PER_4_8C_NEWSTRUCTURE,182,0.9892567833304895
spline_mixed,4_8C_80PER_4_8C_NEWSTRUCTURE,183,0.9892238464484973
spline_mixed,4_8C_80PER_4_8C_NEWSTRUCTURE,184,0.9891905582395266
spline_mixed,4_8C_80PER_4_8C_NEWSTRUCTURE,185,0.9891569156506176
spline_mixed,4_8C_80PER_4_8C_NEWSTRUCTURE,186,0.9891229156288097
spline_mixed,4_8C_80PER_4_8C_NEWSTRUCTURE,187,0.9890885551211434
spline_mixed,4_8C_80PER_4_8C_NEWSTRUCTURE,188,0.9890538310746585
spline_mixed,4_8C_80PER_4_8C_NEWSTRUCTURE,189,0.9890187404363949
spline_mixed,4_8C_80PER_4_8C_NEWSTRUCTURE,190,0.9889832801533927
spline_mixed,4_8C_80PER_4_8C_NEWSTRUCTURE,191,0.9889474471726918
spline_mixed,4_8C_80PER_4_8C_NEWSTRUCTURE,192,0.9889112384413321
spline_mixed,4_8C_80PER_4_8C_NEWSTRUCTURE,193,0.9888746509063535
spline_mixed,4_8C_80PER_4_8C_NEWSTRUCTURE,194,0.9888376815147961
spline_mixed,4_8C_80PER_4_8C_NEWSTRUCTURE,195,0.9888003272137
spline_mixed,4_8C_80PER_4_8C_NEWSTRUCTURE,196,0.988762584950105
spline_mixed,4_8C_80PER_4_8C_NEWSTRUCTURE,197,0.9887244516710514
spline_mixed,4_8C_80PER_4_8C_NEWSTRUCTURE,198,0.9886859243235784
spline_mixed,4_8C_80PER_4_8C_NEWSTRUCTURE,199,0.9886469998547267
spline_mixed,4_8C_80PER_4_8C_NEWSTRUCTURE,200,0.9886076752115359
functional_ridge,3_6C-80PER_3_6C,1,0.9967355275131243
functional_ridge,3_6C-80PER_3_6C,2,0.9969389364407735
functional_ridge,3_6C-80PER_3_6C,3,0.9971351687552346
functional_ridge,3_6C-80PER_3_6C,4,0.9973243465373663
functional_ridge,3_6C-80PER_3_6C,5,0.9975065918680276
functional_ridge,3_6C-80PER_3_6C,6,0.9976820268280773
functional_ridge,3_6C-80PER_3_6C,7,0.9978507734983739
functional_ridge,3_6C-80PER_3_6C,8,0.9980129539597765
functional_ridge,3_6C-80PER_3_6C,9,0.998168690293144
functional_ridge,3_6C-80PER_3_6C,10,0.9983181045793351
functional_ridge,3_6C-80PER_3_6C,11,0.9984613188992085
functional_ridge,3_6C-80PER_3_6C,12,0.9985984553336232
functional_ridge,3_6C-80PER_3_6C,13,0.9987296359634379
functional_ridge,3_6C-80PER_3_6C,14,0.9988549828695115
functional_ridge,3_6C-80PER_3_6C,15,0.9989746181327027
functional_ridge,3_6C-80PER_3_6C,16,0.9990886638338705
functional_ridge,3_6C-80PER_3_6C,17,0.9991972420538736
functional_ridge,3_6C-80PER_3_6C,18,0.9993004748735708
functional_ridge,3_6C-80PER_3_6C,19,0.999398484373821
functional_ridge,3_6C-80PER_3_6C,20,0.9994913926354828
functional_ridge,3_6C-80PER_3_6C,21,0.9995793217394152
functional_ridge,3_6C-80PER_3_6C,22,0.9996623937664771
functional_ridge,3_6C-80PER_3_6C,23,0.9997407307975272
functional_ridge,3_6C-80PER_3_6C,24,0.9998144549134244
functional_ridge,3_6C-80PER_3_6C,25,0.9998836881950273
functional_ridge,3_6C-80PER_3_6C,26,0.9999485527231949
functional_ridge,3_6C-80PER_3_6C,27,1.0000091705787861
functional_ridge,3_6C-80PER_3_6C,28,1.0000656638426595
functional_ridge,3_6C-80PER_3_6C,29,1.000118154595674
functional_ridge,3_6C-80PER_3_6C,30,1.0001667649186885
functional_ridge,3_6C-80PER_3_6C,31,1.0002116168925617
functional_ridge,3_6C-80PER_3_6C,32,1.0002528325981526
functional_ridge,3_6C-80PER_3_6C,33,1.0002905341163197
functional_ridge,3_6C-80PER_3_6C,34,1.0003248435279222
functional_ridge,3_6C-80PER_3_6C,35,1.0003558829138186
functional_ridge,3_6C-80PER_3_6C,36,1.0003837743548678
functional_ridge,3_6C-80PER_3_6C,37,1.0004086399319287
functional_ridge,3_6C-80PER_3_6C,38,1.00043060172586
functional_ridge,3_6C-80PER_3_6C,39,1.0004497818175206
functional_ridge,3_6C-80PER_3_6C,40,1.0004663022877696
functional_ridge,3_6C-80PER_3_6C,41,1.0004802852174652
functional_ridge,3_6C-80PER_3_6C,42,1.0004918526874667
functional_ridge,3_6C-80PER_3_6C,43,1.0005011267786326
functional_ridge,3_6C-80PER_3_6C,44,1.000508229571822
functional_ridge,3_6C-80PER_3_6C,45,1.0005132831478936
functional_ridge,3_6C-80PER_3_6C,46,1.0005164095877062
functional_ridge,3_6C-80PER_3_6C,47,1.0005177309721187
functional_ridge,3_6C-80PER_3_6C,48,1.0005173693819898
functional_ridge,3_6C-80PER_3_6C,49,1.0005154468981783
functional_ridge,3_6C-80PER_3_6C,50,1.000512085601543
functional_ridge,3_6C-80PER_3_6C,51,1.000507392952746
functional_ridge,3_6C-80PER_3_6C,52,1.0005014179316598
functional_ridge,3_6C-80PER_3_6C,53,1.0004941948979609
functional_ridge,3_6C-80PER_3_6C,54,1.0004857582113253
functional_ridge,3_6C-80PER_3_6C,55,1.000476142231429
functional_ridge,3_6C-80PER_3_6C,56,1.0004653813179483
functional_ridge,3_6C-80PER_3_6C,57,1.0004535098305587
functional_ridge,3_6C-80PER_3_6C,58,1.0004405621289363
functional_ridge,3_6C-80PER_3_6C,59,1.0004265725727581
functional_ridge,3_6C-80PER_3_6C,60,1.000411575521699
functional_ridge,3_6C-80PER_3_6C,61,1.0003956053354357
functional_ridge,3_6C-80PER_3_6C,62,1.000378696373644
functional_ridge,3_6C-80PER_3_6C,63,1.0003608829960002
functional_ridge,3_6C-80PER_3_6C,64,1.00034219956218
functional_ridge,3_6C-80PER_3_6C,65,1.0003226804318597
functional_ridge,3_6C-80PER_3_6C,66,1.0003023599647154
functional_ridge,3_6C-80PER_3_6C,67,1.0002812725204229
functional_ridge,3_6C-80PER_3_6C,68,1.0002594524586583
functional_ridge,3_6C-80PER_3_6C,69,1.000236934139098
functional_ridge,3_6C-80PER_3_6C,70,1.0002137519214178
functional_ridge,3_6C-80PER_3_6C,71,1.0001899401652936
functional_ridge,3_6C-80PER_3_6C,72,1.0001655332304016
functional_ridge,3_6C-80PER_3_6C,73,1.000140565476418
functional_ridge,3_6C-80PER_3_6C,74,1.0001150712630187
functional_ridge,3_6C-80PER_3_6C,75,1.0000890849498796
functional_ridge,3_6C-80PER_3_6C,76,1.000062640896677
functional_ridge,3_6C-80PER_3_6C,77,1.0000357734630871
functional_ridge,3_6C-80PER_3_6C,78,1.0000085170087856
functional_ridge,3_6C-80PER_3_6C,79,0.9999809058934483
functional_ridge,3_6C-80PER_3_6C,80,0.999952974476752
functional_ridge,3_6C-80PER_3_6C,81,0.9999247571183724
functional_ridge,3_6C-80PER_3_6C,82,0.9998962881779855
functional_ridge,3_6C-80PER_3_6C,83,0.9998676020152675
functional_ridge,3_6C-80PER_3_6C,84,0.9998387329898941
functional_ridge,3_6C-80PER_3_6C,85,0.9998097154615417
functional_ridge,3_6C-80PER_3_6C,86,0.9997805837898864
functional_ridge,3_6C-80PER_3_6C,87,0.999751372334604
functional_ridge,3_6C-80PER_3_6C,88,0.9997221154553704
functional_ridge,3_6C-80PER_3_6C,89,0.9996928475118622
functional_ridge,3_6C-80PER_3_6C,90,0.999663602863755
functional_ridge,3_6C-80PER_3_6C,91,0.9996344158707251
functional_ridge,3_6C-80PER_3_6C,92,0.9996053208924485
functional_ridge,3_6C-80PER_3_6C,93,0.9995763522886012
functional_ridge,3_6C-80PER_3_6C,94,0.9995475444188594
functional_ridge,3_6C-80PER_3_6C,95,0.9995189316428987
functional_ridge,3_6C-80PER_3_6C,96,0.9994905483203959
functional_ridge,3_6C-80PER_3_6C,97,0.9994624288110264
functional_ridge,3_6C-80PER_3_6C,98,0.9994346074744664
functional_ridge,3_6C-80PER_3_6C,99,0.9994071186703921
functional_ridge,3_6C-80PER_3_6C,100,0.9993799967584798
functional_ridge,3_6C-80PER_3_6C,101,0.9993532667251487
functional_ridge,3_6C-80PER_3_6C,102,0.9993269160637958
functional_ridge,3_6C-80PER_3_6C,103,0.9993009228945604
functional_ridge,3_6C-80PER_3_6C,104,0.9992752653375826
functional_ridge,3_6C-80PER_3_6C,105,0.9992499215130027
functional_ridge,3_6C-80PER_3_6C,106,0.9992248695409603
functional_ridge,3_6C-80PER_3_6C,107,0.9992000875415956
functional_ridge,3_6C-80PER_3_6C,108,0.9991755536350486
functional_ridge,3_6C-80PER_3_6C,109,0.9991512459414592
functional_ridge,3_6C-80PER_3_6C,110,0.9991271425809676
functional_ridge,3_6C-80PER_3_6C,111,0.9991032216737133
functional_ridge,3_6C-80PER_3_6C,112,0.9990794613398369
functional_ridge,3_6C-80PER_3_6C,113,0.999055839699478
functional_ridge,3_6C-80PER_3_6C,114,0.9990323348727764
functional_ridge,3_6C-80PER_3_6C,115,0.9990089249798727
functional_ridge,3_6C-80PER_3_6C,116,0.9989855881409064
functional_ridge,3_6C-80PER_3_6C,117,0.9989623024760175
functional_ridge,3_6C-80PER_3_6C,118,0.9989390461053465
functional_ridge,3_6C-80PER_3_6C,119,0.9989157971490326
functional_ridge,3_6C-80PER_3_6C,120,0.9988925337272163
functional_ridge,3_6C-80PER_3_6C,121,0.9988692339600375
functional_ridge,3_6C-80PER_3_6C,122,0.9988458759676362
functional_ridge,3_6C-80PER_3_6C,123,0.9988224378701522
functional_ridge,3_6C-80PER_3_6C,124,0.9987988977877258
functional_ridge,3_6C-80PER_3_6C,125,0.9987752338404965
functional_ridge,3_6C-80PER_3_6C,126,0.998751424148605
functional_ridge,3_6C-80PER_3_6C,127,0.9987274468321906
functional_ridge,3_6C-80PER_3_6C,128,0.9987032800113937
functional_ridge,3_6C-80PER_3_6C,129,0.9986789018063541
functional_ridge,3_6C-80PER_3_6C,130,0.998654290337212
functional_ridge,3_6C-80PER_3_6C,131,0.9986294237241072
functional_ridge,3_6C-80PER_3_6C,132,0.9986042800871797
functional_ridge,3_6C-80PER_3_6C,133,0.9985788375465695
functional_ridge,3_6C-80PER_3_6C,134,0.9985530742224167
functional_ridge,3_6C-80PER_3_6C,135,0.9985269682348609
functional_ridge,3_6C-80PER_3_6C,136,0.9985004977040425
functional_ridge,3_6C-80PER_3_6C,137,0.9984736407501013
functional_ridge,3_6C-80PER_3_6C,138,0.9984463754931774
functional_ridge,3_6C-80PER_3_6C,139,0.9984186800534107
functional_ridge,3_6C-80PER_3_6C,140,0.9983905325509413
functional_ridge,3_6C-80PER_3_6C,141,0.9983619111059091
functional_ridge,3_6C-80PER_3_6C,142,0.9983327938384539
functional_ridge,3_6C-80PER_3_6C,143,0.998303158868716
functional_ridge,3_6C-80PER_3_6C,144,0.9982729843168351
functional_ridge,3_6C-80PER_3_6C,145,0.9982422483029515
functional_ridge,3_6C-80PER_3_6C,146,0.9982109289472052
functional_ridge,3_6C-80PER_3_6C,147,0.9981790043697358
functional_ridge,3_6C-80PER_3_6C,148,0.9981464526906836
functional_ridge,3_6C-80PER_3_6C,149,0.9981132520301883
functional_ridge,3_6C-80PER_3_6C,150,0.9980793805083902
functional_ridge,3_6C-80PER_3_6C,151,0.9980448164338482
functional_ridge,3_6C-80PER_3_6C,152,0.9980095388687978
functional_ridge,3_6C-80PER_3_6C,153,0.9979735270638932
functional_ridge,3_6C-80PER_3_6C,154,0.9979367602697893
functional_ridge,3_6C-80PER_3_6C,155,0.9978992177371401
functional_ridge,3_6C-80PER_3_6C,156,0.9978608787166005
functional_ridge,3_6C-80PER_3_6C,157,0.9978217224588246
functional_ridge,3_6C-80PER_3_6C,158,0.9977817282144672
functional_ridge,3_6C-80PER_3_6C,159,0.9977408752341824
functional_ridge,3_6C-80PER_3_6C,160,0.9976991427686249
functional_ridge,3_6C-80PER_3_6C,161,0.9976565100684492
functional_ridge,3_6C-80PER_3_6C,162,0.9976129563843095
functional_ridge,3_6C-80PER_3_6C,163,0.9975684609668606
functional_ridge,3_6C-80PER_3_6C,164,0.9975230030667569
functional_ridge,3_6C-80PER_3_6C,165,0.9974765619346526
functional_ridge,3_6C-80PER_3_6C,166,0.9974291168212024
functional_ridge,3_6C-80PER_3_6C,167,0.9973806469770607
functional_ridge,3_6C-80PER_3_6C,168,0.9973311316528821
functional_ridge,3_6C-80PER_3_6C,169,0.9972805500993207
functional_ridge,3_6C-80PER_3_6C,170,0.9972288815670312
functional_ridge,3_6C-80PER_3_6C,171,0.9971761053066682
functional_ridge,3_6C-80PER_3_6C,172,0.9971222005688862
functional_ridge,3_6C-80PER_3_6C,173,0.9970671466043393
functional_ridge,3_6C-80PER_3_6C,174,0.9970109226636822
functional_ridge,3_6C-80PER_3_6C,175,0.9969535079975694
functional_ridge,3_6C-80PER_3_6C,176,0.9968948818566551
functional_ridge,3_6C-80PER_3_6C,177,0.9968350234915944
functional_ridge,3_6C-80PER_3_6C,178,0.9967739121530409
functional_ridge,3_6C-80PER_3_6C,179,0.9967115270916496
functional_ridge,3_6C-80PER_3_6C,180,0.996647847558075
functional_ridge,3_6C-80PER_3_6C,181,0.9965828528029714
functional_ridge,3_6C-80PER_3_6C,182,0.9965165220769931
functional_ridge,3_6C-80PER_3_6C,183,0.996448834630795
functional_ridge,3_6C-80PER_3_6C,184,0.9963797697150312
functional_ridge,3_6C-80PER_3_6C,185,0.9963093065803562
functional_ridge,3_6C-80PER_3_6C,186,0.9962374244774249
functional_ridge,3_6C-80PER_3_6C,187,0.996164102656891
functional_ridge,3_6C-80PER_3_6C,188,0.9960893203694098
functional_ridge,3_6C-80PER_3_6C,189,0.9960130568656351
functional_ridge,3_6C-80PER_3_6C,190,0.9959352913962216
functional_ridge,3_6C-80PER_3_6C,191,0.995856003211824
functional_ridge,3_6C-80PER_3_6C,192,0.9957751715630963
functional_ridge,3_6C-80PER_3_6C,193,0.9956927757006934
functional_ridge,3_6C-80PER_3_6C,194,0.9956087948752694
functional_ridge,3_6C-80PER_3_6C,195,0.9955232083374791
functional_ridge,3_6C-80PER_3_6C,196,0.9954359953379769
functional_ridge,3_6C-80PER_3_6C,197,0.995347135127417
functional_ridge,3_6C-80PER_3_6C,198,0.995256606956454
functional_ridge,3_6C-80PER_3_6C,199,0.9951643900757425
functional_ridge,3_6C-80PER_3_6C,200,0.9950704637359369
functional_ridge,80PER_3_6C,1,0.9978367368755803
functional_ridge,80PER_3_6C,2,0.9979064740607234
functional_ridge,80PER_3_6C,3,0.9979716904617862
functional_ridge,80PER_3_6C,4,0.9980324665490631
functional_ridge,80PER_3_6C,5,0.9980888827928488
functional_ridge,80PER_3_6C,6,0.9981410196634376
functional_ridge,80PER_3_6C,7,0.9981889576311241
functional_ridge,80PER_3_6C,8,0.9982327771662031
functional_ridge,80PER_3_6C,9,0.9982725587389687
functional_ridge,80PER_3_6C,10,0.9983083828197158
functional_ridge,80PER_3_6C,11,0.9983403298787388
functional_ridge,80PER_3_6C,12,0.9983684803863321
functional_ridge,80PER_3_6C,13,0.9983929148127905
functional_ridge,80PER_3_6C,14,0.9984137136284084
functional_ridge,80PER_3_6C,15,0.9984309573034802
functional_ridge,80PER_3_6C,16,0.9984447263083006
functional_ridge,80PER_3_6C,17,0.9984551011131642
functional_ridge,80PER_3_6C,18,0.9984621621883653
functional_ridge,80PER_3_6C,19,0.9984659900041986
functional_ridge,80PER_3_6C,20,0.9984666650309586
functional_ridge,80PER_3_6C,21,0.9984642677389398
functional_ridge,80PER_3_6C,22,0.9984588785984368
functional_ridge,80PER_3_6C,23,0.9984505780797441
functional_ridge,80PER_3_6C,24,0.9984394466531564
functional_ridge,80PER_3_6C,25,0.9984255647889679
functional_ridge,80PER_3_6C,26,0.9984090129574733
functional_ridge,80PER_3_6C,27,0.9983898716289673
functional_ridge,80PER_3_6C,28,0.9983682212737441
functional_ridge,80PER_3_6C,29,0.9983441423620985
functional_ridge,80PER_3_6C,30,0.9983177153643248
functional_ridge,80PER_3_6C,31,0.9982890207507179
functional_ridge,80PER_3_6C,32,0.9982581389915719
functional_ridge,80PER_3_6C,33,0.9982251505571818
functional_ridge,80PER_3_6C,34,0.9981901359178417
functional_ridge,80PER_3_6C,35,0.9981531755438463
functional_ridge,80PER_3_6C,36,0.9981143499054903
functional_ridge,80PER_3_6C,37,0.9980737394730679
functional_ridge,80PER_3_6C,38,0.998031424716874
functional_ridge,80PER_3_6C,39,0.9979874861072028
functional_ridge,80PER_3_6C,40,0.997942004114349
functional_ridge,80PER_3_6C,41,0.9978950592086072
functional_ridge,80PER_3_6C,42,0.9978467318602717
functional_ridge,80PER_3_6C,43,0.9977971025396375
functional_ridge,80PER_3_6C,44,0.9977462517169986
functional_ridge,80PER_3_6C,45,0.9976942598626498
functional_ridge,80PER_3_6C,46,0.9976412074468857
functional_ridge,80PER_3_6C,47,0.9975871749400005
functional_ridge,80PER_3_6C,48,0.9975322428122891
functional_ridge,80PER_3_6C,49,0.9974764915340458
functional_ridge,80PER_3_6C,50,0.9974200015755653
functional_ridge,80PER_3_6C,51,0.9973628420915955
functional_ridge,80PER_3_6C,52,0.9973050369746973
functional_ridge,80PER_3_6C,53,0.9972465988018848
functional_ridge,80PER_3_6C,54,0.9971875401501726
functional_ridge,80PER_3_6C,55,0.9971278735965752
functional_ridge,80PER_3_6C,56,0.9970676117181064
functional_ridge,80PER_3_6C,57,0.997006767091781
functional_ridge,80PER_3_6C,58,0.9969453522946131
functional_ridge,80PER_3_6C,59,0.9968833799036172
functional_ridge,80PER_3_6C,60,0.9968208624958075
functional_ridge,80PER_3_6C,61,0.9967578126481984
functional_ridge,80PER_3_6C,62,0.9966942429378042
functional_ridge,80PER_3_6C,63,0.996630165941639
functional_ridge,80PER_3_6C,64,0.9965655942367175
functional_ridge,80PER_3_6C,65,0.9965005404000539
functional_ridge,80PER_3_6C,66,0.9964350170086623
functional_ridge,80PER_3_6C,67,0.9963690366395574
functional_ridge,80PER_3_6C,68,0.9963026118697533
functional_ridge,80PER_3_6C,69,0.9962357552762644
functional_ridge,80PER_3_6C,70,0.9961684794361051
functional_ridge,80PER_3_6C,71,0.9961007969262895
functional_ridge,80PER_3_6C,72,0.996032720323832
functional_ridge,80PER_3_6C,73,0.9959642622057473
functional_ridge,80PER_3_6C,74,0.9958954351490492
functional_ridge,80PER_3_6C,75,0.9958262517307523
functional_ridge,80PER_3_6C,76,0.995756724527871
functional_ridge,80PER_3_6C,77,0.9956868661174194
functional_ridge,80PER_3_6C,78,0.9956166890764119
functional_ridge,80PER_3_6C,79,0.9955462059818629
functional_ridge,80PER_3_6C,80,0.9954754294107867
functional_ridge,80PER_3_6C,81,0.9954043719401977
functional_ridge,80PER_3_6C,82,0.9953330461471102
functional_ridge,80PER_3_6C,83,0.9952614646085385
functional_ridge,80PER_3_6C,84,0.9951896399014968
functional_ridge,80PER_3_6C,85,0.9951175846029996
functional_ridge,80PER_3_6C,86,0.9950453112900611
functional_ridge,80PER_3_6C,87,0.9949728325396957
functional_ridge,80PER_3_6C,88,0.9949001609289179
functional_ridge,80PER_3_6C,89,0.9948273090347418
functional_ridge,80PER_3_6C,90,0.9947542894341816
functional_ridge,80PER_3_6C,91,0.994681114704252
functional_ridge,80PER_3_6C,92,0.9946077974219671
functional_ridge,80PER_3_6C,93,0.9945343501643412
functional_ridge,80PER_3_6C,94,0.9944607855083889
functional_ridge,80PER_3_6C,95,0.9943871160311241
functional_ridge,80PER_3_6C,96,0.9943133543095616
functional_ridge,80PER_3_6C,97,0.9942395129207153
functional_ridge,80PER_3_6C,98,0.9941656044415998
functional_ridge,80PER_3_6C,99,0.9940916414492293
functional_ridge,80PER_3_6C,100,0.9940176365206184
functional_ridge,80PER_3_6C,101,0.9939435974615728
functional_ridge,80PER_3_6C,102,0.9938695129930661
functional_ridge,80PER_3_6C,103,0.9937953670648634
functional_ridge,80PER_3_6C,104,0.9937211436267298
functional_ridge,80PER_3_6C,105,0.9936468266284306
functional_ridge,80PER_3_6C,106,0.993572400019731
functional_ridge,80PER_3_6C,107,0.993497847750396
functional_ridge,80PER_3_6C,108,0.9934231537701909
functional_ridge,80PER_3_6C,109,0.9933483020288806
functional_ridge,80PER_3_6C,110,0.9932732764762305
functional_ridge,80PER_3_6C,111,0.9931980610620057
functional_ridge,80PER_3_6C,112,0.9931226397359714
functional_ridge,80PER_3_6C,113,0.9930469964478927
functional_ridge,80PER_3_6C,114,0.9929711151475347
functional_ridge,80PER_3_6C,115,0.9928949797846626
functional_ridge,80PER_3_6C,116,0.9928185743090416
functional_ridge,80PER_3_6C,117,0.9927418826704368
functional_ridge,80PER_3_6C,118,0.9926648888186135
functional_ridge,80PER_3_6C,119,0.9925875767033367
functional_ridge,80PER_3_6C,120,0.9925099302743716
functional_ridge,80PER_3_6C,121,0.9924319334814834
functional_ridge,80PER_3_6C,122,0.9923535702744372
functional_ridge,80PER_3_6C,123,0.9922748246029982
functional_ridge,80PER_3_6C,124,0.9921956804169316
functional_ridge,80PER_3_6C,125,0.9921161216660024
functional_ridge,80PER_3_6C,126,0.9920361322999759
functional_ridge,80PER_3_6C,127,0.9919556962686172
functional_ridge,80PER_3_6C,128,0.9918747975216916
functional_ridge,80PER_3_6C,129,0.9917934200089641
functional_ridge,80PER_3_6C,130,0.9917115476801999
functional_ridge,80PER_3_6C,131,0.9916291644851639
functional_ridge,80PER_3_6C,132,0.9915462543736219
functional_ridge,80PER_3_6C,133,0.9914628012953384
functional_ridge,80PER_3_6C,134,0.9913787892000788
functional_ridge,80PER_3_6C,135,0.9912942020376084
functional_ridge,80PER_3_6C,136,0.9912090237576924
functional_ridge,80PER_3_6C,137,0.9911232383100955
functional_ridge,80PER_3_6C,138,0.9910368296445834
functional_ridge,80PER_3_6C,139,0.990949781710921
functional_ridge,80PER_3_6C,140,0.9908620784588733
functional_ridge,80PER_3_6C,141,0.9907737038382057
functional_ridge,80PER_3_6C,142,0.9906846417986833
functional_ridge,80PER_3_6C,143,0.9905948762900713
functional_ridge,80PER_3_6C,144,0.9905043912621349
functional_ridge,80PER_3_6C,145,0.990413170664639
functional_ridge,80PER_3_6C,146,0.990321198447349
functional_ridge,80PER_3_6C,147,0.99022845856003
functional_ridge,80PER_3_6C,148,0.9901349349524469
functional_ridge,80PER_3_6C,149,0.9900406115743653
functional_ridge,80PER_3_6C,150,0.9899454723755503
functional_ridge,80PER_3_6C,151,0.9898495013761004
functional_ridge,80PER_3_6C,152,0.9897526828774503
functional_ridge,80PER_3_6C,153,0.989655001251368
functional_ridge,80PER_3_6C,154,0.9895564408696209
functional_ridge,80PER_3_6C,155,0.9894569861039777
functional_ridge,80PER_3_6C,156,0.9893566213262062
functional_ridge,80PER_3_6C,157,0.9892553309080739
functional_ridge,80PER_3_6C,158,0.9891530992213493
functional_ridge,80PER_3_6C,159,0.9890499106378005
functional_ridge,80PER_3_6C,160,0.9889457495291953
functional_ridge,80PER_3_6C,161,0.9888406002673016
functional_ridge,80PER_3_6C,162,0.9887344472238873
functional_ridge,80PER_3_6C,163,0.9886272747707207
functional_ridge,80PER_3_6C,164,0.9885190672795696
functional_ridge,80PER_3_6C,165,0.9884098091222021
functional_ridge,80PER_3_6C,166,0.9882994846703862
functional_ridge,80PER_3_6C,167,0.98818807829589
functional_ridge,80PER_3_6C,168,0.9880755743704812
functional_ridge,80PER_3_6C,169,0.987961957265928
functional_ridge,80PER_3_6C,170,0.9878472113539982
functional_ridge,80PER_3_6C,171,0.9877313210064602
functional_ridge,80PER_3_6C,172,0.9876142705950814
functional_ridge,80PER_3_6C,173,0.9874960444916305
functional_ridge,80PER_3_6C,174,0.987376627067875
functional_ridge,80PER_3_6C,175,0.9872560026955829
functional_ridge,80PER_3_6C,176,0.9871341557465224
functional_ridge,80PER_3_6C,177,0.9870110705924615
functional_ridge,80PER_3_6C,178,0.9868867316051682
functional_ridge,80PER_3_6C,179,0.9867611231564104
functional_ridge,80PER_3_6C,180,0.9866342296179559
functional_ridge,80PER_3_6C,181,0.986506035361573
functional_ridge,80PER_3_6C,182,0.9863765247590295
functional_ridge,80PER_3_6C,183,0.9862456821820937
functional_ridge,80PER_3_6C,184,0.9861134920025333
functional_ridge,80PER_3_6C,185,0.9859799385921164
functional_ridge,80PER_3_6C,186,0.985845006322611
functional_ridge,80PER_3_6C,187,0.985708679565785
functional_ridge,80PER_3_6C,188,0.9855709426934067
functional_ridge,80PER_3_6C,189,0.9854317800772437
functional_ridge,80PER_3_6C,190,0.9852911760890642
functional_ridge,80PER_3_6C,191,0.9851491151006362
functional_ridge,80PER_3_6C,192,0.9850055814837277
functional_ridge,80PER_3_6C,193,0.9848605596101065
functional_ridge,80PER_3_6C,194,0.984714033851541
functional_ridge,80PER_3_6C,195,0.9845659885797988
functional_ridge,80PER_3_6C,196,0.9844164081666482
functional_ridge,80PER_3_6C,197,0.9842652769838569
functional_ridge,80PER_3_6C,198,0.9841125794031932
functional_ridge,80PER_3_6C,199,0.9839582997964249
functional_ridge,80PER_3_6C,200,0.9838024225353199
functional_ridge,4_8C_80PER_4_8C,1,0.9965887501614149
functional_ridge,4_8C_80PER_4_8C,2,0.9967746182656245
functional_ridge,4_8C_80PER_4_8C,3,0.9969534824664182
functional_ridge,4_8C_80PER_4_8C,4,0.9971254498663933
functional_ridge,4_8C_80PER_4_8C,5,0.9972906275681468
functional_ridge,4_8C_80PER_4_8C,6,0.9974491226742759
functional_ridge,4_8C_80PER_4_8C,7,0.9976010422873778
functional_ridge,4_8C_80PER_4_8C,8,0.9977464935100494
functional_ridge,4_8C_80PER_4_8C,9,0.9978855834448881
functional_ridge,4_8C_80PER_4_8C,10,0.9980184191944909
functional_ridge,4_8C_80PER_4_8C,11,0.9981451078614548
functional_ridge,4_8C_80PER_4_8C,12,0.9982657565483772
functional_ridge,4_8C_80PER_4_8C,13,0.9983804723578552
functional_ridge,4_8C_80PER_4_8C,14,0.9984893623924859
functional_ridge,4_8C_80PER_4_8C,15,0.9985925337548661
functional_ridge,4_8C_80PER_4_8C,16,0.9986900935475934
functional_ridge,4_8C_80PER_4_8C,17,0.9987821488732649
functional_ridge,4_8C_80PER_4_8C,18,0.9988688068344774
functional_ridge,4_8C_80PER_4_8C,19,0.9989501745338283
functional_ridge,4_8C_80PER_4_8C,20,0.9990263590739147
functional_ridge,4_8C_80PER_4_8C,21,0.9990974675573338
functional_ridge,4_8C_80PER_4_8C,22,0.9991636070866825
functional_ridge,4_8C_80PER_4_8C,23,0.9992248847645581
functional_ridge,4_8C_80PER_4_8C,24,0.9992814076935577
functional_ridge,4_8C_80PER_4_8C,25,0.9993332829762784
functional_ridge,4_8C_80PER_4_8C,26,0.9993806177153174
functional_ridge,4_8C_80PER_4_8C,27,0.9994235190132719
functional_ridge,4_8C_80PER_4_8C,28,0.9994620939727389
functional_ridge,4_8C_80PER_4_8C,29,0.9994964496963156
functional_ridge,4_8C_80PER_4_8C,30,0.999526693286599
functional_ridge,4_8C_80PER_4_8C,31,0.9995529318461865
functional_ridge,4_8C_80PER_4_8C,32,0.9995752724776751
functional_ridge,4_8C_80PER_4_8C,33,0.9995938222836618
functional_ridge,4_8C_80PER_4_8C,34,0.9996086883667439
functional_ridge,4_8C_80PER_4_8C,35,0.9996199778295185
functional_ridge,4_8C_80PER_4_8C,36,0.9996277977745828
functional_ridge,4_8C_80PER_4_8C,37,0.9996322553045338
functional_ridge,4_8C_80PER_4_8C,38,0.9996334575219687
functional_ridge,4_8C_80PER_4_8C,39,0.9996315115294847
functional_ridge,4_8C_80PER_4_8C,40,0.9996265244296788
functional_ridge,4_8C_80PER_4_8C,41,0.9996186033251482
functional_ridge,4_8C_80PER_4_8C,42,0.99960785531849
functional_ridge,4_8C_80PER_4_8C,43,0.9995943875123015
functional_ridge,4_8C_80PER_4_8C,44,0.9995783070091796
functional_ridge,4_8C_80PER_4_8C,45,0.9995597209117215
functional_ridge,4_8C_80PER_4_8C,46,0.9995387363225244
functional_ridge,4_8C_80PER_4_8C,47,0.9995154603441855
functional_ridge,4_8C_80PER_4_8C,48,0.9994900000793019
functional_ridge,4_8C_80PER_4_8C,49,0.9994624626304706
functional_ridge,4_8C_80PER_4_8C,50,0.9994329551002887
functional_ridge,4_8C_80PER_4_8C,51,0.9994015717831671
functional_ridge,4_8C_80PER_4_8C,52,0.9993683557407712
functional_ridge,4_8C_80PER_4_8C,53,0.9993333372265794
functional_ridge,4_8C_80PER_4_8C,54,0.9992965464940706
functional_ridge,4_8C_80PER_4_8C,55,0.9992580137967237
functional_ridge,4_8C_80PER_4_8C,56,0.9992177693880173
functional_ridge,4_8C_80PER_4_8C,57,0.9991758435214306
functional_ridge,4_8C_80PER_4_8C,58,0.9991322664504421
functional_ridge,4_8C_80PER_4_8C,59,0.9990870684285307
functional_ridge,4_8C_80PER_4_8C,60,0.9990402797091751
functional_ridge,4_8C_80PER_4_8C,61,0.9989919305458542
functional_ridge,4_8C_80PER_4_8C,62,0.9989420511920468
functional_ridge,4_8C_80PER_4_8C,63,0.9988906719012317
functional_ridge,4_8C_80PER_4_8C,64,0.9988378229268876
functional_ridge,4_8C_80PER_4_8C,65,0.9987835345224934
functional_ridge,4_8C_80PER_4_8C,66,0.9987278369415279
functional_ridge,4_8C_80PER_4_8C,67,0.9986707604374698
functional_ridge,4_8C_80PER_4_8C,68,0.9986123352637981
functional_ridge,4_8C_80PER_4_8C,69,0.9985525916739916
functional_ridge,4_8C_80PER_4_8C,70,0.9984915599215289
functional_ridge,4_8C_80PER_4_8C,71,0.9984292702598888
functional_ridge,4_8C_80PER_4_8C,72,0.9983657529425501
functional_ridge,4_8C_80PER_4_8C,73,0.998301038222992
functional_ridge,4_8C_80PER_4_8C,74,0.9982351563546927
functional_ridge,4_8C_80PER_4_8C,75,0.9981681375911317
functional_ridge,4_8C_80PER_4_8C,76,0.998100012185787
functional_ridge,4_8C_80PER_4_8C,77,0.9980308103921379
functional_ridge,4_8C_80PER_4_8C,78,0.9979605624636632
functional_ridge,4_8C_80PER_4_8C,79,0.9978892986538417
functional_ridge,4_8C_80PER_4_8C,80,0.9978170492161519
functional_ridge,4_8C_80PER_4_8C,81,0.9977438444040728
functional_ridge,4_8C_80PER_4_8C,82,0.9976697144710833
functional_ridge,4_8C_80PER_4_8C,83,0.9975946896706622
functional_ridge,4_8C_80PER_4_8C,84,0.9975188002562883
functional_ridge,4_8C_80PER_4_8C,85,0.99744207648144
functional_ridge,4_8C_80PER_4_8C,86,0.9973645485995967
functional_ridge,4_8C_80PER_4_8C,87,0.9972862468642367
functional_ridge,4_8C_80PER_4_8C,88,0.9972072015288391
functional_ridge,4_8C_80PER_4_8C,89,0.9971274428468828
functional_ridge,4_8C_80PER_4_8C,90,0.9970470010718463
functional_ridge,4_8C_80PER_4_8C,91,0.9969659064572086
functional_ridge,4_8C_80PER_4_8C,92,0.9968841892564484
functional_ridge,4_8C_80PER_4_8C,93,0.9968018797230446
functional_ridge,4_8C_80PER_4_8C,94,0.9967190081104758
functional_ridge,4_8C_80PER_4_8C,95,0.9966356046722209
functional_ridge,4_8C_80PER_4_8C,96,0.9965516996617589
functional_ridge,4_8C_80PER_4_8C,97,0.9964673233325684
functional_ridge,4_8C_80PER_4_8C,98,0.9963825059381283
functional_ridge,4_8C_80PER_4_8C,99,0.9962972777319173
functional_ridge,4_8C_80PER_4_8C,100,0.9962116689674143
functional_ridge,4_8C_80PER_4_8C,101,0.9961257021223839
functional_ridge,4_8C_80PER_4_8C,102,0.9960393685717348
functional_ridge,4_8C_80PER_4_8C,103,0.9959526519146613
functional_ridge,4_8C_80PER_4_8C,104,0.995865535750358
functional_ridge,4_8C_80PER_4_8C,105,0.9957780036780193
functional_ridge,4_8C_80PER_4_8C,106,0.9956900392968396
functional_ridge,4_8C_80PER_4_8C,107,0.9956016262060136
functional_ridge,4_8C_80PER_4_8C,108,0.9955127480047352
functional_ridge,4_8C_80PER_4_8C,109,0.9954233882921995
functional_ridge,4_8C_80PER_4_8C,110,0.9953335306676007
functional_ridge,4_8C_80PER_4_8C,111,0.9952431587301331
functional_ridge,4_8C_80PER_4_8C,112,0.9951522560789913
functional_ridge,4_8C_80PER_4_8C,113,0.9950608063133699
functional_ridge,4_8C_80PER_4_8C,114,0.9949687930324631
functional_ridge,4_8C_80PER_4_8C,115,0.9948761998354656
functional_ridge,4_8C_80PER_4_8C,116,0.9947830103215718
functional_ridge,4_8C_80PER_4_8C,117,0.994689208089976
functional_ridge,4_8C_80PER_4_8C,118,0.9945947767398726
functional_ridge,4_8C_80PER_4_8C,119,0.9944996998704564
functional_ridge,4_8C_80PER_4_8C,120,0.9944039610809217
functional_ridge,4_8C_80PER_4_8C,121,0.9943075439704628
functional_ridge,4_8C_80PER_4_8C,122,0.9942104321382744
functional_ridge,4_8C_80PER_4_8C,123,0.9941126091835508
functional_ridge,4_8C_80PER_4_8C,124,0.9940140587054866
functional_ridge,4_8C_80PER_4_8C,125,0.9939147643032761
functional_ridge,4_8C_80PER_4_8C,126,0.9938147095761138
functional_ridge,4_8C_80PER_4_8C,127,0.9937138781231942
functional_ridge,4_8C_80PER_4_8C,128,0.9936122535437119
functional_ridge,4_8C_80PER_4_8C,129,0.9935098194368611
functional_ridge,4_8C_80PER_4_8C,130,0.9934065594018364
functional_ridge,4_8C_80PER_4_8C,131,0.9933024570378324
functional_ridge,4_8C_80PER_4_8C,132,0.993197495944043
functional_ridge,4_8C_80PER_4_8C,133,0.9930916597196633
functional_ridge,4_8C_80PER_4_8C,134,0.9929849319638875
functional_ridge,4_8C_80PER_4_8C,135,0.99287729627591
functional_ridge,4_8C_80PER_4_8C,136,0.9927687362549252
functional_ridge,4_8C_80PER_4_8C,137,0.992659235500128
functional_ridge,4_8C_80PER_4_8C,138,0.9925487776107125
functional_ridge,4_8C_80PER_4_8C,139,0.9924373461858729
functional_ridge,4_8C_80PER_4_8C,140,0.9923249248248042
functional_ridge,4_8C_80PER_4_8C,141,0.9922114971267006
functional_ridge,4_8C_80PER_4_8C,142,0.9920970466907565
functional_ridge,4_8C_80PER_4_8C,143,0.9919815571161665
functional_ridge,4_8C_80PER_4_8C,144,0.9918650120021251
functional_ridge,4_8C_80PER_4_8C,145,0.9917473949478266
functional_ridge,4_8C_80PER_4_8C,146,0.9916286895524653
functional_ridge,4_8C_80PER_4_8C,147,0.9915088794152361
functional_ridge,4_8C_80PER_4_8C,148,0.9913879481353332
functional_ridge,4_8C_80PER_4_8C,149,0.991265879311951
functional_ridge,4_8C_80PER_4_8C,150,0.991142656544284
functional_ridge,4_8C_80PER_4_8C,151,0.9910182667755036
functional_ridge,4_8C_80PER_4_8C,152,0.9908927103246884
functional_ridge,4_8C_80PER_4_8C,153,0.9907659908548933
functional_ridge,4_8C_80PER_4_8C,154,0.9906381120291735
functional_ridge,4_8C_80PER_4_8C,155,0.9905090775105847
functional_ridge,4_8C_80PER_4_8C,156,0.9903788909621817
functional_ridge,4_8C_80PER_4_8C,157,0.99024755604702
functional_ridge,4_8C_80PER_4_8C,158,0.990115076428155
functional_ridge,4_8C_80PER_4_8C,159,0.9899814557686417
functional_ridge,4_8C_80PER_4_8C,160,0.9898466977315353
functional_ridge,4_8C_80PER_4_8C,161,0.9897108059798916
functional_ridge,4_8C_80PER_4_8C,162,0.9895737841767653
functional_ridge,4_8C_80PER_4_8C,163,0.9894356359852118
functional_ridge,4_8C_80PER_4_8C,164,0.9892963650682863
functional_ridge,4_8C_80PER_4_8C,165,0.9891559750890445
functional_ridge,4_8C_80PER_4_8C,166,0.989014469710541
functional_ridge,4_8C_80PER_4_8C,167,0.9888718525958315
functional_ridge,4_8C_80PER_4_8C,168,0.9887281274079713
functional_ridge,4_8C_80PER_4_8C,169,0.9885832978100152
functional_ridge,4_8C_80PER_4_8C,170,0.9884373674650191
functional_ridge,4_8C_80PER_4_8C,171,0.9882903400360376
functional_ridge,4_8C_80PER_4_8C,172,0.9881422191861264
functional_ridge,4_8C_80PER_4_8C,173,0.9879930085783407
functional_ridge,4_8C_80PER_4_8C,174,0.9878427118757358
functional_ridge,4_8C_80PER_4_8C,175,0.9876913327413667
functional_ridge,4_8C_80PER_4_8C,176,0.987538874838289
functional_ridge,4_8C_80PER_4_8C,177,0.9873853418295577
functional_ridge,4_8C_80PER_4_8C,178,0.9872307373782281
functional_ridge,4_8C_80PER_4_8C,179,0.9870750651473557
functional_ridge,4_8C_80PER_4_8C,180,0.9869183287999954
functional_ridge,4_8C_80PER_4_8C,181,0.9867605319992027
functional_ridge,4_8C_80PER_4_8C,182,0.9866016784080327
functional_ridge,4_8C_80PER_4_8C,183,0.9864417716895408
functional_ridge,4_8C_80PER_4_8C,184,0.9862808155067823
functional_ridge,4_8C_80PER_4_8C,185,0.9861188135228124
functional_ridge,4_8C_80PER_4_8C,186,0.9859557694006863
functional_ridge,4_8C_80PER_4_8C,187,0.9857916868034593
functional_ridge,4_8C_80PER_4_8C,188,0.9856265693941868
functional_ridge,4_8C_80PER_4_8C,189,0.9854604208359236
functional_ridge,4_8C_80PER_4_8C,190,0.9852932447917255
functional_ridge,4_8C_80PER_4_8C,191,0.9851250449246476
functional_ridge,4_8C_80PER_4_8C,192,0.9849558248977449
functional_ridge,4_8C_80PER_4_8C,193,0.984785588374073
functional_ridge,4_8C_80PER_4_8C,194,0.9846143390166872
functional_ridge,4_8C_80PER_4_8C,195,0.9844420804886422
functional_ridge,4_8C_80PER_4_8C,196,0.9842688164529939
functional_ridge,4_8C_80PER_4_8C,197,0.9840945505727974
functional_ridge,4_8C_80PER_4_8C,198,0.9839192865111075
functional_ridge,4_8C_80PER_4_8C,199,0.9837430279309802
functional_ridge,4_8C_80PER_4_8C,200,0.9835657784954703
functional_ridge,5C_67PER_4C_NEWSTRUCTURE,1,0.9979541057639916
functional_ridge,5C_67PER_4C_NEWSTRUCTURE,2,0.9980657755026824
functional_ridge,5C_67PER_4C_NEWSTRUCTURE,3,0.9981732844765289
functional_ridge,5C_67PER_4C_NEWSTRUCTURE,4,0.9982767011944416
functional_ridge,5C_67PER_4C_NEWSTRUCTURE,5,0.9983760941653307
functional_ridge,5C_67PER_4C_NEWSTRUCTURE,6,0.9984715318981069
functional_ridge,5C_67PER_4C_NEWSTRUCTURE,7,0.9985630829016804
functional_ridge,5C_67PER_4C_NEWSTRUCTURE,8,0.9986508156849618
functional_ridge,5C_67PER_4C_NEWSTRUCTURE,9,0.9987347987568614
functional_ridge,5C_67PER_4C_NEWSTRUCTURE,10,0.9988151006262898
functional_ridge,5C_67PER_4C_NEWSTRUCTURE,11,0.9988917898021571
functional_ridge,5C_67PER_4C_NEWSTRUCTURE,12,0.9989649347933739
functional_ridge,5C_67PER_4C_NEWSTRUCTURE,13,0.9990346041088507
functional_ridge,5C_67PER_4C_NEWSTRUCTURE,14,0.9991008662574978
functional_ridge,5C_67PER_4C_NEWSTRUCTURE,15,0.9991637897482257
functional_ridge,5C_67PER_4C_NEWSTRUCTURE,16,0.9992234430899448
functional_ridge,5C_67PER_4C_NEWSTRUCTURE,17,0.9992798947915655
functional_ridge,5C_67PER_4C_NEWSTRUCTURE,18,0.9993332133619982
functional_ridge,5C_67PER_4C_NEWSTRUCTURE,19,0.9993834673101534
functional_ridge,5C_67PER_4C_NEWSTRUCTURE,20,0.9994307251449415
functional_ridge,5C_67PER_4C_NEWSTRUCTURE,21,0.9994750553752728
functional_ridge,5C_67PER_4C_NEWSTRUCTURE,22,0.999516526510058
functional_ridge,5C_67PER_4C_NEWSTRUCTURE,23,0.9995552070582071
functional_ridge,5C_67PER_4C_NEWSTRUCTURE,24,0.9995911655286308
functional_ridge,5C_67PER_4C_NEWSTRUCTURE,25,0.9996244704302395
functional_ridge,5C_67PER_4C_NEWSTRUCTURE,26,0.9996551902719436
functional_ridge,5C_67PER_4C_NEWSTRUCTURE,27,0.9996833935626536
functional_ridge,5C_67PER_4C_NEWSTRUCTURE,28,0.9997091488112798
functional_ridge,5C_67PER_4C_NEWSTRUCTURE,29,0.9997325245267326
functional_ridge,5C_67PER_4C_NEWSTRUCTURE,30,0.9997535892179226
functional_ridge,5C_67PER_4C_NEWSTRUCTURE,31,0.99977241139376
functional_ridge,5C_67PER_4C_NEWSTRUCTURE,32,0.9997890595631553
functional_ridge,5C_67PER_4C_NEWSTRUCTURE,33,0.9998036022350191
functional_ridge,5C_67PER_4C_NEWSTRUCTURE,34,0.9998161079182616
functional_ridge,5C_67PER_4C_NEWSTRUCTURE,35,0.9998266451217932
functional_ridge,5C_67PER_4C_NEWSTRUCTURE,36,0.9998352823545245
functional_ridge,5C_67PER_4C_NEWSTRUCTURE,37,0.9998420881253657
functional_ridge,5C_67PER_4C_NEWSTRUCTURE,38,0.9998471309432275
functional_ridge,5C_67PER_4C_NEWSTRUCTURE,39,0.9998504793170201
functional_ridge,5C_67PER_4C_NEWSTRUCTURE,40,0.999852201755654
functional_ridge,5C_67PER_4C_NEWSTRUCTURE,41,0.9998523667680397
functional_ridge,5C_67PER_4C_NEWSTRUCTURE,42,0.9998510428630876
functional_ridge,5C_67PER_4C_NEWSTRUCTURE,43,0.9998482985497079
functional_ridge,5C_67PER_4C_NEWSTRUCTURE,44,0.9998442023368111
functional_ridge,5C_67PER_4C_NEWSTRUCTURE,45,0.9998388227333079
functional_ridge,5C_67PER_4C_NEWSTRUCTURE,46,0.9998322282481084
functional_ridge,5C_67PER_4C_NEWSTRUCTURE,47,0.9998244873901232
functional_ridge,5C_67PER_4C_NEWSTRUCTURE,48,0.9998156686682627
functional_ridge,5C_67PER_4C_NEWSTRUCTURE,49,0.9998058405914372
functional_ridge,5C_67PER_4C_NEWSTRUCTURE,50,0.9997950716685572
functional_ridge,5C_67PER_4C_NEWSTRUCTURE,51,0.9997834226332898
functional_ridge,5C_67PER_4C_NEWSTRUCTURE,52,0.9997709231183283
functional_ridge,5C_67PER_4C_NEWSTRUCTURE,53,0.9997575949811225
functional_ridge,5C_67PER_4C_NEWSTRUCTURE,54,0.9997434600791227
functional_ridge,5C_67PER_4C_NEWSTRUCTURE,55,0.9997285402697786
functional_ridge,5C_67PER_4C_NEWSTRUCTURE,56,0.9997128574105402
functional_ridge,5C_67PER_4C_NEWSTRUCTURE,57,0.9996964333588577
functional_ridge,5C_67PER_4C_NEWSTRUCTURE,58,0.9996792899721808
functional_ridge,5C_67PER_4C_NEWSTRUCTURE,59,0.9996614491079595
functional_ridge,5C_67PER_4C_NEWSTRUCTURE,60,0.9996429326236439
functional_ridge,5C_67PER_4C_NEWSTRUCTURE,61,0.9996237623766838
functional_ridge,5C_67PER_4C_NEWSTRUCTURE,62,0.9996039602245294
functional_ridge,5C_67PER_4C_NEWSTRUCTURE,63,0.9995835480246303
functional_ridge,5C_67PER_4C_NEWSTRUCTURE,64,0.9995625476344369
functional_ridge,5C_67PER_4C_NEWSTRUCTURE,65,0.9995409809113986
functional_ridge,5C_67PER_4C_NEWSTRUCTURE,66,0.9995188697129661
functional_ridge,5C_67PER_4C_NEWSTRUCTURE,67,0.9994962358965889
functional_ridge,5C_67PER_4C_NEWSTRUCTURE,68,0.9994731013197169
functional_ridge,5C_67PER_4C_NEWSTRUCTURE,69,0.9994494878398003
functional_ridge,5C_67PER_4C_NEWSTRUCTURE,70,0.9994254173142889
functional_ridge,5C_67PER_4C_NEWSTRUCTURE,71,0.9994009116006328
functional_ridge,5C_67PER_4C_NEWSTRUCTURE,72,0.9993759925562817
functional_ridge,5C_67PER_4C_NEWSTRUCTURE,73,0.999350682038686
functional_ridge,5C_67PER_4C_NEWSTRUCTURE,74,0.9993250019052954
functional_ridge,5C_67PER_4C_NEWSTRUCTURE,75,0.9992989740135599
functional_ridge,5C_67PER_4C_NEWSTRUCTURE,76,0.9992726202209294
functional_ridge,5C_67PER_4C_NEWSTRUCTURE,77,0.9992459623848541
functional_ridge,5C_67PER_4C_NEWSTRUCTURE,78,0.9992190223627836
functional_ridge,5C_67PER_4C_NEWSTRUCTURE,79,0.9991918220121682
functional_ridge,5C_67PER_4C_NEWSTRUCTURE,80,0.9991643831904576
functional_ridge,5C_67PER_4C_NEWSTRUCTURE,81,0.999136727755102
functional_ridge,5C_67PER_4C_NEWSTRUCTURE,82,0.9991088775635513
functional_ridge,5C_67PER_4C_NEWSTRUCTURE,83,0.9990808544732553
functional_ridge,5C_67PER_4C_NEWSTRUCTURE,84,0.9990526803416641
functional_ridge,5C_67PER_4C_NEWSTRUCTURE,85,0.9990243770262277
functional_ridge,5C_67PER_4C_NEWSTRUCTURE,86,0.998995966384396
functional_ridge,5C_67PER_4C_NEWSTRUCTURE,87,0.998967470273619
functional_ridge,5C_67PER_4C_NEWSTRUCTURE,88,0.9989389105513465
functional_ridge,5C_67PER_4C_NEWSTRUCTURE,89,0.9989103090750289
functional_ridge,5C_67PER_4C_NEWSTRUCTURE,90,0.9988816877021157
functional_ridge,5C_67PER_4C_NEWSTRUCTURE,91,0.9988530682900572
functional_ridge,5C_67PER_4C_NEWSTRUCTURE,92,0.9988244726963031
functional_ridge,5C_67PER_4C_NEWSTRUCTURE,93,0.9987959227783035
functional_ridge,5C_67PER_4C_NEWSTRUCTURE,94,0.9987674403935083
functional_ridge,5C_67PER_4C_NEWSTRUCTURE,95,0.9987390473993676
functional_ridge,5C_67PER_4C_NEWSTRUCTURE,96,0.9987107656533312
functional_ridge,5C_67PER_4C_NEWSTRUCTURE,97,0.9986826170128492
functional_ridge,5C_67PER_4C_NEWSTRUCTURE,98,0.9986546233353715
functional_ridge,5C_67PER_4C_NEWSTRUCTURE,99,0.998626806478348
functional_ridge,5C_67PER_4C_NEWSTRUCTURE,100,0.9985991882992288
functional_ridge,5C_67PER_4C_NEWSTRUCTURE,101,0.9985717851981892
functional_ridge,5C_67PER_4C_NEWSTRUCTURE,102,0.9985445917463059
functional_ridge,5C_67PER_4C_NEWSTRUCTURE,103,0.9985175970573812
functional_ridge,5C_67PER_4C_NEWSTRUCTURE,104,0.9984907902452173
functional_ridge,5C_67PER_4C_NEWSTRUCTURE,105,0.9984641604236163
functional_ridge,5C_67PER_4C_NEWSTRUCTURE,106,0.9984376967063803
functional_ridge,5C_67PER_4C_NEWSTRUCTURE,107,0.9984113882073117
functional_ridge,5C_67PER_4C_NEWSTRUCTURE,108,0.9983852240402126
functional_ridge,5C_67PER_4C_NEWSTRUCTURE,109,0.9983591933188851
functional_ridge,5C_67PER_4C_NEWSTRUCTURE,110,0.9983332851571315
functional_ridge,5C_67PER_4C_NEWSTRUCTURE,111,0.998307488668754
functional_ridge,5C_67PER_4C_NEWSTRUCTURE,112,0.9982817929675544
functional_ridge,5C_67PER_4C_NEWSTRUCTURE,113,0.9982561871673354
functional_ridge,5C_67PER_4C_NEWSTRUCTURE,114,0.9982306603818989
functional_ridge,5C_67PER_4C_NEWSTRUCTURE,115,0.9982052017250472
functional_ridge,5C_67PER_4C_NEWSTRUCTURE,116,0.9981798003105825
functional_ridge,5C_67PER_4C_NEWSTRUCTURE,117,0.9981544452523067
functional_ridge,5C_67PER_4C_NEWSTRUCTURE,118,0.9981291256640223
functional_ridge,5C_67PER_4C_NEWSTRUCTURE,119,0.9981038306595313
functional_ridge,5C_67PER_4C_NEWSTRUCTURE,120,0.9980785493526362
functional_ridge,5C_67PER_4C_NEWSTRUCTURE,121,0.9980532708571386
functional_ridge,5C_67PER_4C_NEWSTRUCTURE,122,0.9980279842868413
functional_ridge,5C_67PER_4C_NEWSTRUCTURE,123,0.998002678755546
functional_ridge,5C_67PER_4C_NEWSTRUCTURE,124,0.9979773433770552
functional_ridge,5C_67PER_4C_NEWSTRUCTURE,125,0.9979519672651708
functional_ridge,5C_67PER_4C_NEWSTRUCTURE,126,0.9979265395336955
functional_ridge,5C_67PER_4C_NEWSTRUCTURE,127,0.9979010492964306
functional_ridge,5C_67PER_4C_NEWSTRUCTURE,128,0.9978754856671791
functional_ridge,5C_67PER_4C_NEWSTRUCTURE,129,0.9978498377597429
functional_ridge,5C_67PER_4C_NEWSTRUCTURE,130,0.9978240946879242
functional_ridge,5C_67PER_4C_NEWSTRUCTURE,131,0.997798245565525
functional_ridge,5C_67PER_4C_NEWSTRUCTURE,132,0.9977722795063476
functional_ridge,5C_67PER_4C_NEWSTRUCTURE,133,0.9977461856241945
functional_ridge,5C_67PER_4C_NEWSTRUCTURE,134,0.9977199530328674
functional_ridge,5C_67PER_4C_NEWSTRUCTURE,135,0.9976935708461687
functional_ridge,5C_67PER_4C_NEWSTRUCTURE,136,0.9976670281779006
functional_ridge,5C_67PER_4C_NEWSTRUCTURE,137,0.9976403141418652
functional_ridge,5C_67PER_4C_NEWSTRUCTURE,138,0.9976134178518645
functional_ridge,5C_67PER_4C_NEWSTRUCTURE,139,0.9975863284217011
functional_ridge,5C_67PER_4C_NEWSTRUCTURE,140,0.9975590349651773
functional_ridge,5C_67PER_4C_NEWSTRUCTURE,141,0.9975315265960945
functional_ridge,5C_67PER_4C_NEWSTRUCTURE,142,0.9975037924282554
functional_ridge,5C_67PER_4C_NEWSTRUCTURE,143,0.9974758215754622
functional_ridge,5C_67PER_4C_NEWSTRUCTURE,144,0.997447603151517
functional_ridge,5C_67PER_4C_NEWSTRUCTURE,145,0.9974191262702221
functional_ridge,5C_67PER_4C_NEWSTRUCTURE,146,0.9973903800453795
functional_ridge,5C_67PER_4C_NEWSTRUCTURE,147,0.9973613535907916
functional_ridge,5C_67PER_4C_NEWSTRUCTURE,148,0.9973320360202603
functional_ridge,5C_67PER_4C_NEWSTRUCTURE,149,0.9973024164475878
functional_ridge,5C_67PER_4C_NEWSTRUCTURE,150,0.9972724839865764
functional_ridge,5C_67PER_4C_NEWSTRUCTURE,151,0.9972422293519173
functional_ridge,5C_67PER_4C_NEWSTRUCTURE,152,0.9972116496618569
functional_ridge,5C_67PER_4C_NEWSTRUCTURE,153,0.9971807436355304
functional_ridge,5C_67PER_4C_NEWSTRUCTURE,154,0.9971495099920734
functional_ridge,5C_67PER_4C_NEWSTRUCTURE,155,0.9971179474506212
functional_ridge,5C_67PER_4C_NEWSTRUCTURE,156,0.997086054730309
functional_ridge,5C_67PER_4C_NEWSTRUCTURE,157,0.9970538305502725
functional_ridge,5C_67PER_4C_NEWSTRUCTURE,158,0.9970212736296469
functional_ridge,5C_67PER_4C_NEWSTRUCTURE,159,0.9969883826875678
functional_ridge,5C_67PER_4C_NEWSTRUCTURE,160,0.99695515644317
functional_ridge,5C_67PER_4C_NEWSTRUCTURE,161,0.9969215936155896
functional_ridge,5C_67PER_4C_NEWSTRUCTURE,162,0.9968876929239616
functional_ridge,5C_67PER_4C_NEWSTRUCTURE,163,0.9968534530874215
functional_ridge,5C_67PER_4C_NEWSTRUCTURE,164,0.9968188728251045
functional_ridge,5C_67PER_4C_NEWSTRUCTURE,165,0.9967839508561461
functional_ridge,5C_67PER_4C_NEWSTRUCTURE,166,0.9967486858996816
functional_ridge,5C_67PER_4C_NEWSTRUCTURE,167,0.9967130766748467
functional_ridge,5C_67PER_4C_NEWSTRUCTURE,168,0.9966771219007762
functional_ridge,5C_67PER_4C_NEWSTRUCTURE,169,0.996640820296606
functional_ridge,5C_67PER_4C_NEWSTRUCTURE,170,0.9966041705814711
functional_ridge,5C_67PER_4C_NEWSTRUCTURE,171,0.9965671714745072
functional_ridge,5C_67PER_4C_NEWSTRUCTURE,172,0.9965298216948496
functional_ridge,5C_67PER_4C_NEWSTRUCTURE,173,0.9964921199616336
functional_ridge,5C_67PER_4C_NEWSTRUCTURE,174,0.9964540649939947
functional_ridge,5C_67PER_4C_NEWSTRUCTURE,175,0.9964156555110679
functional_ridge,5C_67PER_4C_NEWSTRUCTURE,176,0.9963768902319892
functional_ridge,5C_67PER_4C_NEWSTRUCTURE,177,0.9963377678758935
functional_ridge,5C_67PER_4C_NEWSTRUCTURE,178,0.996298287161916
functional_ridge,5C_67PER_4C_NEWSTRUCTURE,179,0.9962584468091928
functional_ridge,5C_67PER_4C_NEWSTRUCTURE,180,0.9962182455368589
functional_ridge,5C_67PER_4C_NEWSTRUCTURE,181,0.9961776820640496
functional_ridge,5C_67PER_4C_NEWSTRUCTURE,182,0.9961367551099003
functional_ridge,5C_67PER_4C_NEWSTRUCTURE,183,0.9960954633935463
functional_ridge,5C_67PER_4C_NEWSTRUCTURE,184,0.9960538056341233
functional_ridge,5C_67PER_4C_NEWSTRUCTURE,185,0.9960117805507663
functional_ridge,5C_67PER_4C_NEWSTRUCTURE,186,0.9959693868626109
functional_ridge,5C_67PER_4C_NEWSTRUCTURE,187,0.9959266232887926
functional_ridge,5C_67PER_4C_NEWSTRUCTURE,188,0.9958834885484465
functional_ridge,5C_67PER_4C_NEWSTRUCTURE,189,0.995839981360708
functional_ridge,5C_67PER_4C_NEWSTRUCTURE,190,0.9957961004447127
functional_ridge,5C_67PER_4C_NEWSTRUCTURE,191,0.9957518445195959
functional_ridge,5C_67PER_4C_NEWSTRUCTURE,192,0.9957072123044928
functional_ridge,5C_67PER_4C_NEWSTRUCTURE,193,0.995662202518539
functional_ridge,5C_67PER_4C_NEWSTRUCTURE,194,0.9956168138808698
functional_ridge,5C_67PER_4C_NEWSTRUCTURE,195,0.9955710451106204
functional_ridge,5C_67PER_4C_NEWSTRUCTURE,196,0.9955248949269266
functional_ridge,5C_67PER_4C_NEWSTRUCTURE,197,0.9954783620489233
functional_ridge,5C_67PER_4C_NEWSTRUCTURE,198,0.9954314451957463
functional_ridge,5C_67PER_4C_NEWSTRUCTURE,199,0.9953841430865306
functional_ridge,5C_67PER_4C_NEWSTRUCTURE,200,0.9953364544404122
functional_ridge,5_3C_54PER_4C_NEWSTRUCTURE,1,0.9978241324475101
functional_ridge,5_3C_54PER_4C_NEWSTRUCTURE,2,0.9979333543433956
functional_ridge,5_3C_54PER_4C_NEWSTRUCTURE,3,0.9980384719070883
functional_ridge,5_3C_54PER_4C_NEWSTRUCTURE,4,0.99813955251117
functional_ridge,5_3C_54PER_4C_NEWSTRUCTURE,5,0.9982366635282236
functional_ridge,5_3C_54PER_4C_NEWSTRUCTURE,6,0.9983298723308307
functional_ridge,5_3C_54PER_4C_NEWSTRUCTURE,7,0.9984192462915737
functional_ridge,5_3C_54PER_4C_NEWSTRUCTURE,8,0.998504852783035
functional_ridge,5_3C_54PER_4C_NEWSTRUCTURE,9,0.9985867591777968
functional_ridge,5_3C_54PER_4C_NEWSTRUCTURE,10,0.9986650328484411
functional_ridge,5_3C_54PER_4C_NEWSTRUCTURE,11,0.9987397411675505
functional_ridge,5_3C_54PER_4C_NEWSTRUCTURE,12,0.9988109515077068
functional_ridge,5_3C_54PER_4C_NEWSTRUCTURE,13,0.9988787312414925
functional_ridge,5_3C_54PER_4C_NEWSTRUCTURE,14,0.9989431477414898
functional_ridge,5_3C_54PER_4C_NEWSTRUCTURE,15,0.9990042683802808
functional_ridge,5_3C_54PER_4C_NEWSTRUCTURE,16,0.9990621605304478
functional_ridge,5_3C_54PER_4C_NEWSTRUCTURE,17,0.9991168915645731
functional_ridge,5_3C_54PER_4C_NEWSTRUCTURE,18,0.9991685288552389
functional_ridge,5_3C_54PER_4C_NEWSTRUCTURE,19,0.9992171397750272
functional_ridge,5_3C_54PER_4C_NEWSTRUCTURE,20,0.9992627916965208
functional_ridge,5_3C_54PER_4C_NEWSTRUCTURE,21,0.9993055519923012
functional_ridge,5_3C_54PER_4C_NEWSTRUCTURE,22,0.9993454880349512
functional_ridge,5_3C_54PER_4C_NEWSTRUCTURE,23,0.9993826671970526
functional_ridge,5_3C_54PER_4C_NEWSTRUCTURE,24,0.9994171568511879
functional_ridge,5_3C_54PER_4C_NEWSTRUCTURE,25,0.9994490243699393
functional_ridge,5_3C_54PER_4C_NEWSTRUCTURE,26,0.999478337125889
functional_ridge,5_3C_54PER_4C_NEWSTRUCTURE,27,0.9995051624916191
functional_ridge,5_3C_54PER_4C_NEWSTRUCTURE,28,0.9995295678397121
functional_ridge,5_3C_54PER_4C_NEWSTRUCTURE,29,0.99955162054275
functional_ridge,5_3C_54PER_4C_NEWSTRUCTURE,30,0.9995713879733151
functional_ridge,5_3C_54PER_4C_NEWSTRUCTURE,31,0.9995889375039896
functional_ridge,5_3C_54PER_4C_NEWSTRUCTURE,32,0.9996043365073557
functional_ridge,5_3C_54PER_4C_NEWSTRUCTURE,33,0.9996176523559959
functional_ridge,5_3C_54PER_4C_NEWSTRUCTURE,34,0.999628952422492
functional_ridge,5_3C_54PER_4C_NEWSTRUCTURE,35,0.9996383040794264
functional_ridge,5_3C_54PER_4C_NEWSTRUCTURE,36,0.9996457746993814
functional_ridge,5_3C_54PER_4C_NEWSTRUCTURE,37,0.9996514316549392
functional_ridge,5_3C_54PER_4C_NEWSTRUCTURE,38,0.9996553423186821
functional_ridge,5_3C_54PER_4C_NEWSTRUCTURE,39,0.9996575740631921
functional_ridge,5_3C_54PER_4C_NEWSTRUCTURE,40,0.9996581942610517
functional_ridge,5_3C_54PER_4C_NEWSTRUCTURE,41,0.9996572702848429
functional_ridge,5_3C_54PER_4C_NEWSTRUCTURE,42,0.9996548695071481
functional_ridge,5_3C_54PER_4C_NEWSTRUCTURE,43,0.9996510593005494
functional_ridge,5_3C_54PER_4C_NEWSTRUCTURE,44,0.999645907037629
functional_ridge,5_3C_54PER_4C_NEWSTRUCTURE,45,0.9996394800909694
functional_ridge,5_3C_54PER_4C_NEWSTRUCTURE,46,0.9996318458331525
functional_ridge,5_3C_54PER_4C_NEWSTRUCTURE,47,0.9996230716367607
functional_ridge,5_3C_54PER_4C_NEWSTRUCTURE,48,0.9996132248743761
functional_ridge,5_3C_54PER_4C_NEWSTRUCTURE,49,0.9996023729185811
functional_ridge,5_3C_54PER_4C_NEWSTRUCTURE,50,0.9995905831419578
functional_ridge,5_3C_54PER_4C_NEWSTRUCTURE,51,0.9995779154004357
functional_ridge,5_3C_54PER_4C_NEWSTRUCTURE,52,0.9995643994833331
functional_ridge,5_3C_54PER_4C_NEWSTRUCTURE,53,0.9995500576633155
functional_ridge,5_3C_54PER_4C_NEWSTRUCTURE,54,0.9995349122130484
functional_ridge,5_3C_54PER_4C_NEWSTRUCTURE,55,0.9995189854051972
functional_ridge,5_3C_54PER_4C_NEWSTRUCTURE,56,0.9995022995124275
functional_ridge,5_3C_54PER_4C_NEWSTRUCTURE,57,0.999484876807405
functional_ridge,5_3C_54PER_4C_NEWSTRUCTURE,58,0.9994667395627951
functional_ridge,5_3C_54PER_4C_NEWSTRUCTURE,59,0.9994479100512629
functional_ridge,5_3C_54PER_4C_NEWSTRUCTURE,60,0.9994284105454745
functional_ridge,5_3C_54PER_4C_NEWSTRUCTURE,61,0.9994082633180951
functional_ridge,5_3C_54PER_4C_NEWSTRUCTURE,62,0.9993874906417903
functional_ridge,5_3C_54PER_4C_NEWSTRUCTURE,63,0.9993661147892257
functional_ridge,5_3C_54PER_4C_NEWSTRUCTURE,64,0.9993441580330665
functional_ridge,5_3C_54PER_4C_NEWSTRUCTURE,65,0.9993216426459786
functional_ridge,5_3C_54PER_4C_NEWSTRUCTURE,66,0.9992985909006272
functional_ridge,5_3C_54PER_4C_NEWSTRUCTURE,67,0.999275025069678
functional_ridge,5_3C_54PER_4C_NEWSTRUCTURE,68,0.9992509674257964
functional_ridge,5_3C_54PER_4C_NEWSTRUCTURE,69,0.999226440241648
functional_ridge,5_3C_54PER_4C_NEWSTRUCTURE,70,0.9992014657898982
functional_ridge,5_3C_54PER_4C_NEWSTRUCTURE,71,0.9991760663432127
functional_ridge,5_3C_54PER_4C_NEWSTRUCTURE,72,0.9991502641742567
functional_ridge,5_3C_54PER_4C_NEWSTRUCTURE,73,0.9991240815556959
functional_ridge,5_3C_54PER_4C_NEWSTRUCTURE,74,0.9990975407601959
functional_ridge,5_3C_54PER_4C_NEWSTRUCTURE,75,0.999070664060422
functional_ridge,5_3C_54PER_4C_NEWSTRUCTURE,76,0.99904347372904
functional_ridge,5_3C_54PER_4C_NEWSTRUCTURE,77,0.9990159920387152
functional_ridge,5_3C_54PER_4C_NEWSTRUCTURE,78,0.998988241262113
functional_ridge,5_3C_54PER_4C_NEWSTRUCTURE,79,0.9989602436718991
functional_ridge,5_3C_54PER_4C_NEWSTRUCTURE,80,0.998932021540739
functional_ridge,5_3C_54PER_4C_NEWSTRUCTURE,81,0.9989035971412982
functional_ridge,5_3C_54PER_4C_NEWSTRUCTURE,82,0.9988749927462421
functional_ridge,5_3C_54PER_4C_NEWSTRUCTURE,83,0.9988462306282364
functional_ridge,5_3C_54PER_4C_NEWSTRUCTURE,84,0.9988173330599464
functional_ridge,5_3C_54PER_4C_NEWSTRUCTURE,85,0.9987883223140378
functional_ridge,5_3C_54PER_4C_NEWSTRUCTURE,86,0.9987592206631758
functional_ridge,5_3C_54PER_4C_NEWSTRUCTURE,87,0.9987300503800265
functional_ridge,5_3C_54PER_4C_NEWSTRUCTURE,88,0.9987008337372547
functional_ridge,5_3C_54PER_4C_NEWSTRUCTURE,89,0.9986715930075265
functional_ridge,5_3C_54PER_4C_NEWSTRUCTURE,90,0.9986423504635071
functional_ridge,5_3C_54PER_4C_NEWSTRUCTURE,91,0.9986131283778621
functional_ridge,5_3C_54PER_4C_NEWSTRUCTURE,92,0.9985839490232569
functional_ridge,5_3C_54PER_4C_NEWSTRUCTURE,93,0.9985548346723572
functional_ridge,5_3C_54PER_4C_NEWSTRUCTURE,94,0.9985258075978282
functional_ridge,5_3C_54PER_4C_NEWSTRUCTURE,95,0.9984968900723358
functional_ridge,5_3C_54PER_4C_NEWSTRUCTURE,96,0.9984681043685453
functional_ridge,5_3C_54PER_4C_NEWSTRUCTURE,97,0.9984394727591223
functional_ridge,5_3C_54PER_4C_NEWSTRUCTURE,98,0.9984110175167321
functional_ridge,5_3C_54PER_4C_NEWSTRUCTURE,99,0.9983827609140403
functional_ridge,5_3C_54PER_4C_NEWSTRUCTURE,100,0.9983547252237126
functional_ridge,5_3C_54PER_4C_NEWSTRUCTURE,101,0.9983269271925966
functional_ridge,5_3C_54PER_4C_NEWSTRUCTURE,102,0.9982993614642683
functional_ridge,5_3C_54PER_4C_NEWSTRUCTURE,103,0.9982720171564864
functional_ridge,5_3C_54PER_4C_NEWSTRUCTURE,104,0.9982448833870092
functional_ridge,5_3C_54PER_4C_NEWSTRUCTURE,105,0.998217949273595
functional_ridge,5_3C_54PER_4C_NEWSTRUCTURE,106,0.9981912039340024
functional_ridge,5_3C_54PER_4C_NEWSTRUCTURE,107,0.9981646364859895
functional_ridge,5_3C_54PER_4C_NEWSTRUCTURE,108,0.9981382360473151
functional_ridge,5_3C_54PER_4C_NEWSTRUCTURE,109,0.9981119917357374
functional_ridge,5_3C_54PER_4C_NEWSTRUCTURE,110,0.9980858926690147
functional_ridge,5_3C_54PER_4C_NEWSTRUCTURE,111,0.9980599279649055
functional_ridge,5_3C_54PER_4C_NEWSTRUCTURE,112,0.9980340867411682
functional_ridge,5_3C_54PER_4C_NEWSTRUCTURE,113,0.9980083581155613
functional_ridge,5_3C_54PER_4C_NEWSTRUCTURE,114,0.9979827312058431
functional_ridge,5_3C_54PER_4C_NEWSTRUCTURE,115,0.9979571951297721
functional_ridge,5_3C_54PER_4C_NEWSTRUCTURE,116,0.9979317390051063
functional_ridge,5_3C_54PER_4C_NEWSTRUCTURE,117,0.9979063519496049
functional_ridge,5_3C_54PER_4C_NEWSTRUCTURE,118,0.9978810230810254
functional_ridge,5_3C_54PER_4C_NEWSTRUCTURE,119,0.9978557415171271
functional_ridge,5_3C_54PER_4C_NEWSTRUCTURE,120,0.9978304963756675
functional_ridge,5_3C_54PER_4C_NEWSTRUCTURE,121,0.9978052767744056
functional_ridge,5_3C_54PER_4C_NEWSTRUCTURE,122,0.9977800718310996
functional_ridge,5_3C_54PER_4C_NEWSTRUCTURE,123,0.9977548706635081
functional_ridge,5_3C_54PER_4C_NEWSTRUCTURE,124,0.9977296623893893
functional_ridge,5_3C_54PER_4C_NEWSTRUCTURE,125,0.9977044361265015
functional_ridge,5_3C_54PER_4C_NEWSTRUCTURE,126,0.9976791809926034
functional_ridge,5_3C_54PER_4C_NEWSTRUCTURE,127,0.9976538861054531
functional_ridge,5_3C_54PER_4C_NEWSTRUCTURE,128,0.9976285405828094
functional_ridge,5_3C_54PER_4C_NEWSTRUCTURE,129,0.9976031335424304
functional_ridge,5_3C_54PER_4C_NEWSTRUCTURE,130,0.9975776541020744
functional_ridge,5_3C_54PER_4C_NEWSTRUCTURE,131,0.9975520913795
functional_ridge,5_3C_54PER_4C_NEWSTRUCTURE,132,0.9975264344924657
functional_ridge,5_3C_54PER_4C_NEWSTRUCTURE,133,0.9975006725587298
functional_ridge,5_3C_54PER_4C_NEWSTRUCTURE,134,0.9974747946960506
functional_ridge,5_3C_54PER_4C_NEWSTRUCTURE,135,0.9974487900221866
functional_ridge,5_3C_54PER_4C_NEWSTRUCTURE,136,0.9974226476548961
functional_ridge,5_3C_54PER_4C_NEWSTRUCTURE,137,0.9973963567119376
functional_ridge,5_3C_54PER_4C_NEWSTRUCTURE,138,0.9973699063110696
functional_ridge,5_3C_54PER_4C_NEWSTRUCTURE,139,0.9973432855700505
functional_ridge,5_3C_54PER_4C_NEWSTRUCTURE,140,0.9973164836066384
functional_ridge,5_3C_54PER_4C_NEWSTRUCTURE,141,0.997289489538592
functional_ridge,5_3C_54PER_4C_NEWSTRUCTURE,142,0.9972622924836696
functional_ridge,5_3C_54PER_4C_NEWSTRUCTURE,143,0.9972348815596296
functional_ridge,5_3C_54PER_4C_NEWSTRUCTURE,144,0.9972072458842303
functional_ridge,5_3C_54PER_4C_NEWSTRUCTURE,145,0.9971793745752303
functional_ridge,5_3C_54PER_4C_NEWSTRUCTURE,146,0.997151256750388
functional_ridge,5_3C_54PER_4C_NEWSTRUCTURE,147,0.9971228815274616
functional_ridge,5_3C_54PER_4C_NEWSTRUCTURE,148,0.9970942380242097
functional_ridge,5_3C_54PER_4C_NEWSTRUCTURE,149,0.9970653153583906
functional_ridge,5_3C_54PER_4C_NEWSTRUCTURE,150,0.9970361026477627
functional_ridge,5_3C_54PER_4C_NEWSTRUCTURE,151,0.9970065909260356
functional_ridge,5_3C_54PER_4C_NEWSTRUCTURE,152,0.9969767788907237
functional_ridge,5_3C_54PER_4C_NEWSTRUCTURE,153,0.9969466671552919
functional_ridge,5_3C_54PER_4C_NEWSTRUCTURE,154,0.996916256333206
functional_ridge,5_3C_54PER_4C_NEWSTRUCTURE,155,0.9968855470379315
functional_ridge,5_3C_54PER_4C_NEWSTRUCTURE,156,0.9968545398829335
functional_ridge,5_3C_54PER_4C_NEWSTRUCTURE,157,0.9968232354816773
functional_ridge,5_3C_54PER_4C_NEWSTRUCTURE,158,0.9967916344476283
functional_ridge,5_3C_54PER_4C_NEWSTRUCTURE,159,0.9967597373942522
functional_ridge,5_3C_54PER_4C_NEWSTRUCTURE,160,0.9967275449350141
functional_ridge,5_3C_54PER_4C_NEWSTRUCTURE,161,0.9966950576833796
functional_ridge,5_3C_54PER_4C_NEWSTRUCTURE,162,0.9966622762528139
functional_ridge,5_3C_54PER_4C_NEWSTRUCTURE,163,0.9966292012567828
functional_ridge,5_3C_54PER_4C_NEWSTRUCTURE,164,0.9965958333087509
functional_ridge,5_3C_54PER_4C_NEWSTRUCTURE,165,0.9965621730221841
functional_ridge,5_3C_54PER_4C_NEWSTRUCTURE,166,0.9965282210105479
functional_ridge,5_3C_54PER_4C_NEWSTRUCTURE,167,0.9964939778873072
functional_ridge,5_3C_54PER_4C_NEWSTRUCTURE,168,0.996459444265928
functional_ridge,5_3C_54PER_4C_NEWSTRUCTURE,169,0.9964246207598753
functional_ridge,5_3C_54PER_4C_NEWSTRUCTURE,170,0.9963895079826145
functional_ridge,5_3C_54PER_4C_NEWSTRUCTURE,171,0.9963541065476109
functional_ridge,5_3C_54PER_4C_NEWSTRUCTURE,172,0.9963184170683302
functional_ridge,5_3C_54PER_4C_NEWSTRUCTURE,173,0.9962824401582376
functional_ridge,5_3C_54PER_4C_NEWSTRUCTURE,174,0.9962461764307985
functional_ridge,5_3C_54PER_4C_NEWSTRUCTURE,175,0.9962096264994782
functional_ridge,5_3C_54PER_4C_NEWSTRUCTURE,176,0.9961727909777421
functional_ridge,5_3C_54PER_4C_NEWSTRUCTURE,177,0.9961356704790558
functional_ridge,5_3C_54PER_4C_NEWSTRUCTURE,178,0.9960982656168847
functional_ridge,5_3C_54PER_4C_NEWSTRUCTURE,179,0.9960605770046937
functional_ridge,5_3C_54PER_4C_NEWSTRUCTURE,180,0.9960226052559485
functional_ridge,5_3C_54PER_4C_NEWSTRUCTURE,181,0.9959843509841148
functional_ridge,5_3C_54PER_4C_NEWSTRUCTURE,182,0.9959458148026574
functional_ridge,5_3C_54PER_4C_NEWSTRUCTURE,183,0.9959069973250423
functional_ridge,5_3C_54PER_4C_NEWSTRUCTURE,184,0.9958678991647343
functional_ridge,5_3C_54PER_4C_NEWSTRUCTURE,185,0.995828520935199
functional_ridge,5_3C_54PER_4C_NEWSTRUCTURE,186,0.9957888632499018
functional_ridge,5_3C_54PER_4C_NEWSTRUCTURE,187,0.9957489267223081
functional_ridge,5_3C_54PER_4C_NEWSTRUCTURE,188,0.9957087119658836
functional_ridge,5_3C_54PER_4C_NEWSTRUCTURE,189,0.9956682195940929
functional_ridge,5_3C_54PER_4C_NEWSTRUCTURE,190,0.9956274502204023
functional_ridge,5_3C_54PER_4C_NEWSTRUCTURE,191,0.9955864044582764
functional_ridge,5_3C_54PER_4C_NEWSTRUCTURE,192,0.9955450829211813
functional_ridge,5_3C_54PER_4C_NEWSTRUCTURE,193,0.9955034862225817
functional_ridge,5_3C_54PER_4C_NEWSTRUCTURE,194,0.9954616149759435
functional_ridge,5_3C_54PER_4C_NEWSTRUCTURE,195,0.9954194697947316
functional_ridge,5_3C_54PER_4C_NEWSTRUCTURE,196,0.9953770512924119
functional_ridge,5_3C_54PER_4C_NEWSTRUCTURE,197,0.9953343600824495
functional_ridge,5_3C_54PER_4C_NEWSTRUCTURE,198,0.9952913967783099
functional_ridge,5_3C_54PER_4C_NEWSTRUCTURE,199,0.9952481619934583
functional_ridge,5_3C_54PER_4C_NEWSTRUCTURE,200,0.9952046563413605
functional_ridge,5_6C_19PER_4_6C_NEWSTRUCTURE,1,0.9982696998719041
functional_ridge,5_6C_19PER_4_6C_NEWSTRUCTURE,2,0.9983706423813862
functional_ridge,5_6C_19PER_4_6C_NEWSTRUCTURE,3,0.9984673612211703
functional_ridge,5_6C_19PER_4_6C_NEWSTRUCTURE,4,0.9985599280108685
functional_ridge,5_6C_19PER_4_6C_NEWSTRUCTURE,5,0.9986484143700927
functional_ridge,5_6C_19PER_4_6C_NEWSTRUCTURE,6,0.998732891918455
functional_ridge,5_6C_19PER_4_6C_NEWSTRUCTURE,7,0.9988134322755676
functional_ridge,5_6C_19PER_4_6C_NEWSTRUCTURE,8,0.9988901070610426
functional_ridge,5_6C_19PER_4_6C_NEWSTRUCTURE,9,0.998962987894492
functional_ridge,5_6C_19PER_4_6C_NEWSTRUCTURE,10,0.999032146395528
functional_ridge,5_6C_19PER_4_6C_NEWSTRUCTURE,11,0.9990976541837624
functional_ridge,5_6C_19PER_4_6C_NEWSTRUCTURE,12,0.9991595828788075
functional_ridge,5_6C_19PER_4_6C_NEWSTRUCTURE,13,0.9992180041002754
functional_ridge,5_6C_19PER_4_6C_NEWSTRUCTURE,14,0.9992729894677781
functional_ridge,5_6C_19PER_4_6C_NEWSTRUCTURE,15,0.9993246106009277
functional_ridge,5_6C_19PER_4_6C_NEWSTRUCTURE,16,0.9993729391193363
functional_ridge,5_6C_19PER_4_6C_NEWSTRUCTURE,17,0.999418046642616
functional_ridge,5_6C_19PER_4_6C_NEWSTRUCTURE,18,0.9994600047903788
functional_ridge,5_6C_19PER_4_6C_NEWSTRUCTURE,19,0.9994988851822368
functional_ridge,5_6C_19PER_4_6C_NEWSTRUCTURE,20,0.9995347594378022
functional_ridge,5_6C_19PER_4_6C_NEWSTRUCTURE,21,0.999567699176687
functional_ridge,5_6C_19PER_4_6C_NEWSTRUCTURE,22,0.9995977760185033
functional_ridge,5_6C_19PER_4_6C_NEWSTRUCTURE,23,0.9996250615828631
functional_ridge,5_6C_19PER_4_6C_NEWSTRUCTURE,24,0.9996496274893786
functional_ridge,5_6C_19PER_4_6C_NEWSTRUCTURE,25,0.9996715453576619
functional_ridge,5_6C_19PER_4_6C_NEWSTRUCTURE,26,0.9996908868073249
functional_ridge,5_6C_19PER_4_6C_NEWSTRUCTURE,27,0.9997077234579798
functional_ridge,5_6C_19PER_4_6C_NEWSTRUCTURE,28,0.9997221269292387
functional_ridge,5_6C_19PER_4_6C_NEWSTRUCTURE,29,0.9997341688407135
functional_ridge,5_6C_19PER_4_6C_NEWSTRUCTURE,30,0.9997439208120166
functional_ridge,5_6C_19PER_4_6C_NEWSTRUCTURE,31,0.9997514544627599
functional_ridge,5_6C_19PER_4_6C_NEWSTRUCTURE,32,0.9997568414125556
functional_ridge,5_6C_19PER_4_6C_NEWSTRUCTURE,33,0.9997601532810155
functional_ridge,5_6C_19PER_4_6C_NEWSTRUCTURE,34,0.9997614616877519
functional_ridge,5_6C_19PER_4_6C_NEWSTRUCTURE,35,0.9997608382523769
functional_ridge,5_6C_19PER_4_6C_NEWSTRUCTURE,36,0.9997583545945025
functional_ridge,5_6C_19PER_4_6C_NEWSTRUCTURE,37,0.9997540823337409
functional_ridge,5_6C_19PER_4_6C_NEWSTRUCTURE,38,0.999748093089704
functional_ridge,5_6C_19PER_4_6C_NEWSTRUCTURE,39,0.999740458482004
functional_ridge,5_6C_19PER_4_6C_NEWSTRUCTURE,40,0.999731250130253
functional_ridge,5_6C_19PER_4_6C_NEWSTRUCTURE,41,0.9997205396540629
functional_ridge,5_6C_19PER_4_6C_NEWSTRUCTURE,42,0.9997083986730461
functional_ridge,5_6C_19PER_4_6C_NEWSTRUCTURE,43,0.9996948988068143
functional_ridge,5_6C_19PER_4_6C_NEWSTRUCTURE,44,0.9996801116749799
functional_ridge,5_6C_19PER_4_6C_NEWSTRUCTURE,45,0.9996641088971548
functional_ridge,5_6C_19PER_4_6C_NEWSTRUCTURE,46,0.9996469620929513
functional_ridge,5_6C_19PER_4_6C_NEWSTRUCTURE,47,0.9996287428819812
functional_ridge,5_6C_19PER_4_6C_NEWSTRUCTURE,48,0.9996095228838567
functional_ridge,5_6C_19PER_4_6C_NEWSTRUCTURE,49,0.99958937371819
functional_ridge,5_6C_19PER_4_6C_NEWSTRUCTURE,50,0.9995683670045931
functional_ridge,5_6C_19PER_4_6C_NEWSTRUCTURE,51,0.9995465660194005
functional_ridge,5_6C_19PER_4_6C_NEWSTRUCTURE,52,0.9995240006658376
functional_ridge,5_6C_19PER_4_6C_NEWSTRUCTURE,53,0.9995006925038521
functional_ridge,5_6C_19PER_4_6C_NEWSTRUCTURE,54,0.9994766630933917
functional_ridge,5_6C_19PER_4_6C_NEWSTRUCTURE,55,0.999451933994404
functional_ridge,5_6C_19PER_4_6C_NEWSTRUCTURE,56,0.9994265267668371
functional_ridge,5_6C_19PER_4_6C_NEWSTRUCTURE,57,0.9994004629706384
functional_ridge,5_6C_19PER_4_6C_NEWSTRUCTURE,58,0.999373764165756
functional_ridge,5_6C_19PER_4_6C_NEWSTRUCTURE,59,0.9993464519121372
functional_ridge,5_6C_19PER_4_6C_NEWSTRUCTURE,60,0.9993185477697303
functional_ridge,5_6C_19PER_4_6C_NEWSTRUCTURE,61,0.9992900732984825
functional_ridge,5_6C_19PER_4_6C_NEWSTRUCTURE,62,0.9992610500583419
functional_ridge,5_6C_19PER_4_6C_NEWSTRUCTURE,63,0.9992314996092562
functional_ridge,5_6C_19PER_4_6C_NEWSTRUCTURE,64,0.9992014435111731
functional_ridge,5_6C_19PER_4_6C_NEWSTRUCTURE,65,0.9991709033240402
functional_ridge,5_6C_19PER_4_6C_NEWSTRUCTURE,66,0.9991399006078057
functional_ridge,5_6C_19PER_4_6C_NEWSTRUCTURE,67,0.9991084569224168
functional_ridge,5_6C_19PER_4_6C_NEWSTRUCTURE,68,0.9990765938278215
functional_ridge,5_6C_19PER_4_6C_NEWSTRUCTURE,69,0.9990443328839678
functional_ridge,5_6C_19PER_4_6C_NEWSTRUCTURE,70,0.9990116956508029
functional_ridge,5_6C_19PER_4_6C_NEWSTRUCTURE,71,0.9989787036882751
functional_ridge,5_6C_19PER_4_6C_NEWSTRUCTURE,72,0.9989453785563318
functional_ridge,5_6C_19PER_4_6C_NEWSTRUCTURE,73,0.9989117418149208
functional_ridge,5_6C_19PER_4_6C_NEWSTRUCTURE,74,0.9988778150239901
functional_ridge,5_6C_19PER_4_6C_NEWSTRUCTURE,75,0.9988436197434871
functional_ridge,5_6C_19PER_4_6C_NEWSTRUCTURE,76,0.9988091775333596
functional_ridge,5_6C_19PER_4_6C_NEWSTRUCTURE,77,0.9987745099535557
functional_ridge,5_6C_19PER_4_6C_NEWSTRUCTURE,78,0.9987396385640228
functional_ridge,5_6C_19PER_4_6C_NEWSTRUCTURE,79,0.9987045849247087
functional_ridge,5_6C_19PER_4_6C_NEWSTRUCTURE,80,0.9986693705955613
functional_ridge,5_6C_19PER_4_6C_NEWSTRUCTURE,81,0.9986340171365281
functional_ridge,5_6C_19PER_4_6C_NEWSTRUCTURE,82,0.9985985461075572
functional_ridge,5_6C_19PER_4_6C_NEWSTRUCTURE,83,0.998562979068596
functional_ridge,5_6C_19PER_4_6C_NEWSTRUCTURE,84,0.9985273375795926
functional_ridge,5_6C_19PER_4_6C_NEWSTRUCTURE,85,0.9984916432004942
functional_ridge,5_6C_19PER_4_6C_NEWSTRUCTURE,86,0.9984559174912492
functional_ridge,5_6C_19PER_4_6C_NEWSTRUCTURE,87,0.998420182011805
functional_ridge,5_6C_19PER_4_6C_NEWSTRUCTURE,88,0.9983844583221095
functional_ridge,5_6C_19PER_4_6C_NEWSTRUCTURE,89,0.9983487679821101
functional_ridge,5_6C_19PER_4_6C_NEWSTRUCTURE,90,0.9983131325517549
functional_ridge,5_6C_19PER_4_6C_NEWSTRUCTURE,91,0.9982775735909918
functional_ridge,5_6C_19PER_4_6C_NEWSTRUCTURE,92,0.998242112659768
functional_ridge,5_6C_19PER_4_6C_NEWSTRUCTURE,93,0.9982067713180316
functional_ridge,5_6C_19PER_4_6C_NEWSTRUCTURE,94,0.9981715711257304
functional_ridge,5_6C_19PER_4_6C_NEWSTRUCTURE,95,0.998136533642812
functional_ridge,5_6C_19PER_4_6C_NEWSTRUCTURE,96,0.9981016804292243
functional_ridge,5_6C_19PER_4_6C_NEWSTRUCTURE,97,0.9980670330449147
functional_ridge,5_6C_19PER_4_6C_NEWSTRUCTURE,98,0.9980326130498315
functional_ridge,5_6C_19PER_4_6C_NEWSTRUCTURE,99,0.997998442003922
functional_ridge,5_6C_19PER_4_6C_NEWSTRUCTURE,100,0.9979645414671341
functional_ridge,5_6C_19PER_4_6C_NEWSTRUCTURE,101,0.9979309272091449
functional_ridge,5_6C_19PER_4_6C_NEWSTRUCTURE,102,0.9978975918385494
functional_ridge,5_6C_19PER_4_6C_NEWSTRUCTURE,103,0.9978645221736716
functional_ridge,5_6C_19PER_4_6C_NEWSTRUCTURE,104,0.9978317050328358
functional_ridge,5_6C_19PER_4_6C_NEWSTRUCTURE,105,0.9977991272343661
functional_ridge,5_6C_19PER_4_6C_NEWSTRUCTURE,106,0.9977667755965868
functional_ridge,5_6C_19PER_4_6C_NEWSTRUCTURE,107,0.997734636937822
functional_ridge,5_6C_19PER_4_6C_NEWSTRUCTURE,108,0.997702698076396
functional_ridge,5_6C_19PER_4_6C_NEWSTRUCTURE,109,0.9976709458306331
functional_ridge,5_6C_19PER_4_6C_NEWSTRUCTURE,110,0.9976393670188572
functional_ridge,5_6C_19PER_4_6C_NEWSTRUCTURE,111,0.9976079484593927
functional_ridge,5_6C_19PER_4_6C_NEWSTRUCTURE,112,0.997576676970564
functional_ridge,5_6C_19PER_4_6C_NEWSTRUCTURE,113,0.9975455393706948
functional_ridge,5_6C_19PER_4_6C_NEWSTRUCTURE,114,0.9975145224781096
functional_ridge,5_6C_19PER_4_6C_NEWSTRUCTURE,115,0.9974836131111328
functional_ridge,5_6C_19PER_4_6C_NEWSTRUCTURE,116,0.9974527980880882
functional_ridge,5_6C_19PER_4_6C_NEWSTRUCTURE,117,0.9974220642273002
functional_ridge,5_6C_19PER_4_6C_NEWSTRUCTURE,118,0.9973913983470931
functional_ridge,5_6C_19PER_4_6C_NEWSTRUCTURE,119,0.9973607872657908
functional_ridge,5_6C_19PER_4_6C_NEWSTRUCTURE,120,0.9973302178017178
functional_ridge,5_6C_19PER_4_6C_NEWSTRUCTURE,121,0.9972996767731984
functional_ridge,5_6C_19PER_4_6C_NEWSTRUCTURE,122,0.9972691509985564
functional_ridge,5_6C_19PER_4_6C_NEWSTRUCTURE,123,0.9972386272961161
functional_ridge,5_6C_19PER_4_6C_NEWSTRUCTURE,124,0.9972080924842021
functional_ridge,5_6C_19PER_4_6C_NEWSTRUCTURE,125,0.9971775333811381
functional_ridge,5_6C_19PER_4_6C_NEWSTRUCTURE,126,0.9971469368052487
functional_ridge,5_6C_19PER_4_6C_NEWSTRUCTURE,127,0.9971162895748577
functional_ridge,5_6C_19PER_4_6C_NEWSTRUCTURE,128,0.9970855785082896
functional_ridge,5_6C_19PER_4_6C_NEWSTRUCTURE,129,0.9970547904238685
functional_ridge,5_6C_19PER_4_6C_NEWSTRUCTURE,130,0.9970239121399185
functional_ridge,5_6C_19PER_4_6C_NEWSTRUCTURE,131,0.996992930474764
functional_ridge,5_6C_19PER_4_6C_NEWSTRUCTURE,132,0.9969618322467294
functional_ridge,5_6C_19PER_4_6C_NEWSTRUCTURE,133,0.9969306042741383
functional_ridge,5_6C_19PER_4_6C_NEWSTRUCTURE,134,0.9968992333753154
functional_ridge,5_6C_19PER_4_6C_NEWSTRUCTURE,135,0.9968677063685847
functional_ridge,5_6C_19PER_4_6C_NEWSTRUCTURE,136,0.9968360100722703
functional_ridge,5_6C_19PER_4_6C_NEWSTRUCTURE,137,0.9968041313046967
functional_ridge,5_6C_19PER_4_6C_NEWSTRUCTURE,138,0.9967720568841879
functional_ridge,5_6C_19PER_4_6C_NEWSTRUCTURE,139,0.9967397736290681
functional_ridge,5_6C_19PER_4_6C_NEWSTRUCTURE,140,0.9967072683576615
functional_ridge,5_6C_19PER_4_6C_NEWSTRUCTURE,141,0.9966745278882925
functional_ridge,5_6C_19PER_4_6C_NEWSTRUCTURE,142,0.9966415390392851
functional_ridge,5_6C_19PER_4_6C_NEWSTRUCTURE,143,0.9966082886289634
functional_ridge,5_6C_19PER_4_6C_NEWSTRUCTURE,144,0.9965747634756519
functional_ridge,5_6C_19PER_4_6C_NEWSTRUCTURE,145,0.9965409503976747
functional_ridge,5_6C_19PER_4_6C_NEWSTRUCTURE,146,0.9965068362133559
functional_ridge,5_6C_19PER_4_6C_NEWSTRUCTURE,147,0.9964724077410198
functional_ridge,5_6C_19PER_4_6C_NEWSTRUCTURE,148,0.9964376517989906
functional_ridge,5_6C_19PER_4_6C_NEWSTRUCTURE,149,0.9964025552055923
functional_ridge,5_6C_19PER_4_6C_NEWSTRUCTURE,150,0.9963671047791492
functional_ridge,5_6C_19PER_4_6C_NEWSTRUCTURE,151,0.9963312894609894
functional_ridge,5_6C_19PER_4_6C_NEWSTRUCTURE,152,0.996295106684455
functional_ridge,5_6C_19PER_4_6C_NEWSTRUCTURE,153,0.9962585560058919
functional_ridge,5_6C_19PER_4_6C_NEWSTRUCTURE,154,0.9962216369816462
functional_ridge,5_6C_19PER_4_6C_NEWSTRUCTURE,155,0.996184349168064
functional_ridge,5_6C_19PER_4_6C_NEWSTRUCTURE,156,0.996146692121491
functional_ridge,5_6C_19PER_4_6C_NEWSTRUCTURE,157,0.9961086653982731
functional_ridge,5_6C_19PER_4_6C_NEWSTRUCTURE,158,0.9960702685547568
functional_ridge,5_6C_19PER_4_6C_NEWSTRUCTURE,159,0.9960315011472872
functional_ridge,5_6C_19PER_4_6C_NEWSTRUCTURE,160,0.9959923627322111
functional_ridge,5_6C_19PER_4_6C_NEWSTRUCTURE,161,0.9959528528658741
functional_ridge,5_6C_19PER_4_6C_NEWSTRUCTURE,162,0.9959129711046221
functional_ridge,5_6C_19PER_4_6C_NEWSTRUCTURE,163,0.9958727170048012
functional_ridge,5_6C_19PER_4_6C_NEWSTRUCTURE,164,0.9958320901227572
functional_ridge,5_6C_19PER_4_6C_NEWSTRUCTURE,165,0.9957910900148363
functional_ridge,5_6C_19PER_4_6C_NEWSTRUCTURE,166,0.9957497162373844
functional_ridge,5_6C_19PER_4_6C_NEWSTRUCTURE,167,0.9957079683467474
functional_ridge,5_6C_19PER_4_6C_NEWSTRUCTURE,168,0.9956658458992712
functional_ridge,5_6C_19PER_4_6C_NEWSTRUCTURE,169,0.995623348451302
functional_ridge,5_6C_19PER_4_6C_NEWSTRUCTURE,170,0.9955804755591854
functional_ridge,5_6C_19PER_4_6C_NEWSTRUCTURE,171,0.9955372267792678
functional_ridge,5_6C_19PER_4_6C_NEWSTRUCTURE,172,0.9954936016678947
functional_ridge,5_6C_19PER_4_6C_NEWSTRUCTURE,173,0.9954495997814126
functional_ridge,5_6C_19PER_4_6C_NEWSTRUCTURE,174,0.995405220676167
functional_ridge,5_6C_19PER_4_6C_NEWSTRUCTURE,175,0.9953604639085039
functional_ridge,5_6C_19PER_4_6C_NEWSTRUCTURE,176,0.9953153290347697
functional_ridge,5_6C_19PER_4_6C_NEWSTRUCTURE,177,0.99526981561131
functional_ridge,5_6C_19PER_4_6C_NEWSTRUCTURE,178,0.9952239231944706
functional_ridge,5_6C_19PER_4_6C_NEWSTRUCTURE,179,0.995177651340598
functional_ridge,5_6C_19PER_4_6C_NEWSTRUCTURE,180,0.9951309996060377
functional_ridge,5_6C_19PER_4_6C_NEWSTRUCTURE,181,0.9950839675471359
functional_ridge,5_6C_19PER_4_6C_NEWSTRUCTURE,182,0.9950365547202384
functional_ridge,5_6C_19PER_4_6C_NEWSTRUCTURE,183,0.9949887606816915
functional_ridge,5_6C_19PER_4_6C_NEWSTRUCTURE,184,0.9949405849878408
functional_ridge,5_6C_19PER_4_6C_NEWSTRUCTURE,185,0.9948920271950322
functional_ridge,5_6C_19PER_4_6C_NEWSTRUCTURE,186,0.9948430868596122
functional_ridge,5_6C_19PER_4_6C_NEWSTRUCTURE,187,0.9947937635379263
functional_ridge,5_6C_19PER_4_6C_NEWSTRUCTURE,188,0.9947440567863204
functional_ridge,5_6C_19PER_4_6C_NEWSTRUCTURE,189,0.9946939661611408
functional_ridge,5_6C_19PER_4_6C_NEWSTRUCTURE,190,0.9946434912187334
functional_ridge,5_6C_19PER_4_6C_NEWSTRUCTURE,191,0.9945926315154441
functional_ridge,5_6C_19PER_4_6C_NEWSTRUCTURE,192,0.9945413866076187
functional_ridge,5_6C_19PER_4_6C_NEWSTRUCTURE,193,0.9944897560516034
functional_ridge,5_6C_19PER_4_6C_NEWSTRUCTURE,194,0.9944377394037441
functional_ridge,5_6C_19PER_4_6C_NEWSTRUCTURE,195,0.9943853362203867
functional_ridge,5_6C_19PER_4_6C_NEWSTRUCTURE,196,0.9943325460578771
functional_ridge,5_6C_19PER_4_6C_NEWSTRUCTURE,197,0.9942793684725617
functional_ridge,5_6C_19PER_4_6C_NEWSTRUCTURE,198,0.9942258030207859
functional_ridge,5_6C_19PER_4_6C_NEWSTRUCTURE,199,0.994171849258896
functional_ridge,5_6C_19PER_4_6C_NEWSTRUCTURE,200,0.9941175067432377
functional_ridge,5_6C_36PER_4_3C_NEWSTRUCTURE,1,0.9980972769774904
functional_ridge,5_6C_36PER_4_3C_NEWSTRUCTURE,2,0.9982045464382672
functional_ridge,5_6C_36PER_4_3C_NEWSTRUCTURE,3,0.998307547473937
functional_ridge,5_6C_36PER_4_3C_NEWSTRUCTURE,4,0.9984063518519172
functional_ridge,5_6C_36PER_4_3C_NEWSTRUCTURE,5,0.9985010313396248
functional_ridge,5_6C_36PER_4_3C_NEWSTRUCTURE,6,0.9985916577044769
functional_ridge,5_6C_36PER_4_3C_NEWSTRUCTURE,7,0.9986783027138908
functional_ridge,5_6C_36PER_4_3C_NEWSTRUCTURE,8,0.9987610381352834
functional_ridge,5_6C_36PER_4_3C_NEWSTRUCTURE,9,0.9988399357360722
functional_ridge,5_6C_36PER_4_3C_NEWSTRUCTURE,10,0.9989150672836743
functional_ridge,5_6C_36PER_4_3C_NEWSTRUCTURE,11,0.9989865045455066
functional_ridge,5_6C_36PER_4_3C_NEWSTRUCTURE,12,0.9990543192889864
functional_ridge,5_6C_36PER_4_3C_NEWSTRUCTURE,13,0.9991185832815308
functional_ridge,5_6C_36PER_4_3C_NEWSTRUCTURE,14,0.999179368290557
functional_ridge,5_6C_36PER_4_3C_NEWSTRUCTURE,15,0.9992367460834821
functional_ridge,5_6C_36PER_4_3C_NEWSTRUCTURE,16,0.9992907884277235
functional_ridge,5_6C_36PER_4_3C_NEWSTRUCTURE,17,0.9993415670906978
functional_ridge,5_6C_36PER_4_3C_NEWSTRUCTURE,18,0.9993891538398226
functional_ridge,5_6C_36PER_4_3C_NEWSTRUCTURE,19,0.999433620442515
functional_ridge,5_6C_36PER_4_3C_NEWSTRUCTURE,20,0.999475038666192
functional_ridge,5_6C_36PER_4_3C_NEWSTRUCTURE,21,0.999513480278271
functional_ridge,5_6C_36PER_4_3C_NEWSTRUCTURE,22,0.9995490170461689
functional_ridge,5_6C_36PER_4_3C_NEWSTRUCTURE,23,0.9995817207373028
functional_ridge,5_6C_36PER_4_3C_NEWSTRUCTURE,24,0.9996116631190901
functional_ridge,5_6C_36PER_4_3C_NEWSTRUCTURE,25,0.9996389159589478
functional_ridge,5_6C_36PER_4_3C_NEWSTRUCTURE,26,0.9996635510242932
functional_ridge,5_6C_36PER_4_3C_NEWSTRUCTURE,27,0.9996856400825432
functional_ridge,5_6C_36PER_4_3C_NEWSTRUCTURE,28,0.9997052549011151
functional_ridge,5_6C_36PER_4_3C_NEWSTRUCTURE,29,0.9997224672474261
functional_ridge,5_6C_36PER_4_3C_NEWSTRUCTURE,30,0.9997373488888931
functional_ridge,5_6C_36PER_4_3C_NEWSTRUCTURE,31,0.9997499715929334
functional_ridge,5_6C_36PER_4_3C_NEWSTRUCTURE,32,0.9997604071269645
functional_ridge,5_6C_36PER_4_3C_NEWSTRUCTURE,33,0.9997687272584029
functional_ridge,5_6C_36PER_4_3C_NEWSTRUCTURE,34,0.9997750037546663
functional_ridge,5_6C_36PER_4_3C_NEWSTRUCTURE,35,0.9997793083831716
functional_ridge,5_6C_36PER_4_3C_NEWSTRUCTURE,36,0.999781712911336
functional_ridge,5_6C_36PER_4_3C_NEWSTRUCTURE,37,0.9997822891065765
functional_ridge,5_6C_36PER_4_3C_NEWSTRUCTURE,38,0.9997811087363104
functional_ridge,5_6C_36PER_4_3C_NEWSTRUCTURE,39,0.999778243567955
functional_ridge,5_6C_36PER_4_3C_NEWSTRUCTURE,40,0.9997737653689271
functional_ridge,5_6C_36PER_4_3C_NEWSTRUCTURE,41,0.9997677459066441
functional_ridge,5_6C_36PER_4_3C_NEWSTRUCTURE,42,0.999760256948523
functional_ridge,5_6C_36PER_4_3C_NEWSTRUCTURE,43,0.9997513702619812
functional_ridge,5_6C_36PER_4_3C_NEWSTRUCTURE,44,0.9997411576144356
functional_ridge,5_6C_36PER_4_3C_NEWSTRUCTURE,45,0.9997296907733033
functional_ridge,5_6C_36PER_4_3C_NEWSTRUCTURE,46,0.9997170415060017
functional_ridge,5_6C_36PER_4_3C_NEWSTRUCTURE,47,0.9997032815799478
functional_ridge,5_6C_36PER_4_3C_NEWSTRUCTURE,48,0.9996884827625588
functional_ridge,5_6C_36PER_4_3C_NEWSTRUCTURE,49,0.9996727168212519
functional_ridge,5_6C_36PER_4_3C_NEWSTRUCTURE,50,0.999656055523444
functional_ridge,5_6C_36PER_4_3C_NEWSTRUCTURE,51,0.999638562411156
functional_ridge,5_6C_36PER_4_3C_NEWSTRUCTURE,52,0.999620268124822
functional_ridge,5_6C_36PER_4_3C_NEWSTRUCTURE,53,0.9996011950794796
functional_ridge,5_6C_36PER_4_3C_NEWSTRUCTURE,54,0.9995813656901669
functional_ridge,5_6C_36PER_4_3C_NEWSTRUCTURE,55,0.999560802371921
functional_ridge,5_6C_36PER_4_3C_NEWSTRUCTURE,56,0.9995395275397803
functional_ridge,5_6C_36PER_4_3C_NEWSTRUCTURE,57,0.999517563608782
functional_ridge,5_6C_36PER_4_3C_NEWSTRUCTURE,58,0.999494932993964
functional_ridge,5_6C_36PER_4_3C_NEWSTRUCTURE,59,0.999471658110364
functional_ridge,5_6C_36PER_4_3C_NEWSTRUCTURE,60,0.9994477613730196
functional_ridge,5_6C_36PER_4_3C_NEWSTRUCTURE,61,0.9994232651969686
functional_ridge,5_6C_36PER_4_3C_NEWSTRUCTURE,62,0.9993981919972487
functional_ridge,5_6C_36PER_4_3C_NEWSTRUCTURE,63,0.9993725641888976
functional_ridge,5_6C_36PER_4_3C_NEWSTRUCTURE,64,0.9993464041869531
functional_ridge,5_6C_36PER_4_3C_NEWSTRUCTURE,65,0.9993197344064527
functional_ridge,5_6C_36PER_4_3C_NEWSTRUCTURE,66,0.999292577262434
functional_ridge,5_6C_36PER_4_3C_NEWSTRUCTURE,67,0.9992649551699351
functional_ridge,5_6C_36PER_4_3C_NEWSTRUCTURE,68,0.9992368905439936
functional_ridge,5_6C_36PER_4_3C_NEWSTRUCTURE,69,0.9992084057996471
functional_ridge,5_6C_36PER_4_3C_NEWSTRUCTURE,70,0.9991795233519333
functional_ridge,5_6C_36PER_4_3C_NEWSTRUCTURE,71,0.9991502656158898
functional_ridge,5_6C_36PER_4_3C_NEWSTRUCTURE,72,0.9991206550065546
functional_ridge,5_6C_36PER_4_3C_NEWSTRUCTURE,73,0.9990907139389652
functional_ridge,5_6C_36PER_4_3C_NEWSTRUCTURE,74,0.9990604648281594
functional_ridge,5_6C_36PER_4_3C_NEWSTRUCTURE,75,0.9990299300891746
functional_ridge,5_6C_36PER_4_3C_NEWSTRUCTURE,76,0.998999132137049
functional_ridge,5_6C_36PER_4_3C_NEWSTRUCTURE,77,0.99896809338682
functional_ridge,5_6C_36PER_4_3C_NEWSTRUCTURE,78,0.9989368362535254
functional_ridge,5_6C_36PER_4_3C_NEWSTRUCTURE,79,0.9989053831522029
functional_ridge,5_6C_36PER_4_3C_NEWSTRUCTURE,80,0.99887375649789
functional_ridge,5_6C_36PER_4_3C_NEWSTRUCTURE,81,0.9988419787056247
functional_ridge,5_6C_36PER_4_3C_NEWSTRUCTURE,82,0.9988100721904447
functional_ridge,5_6C_36PER_4_3C_NEWSTRUCTURE,83,0.9987780593673874
functional_ridge,5_6C_36PER_4_3C_NEWSTRUCTURE,84,0.998745962651491
functional_ridge,5_6C_36PER_4_3C_NEWSTRUCTURE,85,0.9987138044577926
functional_ridge,5_6C_36PER_4_3C_NEWSTRUCTURE,86,0.9986816072013304
functional_ridge,5_6C_36PER_4_3C_NEWSTRUCTURE,87,0.9986493932971418
functional_ridge,5_6C_36PER_4_3C_NEWSTRUCTURE,88,0.9986171851602644
functional_ridge,5_6C_36PER_4_3C_NEWSTRUCTURE,89,0.9985850052057366
functional_ridge,5_6C_36PER_4_3C_NEWSTRUCTURE,90,0.9985528758485953
functional_ridge,5_6C_36PER_4_3C_NEWSTRUCTURE,91,0.9985208195038787
functional_ridge,5_6C_36PER_4_3C_NEWSTRUCTURE,92,0.9984888585866243
functional_ridge,5_6C_36PER_4_3C_NEWSTRUCTURE,93,0.9984570155118698
functional_ridge,5_6C_36PER_4_3C_NEWSTRUCTURE,94,0.9984253126946531
functional_ridge,5_6C_36PER_4_3C_NEWSTRUCTURE,95,0.9983937725500116
functional_ridge,5_6C_36PER_4_3C_NEWSTRUCTURE,96,0.9983624174929832
functional_ridge,5_6C_36PER_4_3C_NEWSTRUCTURE,97,0.9983312699386057
functional_ridge,5_6C_36PER_4_3C_NEWSTRUCTURE,98,0.9983003523019164
functional_ridge,5_6C_36PER_4_3C_NEWSTRUCTURE,99,0.9982696869979535
functional_ridge,5_6C_36PER_4_3C_NEWSTRUCTURE,100,0.9982392964417544
functional_ridge,5_6C_36PER_4_3C_NEWSTRUCTURE,101,0.9982091970705482
functional_ridge,5_6C_36PER_4_3C_NEWSTRUCTURE,102,0.9981793814103287
functional_ridge,5_6C_36PER_4_3C_NEWSTRUCTURE,103,0.9981498360092813
functional_ridge,5_6C_36PER_4_3C_NEWSTRUCTURE,104,0.9981205474155911
functional_ridge,5_6C_36PER_4_3C_NEWSTRUCTURE,105,0.9980915021774434
functional_ridge,5_6C_36PER_4_3C_NEWSTRUCTURE,106,0.9980626868430236
functional_ridge,5_6C_36PER_4_3C_NEWSTRUCTURE,107,0.9980340879605165
functional_ridge,5_6C_36PER_4_3C_NEWSTRUCTURE,108,0.9980056920781075
functional_ridge,5_6C_36PER_4_3C_NEWSTRUCTURE,109,0.997977485743982
functional_ridge,5_6C_36PER_4_3C_NEWSTRUCTURE,110,0.997949455506325
functional_ridge,5_6C_36PER_4_3C_NEWSTRUCTURE,111,0.9979215879133219
functional_ridge,5_6C_36PER_4_3C_NEWSTRUCTURE,112,0.9978938695131577
functional_ridge,5_6C_36PER_4_3C_NEWSTRUCTURE,113,0.9978662868540178
functional_ridge,5_6C_36PER_4_3C_NEWSTRUCTURE,114,0.9978388264840874
functional_ridge,5_6C_36PER_4_3C_NEWSTRUCTURE,115,0.9978114749515518
functional_ridge,5_6C_36PER_4_3C_NEWSTRUCTURE,116,0.9977842188045958
functional_ridge,5_6C_36PER_4_3C_NEWSTRUCTURE,117,0.997757044591405
functional_ridge,5_6C_36PER_4_3C_NEWSTRUCTURE,118,0.9977299388601648
functional_ridge,5_6C_36PER_4_3C_NEWSTRUCTURE,119,0.9977028881590602
functional_ridge,5_6C_36PER_4_3C_NEWSTRUCTURE,120,0.9976758790362761
functional_ridge,5_6C_36PER_4_3C_NEWSTRUCTURE,121,0.997648898039998
functional_ridge,5_6C_36PER_4_3C_NEWSTRUCTURE,122,0.9976219317184114
functional_ridge,5_6C_36PER_4_3C_NEWSTRUCTURE,123,0.9975949666197013
functional_ridge,5_6C_36PER_4_3C_NEWSTRUCTURE,124,0.9975679892920526
functional_ridge,5_6C_36PER_4_3C_NEWSTRUCTURE,125,0.9975409862836511
functional_ridge,5_6C_36PER_4_3C_NEWSTRUCTURE,126,0.9975139441426816
functional_ridge,5_6C_36PER_4_3C_NEWSTRUCTURE,127,0.9974868494173293
functional_ridge,5_6C_36PER_4_3C_NEWSTRUCTURE,128,0.9974596886557797
functional_ridge,5_6C_36PER_4_3C_NEWSTRUCTURE,129,0.997432448406218
functional_ridge,5_6C_36PER_4_3C_NEWSTRUCTURE,130,0.9974051152168292
functional_ridge,5_6C_36PER_4_3C_NEWSTRUCTURE,131,0.9973776756357986
functional_ridge,5_6C_36PER_4_3C_NEWSTRUCTURE,132,0.9973501162113116
functional_ridge,5_6C_36PER_4_3C_NEWSTRUCTURE,133,0.9973224234915532
functional_ridge,5_6C_36PER_4_3C_NEWSTRUCTURE,134,0.9972945840247085
functional_ridge,5_6C_36PER_4_3C_NEWSTRUCTURE,135,0.9972665843589632
functional_ridge,5_6C_36PER_4_3C_NEWSTRUCTURE,136,0.9972384110425022
functional_ridge,5_6C_36PER_4_3C_NEWSTRUCTURE,137,0.9972100506235108
functional_ridge,5_6C_36PER_4_3C_NEWSTRUCTURE,138,0.9971814896501738
functional_ridge,5_6C_36PER_4_3C_NEWSTRUCTURE,139,0.9971527146706772
functional_ridge,5_6C_36PER_4_3C_NEWSTRUCTURE,140,0.997123712233206
functional_ridge,5_6C_36PER_4_3C_NEWSTRUCTURE,141,0.9970944688859448
functional_ridge,5_6C_36PER_4_3C_NEWSTRUCTURE,142,0.9970649711770795
functional_ridge,5_6C_36PER_4_3C_NEWSTRUCTURE,143,0.997035205654795
functional_ridge,5_6C_36PER_4_3C_NEWSTRUCTURE,144,0.9970051588672767
functional_ridge,5_6C_36PER_4_3C_NEWSTRUCTURE,145,0.9969748173627098
functional_ridge,5_6C_36PER_4_3C_NEWSTRUCTURE,146,0.9969441676892793
functional_ridge,5_6C_36PER_4_3C_NEWSTRUCTURE,147,0.9969131963951706
functional_ridge,5_6C_36PER_4_3C_NEWSTRUCTURE,148,0.996881890028569
functional_ridge,5_6C_36PER_4_3C_NEWSTRUCTURE,149,0.9968502351376595
functional_ridge,5_6C_36PER_4_3C_NEWSTRUCTURE,150,0.9968182182706276
functional_ridge,5_6C_36PER_4_3C_NEWSTRUCTURE,151,0.9967858281785151
functional_ridge,5_6C_36PER_4_3C_NEWSTRUCTURE,152,0.9967530624237926
functional_ridge,5_6C_36PER_4_3C_NEWSTRUCTURE,153,0.9967199207717866
functional_ridge,5_6C_36PER_4_3C_NEWSTRUCTURE,154,0.9966864029878247
functional_ridge,5_6C_36PER_4_3C_NEWSTRUCTURE,155,0.9966525088372338
functional_ridge,5_6C_36PER_4_3C_NEWSTRUCTURE,156,0.996618238085341
functional_ridge,5_6C_36PER_4_3C_NEWSTRUCTURE,157,0.996583590497473
functional_ridge,5_6C_36PER_4_3C_NEWSTRUCTURE,158,0.9965485658389575
functional_ridge,5_6C_36PER_4_3C_NEWSTRUCTURE,159,0.9965131638751211
functional_ridge,5_6C_36PER_4_3C_NEWSTRUCTURE,160,0.9964773843712911
functional_ridge,5_6C_36PER_4_3C_NEWSTRUCTURE,161,0.9964412270927946
functional_ridge,5_6C_36PER_4_3C_NEWSTRUCTURE,162,0.9964046918049584
functional_ridge,5_6C_36PER_4_3C_NEWSTRUCTURE,163,0.9963677782731097
functional_ridge,5_6C_36PER_4_3C_NEWSTRUCTURE,164,0.9963304862625759
functional_ridge,5_6C_36PER_4_3C_NEWSTRUCTURE,165,0.9962928155386835
functional_ridge,5_6C_36PER_4_3C_NEWSTRUCTURE,166,0.9962547658667601
functional_ridge,5_6C_36PER_4_3C_NEWSTRUCTURE,167,0.9962163370121323
functional_ridge,5_6C_36PER_4_3C_NEWSTRUCTURE,168,0.9961775287401277
functional_ridge,5_6C_36PER_4_3C_NEWSTRUCTURE,169,0.9961383408160729
functional_ridge,5_6C_36PER_4_3C_NEWSTRUCTURE,170,0.9960987730052954
functional_ridge,5_6C_36PER_4_3C_NEWSTRUCTURE,171,0.9960588250731218
functional_ridge,5_6C_36PER_4_3C_NEWSTRUCTURE,172,0.9960184967848797
functional_ridge,5_6C_36PER_4_3C_NEWSTRUCTURE,173,0.9959777879058958
functional_ridge,5_6C_36PER_4_3C_NEWSTRUCTURE,174,0.995936698201497
functional_ridge,5_6C_36PER_4_3C_NEWSTRUCTURE,175,0.995895227437011
functional_ridge,5_6C_36PER_4_3C_NEWSTRUCTURE,176,0.9958533753777644
functional_ridge,5_6C_36PER_4_3C_NEWSTRUCTURE,177,0.9958111417890843
functional_ridge,5_6C_36PER_4_3C_NEWSTRUCTURE,178,0.9957685264362979
functional_ridge,5_6C_36PER_4_3C_NEWSTRUCTURE,179,0.9957255290847321
functional_ridge,5_6C_36PER_4_3C_NEWSTRUCTURE,180,0.9956821494997143
functional_ridge,5_6C_36PER_4_3C_NEWSTRUCTURE,181,0.9956383874465715
functional_ridge,5_6C_36PER_4_3C_NEWSTRUCTURE,182,0.9955942426906306
functional_ridge,5_6C_36PER_4_3C_NEWSTRUCTURE,183,0.9955497149972186
functional_ridge,5_6C_36PER_4_3C_NEWSTRUCTURE,184,0.9955048041316626
functional_ridge,5_6C_36PER_4_3C_NEWSTRUCTURE,185,0.99545950985929
functional_ridge,5_6C_36PER_4_3C_NEWSTRUCTURE,186,0.9954138319454277
functional_ridge,5_6C_36PER_4_3C_NEWSTRUCTURE,187,0.9953677701554027
functional_ridge,5_6C_36PER_4_3C_NEWSTRUCTURE,188,0.9953213242545419
functional_ridge,5_6C_36PER_4_3C_NEWSTRUCTURE,189,0.9952744940081728
functional_ridge,5_6C_36PER_4_3C_NEWSTRUCTURE,190,0.9952272791816221
functional_ridge,5_6C_36PER_4_3C_NEWSTRUCTURE,191,0.9951796795402171
functional_ridge,5_6C_36PER_4_3C_NEWSTRUCTURE,192,0.9951316948492849
functional_ridge,5_6C_36PER_4_3C_NEWSTRUCTURE,193,0.9950833248741523
functional_ridge,5_6C_36PER_4_3C_NEWSTRUCTURE,194,0.9950345693801466
functional_ridge,5_6C_36PER_4_3C_NEWSTRUCTURE,195,0.9949854281325948
functional_ridge,5_6C_36PER_4_3C_NEWSTRUCTURE,196,0.9949359008968242
functional_ridge,5_6C_36PER_4_3C_NEWSTRUCTURE,197,0.9948859874381614
functional_ridge,5_6C_36PER_4_3C_NEWSTRUCTURE,198,0.994835687521934
functional_ridge,5_6C_36PER_4_3C_NEWSTRUCTURE,199,0.9947850009134687
functional_ridge,5_6C_36PER_4_3C_NEWSTRUCTURE,200,0.9947339273780925
functional_ridge,3_7C_31PER_5_9C_NEWSTRUCTURE,1,1.0003579405626652
functional_ridge,3_7C_31PER_5_9C_NEWSTRUCTURE,2,1.0002437357864153
functional_ridge,3_7C_31PER_5_9C_NEWSTRUCTURE,3,1.0001272964593988
functional_ridge,3_7C_31PER_5_9C_NEWSTRUCTURE,4,1.0000086591012922
functional_ridge,3_7C_31PER_5_9C_NEWSTRUCTURE,5,0.9998878602317725
functional_ridge,3_7C_31PER_5_9C_NEWSTRUCTURE,6,0.9997649363705163
functional_ridge,3_7C_31PER_5_9C_NEWSTRUCTURE,7,0.9996399240372008
functional_ridge,3_7C_31PER_5_9C_NEWSTRUCTURE,8,0.9995128597515027
functional_ridge,3_7C_31PER_5_9C_NEWSTRUCTURE,9,0.9993837800330987
functional_ridge,3_7C_31PER_5_9C_NEWSTRUCTURE,10,0.999252721401666
functional_ridge,3_7C_31PER_5_9C_NEWSTRUCTURE,11,0.9991197203768811
functional_ridge,3_7C_31PER_5_9C_NEWSTRUCTURE,12,0.9989848134784213
functional_ridge,3_7C_31PER_5_9C_NEWSTRUCTURE,13,0.9988480372259629
functional_ridge,3_7C_31PER_5_9C_NEWSTRUCTURE,14,0.9987094281391833
functional_ridge,3_7C_31PER_5_9C_NEWSTRUCTURE,15,0.9985690227377589
functional_ridge,3_7C_31PER_5_9C_NEWSTRUCTURE,16,0.9984268575413668
functional_ridge,3_7C_31PER_5_9C_NEWSTRUCTURE,17,0.9982829690696841
functional_ridge,3_7C_31PER_5_9C_NEWSTRUCTURE,18,0.9981373938423871
functional_ridge,3_7C_31PER_5_9C_NEWSTRUCTURE,19,0.9979901683791531
functional_ridge,3_7C_31PER_5_9C_NEWSTRUCTURE,20,0.9978413291996585
functional_ridge,3_7C_31PER_5_9C_NEWSTRUCTURE,21,0.9976909128235808
functional_ridge,3_7C_31PER_5_9C_NEWSTRUCTURE,22,0.9975389557705964
functional_ridge,3_7C_31PER_5_9C_NEWSTRUCTURE,23,0.9973854945603822
functional_ridge,3_7C_31PER_5_9C_NEWSTRUCTURE,24,0.9972305657126151
functional_ridge,3_7C_31PER_5_9C_NEWSTRUCTURE,25,0.9970742057469721
functional_ridge,3_7C_31PER_5_9C_NEWSTRUCTURE,26,0.9969164511831299
functional_ridge,3_7C_31PER_5_9C_NEWSTRUCTURE,27,0.9967573385407654
functional_ridge,3_7C_31PER_5_9C_NEWSTRUCTURE,28,0.9965969043395555
functional_ridge,3_7C_31PER_5_9C_NEWSTRUCTURE,29,0.996435185099177
functional_ridge,3_7C_31PER_5_9C_NEWSTRUCTURE,30,0.9962722173393067
functional_ridge,3_7C_31PER_5_9C_NEWSTRUCTURE,31,0.9961080375796216
functional_ridge,3_7C_31PER_5_9C_NEWSTRUCTURE,32,0.9959426823397985
functional_ridge,3_7C_31PER_5_9C_NEWSTRUCTURE,33,0.9957761881395142
functional_ridge,3_7C_31PER_5_9C_NEWSTRUCTURE,34,0.9956085914984456
functional_ridge,3_7C_31PER_5_9C_NEWSTRUCTURE,35,0.9954399289362696
functional_ridge,3_7C_31PER_5_9C_NEWSTRUCTURE,36,0.9952702369726631
functional_ridge,3_7C_31PER_5_9C_NEWSTRUCTURE,37,0.9950995521273027
functional_ridge,3_7C_31PER_5_9C_NEWSTRUCTURE,38,0.9949279109198657
functional_ridge,3_7C_31PER_5_9C_NEWSTRUCTURE,39,0.9947553498700284
functional_ridge,3_7C_31PER_5_9C_NEWSTRUCTURE,40,0.9945819054974682
functional_ridge,3_7C_31PER_5_9C_NEWSTRUCTURE,41,0.9944076143218615
functional_ridge,3_7C_31PER_5_9C_NEWSTRUCTURE,42,0.9942325128628855
functional_ridge,3_7C_31PER_5_9C_NEWSTRUCTURE,43,0.9940566376402169
functional_ridge,3_7C_31PER_5_9C_NEWSTRUCTURE,44,0.9938800251735326
functional_ridge,3_7C_31PER_5_9C_NEWSTRUCTURE,45,0.9937027119825094
functional_ridge,3_7C_31PER_5_9C_NEWSTRUCTURE,46,0.9935247345868241
functional_ridge,3_7C_31PER_5_9C_NEWSTRUCTURE,47,0.9933461295061539
functional_ridge,3_7C_31PER_5_9C_NEWSTRUCTURE,48,0.9931669332601752
functional_ridge,3_7C_31PER_5_9C_NEWSTRUCTURE,49,0.9929871823685652
functional_ridge,3_7C_31PER_5_9C_NEWSTRUCTURE,50,0.9928069133510006
functional_ridge,3_7C_31PER_5_9C_NEWSTRUCTURE,51,0.9926261586523228
functional_ridge,3_7C_31PER_5_9C_NEWSTRUCTURE,52,0.9924449344180323
functional_ridge,3_7C_31PER_5_9C_NEWSTRUCTURE,53,0.9922632527187935
functional_ridge,3_7C_31PER_5_9C_NEWSTRUCTURE,54,0.9920811256252715
functional_ridge,3_7C_31PER_5_9C_NEWSTRUCTURE,55,0.9918985652081309
functional_ridge,3_7C_31PER_5_9C_NEWSTRUCTURE,56,0.9917155835380363
functional_ridge,3_7C_31PER_5_9C_NEWSTRUCTURE,57,0.9915321926856532
functional_ridge,3_7C_31PER_5_9C_NEWSTRUCTURE,58,0.9913484047216456
functional_ridge,3_7C_31PER_5_9C_NEWSTRUCTURE,59,0.9911642317166788
functional_ridge,3_7C_31PER_5_9C_NEWSTRUCTURE,60,0.9909796857414171
functional_ridge,3_7C_31PER_5_9C_NEWSTRUCTURE,61,0.990794778866526
functional_ridge,3_7C_31PER_5_9C_NEWSTRUCTURE,62,0.9906095231626695
functional_ridge,3_7C_31PER_5_9C_NEWSTRUCTURE,63,0.990423930700513
functional_ridge,3_7C_31PER_5_9C_NEWSTRUCTURE,64,0.990238013550721
functional_ridge,3_7C_31PER_5_9C_NEWSTRUCTURE,65,0.9900517837839585
functional_ridge,3_7C_31PER_5_9C_NEWSTRUCTURE,66,0.9898652534708899
functional_ridge,3_7C_31PER_5_9C_NEWSTRUCTURE,67,0.9896784346821805
functional_ridge,3_7C_31PER_5_9C_NEWSTRUCTURE,68,0.9894913394884947
functional_ridge,3_7C_31PER_5_9C_NEWSTRUCTURE,69,0.9893039799604976
functional_ridge,3_7C_31PER_5_9C_NEWSTRUCTURE,70,0.9891163681688535
functional_ridge,3_7C_31PER_5_9C_NEWSTRUCTURE,71,0.9889285161842276
functional_ridge,3_7C_31PER_5_9C_NEWSTRUCTURE,72,0.9887404360772848
functional_ridge,3_7C_31PER_5_9C_NEWSTRUCTURE,73,0.9885521399186895
functional_ridge,3_7C_31PER_5_9C_NEWSTRUCTURE,74,0.9883636397791067
functional_ridge,3_7C_31PER_5_9C_NEWSTRUCTURE,75,0.9881749477292012
functional_ridge,3_7C_31PER_5_9C_NEWSTRUCTURE,76,0.9879860758396378
functional_ridge,3_7C_31PER_5_9C_NEWSTRUCTURE,77,0.9877970361810813
functional_ridge,3_7C_31PER_5_9C_NEWSTRUCTURE,78,0.9876078408241962
functional_ridge,3_7C_31PER_5_9C_NEWSTRUCTURE,79,0.9874185018396479
functional_ridge,3_7C_31PER_5_9C_NEWSTRUCTURE,80,0.9872290312981005
functional_ridge,3_7C_31PER_5_9C_NEWSTRUCTURE,81,0.9870394412702191
functional_ridge,3_7C_31PER_5_9C_NEWSTRUCTURE,82,0.9868497438266687
functional_ridge,3_7C_31PER_5_9C_NEWSTRUCTURE,83,0.9866599510381138
functional_ridge,3_7C_31PER_5_9C_NEWSTRUCTURE,84,0.9864700749752194
functional_ridge,3_7C_31PER_5_9C_NEWSTRUCTURE,85,0.9862801277086501
functional_ridge,3_7C_31PER_5_9C_NEWSTRUCTURE,86,0.9860901213090708
functional_ridge,3_7C_31PER_5_9C_NEWSTRUCTURE,87,0.9859000678471461
functional_ridge,3_7C_31PER_5_9C_NEWSTRUCTURE,88,0.9857099793935412
functional_ridge,3_7C_31PER_5_9C_NEWSTRUCTURE,89,0.9855198680189204
functional_ridge,3_7C_31PER_5_9C_NEWSTRUCTURE,90,0.9853297457939489
functional_ridge,3_7C_31PER_5_9C_NEWSTRUCTURE,91,0.9851396247892913
functional_ridge,3_7C_31PER_5_9C_NEWSTRUCTURE,92,0.9849495170756124
functional_ridge,3_7C_31PER_5_9C_NEWSTRUCTURE,93,0.9847594347235771
functional_ridge,3_7C_31PER_5_9C_NEWSTRUCTURE,94,0.9845693898038498
functional_ridge,3_7C_31PER_5_9C_NEWSTRUCTURE,95,0.9843793943870959
functional_ridge,3_7C_31PER_5_9C_NEWSTRUCTURE,96,0.9841894605439798
functional_ridge,3_7C_31PER_5_9C_NEWSTRUCTURE,97,0.9839996003451663
functional_ridge,3_7C_31PER_5_9C_NEWSTRUCTURE,98,0.9838098258613203
functional_ridge,3_7C_31PER_5_9C_NEWSTRUCTURE,99,0.9836201491631066
functional_ridge,3_7C_31PER_5_9C_NEWSTRUCTURE,100,0.98343058232119
functional_ridge,3_7C_31PER_5_9C_NEWSTRUCTURE,101,0.9832411336846643
functional_ridge,3_7C_31PER_5_9C_NEWSTRUCTURE,102,0.9830517967163414
functional_ridge,3_7C_31PER_5_9C_NEWSTRUCTURE,103,0.9828625611574616
functional_ridge,3_7C_31PER_5_9C_NEWSTRUCTURE,104,0.9826734167492659
functional_ridge,3_7C_31PER_5_9C_NEWSTRUCTURE,105,0.9824843532329949
functional_ridge,3_7C_31PER_5_9C_NEWSTRUCTURE,106,0.9822953603498894
functional_ridge,3_7C_31PER_5_9C_NEWSTRUCTURE,107,0.98210642784119
functional_ridge,3_7C_31PER_5_9C_NEWSTRUCTURE,108,0.9819175454481375
functional_ridge,3_7C_31PER_5_9C_NEWSTRUCTURE,109,0.9817287029119726
functional_ridge,3_7C_31PER_5_9C_NEWSTRUCTURE,110,0.981539889973936
functional_ridge,3_7C_31PER_5_9C_NEWSTRUCTURE,111,0.9813510963752685
functional_ridge,3_7C_31PER_5_9C_NEWSTRUCTURE,112,0.9811623118572108
functional_ridge,3_7C_31PER_5_9C_NEWSTRUCTURE,113,0.9809735261610036
functional_ridge,3_7C_31PER_5_9C_NEWSTRUCTURE,114,0.9807847290278877
functional_ridge,3_7C_31PER_5_9C_NEWSTRUCTURE,115,0.9805959101991035
functional_ridge,3_7C_31PER_5_9C_NEWSTRUCTURE,116,0.9804070594158922
functional_ridge,3_7C_31PER_5_9C_NEWSTRUCTURE,117,0.9802181664194942
functional_ridge,3_7C_31PER_5_9C_NEWSTRUCTURE,118,0.9800292209511503
functional_ridge,3_7C_31PER_5_9C_NEWSTRUCTURE,119,0.9798402127521012
functional_ridge,3_7C_31PER_5_9C_NEWSTRUCTURE,120,0.9796511315635876
functional_ridge,3_7C_31PER_5_9C_NEWSTRUCTURE,121,0.9794619671268504
functional_ridge,3_7C_31PER_5_9C_NEWSTRUCTURE,122,0.9792727091831303
functional_ridge,3_7C_31PER_5_9C_NEWSTRUCTURE,123,0.9790833474736678
functional_ridge,3_7C_31PER_5_9C_NEWSTRUCTURE,124,0.9788938717397037
functional_ridge,3_7C_31PER_5_9C_NEWSTRUCTURE,125,0.9787042717224786
functional_ridge,3_7C_31PER_5_9C_NEWSTRUCTURE,126,0.9785145371632337
functional_ridge,3_7C_31PER_5_9C_NEWSTRUCTURE,127,0.9783246578032092
functional_ridge,3_7C_31PER_5_9C_NEWSTRUCTURE,128,0.9781346233836461
functional_ridge,3_7C_31PER_5_9C_NEWSTRUCTURE,129,0.977944423645785
functional_ridge,3_7C_31PER_5_9C_NEWSTRUCTURE,130,0.9777540483308668
functional_ridge,3_7C_31PER_5_9C_NEWSTRUCTURE,131,0.977563487180132
functional_ridge,3_7C_31PER_5_9C_NEWSTRUCTURE,132,0.9773727299348215
functional_ridge,3_7C_31PER_5_9C_NEWSTRUCTURE,133,0.9771817663361757
functional_ridge,3_7C_31PER_5_9C_NEWSTRUCTURE,134,0.9769905861254358
functional_ridge,3_7C_31PER_5_9C_NEWSTRUCTURE,135,0.9767991790438423
functional_ridge,3_7C_31PER_5_9C_NEWSTRUCTURE,136,0.9766075348326356
functional_ridge,3_7C_31PER_5_9C_NEWSTRUCTURE,137,0.9764156432330571
functional_ridge,3_7C_31PER_5_9C_NEWSTRUCTURE,138,0.976223493986347
functional_ridge,3_7C_31PER_5_9C_NEWSTRUCTURE,139,0.9760310768337461
functional_ridge,3_7C_31PER_5_9C_NEWSTRUCTURE,140,0.9758383815164954
functional_ridge,3_7C_31PER_5_9C_NEWSTRUCTURE,141,0.9756453977758351
functional_ridge,3_7C_31PER_5_9C_NEWSTRUCTURE,142,0.9754521153530065
functional_ridge,3_7C_31PER_5_9C_NEWSTRUCTURE,143,0.97525852398925
functional_ridge,3_7C_31PER_5_9C_NEWSTRUCTURE,144,0.9750646134258063
functional_ridge,3_7C_31PER_5_9C_NEWSTRUCTURE,145,0.9748703734039164
functional_ridge,3_7C_31PER_5_9C_NEWSTRUCTURE,146,0.9746757936648206
functional_ridge,3_7C_31PER_5_9C_NEWSTRUCTURE,147,0.97448086394976
functional_ridge,3_7C_31PER_5_9C_NEWSTRUCTURE,148,0.9742855739999751
functional_ridge,3_7C_31PER_5_9C_NEWSTRUCTURE,149,0.9740899135567066
functional_ridge,3_7C_31PER_5_9C_NEWSTRUCTURE,150,0.9738938723611954
functional_ridge,3_7C_31PER_5_9C_NEWSTRUCTURE,151,0.9736974417627094
functional_ridge,3_7C_31PER_5_9C_NEWSTRUCTURE,152,0.973500619542626
functional_ridge,3_7C_31PER_5_9C_NEWSTRUCTURE,153,0.9733034050903494
functional_ridge,3_7C_31PER_5_9C_NEWSTRUCTURE,154,0.9731057977952846
functional_ridge,3_7C_31PER_5_9C_NEWSTRUCTURE,155,0.9729077970468358
functional_ridge,3_7C_31PER_5_9C_NEWSTRUCTURE,156,0.9727094022344077
functional_ridge,3_7C_31PER_5_9C_NEWSTRUCTURE,157,0.9725106127474046
functional_ridge,3_7C_31PER_5_9C_NEWSTRUCTURE,158,0.9723114279752313
functional_ridge,3_7C_31PER_5_9C_NEWSTRUCTURE,159,0.9721118473072924
functional_ridge,3_7C_31PER_5_9C_NEWSTRUCTURE,160,0.9719118701329922
functional_ridge,3_7C_31PER_5_9C_NEWSTRUCTURE,161,0.9717114958417353
functional_ridge,3_7C_31PER_5_9C_NEWSTRUCTURE,162,0.9715107238229262
functional_ridge,3_7C_31PER_5_9C_NEWSTRUCTURE,163,0.9713095534659697
functional_ridge,3_7C_31PER_5_9C_NEWSTRUCTURE,164,0.9711079841602701
functional_ridge,3_7C_31PER_5_9C_NEWSTRUCTURE,165,0.970906015295232
functional_ridge,3_7C_31PER_5_9C_NEWSTRUCTURE,166,0.97070364626026
functional_ridge,3_7C_31PER_5_9C_NEWSTRUCTURE,167,0.9705008764447586
functional_ridge,3_7C_31PER_5_9C_NEWSTRUCTURE,168,0.9702977052381322
functional_ridge,3_7C_31PER_5_9C_NEWSTRUCTURE,169,0.9700941320297856
functional_ridge,3_7C_31PER_5_9C_NEWSTRUCTURE,170,0.969890156209123
functional_ridge,3_7C_31PER_5_9C_NEWSTRUCTURE,171,0.9696857771655494
functional_ridge,3_7C_31PER_5_9C_NEWSTRUCTURE,172,0.9694809942884689
functional_ridge,3_7C_31PER_5_9C_NEWSTRUCTURE,173,0.9692758069672862
functional_ridge,3_7C_31PER_5_9C_NEWSTRUCTURE,174,0.969070214591406
functional_ridge,3_7C_31PER_5_9C_NEWSTRUCTURE,175,0.9688642165502326
functional_ridge,3_7C_31PER_5_9C_NEWSTRUCTURE,176,0.9686578122331708
functional_ridge,3_7C_31PER_5_9C_NEWSTRUCTURE,177,0.9684510010296248
functional_ridge,3_7C_31PER_5_9C_NEWSTRUCTURE,178,0.9682437823289995
functional_ridge,3_7C_31PER_5_9C_NEWSTRUCTURE,179,0.9680361555206992
functional_ridge,3_7C_31PER_5_9C_NEWSTRUCTURE,180,0.9678281199941285
functional_ridge,3_7C_31PER_5_9C_NEWSTRUCTURE,181,0.9676196751386921
functional_ridge,3_7C_31PER_5_9C_NEWSTRUCTURE,182,0.9674108203437942
functional_ridge,3_7C_31PER_5_9C_NEWSTRUCTURE,183,0.9672015549988396
functional_ridge,3_7C_31PER_5_9C_NEWSTRUCTURE,184,0.9669918784932328
functional_ridge,3_7C_31PER_5_9C_NEWSTRUCTURE,185,0.9667817902163784
functional_ridge,3_7C_31PER_5_9C_NEWSTRUCTURE,186,0.9665712895576806
functional_ridge,3_7C_31PER_5_9C_NEWSTRUCTURE,187,0.9663603759065444
functional_ridge,3_7C_31PER_5_9C_NEWSTRUCTURE,188,0.966149048652374
functional_ridge,3_7C_31PER_5_9C_NEWSTRUCTURE,189,0.9659373071845743
functional_ridge,3_7C_31PER_5_9C_NEWSTRUCTURE,190,0.9657251508925494
functional_ridge,3_7C_31PER_5_9C_NEWSTRUCTURE,191,0.9655125791657042
functional_ridge,3_7C_31PER_5_9C_NEWSTRUCTURE,192,0.965299591393443
functional_ridge,3_7C_31PER_5_9C_NEWSTRUCTURE,193,0.9650861869651705
functional_ridge,3_7C_31PER_5_9C_NEWSTRUCTURE,194,0.9648723652702911
functional_ridge,3_7C_31PER_5_9C_NEWSTRUCTURE,195,0.9646581256982095
functional_ridge,3_7C_31PER_5_9C_NEWSTRUCTURE,196,0.9644434676383302
functional_ridge,3_7C_31PER_5_9C_NEWSTRUCTURE,197,0.9642283904800576
functional_ridge,3_7C_31PER_5_9C_NEWSTRUCTURE,198,0.9640128936127965
functional_ridge,3_7C_31PER_5_9C_NEWSTRUCTURE,199,0.9637969764259511
functional_ridge,3_7C_31PER_5_9C_NEWSTRUCTURE,200,0.9635806383089262
functional_ridge,4_8C_80PER_4_8C_NEWSTRUCTURE,1,0.990526468940211
functional_ridge,4_8C_80PER_4_8C_NEWSTRUCTURE,2,0.9906294382749801
functional_ridge,4_8C_80PER_4_8C_NEWSTRUCTURE,3,0.9907287260015353
functional_ridge,4_8C_80PER_4_8C_NEWSTRUCTURE,4,0.9908243895859555
functional_ridge,4_8C_80PER_4_8C_NEWSTRUCTURE,5,0.9909164864943203
functional_ridge,4_8C_80PER_4_8C_NEWSTRUCTURE,6,0.9910050741927087
functional_ridge,4_8C_80PER_4_8C_NEWSTRUCTURE,7,0.9910902101472
functional_ridge,4_8C_80PER_4_8C_NEWSTRUCTURE,8,0.9911719518238735
functional_ridge,4_8C_80PER_4_8C_NEWSTRUCTURE,9,0.9912503566888082
functional_ridge,4_8C_80PER_4_8C_NEWSTRUCTURE,10,0.9913254822080837
functional_ridge,4_8C_80PER_4_8C_NEWSTRUCTURE,11,0.9913973858477789
functional_ridge,4_8C_80PER_4_8C_NEWSTRUCTURE,12,0.9914661250739732
functional_ridge,4_8C_80PER_4_8C_NEWSTRUCTURE,13,0.9915317573527458
functional_ridge,4_8C_80PER_4_8C_NEWSTRUCTURE,14,0.991594340150176
functional_ridge,4_8C_80PER_4_8C_NEWSTRUCTURE,15,0.9916539309323429
functional_ridge,4_8C_80PER_4_8C_NEWSTRUCTURE,16,0.9917105871653258
functional_ridge,4_8C_80PER_4_8C_NEWSTRUCTURE,17,0.9917643663152039
functional_ridge,4_8C_80PER_4_8C_NEWSTRUCTURE,18,0.9918153258480567
functional_ridge,4_8C_80PER_4_8C_NEWSTRUCTURE,19,0.9918635232299631
functional_ridge,4_8C_80PER_4_8C_NEWSTRUCTURE,20,0.9919090159270023
functional_ridge,4_8C_80PER_4_8C_NEWSTRUCTURE,21,0.9919518614052537
functional_ridge,4_8C_80PER_4_8C_NEWSTRUCTURE,22,0.9919921171307966
functional_ridge,4_8C_80PER_4_8C_NEWSTRUCTURE,23,0.9920298405697102
functional_ridge,4_8C_80PER_4_8C_NEWSTRUCTURE,24,0.9920650891880736
functional_ridge,4_8C_80PER_4_8C_NEWSTRUCTURE,25,0.9920979204519662
functional_ridge,4_8C_80PER_4_8C_NEWSTRUCTURE,26,0.992128391827467
functional_ridge,4_8C_80PER_4_8C_NEWSTRUCTURE,27,0.9921565607806555
functional_ridge,4_8C_80PER_4_8C_NEWSTRUCTURE,28,0.9921824847776106
functional_ridge,4_8C_80PER_4_8C_NEWSTRUCTURE,29,0.9922062212844119
functional_ridge,4_8C_80PER_4_8C_NEWSTRUCTURE,30,0.9922278277671387
functional_ridge,4_8C_80PER_4_8C_NEWSTRUCTURE,31,0.9922473616918698
functional_ridge,4_8C_80PER_4_8C_NEWSTRUCTURE,32,0.9922648805246845
functional_ridge,4_8C_80PER_4_8C_NEWSTRUCTURE,33,0.9922804417316625
functional_ridge,4_8C_80PER_4_8C_NEWSTRUCTURE,34,0.9922941027788825
functional_ridge,4_8C_80PER_4_8C_NEWSTRUCTURE,35,0.9923059211324241
functional_ridge,4_8C_80PER_4_8C_NEWSTRUCTURE,36,0.9923159542583663
functional_ridge,4_8C_80PER_4_8C_NEWSTRUCTURE,37,0.9923242596227885
functional_ridge,4_8C_80PER_4_8C_NEWSTRUCTURE,38,0.9923308946917697
functional_ridge,4_8C_80PER_4_8C_NEWSTRUCTURE,39,0.9923359169313895
functional_ridge,4_8C_80PER_4_8C_NEWSTRUCTURE,40,0.9923393838077268
functional_ridge,4_8C_80PER_4_8C_NEWSTRUCTURE,41,0.992341352786861
functional_ridge,4_8C_80PER_4_8C_NEWSTRUCTURE,42,0.9923418813348712
functional_ridge,4_8C_80PER_4_8C_NEWSTRUCTURE,43,0.9923410269178368
functional_ridge,4_8C_80PER_4_8C_NEWSTRUCTURE,44,0.9923388470018369
functional_ridge,4_8C_80PER_4_8C_NEWSTRUCTURE,45,0.992335399052951
functional_ridge,4_8C_80PER_4_8C_NEWSTRUCTURE,46,0.9923307405372579
functional_ridge,4_8C_80PER_4_8C_NEWSTRUCTURE,47,0.9923249289208371
functional_ridge,4_8C_80PER_4_8C_NEWSTRUCTURE,48,0.9923180216697679
functional_ridge,4_8C_80PER_4_8C_NEWSTRUCTURE,49,0.9923100762501295
functional_ridge,4_8C_80PER_4_8C_NEWSTRUCTURE,50,0.9923011501280008
functional_ridge,4_8C_80PER_4_8C_NEWSTRUCTURE,51,0.9922912954435484
functional_ridge,4_8C_80PER_4_8C_NEWSTRUCTURE,52,0.9922805430332862
functional_ridge,4_8C_80PER_4_8C_NEWSTRUCTURE,53,0.9922689184078152
functional_ridge,4_8C_80PER_4_8C_NEWSTRUCTURE,54,0.9922564470777364
functional_ridge,4_8C_80PER_4_8C_NEWSTRUCTURE,55,0.9922431545536508
functional_ridge,4_8C_80PER_4_8C_NEWSTRUCTURE,56,0.9922290663461594
functional_ridge,4_8C_80PER_4_8C_NEWSTRUCTURE,57,0.9922142079658631
functional_ridge,4_8C_80PER_4_8C_NEWSTRUCTURE,58,0.992198604923363
functional_ridge,4_8C_80PER_4_8C_NEWSTRUCTURE,59,0.99218228272926
functional_ridge,4_8C_80PER_4_8C_NEWSTRUCTURE,60,0.9921652668941552
functional_ridge,4_8C_80PER_4_8C_NEWSTRUCTURE,61,0.9921475829286497
functional_ridge,4_8C_80PER_4_8C_NEWSTRUCTURE,62,0.9921292563433443
functional_ridge,4_8C_80PER_4_8C_NEWSTRUCTURE,63,0.9921103126488399
functional_ridge,4_8C_80PER_4_8C_NEWSTRUCTURE,64,0.9920907773557378
functional_ridge,4_8C_80PER_4_8C_NEWSTRUCTURE,65,0.9920706759746387
functional_ridge,4_8C_80PER_4_8C_NEWSTRUCTURE,66,0.9920500340161439
functional_ridge,4_8C_80PER_4_8C_NEWSTRUCTURE,67,0.9920288769908542
functional_ridge,4_8C_80PER_4_8C_NEWSTRUCTURE,68,0.9920072304093706
functional_ridge,4_8C_80PER_4_8C_NEWSTRUCTURE,69,0.9919851197822942
functional_ridge,4_8C_80PER_4_8C_NEWSTRUCTURE,70,0.9919625706202259
functional_ridge,4_8C_80PER_4_8C_NEWSTRUCTURE,71,0.9919396084337666
functional_ridge,4_8C_80PER_4_8C_NEWSTRUCTURE,72,0.9919162587335176
functional_ridge,4_8C_80PER_4_8C_NEWSTRUCTURE,73,0.9918925470300796
functional_ridge,4_8C_80PER_4_8C_NEWSTRUCTURE,74,0.9918684988340538
functional_ridge,4_8C_80PER_4_8C_NEWSTRUCTURE,75,0.991844139656041
functional_ridge,4_8C_80PER_4_8C_NEWSTRUCTURE,76,0.9918194950066422
functional_ridge,4_8C_80PER_4_8C_NEWSTRUCTURE,77,0.9917945903964588
functional_ridge,4_8C_80PER_4_8C_NEWSTRUCTURE,78,0.9917694513360913
functional_ridge,4_8C_80PER_4_8C_NEWSTRUCTURE,79,0.9917441033361409
functional_ridge,4_8C_80PER_4_8C_NEWSTRUCTURE,80,0.9917185719072087
functional_ridge,4_8C_80PER_4_8C_NEWSTRUCTURE,81,0.9916928825598955
functional_ridge,4_8C_80PER_4_8C_NEWSTRUCTURE,82,0.9916670608048024
functional_ridge,4_8C_80PER_4_8C_NEWSTRUCTURE,83,0.9916411321525304
functional_ridge,4_8C_80PER_4_8C_NEWSTRUCTURE,84,0.9916151221136804
functional_ridge,4_8C_80PER_4_8C_NEWSTRUCTURE,85,0.9915890561988535
functional_ridge,4_8C_80PER_4_8C_NEWSTRUCTURE,86,0.9915629599186507
functional_ridge,4_8C_80PER_4_8C_NEWSTRUCTURE,87,0.9915368587836729
functional_ridge,4_8C_80PER_4_8C_NEWSTRUCTURE,88,0.9915107783045212
functional_ridge,4_8C_80PER_4_8C_NEWSTRUCTURE,89,0.9914847439917964
functional_ridge,4_8C_80PER_4_8C_NEWSTRUCTURE,90,0.9914587813561
functional_ridge,4_8C_80PER_4_8C_NEWSTRUCTURE,91,0.9914329159080324
functional_ridge,4_8C_80PER_4_8C_NEWSTRUCTURE,92,0.9914071731581948
functional_ridge,4_8C_80PER_4_8C_NEWSTRUCTURE,93,0.9913815786171885
functional_ridge,4_8C_80PER_4_8C_NEWSTRUCTURE,94,0.9913561577956139
functional_ridge,4_8C_80PER_4_8C_NEWSTRUCTURE,95,0.9913309362040725
functional_ridge,4_8C_80PER_4_8C_NEWSTRUCTURE,96,0.9913059393531652
functional_ridge,4_8C_80PER_4_8C_NEWSTRUCTURE,97,0.9912811927534927
functional_ridge,4_8C_80PER_4_8C_NEWSTRUCTURE,98,0.9912567219156563
functional_ridge,4_8C_80PER_4_8C_NEWSTRUCTURE,99,0.9912325523502571
functional_ridge,4_8C_80PER_4_8C_NEWSTRUCTURE,100,0.9912087095678956
functional_ridge,4_8C_80PER_4_8C_NEWSTRUCTURE,101,0.9911852124547069
functional_ridge,4_8C_80PER_4_8C_NEWSTRUCTURE,102,0.9911620533989595
functional_ridge,4_8C_80PER_4_8C_NEWSTRUCTURE,103,0.9911392181644556
functional_ridge,4_8C_80PER_4_8C_NEWSTRUCTURE,104,0.9911166925149977
functional_ridge,4_8C_80PER_4_8C_NEWSTRUCTURE,105,0.991094462214388
functional_ridge,4_8C_80PER_4_8C_NEWSTRUCTURE,106,0.9910725130264288
functional_ridge,4_8C_80PER_4_8C_NEWSTRUCTURE,107,0.9910508307149223
functional_ridge,4_8C_80PER_4_8C_NEWSTRUCTURE,108,0.9910294010436711
functional_ridge,4_8C_80PER_4_8C_NEWSTRUCTURE,109,0.9910082097764773
functional_ridge,4_8C_80PER_4_8C_NEWSTRUCTURE,110,0.9909872426771431
functional_ridge,4_8C_80PER_4_8C_NEWSTRUCTURE,111,0.9909664855094711
functional_ridge,4_8C_80PER_4_8C_NEWSTRUCTURE,112,0.9909459240372633
functional_ridge,4_8C_80PER_4_8C_NEWSTRUCTURE,113,0.9909255440243223
functional_ridge,4_8C_80PER_4_8C_NEWSTRUCTURE,114,0.9909053312344502
functional_ridge,4_8C_80PER_4_8C_NEWSTRUCTURE,115,0.9908852714314492
functional_ridge,4_8C_80PER_4_8C_NEWSTRUCTURE,116,0.9908653503791219
functional_ridge,4_8C_80PER_4_8C_NEWSTRUCTURE,117,0.9908455538412704
functional_ridge,4_8C_80PER_4_8C_NEWSTRUCTURE,118,0.990825867581697
functional_ridge,4_8C_80PER_4_8C_NEWSTRUCTURE,119,0.990806277364204
functional_ridge,4_8C_80PER_4_8C_NEWSTRUCTURE,120,0.9907867689525939
functional_ridge,4_8C_80PER_4_8C_NEWSTRUCTURE,121,0.9907673281106688
functional_ridge,4_8C_80PER_4_8C_NEWSTRUCTURE,122,0.990747940602231
functional_ridge,4_8C_80PER_4_8C_NEWSTRUCTURE,123,0.9907285921910829
functional_ridge,4_8C_80PER_4_8C_NEWSTRUCTURE,124,0.9907092686410267
functional_ridge,4_8C_80PER_4_8C_NEWSTRUCTURE,125,0.990689955715865
functional_ridge,4_8C_80PER_4_8C_NEWSTRUCTURE,126,0.9906706391793997
functional_ridge,4_8C_80PER_4_8C_NEWSTRUCTURE,127,0.9906513047954333
functional_ridge,4_8C_80PER_4_8C_NEWSTRUCTURE,128,0.9906319383277681
functional_ridge,4_8C_80PER_4_8C_NEWSTRUCTURE,129,0.9906125255402063
functional_ridge,4_8C_80PER_4_8C_NEWSTRUCTURE,130,0.9905930521965504
functional_ridge,4_8C_80PER_4_8C_NEWSTRUCTURE,131,0.9905735040606024
functional_ridge,4_8C_80PER_4_8C_NEWSTRUCTURE,132,0.990553866896165
functional_ridge,4_8C_80PER_4_8C_NEWSTRUCTURE,133,0.9905341264670401
functional_ridge,4_8C_80PER_4_8C_NEWSTRUCTURE,134,0.9905142685370303
functional_ridge,4_8C_80PER_4_8C_NEWSTRUCTURE,135,0.9904942788699379
functional_ridge,4_8C_80PER_4_8C_NEWSTRUCTURE,136,0.990474143229565
functional_ridge,4_8C_80PER_4_8C_NEWSTRUCTURE,137,0.9904538473797138
functional_ridge,4_8C_80PER_4_8C_NEWSTRUCTURE,138,0.990433377084187
functional_ridge,4_8C_80PER_4_8C_NEWSTRUCTURE,139,0.9904127181067867
functional_ridge,4_8C_80PER_4_8C_NEWSTRUCTURE,140,0.9903918562113151
functional_ridge,4_8C_80PER_4_8C_NEWSTRUCTURE,141,0.9903707771615748
functional_ridge,4_8C_80PER_4_8C_NEWSTRUCTURE,142,0.9903494667213677
functional_ridge,4_8C_80PER_4_8C_NEWSTRUCTURE,143,0.9903279106544964
functional_ridge,4_8C_80PER_4_8C_NEWSTRUCTURE,144,0.9903060947247632
functional_ridge,4_8C_80PER_4_8C_NEWSTRUCTURE,145,0.9902840046959702
functional_ridge,4_8C_80PER_4_8C_NEWSTRUCTURE,146,0.9902616263319199
functional_ridge,4_8C_80PER_4_8C_NEWSTRUCTURE,147,0.9902389453964145
functional_ridge,4_8C_80PER_4_8C_NEWSTRUCTURE,148,0.9902159476532564
functional_ridge,4_8C_80PER_4_8C_NEWSTRUCTURE,149,0.9901926188662477
functional_ridge,4_8C_80PER_4_8C_NEWSTRUCTURE,150,0.9901689447991908
functional_ridge,4_8C_80PER_4_8C_NEWSTRUCTURE,151,0.9901449127520057
functional_ridge,4_8C_80PER_4_8C_NEWSTRUCTURE,152,0.9901205161690817
functional_ridge,4_8C_80PER_4_8C_NEWSTRUCTURE,153,0.9900957500309261
functional_ridge,4_8C_80PER_4_8C_NEWSTRUCTURE,154,0.9900706093180456
functional_ridge,4_8C_80PER_4_8C_NEWSTRUCTURE,155,0.9900450890109478
functional_ridge,4_8C_80PER_4_8C_NEWSTRUCTURE,156,0.9900191840901394
functional_ridge,4_8C_80PER_4_8C_NEWSTRUCTURE,157,0.9899928895361279
functional_ridge,4_8C_80PER_4_8C_NEWSTRUCTURE,158,0.9899662003294198
functional_ridge,4_8C_80PER_4_8C_NEWSTRUCTURE,159,0.9899391114505227
functional_ridge,4_8C_80PER_4_8C_NEWSTRUCTURE,160,0.9899116178799435
functional_ridge,4_8C_80PER_4_8C_NEWSTRUCTURE,161,0.9898837145981892
functional_ridge,4_8C_80PER_4_8C_NEWSTRUCTURE,162,0.9898553965857669
functional_ridge,4_8C_80PER_4_8C_NEWSTRUCTURE,163,0.9898266588231838
functional_ridge,4_8C_80PER_4_8C_NEWSTRUCTURE,164,0.9897974962909468
functional_ridge,4_8C_80PER_4_8C_NEWSTRUCTURE,165,0.9897679039695633
functional_ridge,4_8C_80PER_4_8C_NEWSTRUCTURE,166,0.9897378768395401
functional_ridge,4_8C_80PER_4_8C_NEWSTRUCTURE,167,0.9897074098813843
functional_ridge,4_8C_80PER_4_8C_NEWSTRUCTURE,168,0.989676498075603
functional_ridge,4_8C_80PER_4_8C_NEWSTRUCTURE,169,0.9896451364027034
functional_ridge,4_8C_80PER_4_8C_NEWSTRUCTURE,170,0.9896133198431926
functional_ridge,4_8C_80PER_4_8C_NEWSTRUCTURE,171,0.9895810433775775
functional_ridge,4_8C_80PER_4_8C_NEWSTRUCTURE,172,0.9895483019863653
functional_ridge,4_8C_80PER_4_8C_NEWSTRUCTURE,173,0.9895150906500632
functional_ridge,4_8C_80PER_4_8C_NEWSTRUCTURE,174,0.9894814043491779
functional_ridge,4_8C_80PER_4_8C_NEWSTRUCTURE,175,0.9894472380642169
functional_ridge,4_8C_80PER_4_8C_NEWSTRUCTURE,176,0.9894125867756869
functional_ridge,4_8C_80PER_4_8C_NEWSTRUCTURE,177,0.9893774454640953
functional_ridge,4_8C_80PER_4_8C_NEWSTRUCTURE,178,0.9893418091099491
functional_ridge,4_8C_80PER_4_8C_NEWSTRUCTURE,179,0.9893056726937554
functional_ridge,4_8C_80PER_4_8C_NEWSTRUCTURE,180,0.9892690311960213
functional_ridge,4_8C_80PER_4_8C_NEWSTRUCTURE,181,0.9892318795972537
functional_ridge,4_8C_80PER_4_8C_NEWSTRUCTURE,182,0.9891942128779599
functional_ridge,4_8C_80PER_4_8C_NEWSTRUCTURE,183,0.9891560260186467
functional_ridge,4_8C_80PER_4_8C_NEWSTRUCTURE,184,0.9891173139998215
functional_ridge,4_8C_80PER_4_8C_NEWSTRUCTURE,185,0.9890780718019915
functional_ridge,4_8C_80PER_4_8C_NEWSTRUCTURE,186,0.9890382944056632
functional_ridge,4_8C_80PER_4_8C_NEWSTRUCTURE,187,0.9889979767913443
functional_ridge,4_8C_80PER_4_8C_NEWSTRUCTURE,188,0.9889571139395413
functional_ridge,4_8C_80PER_4_8C_NEWSTRUCTURE,189,0.9889157008307617
functional_ridge,4_8C_80PER_4_8C_NEWSTRUCTURE,190,0.9888737324455126
functional_ridge,4_8C_80PER_4_8C_NEWSTRUCTURE,191,0.9888312037643009
functional_ridge,4_8C_80PER_4_8C_NEWSTRUCTURE,192,0.9887881097676335
functional_ridge,4_8C_80PER_4_8C_NEWSTRUCTURE,193,0.988744445436018
functional_ridge,4_8C_80PER_4_8C_NEWSTRUCTURE,194,0.988700205749961
functional_ridge,4_8C_80PER_4_8C_NEWSTRUCTURE,195,0.98865538568997
functional_ridge,4_8C_80PER_4_8C_NEWSTRUCTURE,196,0.9886099802365519
functional_ridge,4_8C_80PER_4_8C_NEWSTRUCTURE,197,0.9885639843702135
functional_ridge,4_8C_80PER_4_8C_NEWSTRUCTURE,198,0.9885173930714624
functional_ridge,4_8C_80PER_4_8C_NEWSTRUCTURE,199,0.9884702013208053
functional_ridge,4_8C_80PER_4_8C_NEWSTRUCTURE,200,0.9884224040987495
