Model,Policy,Cycle,SOHPred
functional_ridge,3_6C-80PER_3_6C,1,0.9967355275131243
functional_ridge,3_6C-80PER_3_6C,2,0.9969389364407735
functional_ridge,3_6C-80PER_3_6C,3,0.9971351687552346
functional_ridge,3_6C-80PER_3_6C,4,0.9973243465373663
functional_ridge,3_6C-80PER_3_6C,5,0.9975065918680276
functional_ridge,3_6C-80PER_3_6C,6,0.9976820268280773
functional_ridge,3_6C-80PER_3_6C,7,0.9978507734983739
functional_ridge,3_6C-80PER_3_6C,8,0.9980129539597765
functional_ridge,3_6C-80PER_3_6C,9,0.998168690293144
functional_ridge,3_6C-80PER_3_6C,10,0.9983181045793351
functional_ridge,3_6C-80PER_3_6C,11,0.9984613188992085
functional_ridge,3_6C-80PER_3_6C,12,0.9985984553336232
functional_ridge,3_6C-80PER_3_6C,13,0.9987296359634379
functional_ridge,3_6C-80PER_3_6C,14,0.9988549828695115
functional_ridge,3_6C-80PER_3_6C,15,0.9989746181327027
functional_ridge,3_6C-80PER_3_6C,16,0.9990886638338705
functional_ridge,3_6C-80PER_3_6C,17,0.9991972420538736
functional_ridge,3_6C-80PER_3_6C,18,0.9993004748735708
functional_ridge,3_6C-80PER_3_6C,19,0.999398484373821
functional_ridge,3_6C-80PER_3_6C,20,0.9994913926354828
functional_ridge,3_6C-80PER_3_6C,21,0.9995793217394152
functional_ridge,3_6C-80PER_3_6C,22,0.9996623937664771
functional_ridge,3_6C-80PER_3_6C,23,0.9997407307975272
functional_ridge,3_6C-80PER_3_6C,24,0.9998144549134244
functional_ridge,3_6C-80PER_3_6C,25,0.9998836881950273
functional_ridge,3_6C-80PER_3_6C,26,0.9999485527231949
functional_ridge,3_6C-80PER_3_6C,27,1.0000091705787861
functional_ridge,3_6C-80PER_3_6C,28,1.0000656638426595
functional_ridge,3_6C-80PER_3_6C,29,1.000118154595674
functional_ridge,3_6C-80PER_3_6C,30,1.0001667649186885
functional_ridge,3_6C-80PER_3_6C,31,1.0002116168925617
functional_ridge,3_6C-80PER_3_6C,32,1.0002528325981526
functional_ridge,3_6C-80PER_3_6C,33,1.0002905341163197
functional_ridge,3_6C-80PER_3_6C,34,1.0003248435279222
functional_ridge,3_6C-80PER_3_6C,35,1.0003558829138186
functional_ridge,3_6C-80PER_3_6C,36,1.0003837743548678
functional_ridge,3_6C-80PER_3_6C,37,1.0004086399319287
functional_ridge,3_6C-80PER_3_6C,38,1.00043060172586
functional_ridge,3_6C-80PER_3_6C,39,1.0004497818175206
functional_ridge,3_6C-80PER_3_6C,40,1.0004663022877696
functional_ridge,3_6C-80PER_3_6C,41,1.0004802852174652
functional_ridge,3_6C-80PER_3_6C,42,1.0004918526874667
functional_ridge,3_6C-80PER_3_6C,43,1.0005011267786326
functional_ridge,3_6C-80PER_3_6C,44,1.000508229571822
functional_ridge,3_6C-80PER_3_6C,45,1.0005132831478936
functional_ridge,3_6C-80PER_3_6C,46,1.0005164095877062
functional_ridge,3_6C-80PER_3_6C,47,1.0005177309721187
functional_ridge,3_6C-80PER_3_6C,48,1.0005173693819898
functional_ridge,3_6C-80PER_3_6C,49,1.0005154468981783
functional_ridge,3_6C-80PER_3_6C,50,1.000512085601543
functional_ridge,3_6C-80PER_3_6C,51,1.000507392952746
functional_ridge,3_6C-80PER_3_6C,52,1.0005014179316598
functional_ridge,3_6C-80PER_3_6C,53,1.0004941948979609
functional_ridge,3_6C-80PER_3_6C,54,1.0004857582113253
functional_ridge,3_6C-80PER_3_6C,55,1.000476142231429
functional_ridge,3_6C-80PER_3_6C,56,1.0004653813179483
functional_ridge,3_6C-80PER_3_6C,57,1.0004535098305587
functional_ridge,3_6C-80PER_3_6C,58,1.0004405621289363
functional_ridge,3_6C-80PER_3_6C,59,1.0004265725727581
functional_ridge,3_6C-80PER_3_6C,60,1.000411575521699
functional_ridge,3_6C-80PER_3_6C,61,1.0003956053354357
functional_ridge,3_6C-80PER_3_6C,62,1.000378696373644
functional_ridge,3_6C-80PER_3_6C,63,1.0003608829960002
functional_ridge,3_6C-80PER_3_6C,64,1.00034219956218
functional_ridge,3_6C-80PER_3_6C,65,1.0003226804318597
functional_ridge,3_6C-80PER_3_6C,66,1.0003023599647154
functional_ridge,3_6C-80PER_3_6C,67,1.0002812725204229
functional_ridge,3_6C-80PER_3_6C,68,1.0002594524586583
functional_ridge,3_6C-80PER_3_6C,69,1.000236934139098
functional_ridge,3_6C-80PER_3_6C,70,1.0002137519214178
functional_ridge,3_6C-80PER_3_6C,71,1.0001899401652936
functional_ridge,3_6C-80PER_3_6C,72,1.0001655332304016
functional_ridge,3_6C-80PER_3_6C,73,1.000140565476418
functional_ridge,3_6C-80PER_3_6C,74,1.0001150712630187
functional_ridge,3_6C-80PER_3_6C,75,1.0000890849498796
functional_ridge,3_6C-80PER_3_6C,76,1.000062640896677
functional_ridge,3_6C-80PER_3_6C,77,1.0000357734630871
functional_ridge,3_6C-80PER_3_6C,78,1.0000085170087856
functional_ridge,3_6C-80PER_3_6C,79,0.9999809058934483
functional_ridge,3_6C-80PER_3_6C,80,0.999952974476752
functional_ridge,3_6C-80PER_3_6C,81,0.9999247571183724
functional_ridge,3_6C-80PER_3_6C,82,0.9998962881779855
functional_ridge,3_6C-80PER_3_6C,83,0.9998676020152675
functional_ridge,3_6C-80PER_3_6C,84,0.9998387329898941
functional_ridge,3_6C-80PER_3_6C,85,0.9998097154615417
functional_ridge,3_6C-80PER_3_6C,86,0.9997805837898864
functional_ridge,3_6C-80PER_3_6C,87,0.999751372334604
functional_ridge,3_6C-80PER_3_6C,88,0.9997221154553704
functional_ridge,3_6C-80PER_3_6C,89,0.9996928475118622
functional_ridge,3_6C-80PER_3_6C,90,0.999663602863755
functional_ridge,3_6C-80PER_3_6C,91,0.9996344158707251
functional_ridge,3_6C-80PER_3_6C,92,0.9996053208924485
functional_ridge,3_6C-80PER_3_6C,93,0.9995763522886012
functional_ridge,3_6C-80PER_3_6C,94,0.9995475444188594
functional_ridge,3_6C-80PER_3_6C,95,0.9995189316428987
functional_ridge,3_6C-80PER_3_6C,96,0.9994905483203959
functional_ridge,3_6C-80PER_3_6C,97,0.9994624288110264
functional_ridge,3_6C-80PER_3_6C,98,0.9994346074744664
functional_ridge,3_6C-80PER_3_6C,99,0.9994071186703921
functional_ridge,3_6C-80PER_3_6C,100,0.9993799967584798
functional_ridge,3_6C-80PER_3_6C,101,0.9993532667251487
functional_ridge,3_6C-80PER_3_6C,102,0.9993269160637958
functional_ridge,3_6C-80PER_3_6C,103,0.9993009228945604
functional_ridge,3_6C-80PER_3_6C,104,0.9992752653375826
functional_ridge,3_6C-80PER_3_6C,105,0.9992499215130027
functional_ridge,3_6C-80PER_3_6C,106,0.9992248695409603
functional_ridge,3_6C-80PER_3_6C,107,0.9992000875415956
functional_ridge,3_6C-80PER_3_6C,108,0.9991755536350486
functional_ridge,3_6C-80PER_3_6C,109,0.9991512459414592
functional_ridge,3_6C-80PER_3_6C,110,0.9991271425809676
functional_ridge,3_6C-80PER_3_6C,111,0.9991032216737133
functional_ridge,3_6C-80PER_3_6C,112,0.9990794613398369
functional_ridge,3_6C-80PER_3_6C,113,0.999055839699478
functional_ridge,3_6C-80PER_3_6C,114,0.9990323348727764
functional_ridge,3_6C-80PER_3_6C,115,0.9990089249798727
functional_ridge,3_6C-80PER_3_6C,116,0.9989855881409064
functional_ridge,3_6C-80PER_3_6C,117,0.9989623024760175
functional_ridge,3_6C-80PER_3_6C,118,0.9989390461053465
functional_ridge,3_6C-80PER_3_6C,119,0.9989157971490326
functional_ridge,3_6C-80PER_3_6C,120,0.9988925337272163
functional_ridge,3_6C-80PER_3_6C,121,0.9988692339600375
functional_ridge,3_6C-80PER_3_6C,122,0.9988458759676362
functional_ridge,3_6C-80PER_3_6C,123,0.9988224378701522
functional_ridge,3_6C-80PER_3_6C,124,0.9987988977877258
functional_ridge,3_6C-80PER_3_6C,125,0.9987752338404965
functional_ridge,3_6C-80PER_3_6C,126,0.998751424148605
functional_ridge,3_6C-80PER_3_6C,127,0.9987274468321906
functional_ridge,3_6C-80PER_3_6C,128,0.9987032800113937
functional_ridge,3_6C-80PER_3_6C,129,0.9986789018063541
functional_ridge,3_6C-80PER_3_6C,130,0.998654290337212
functional_ridge,3_6C-80PER_3_6C,131,0.9986294237241072
functional_ridge,3_6C-80PER_3_6C,132,0.9986042800871797
functional_ridge,3_6C-80PER_3_6C,133,0.9985788375465695
functional_ridge,3_6C-80PER_3_6C,134,0.9985530742224167
functional_ridge,3_6C-80PER_3_6C,135,0.9985269682348609
functional_ridge,3_6C-80PER_3_6C,136,0.9985004977040425
functional_ridge,3_6C-80PER_3_6C,137,0.9984736407501013
functional_ridge,3_6C-80PER_3_6C,138,0.9984463754931774
functional_ridge,3_6C-80PER_3_6C,139,0.9984186800534107
functional_ridge,3_6C-80PER_3_6C,140,0.9983905325509413
functional_ridge,3_6C-80PER_3_6C,141,0.9983619111059091
functional_ridge,3_6C-80PER_3_6C,142,0.9983327938384539
functional_ridge,3_6C-80PER_3_6C,143,0.998303158868716
functional_ridge,3_6C-80PER_3_6C,144,0.9982729843168351
functional_ridge,3_6C-80PER_3_6C,145,0.9982422483029515
functional_ridge,3_6C-80PER_3_6C,146,0.9982109289472052
functional_ridge,3_6C-80PER_3_6C,147,0.9981790043697358
functional_ridge,3_6C-80PER_3_6C,148,0.9981464526906836
functional_ridge,3_6C-80PER_3_6C,149,0.9981132520301883
functional_ridge,3_6C-80PER_3_6C,150,0.9980793805083902
functional_ridge,3_6C-80PER_3_6C,151,0.9980448164338482
functional_ridge,3_6C-80PER_3_6C,152,0.9980095388687978
functional_ridge,3_6C-80PER_3_6C,153,0.9979735270638932
functional_ridge,3_6C-80PER_3_6C,154,0.9979367602697893
functional_ridge,3_6C-80PER_3_6C,155,0.9978992177371401
functional_ridge,3_6C-80PER_3_6C,156,0.9978608787166005
functional_ridge,3_6C-80PER_3_6C,157,0.9978217224588246
functional_ridge,3_6C-80PER_3_6C,158,0.9977817282144672
functional_ridge,3_6C-80PER_3_6C,159,0.9977408752341824
functional_ridge,3_6C-80PER_3_6C,160,0.9976991427686249
functional_ridge,3_6C-80PER_3_6C,161,0.9976565100684492
functional_ridge,3_6C-80PER_3_6C,162,0.9976129563843095
functional_ridge,3_6C-80PER_3_6C,163,0.9975684609668606
functional_ridge,3_6C-80PER_3_6C,164,0.9975230030667569
functional_ridge,3_6C-80PER_3_6C,165,0.9974765619346526
functional_ridge,3_6C-80PER_3_6C,166,0.9974291168212024
functional_ridge,3_6C-80PER_3_6C,167,0.9973806469770607
functional_ridge,3_6C-80PER_3_6C,168,0.9973311316528821
functional_ridge,3_6C-80PER_3_6C,169,0.9972805500993207
functional_ridge,3_6C-80PER_3_6C,170,0.9972288815670312
functional_ridge,3_6C-80PER_3_6C,171,0.9971761053066682
functional_ridge,3_6C-80PER_3_6C,172,0.9971222005688862
functional_ridge,3_6C-80PER_3_6C,173,0.9970671466043393
functional_ridge,3_6C-80PER_3_6C,174,0.9970109226636822
functional_ridge,3_6C-80PER_3_6C,175,0.9969535079975694
functional_ridge,3_6C-80PER_3_6C,176,0.9968948818566551
functional_ridge,3_6C-80PER_3_6C,177,0.9968350234915944
functional_ridge,3_6C-80PER_3_6C,178,0.9967739121530409
functional_ridge,3_6C-80PER_3_6C,179,0.9967115270916496
functional_ridge,3_6C-80PER_3_6C,180,0.996647847558075
functional_ridge,3_6C-80PER_3_6C,181,0.9965828528029714
functional_ridge,3_6C-80PER_3_6C,182,0.9965165220769931
functional_ridge,3_6C-80PER_3_6C,183,0.996448834630795
functional_ridge,3_6C-80PER_3_6C,184,0.9963797697150312
functional_ridge,3_6C-80PER_3_6C,185,0.9963093065803562
functional_ridge,3_6C-80PER_3_6C,186,0.9962374244774249
functional_ridge,3_6C-80PER_3_6C,187,0.996164102656891
functional_ridge,3_6C-80PER_3_6C,188,0.9960893203694098
functional_ridge,3_6C-80PER_3_6C,189,0.9960130568656351
functional_ridge,3_6C-80PER_3_6C,190,0.9959352913962216
functional_ridge,3_6C-80PER_3_6C,191,0.995856003211824
functional_ridge,3_6C-80PER_3_6C,192,0.9957751715630963
functional_ridge,3_6C-80PER_3_6C,193,0.9956927757006934
functional_ridge,3_6C-80PER_3_6C,194,0.9956087948752694
functional_ridge,3_6C-80PER_3_6C,195,0.9955232083374791
functional_ridge,3_6C-80PER_3_6C,196,0.9954359953379769
functional_ridge,3_6C-80PER_3_6C,197,0.995347135127417
functional_ridge,3_6C-80PER_3_6C,198,0.995256606956454
functional_ridge,3_6C-80PER_3_6C,199,0.9951643900757425
functional_ridge,3_6C-80PER_3_6C,200,0.9950704637359369
functional_ridge,80PER_3_6C,1,0.9978367368755803
functional_ridge,80PER_3_6C,2,0.9979064740607234
functional_ridge,80PER_3_6C,3,0.9979716904617862
functional_ridge,80PER_3_6C,4,0.9980324665490631
functional_ridge,80PER_3_6C,5,0.9980888827928488
functional_ridge,80PER_3_6C,6,0.9981410196634376
functional_ridge,80PER_3_6C,7,0.9981889576311241
functional_ridge,80PER_3_6C,8,0.9982327771662031
functional_ridge,80PER_3_6C,9,0.9982725587389687
functional_ridge,80PER_3_6C,10,0.9983083828197158
functional_ridge,80PER_3_6C,11,0.9983403298787388
functional_ridge,80PER_3_6C,12,0.9983684803863321
functional_ridge,80PER_3_6C,13,0.9983929148127905
functional_ridge,80PER_3_6C,14,0.9984137136284084
functional_ridge,80PER_3_6C,15,0.9984309573034802
functional_ridge,80PER_3_6C,16,0.9984447263083006
functional_ridge,80PER_3_6C,17,0.9984551011131642
functional_ridge,80PER_3_6C,18,0.9984621621883653
functional_ridge,80PER_3_6C,19,0.9984659900041986
functional_ridge,80PER_3_6C,20,0.9984666650309586
functional_ridge,80PER_3_6C,21,0.9984642677389398
functional_ridge,80PER_3_6C,22,0.9984588785984368
functional_ridge,80PER_3_6C,23,0.9984505780797441
functional_ridge,80PER_3_6C,24,0.9984394466531564
functional_ridge,80PER_3_6C,25,0.9984255647889679
functional_ridge,80PER_3_6C,26,0.9984090129574733
functional_ridge,80PER_3_6C,27,0.9983898716289673
functional_ridge,80PER_3_6C,28,0.9983682212737441
functional_ridge,80PER_3_6C,29,0.9983441423620985
functional_ridge,80PER_3_6C,30,0.9983177153643248
functional_ridge,80PER_3_6C,31,0.9982890207507179
functional_ridge,80PER_3_6C,32,0.9982581389915719
functional_ridge,80PER_3_6C,33,0.9982251505571818
functional_ridge,80PER_3_6C,34,0.9981901359178417
functional_ridge,80PER_3_6C,35,0.9981531755438463
functional_ridge,80PER_3_6C,36,0.9981143499054903
functional_ridge,80PER_3_6C,37,0.9980737394730679
functional_ridge,80PER_3_6C,38,0.998031424716874
functional_ridge,80PER_3_6C,39,0.9979874861072028
functional_ridge,80PER_3_6C,40,0.997942004114349
functional_ridge,80PER_3_6C,41,0.9978950592086072
functional_ridge,80PER_3_6C,42,0.9978467318602717
functional_ridge,80PER_3_6C,43,0.9977971025396375
functional_ridge,80PER_3_6C,44,0.9977462517169986
functional_ridge,80PER_3_6C,45,0.9976942598626498
functional_ridge,80PER_3_6C,46,0.9976412074468857
functional_ridge,80PER_3_6C,47,0.9975871749400005
functional_ridge,80PER_3_6C,48,0.9975322428122891
functional_ridge,80PER_3_6C,49,0.9974764915340458
functional_ridge,80PER_3_6C,50,0.9974200015755653
functional_ridge,80PER_3_6C,51,0.9973628420915955
functional_ridge,80PER_3_6C,52,0.9973050369746973
functional_ridge,80PER_3_6C,53,0.9972465988018848
functional_ridge,80PER_3_6C,54,0.9971875401501726
functional_ridge,80PER_3_6C,55,0.9971278735965752
functional_ridge,80PER_3_6C,56,0.9970676117181064
functional_ridge,80PER_3_6C,57,0.997006767091781
functional_ridge,80PER_3_6C,58,0.9969453522946131
functional_ridge,80PER_3_6C,59,0.9968833799036172
functional_ridge,80PER_3_6C,60,0.9968208624958075
functional_ridge,80PER_3_6C,61,0.9967578126481984
functional_ridge,80PER_3_6C,62,0.9966942429378042
functional_ridge,80PER_3_6C,63,0.996630165941639
functional_ridge,80PER_3_6C,64,0.9965655942367175
functional_ridge,80PER_3_6C,65,0.9965005404000539
functional_ridge,80PER_3_6C,66,0.9964350170086623
functional_ridge,80PER_3_6C,67,0.9963690366395574
functional_ridge,80PER_3_6C,68,0.9963026118697533
functional_ridge,80PER_3_6C,69,0.9962357552762644
functional_ridge,80PER_3_6C,70,0.9961684794361051
functional_ridge,80PER_3_6C,71,0.9961007969262895
functional_ridge,80PER_3_6C,72,0.996032720323832
functional_ridge,80PER_3_6C,73,0.9959642622057473
functional_ridge,80PER_3_6C,74,0.9958954351490492
functional_ridge,80PER_3_6C,75,0.9958262517307523
functional_ridge,80PER_3_6C,76,0.995756724527871
functional_ridge,80PER_3_6C,77,0.9956868661174194
functional_ridge,80PER_3_6C,78,0.9956166890764119
functional_ridge,80PER_3_6C,79,0.9955462059818629
functional_ridge,80PER_3_6C,80,0.9954754294107867
functional_ridge,80PER_3_6C,81,0.9954043719401977
functional_ridge,80PER_3_6C,82,0.9953330461471102
functional_ridge,80PER_3_6C,83,0.9952614646085385
functional_ridge,80PER_3_6C,84,0.9951896399014968
functional_ridge,80PER_3_6C,85,0.9951175846029996
functional_ridge,80PER_3_6C,86,0.9950453112900611
functional_ridge,80PER_3_6C,87,0.9949728325396957
functional_ridge,80PER_3_6C,88,0.9949001609289179
functional_ridge,80PER_3_6C,89,0.9948273090347418
functional_ridge,80PER_3_6C,90,0.9947542894341816
functional_ridge,80PER_3_6C,91,0.994681114704252
functional_ridge,80PER_3_6C,92,0.9946077974219671
functional_ridge,80PER_3_6C,93,0.9945343501643412
functional_ridge,80PER_3_6C,94,0.9944607855083889
functional_ridge,80PER_3_6C,95,0.9943871160311241
functional_ridge,80PER_3_6C,96,0.9943133543095616
functional_ridge,80PER_3_6C,97,0.9942395129207153
functional_ridge,80PER_3_6C,98,0.9941656044415998
functional_ridge,80PER_3_6C,99,0.9940916414492293
functional_ridge,80PER_3_6C,100,0.9940176365206184
functional_ridge,80PER_3_6C,101,0.9939435974615728
functional_ridge,80PER_3_6C,102,0.9938695129930661
functional_ridge,80PER_3_6C,103,0.9937953670648634
functional_ridge,80PER_3_6C,104,0.9937211436267298
functional_ridge,80PER_3_6C,105,0.9936468266284306
functional_ridge,80PER_3_6C,106,0.993572400019731
functional_ridge,80PER_3_6C,107,0.993497847750396
functional_ridge,80PER_3_6C,108,0.9934231537701909
functional_ridge,80PER_3_6C,109,0.9933483020288806
functional_ridge,80PER_3_6C,110,0.9932732764762305
functional_ridge,80PER_3_6C,111,0.9931980610620057
functional_ridge,80PER_3_6C,112,0.9931226397359714
functional_ridge,80PER_3_6C,113,0.9930469964478927
functional_ridge,80PER_3_6C,114,0.9929711151475347
functional_ridge,80PER_3_6C,115,0.9928949797846626
functional_ridge,80PER_3_6C,116,0.9928185743090416
functional_ridge,80PER_3_6C,117,0.9927418826704368
functional_ridge,80PER_3_6C,118,0.9926648888186135
functional_ridge,80PER_3_6C,119,0.9925875767033367
functional_ridge,80PER_3_6C,120,0.9925099302743716
functional_ridge,80PER_3_6C,121,0.9924319334814834
functional_ridge,80PER_3_6C,122,0.9923535702744372
functional_ridge,80PER_3_6C,123,0.9922748246029982
functional_ridge,80PER_3_6C,124,0.9921956804169316
functional_ridge,80PER_3_6C,125,0.9921161216660024
functional_ridge,80PER_3_6C,126,0.9920361322999759
functional_ridge,80PER_3_6C,127,0.9919556962686172
functional_ridge,80PER_3_6C,128,0.9918747975216916
functional_ridge,80PER_3_6C,129,0.9917934200089641
functional_ridge,80PER_3_6C,130,0.9917115476801999
functional_ridge,80PER_3_6C,131,0.9916291644851639
functional_ridge,80PER_3_6C,132,0.9915462543736219
functional_ridge,80PER_3_6C,133,0.9914628012953384
functional_ridge,80PER_3_6C,134,0.9913787892000788
functional_ridge,80PER_3_6C,135,0.9912942020376084
functional_ridge,80PER_3_6C,136,0.9912090237576924
functional_ridge,80PER_3_6C,137,0.9911232383100955
functional_ridge,80PER_3_6C,138,0.9910368296445834
functional_ridge,80PER_3_6C,139,0.990949781710921
functional_ridge,80PER_3_6C,140,0.9908620784588733
functional_ridge,80PER_3_6C,141,0.9907737038382057
functional_ridge,80PER_3_6C,142,0.9906846417986833
functional_ridge,80PER_3_6C,143,0.9905948762900713
functional_ridge,80PER_3_6C,144,0.9905043912621349
functional_ridge,80PER_3_6C,145,0.990413170664639
functional_ridge,80PER_3_6C,146,0.990321198447349
functional_ridge,80PER_3_6C,147,0.99022845856003
functional_ridge,80PER_3_6C,148,0.9901349349524469
functional_ridge,80PER_3_6C,149,0.9900406115743653
functional_ridge,80PER_3_6C,150,0.9899454723755503
functional_ridge,80PER_3_6C,151,0.9898495013761004
functional_ridge,80PER_3_6C,152,0.9897526828774503
functional_ridge,80PER_3_6C,153,0.989655001251368
functional_ridge,80PER_3_6C,154,0.9895564408696209
functional_ridge,80PER_3_6C,155,0.9894569861039777
functional_ridge,80PER_3_6C,156,0.9893566213262062
functional_ridge,80PER_3_6C,157,0.9892553309080739
functional_ridge,80PER_3_6C,158,0.9891530992213493
functional_ridge,80PER_3_6C,159,0.9890499106378005
functional_ridge,80PER_3_6C,160,0.9889457495291953
functional_ridge,80PER_3_6C,161,0.9888406002673016
functional_ridge,80PER_3_6C,162,0.9887344472238873
functional_ridge,80PER_3_6C,163,0.9886272747707207
functional_ridge,80PER_3_6C,164,0.9885190672795696
functional_ridge,80PER_3_6C,165,0.9884098091222021
functional_ridge,80PER_3_6C,166,0.9882994846703862
functional_ridge,80PER_3_6C,167,0.98818807829589
functional_ridge,80PER_3_6C,168,0.9880755743704812
functional_ridge,80PER_3_6C,169,0.987961957265928
functional_ridge,80PER_3_6C,170,0.9878472113539982
functional_ridge,80PER_3_6C,171,0.9877313210064602
functional_ridge,80PER_3_6C,172,0.9876142705950814
functional_ridge,80PER_3_6C,173,0.9874960444916305
functional_ridge,80PER_3_6C,174,0.987376627067875
functional_ridge,80PER_3_6C,175,0.9872560026955829
functional_ridge,80PER_3_6C,176,0.9871341557465224
functional_ridge,80PER_3_6C,177,0.9870110705924615
functional_ridge,80PER_3_6C,178,0.9868867316051682
functional_ridge,80PER_3_6C,179,0.9867611231564104
functional_ridge,80PER_3_6C,180,0.9866342296179559
functional_ridge,80PER_3_6C,181,0.986506035361573
functional_ridge,80PER_3_6C,182,0.9863765247590295
functional_ridge,80PER_3_6C,183,0.9862456821820937
functional_ridge,80PER_3_6C,184,0.9861134920025333
functional_ridge,80PER_3_6C,185,0.9859799385921164
functional_ridge,80PER_3_6C,186,0.985845006322611
functional_ridge,80PER_3_6C,187,0.985708679565785
functional_ridge,80PER_3_6C,188,0.9855709426934067
functional_ridge,80PER_3_6C,189,0.9854317800772437
functional_ridge,80PER_3_6C,190,0.9852911760890642
functional_ridge,80PER_3_6C,191,0.9851491151006362
functional_ridge,80PER_3_6C,192,0.9850055814837277
functional_ridge,80PER_3_6C,193,0.9848605596101065
functional_ridge,80PER_3_6C,194,0.984714033851541
functional_ridge,80PER_3_6C,195,0.9845659885797988
functional_ridge,80PER_3_6C,196,0.9844164081666482
functional_ridge,80PER_3_6C,197,0.9842652769838569
functional_ridge,80PER_3_6C,198,0.9841125794031932
functional_ridge,80PER_3_6C,199,0.9839582997964249
functional_ridge,80PER_3_6C,200,0.9838024225353199
functional_ridge,4_8C_80PER_4_8C,1,0.9965887501614149
functional_ridge,4_8C_80PER_4_8C,2,0.9967746182656245
functional_ridge,4_8C_80PER_4_8C,3,0.9969534824664182
functional_ridge,4_8C_80PER_4_8C,4,0.9971254498663933
functional_ridge,4_8C_80PER_4_8C,5,0.9972906275681468
functional_ridge,4_8C_80PER_4_8C,6,0.9974491226742759
functional_ridge,4_8C_80PER_4_8C,7,0.9976010422873778
functional_ridge,4_8C_80PER_4_8C,8,0.9977464935100494
functional_ridge,4_8C_80PER_4_8C,9,0.9978855834448881
functional_ridge,4_8C_80PER_4_8C,10,0.9980184191944909
functional_ridge,4_8C_80PER_4_8C,11,0.9981451078614548
functional_ridge,4_8C_80PER_4_8C,12,0.9982657565483772
functional_ridge,4_8C_80PER_4_8C,13,0.9983804723578552
functional_ridge,4_8C_80PER_4_8C,14,0.9984893623924859
functional_ridge,4_8C_80PER_4_8C,15,0.9985925337548661
functional_ridge,4_8C_80PER_4_8C,16,0.9986900935475934
functional_ridge,4_8C_80PER_4_8C,17,0.9987821488732649
functional_ridge,4_8C_80PER_4_8C,18,0.9988688068344774
functional_ridge,4_8C_80PER_4_8C,19,0.9989501745338283
functional_ridge,4_8C_80PER_4_8C,20,0.9990263590739147
functional_ridge,4_8C_80PER_4_8C,21,0.9990974675573338
functional_ridge,4_8C_80PER_4_8C,22,0.9991636070866825
functional_ridge,4_8C_80PER_4_8C,23,0.9992248847645581
functional_ridge,4_8C_80PER_4_8C,24,0.9992814076935577
functional_ridge,4_8C_80PER_4_8C,25,0.9993332829762784
functional_ridge,4_8C_80PER_4_8C,26,0.9993806177153174
functional_ridge,4_8C_80PER_4_8C,27,0.9994235190132719
functional_ridge,4_8C_80PER_4_8C,28,0.9994620939727389
functional_ridge,4_8C_80PER_4_8C,29,0.9994964496963156
functional_ridge,4_8C_80PER_4_8C,30,0.999526693286599
functional_ridge,4_8C_80PER_4_8C,31,0.9995529318461865
functional_ridge,4_8C_80PER_4_8C,32,0.9995752724776751
functional_ridge,4_8C_80PER_4_8C,33,0.9995938222836618
functional_ridge,4_8C_80PER_4_8C,34,0.9996086883667439
functional_ridge,4_8C_80PER_4_8C,35,0.9996199778295185
functional_ridge,4_8C_80PER_4_8C,36,0.9996277977745828
functional_ridge,4_8C_80PER_4_8C,37,0.9996322553045338
functional_ridge,4_8C_80PER_4_8C,38,0.9996334575219687
functional_ridge,4_8C_80PER_4_8C,39,0.9996315115294847
functional_ridge,4_8C_80PER_4_8C,40,0.9996265244296788
functional_ridge,4_8C_80PER_4_8C,41,0.9996186033251482
functional_ridge,4_8C_80PER_4_8C,42,0.99960785531849
functional_ridge,4_8C_80PER_4_8C,43,0.9995943875123015
functional_ridge,4_8C_80PER_4_8C,44,0.9995783070091796
functional_ridge,4_8C_80PER_4_8C,45,0.9995597209117215
functional_ridge,4_8C_80PER_4_8C,46,0.9995387363225244
functional_ridge,4_8C_80PER_4_8C,47,0.9995154603441855
functional_ridge,4_8C_80PER_4_8C,48,0.9994900000793019
functional_ridge,4_8C_80PER_4_8C,49,0.9994624626304706
functional_ridge,4_8C_80PER_4_8C,50,0.9994329551002887
functional_ridge,4_8C_80PER_4_8C,51,0.9994015717831671
functional_ridge,4_8C_80PER_4_8C,52,0.9993683557407712
functional_ridge,4_8C_80PER_4_8C,53,0.9993333372265794
functional_ridge,4_8C_80PER_4_8C,54,0.9992965464940706
functional_ridge,4_8C_80PER_4_8C,55,0.9992580137967237
functional_ridge,4_8C_80PER_4_8C,56,0.9992177693880173
functional_ridge,4_8C_80PER_4_8C,57,0.9991758435214306
functional_ridge,4_8C_80PER_4_8C,58,0.9991322664504421
functional_ridge,4_8C_80PER_4_8C,59,0.9990870684285307
functional_ridge,4_8C_80PER_4_8C,60,0.9990402797091751
functional_ridge,4_8C_80PER_4_8C,61,0.9989919305458542
functional_ridge,4_8C_80PER_4_8C,62,0.9989420511920468
functional_ridge,4_8C_80PER_4_8C,63,0.9988906719012317
functional_ridge,4_8C_80PER_4_8C,64,0.9988378229268876
functional_ridge,4_8C_80PER_4_8C,65,0.9987835345224934
functional_ridge,4_8C_80PER_4_8C,66,0.9987278369415279
functional_ridge,4_8C_80PER_4_8C,67,0.9986707604374698
functional_ridge,4_8C_80PER_4_8C,68,0.9986123352637981
functional_ridge,4_8C_80PER_4_8C,69,0.9985525916739916
functional_ridge,4_8C_80PER_4_8C,70,0.9984915599215289
functional_ridge,4_8C_80PER_4_8C,71,0.9984292702598888
functional_ridge,4_8C_80PER_4_8C,72,0.9983657529425501
functional_ridge,4_8C_80PER_4_8C,73,0.998301038222992
functional_ridge,4_8C_80PER_4_8C,74,0.9982351563546927
functional_ridge,4_8C_80PER_4_8C,75,0.9981681375911317
functional_ridge,4_8C_80PER_4_8C,76,0.998100012185787
functional_ridge,4_8C_80PER_4_8C,77,0.9980308103921379
functional_ridge,4_8C_80PER_4_8C,78,0.9979605624636632
functional_ridge,4_8C_80PER_4_8C,79,0.9978892986538417
functional_ridge,4_8C_80PER_4_8C,80,0.9978170492161519
functional_ridge,4_8C_80PER_4_8C,81,0.9977438444040728
functional_ridge,4_8C_80PER_4_8C,82,0.9976697144710833
functional_ridge,4_8C_80PER_4_8C,83,0.9975946896706622
functional_ridge,4_8C_80PER_4_8C,84,0.9975188002562883
functional_ridge,4_8C_80PER_4_8C,85,0.99744207648144
functional_ridge,4_8C_80PER_4_8C,86,0.9973645485995967
functional_ridge,4_8C_80PER_4_8C,87,0.9972862468642367
functional_ridge,4_8C_80PER_4_8C,88,0.9972072015288391
functional_ridge,4_8C_80PER_4_8C,89,0.9971274428468828
functional_ridge,4_8C_80PER_4_8C,90,0.9970470010718463
functional_ridge,4_8C_80PER_4_8C,91,0.9969659064572086
functional_ridge,4_8C_80PER_4_8C,92,0.9968841892564484
functional_ridge,4_8C_80PER_4_8C,93,0.9968018797230446
functional_ridge,4_8C_80PER_4_8C,94,0.9967190081104758
functional_ridge,4_8C_80PER_4_8C,95,0.9966356046722209
functional_ridge,4_8C_80PER_4_8C,96,0.9965516996617589
functional_ridge,4_8C_80PER_4_8C,97,0.9964673233325684
functional_ridge,4_8C_80PER_4_8C,98,0.9963825059381283
functional_ridge,4_8C_80PER_4_8C,99,0.9962972777319173
functional_ridge,4_8C_80PER_4_8C,100,0.9962116689674143
functional_ridge,4_8C_80PER_4_8C,101,0.9961257021223839
functional_ridge,4_8C_80PER_4_8C,102,0.9960393685717348
functional_ridge,4_8C_80PER_4_8C,103,0.9959526519146613
functional_ridge,4_8C_80PER_4_8C,104,0.995865535750358
functional_ridge,4_8C_80PER_4_8C,105,0.9957780036780193
functional_ridge,4_8C_80PER_4_8C,106,0.9956900392968396
functional_ridge,4_8C_80PER_4_8C,107,0.9956016262060136
functional_ridge,4_8C_80PER_4_8C,108,0.9955127480047352
functional_ridge,4_8C_80PER_4_8C,109,0.9954233882921995
functional_ridge,4_8C_80PER_4_8C,110,0.9953335306676007
functional_ridge,4_8C_80PER_4_8C,111,0.9952431587301331
functional_ridge,4_8C_80PER_4_8C,112,0.9951522560789913
functional_ridge,4_8C_80PER_4_8C,113,0.9950608063133699
functional_ridge,4_8C_80PER_4_8C,114,0.9949687930324631
functional_ridge,4_8C_80PER_4_8C,115,0.9948761998354656
functional_ridge,4_8C_80PER_4_8C,116,0.9947830103215718
functional_ridge,4_8C_80PER_4_8C,117,0.994689208089976
functional_ridge,4_8C_80PER_4_8C,118,0.9945947767398726
functional_ridge,4_8C_80PER_4_8C,119,0.9944996998704564
functional_ridge,4_8C_80PER_4_8C,120,0.9944039610809217
functional_ridge,4_8C_80PER_4_8C,121,0.9943075439704628
functional_ridge,4_8C_80PER_4_8C,122,0.9942104321382744
functional_ridge,4_8C_80PER_4_8C,123,0.9941126091835508
functional_ridge,4_8C_80PER_4_8C,124,0.9940140587054866
functional_ridge,4_8C_80PER_4_8C,125,0.9939147643032761
functional_ridge,4_8C_80PER_4_8C,126,0.9938147095761138
functional_ridge,4_8C_80PER_4_8C,127,0.9937138781231942
functional_ridge,4_8C_80PER_4_8C,128,0.9936122535437119
functional_ridge,4_8C_80PER_4_8C,129,0.9935098194368611
functional_ridge,4_8C_80PER_4_8C,130,0.9934065594018364
functional_ridge,4_8C_80PER_4_8C,131,0.9933024570378324
functional_ridge,4_8C_80PER_4_8C,132,0.993197495944043
functional_ridge,4_8C_80PER_4_8C,133,0.9930916597196633
functional_ridge,4_8C_80PER_4_8C,134,0.9929849319638875
functional_ridge,4_8C_80PER_4_8C,135,0.99287729627591
functional_ridge,4_8C_80PER_4_8C,136,0.9927687362549252
functional_ridge,4_8C_80PER_4_8C,137,0.992659235500128
functional_ridge,4_8C_80PER_4_8C,138,0.9925487776107125
functional_ridge,4_8C_80PER_4_8C,139,0.9924373461858729
functional_ridge,4_8C_80PER_4_8C,140,0.9923249248248042
functional_ridge,4_8C_80PER_4_8C,141,0.9922114971267006
functional_ridge,4_8C_80PER_4_8C,142,0.9920970466907565
functional_ridge,4_8C_80PER_4_8C,143,0.9919815571161665
functional_ridge,4_8C_80PER_4_8C,144,0.9918650120021251
functional_ridge,4_8C_80PER_4_8C,145,0.9917473949478266
functional_ridge,4_8C_80PER_4_8C,146,0.9916286895524653
functional_ridge,4_8C_80PER_4_8C,147,0.9915088794152361
functional_ridge,4_8C_80PER_4_8C,148,0.9913879481353332
functional_ridge,4_8C_80PER_4_8C,149,0.991265879311951
functional_ridge,4_8C_80PER_4_8C,150,0.991142656544284
functional_ridge,4_8C_80PER_4_8C,151,0.9910182667755036
functional_ridge,4_8C_80PER_4_8C,152,0.9908927103246884
functional_ridge,4_8C_80PER_4_8C,153,0.9907659908548933
functional_ridge,4_8C_80PER_4_8C,154,0.9906381120291735
functional_ridge,4_8C_80PER_4_8C,155,0.9905090775105847
functional_ridge,4_8C_80PER_4_8C,156,0.9903788909621817
functional_ridge,4_8C_80PER_4_8C,157,0.99024755604702
functional_ridge,4_8C_80PER_4_8C,158,0.990115076428155
functional_ridge,4_8C_80PER_4_8C,159,0.9899814557686417
functional_ridge,4_8C_80PER_4_8C,160,0.9898466977315353
functional_ridge,4_8C_80PER_4_8C,161,0.9897108059798916
functional_ridge,4_8C_80PER_4_8C,162,0.9895737841767653
functional_ridge,4_8C_80PER_4_8C,163,0.9894356359852118
functional_ridge,4_8C_80PER_4_8C,164,0.9892963650682863
functional_ridge,4_8C_80PER_4_8C,165,0.9891559750890445
functional_ridge,4_8C_80PER_4_8C,166,0.989014469710541
functional_ridge,4_8C_80PER_4_8C,167,0.9888718525958315
functional_ridge,4_8C_80PER_4_8C,168,0.9887281274079713
functional_ridge,4_8C_80PER_4_8C,169,0.9885832978100152
functional_ridge,4_8C_80PER_4_8C,170,0.9884373674650191
functional_ridge,4_8C_80PER_4_8C,171,0.9882903400360376
functional_ridge,4_8C_80PER_4_8C,172,0.9881422191861264
functional_ridge,4_8C_80PER_4_8C,173,0.9879930085783407
functional_ridge,4_8C_80PER_4_8C,174,0.9878427118757358
functional_ridge,4_8C_80PER_4_8C,175,0.9876913327413667
functional_ridge,4_8C_80PER_4_8C,176,0.987538874838289
functional_ridge,4_8C_80PER_4_8C,177,0.9873853418295577
functional_ridge,4_8C_80PER_4_8C,178,0.9872307373782281
functional_ridge,4_8C_80PER_4_8C,179,0.9870750651473557
functional_ridge,4_8C_80PER_4_8C,180,0.9869183287999954
functional_ridge,4_8C_80PER_4_8C,181,0.9867605319992027
functional_ridge,4_8C_80PER_4_8C,182,0.9866016784080327
functional_ridge,4_8C_80PER_4_8C,183,0.9864417716895408
functional_ridge,4_8C_80PER_4_8C,184,0.9862808155067823
functional_ridge,4_8C_80PER_4_8C,185,0.9861188135228124
functional_ridge,4_8C_80PER_4_8C,186,0.9859557694006863
functional_ridge,4_8C_80PER_4_8C,187,0.9857916868034593
functional_ridge,4_8C_80PER_4_8C,188,0.9856265693941868
functional_ridge,4_8C_80PER_4_8C,189,0.9854604208359236
functional_ridge,4_8C_80PER_4_8C,190,0.9852932447917255
functional_ridge,4_8C_80PER_4_8C,191,0.9851250449246476
functional_ridge,4_8C_80PER_4_8C,192,0.9849558248977449
functional_ridge,4_8C_80PER_4_8C,193,0.984785588374073
functional_ridge,4_8C_80PER_4_8C,194,0.9846143390166872
functional_ridge,4_8C_80PER_4_8C,195,0.9844420804886422
functional_ridge,4_8C_80PER_4_8C,196,0.9842688164529939
functional_ridge,4_8C_80PER_4_8C,197,0.9840945505727974
functional_ridge,4_8C_80PER_4_8C,198,0.9839192865111075
functional_ridge,4_8C_80PER_4_8C,199,0.9837430279309802
functional_ridge,4_8C_80PER_4_8C,200,0.9835657784954703
functional_ridge,5C_67PER_4C_NEWSTRUCTURE,1,0.9979541057639916
functional_ridge,5C_67PER_4C_NEWSTRUCTURE,2,0.9980657755026824
functional_ridge,5C_67PER_4C_NEWSTRUCTURE,3,0.9981732844765289
functional_ridge,5C_67PER_4C_NEWSTRUCTURE,4,0.9982767011944416
functional_ridge,5C_67PER_4C_NEWSTRUCTURE,5,0.9983760941653307
functional_ridge,5C_67PER_4C_NEWSTRUCTURE,6,0.9984715318981069
functional_ridge,5C_67PER_4C_NEWSTRUCTURE,7,0.9985630829016804
functional_ridge,5C_67PER_4C_NEWSTRUCTURE,8,0.9986508156849618
functional_ridge,5C_67PER_4C_NEWSTRUCTURE,9,0.9987347987568614
functional_ridge,5C_67PER_4C_NEWSTRUCTURE,10,0.9988151006262898
functional_ridge,5C_67PER_4C_NEWSTRUCTURE,11,0.9988917898021571
functional_ridge,5C_67PER_4C_NEWSTRUCTURE,12,0.9989649347933739
functional_ridge,5C_67PER_4C_NEWSTRUCTURE,13,0.9990346041088507
functional_ridge,5C_67PER_4C_NEWSTRUCTURE,14,0.9991008662574978
functional_ridge,5C_67PER_4C_NEWSTRUCTURE,15,0.9991637897482257
functional_ridge,5C_67PER_4C_NEWSTRUCTURE,16,0.9992234430899448
functional_ridge,5C_67PER_4C_NEWSTRUCTURE,17,0.9992798947915655
functional_ridge,5C_67PER_4C_NEWSTRUCTURE,18,0.9993332133619982
functional_ridge,5C_67PER_4C_NEWSTRUCTURE,19,0.9993834673101534
functional_ridge,5C_67PER_4C_NEWSTRUCTURE,20,0.9994307251449415
functional_ridge,5C_67PER_4C_NEWSTRUCTURE,21,0.9994750553752728
functional_ridge,5C_67PER_4C_NEWSTRUCTURE,22,0.999516526510058
functional_ridge,5C_67PER_4C_NEWSTRUCTURE,23,0.9995552070582071
functional_ridge,5C_67PER_4C_NEWSTRUCTURE,24,0.9995911655286308
functional_ridge,5C_67PER_4C_NEWSTRUCTURE,25,0.9996244704302395
functional_ridge,5C_67PER_4C_NEWSTRUCTURE,26,0.9996551902719436
functional_ridge,5C_67PER_4C_NEWSTRUCTURE,27,0.9996833935626536
functional_ridge,5C_67PER_4C_NEWSTRUCTURE,28,0.9997091488112798
functional_ridge,5C_67PER_4C_NEWSTRUCTURE,29,0.9997325245267326
functional_ridge,5C_67PER_4C_NEWSTRUCTURE,30,0.9997535892179226
functional_ridge,5C_67PER_4C_NEWSTRUCTURE,31,0.99977241139376
functional_ridge,5C_67PER_4C_NEWSTRUCTURE,32,0.9997890595631553
functional_ridge,5C_67PER_4C_NEWSTRUCTURE,33,0.9998036022350191
functional_ridge,5C_67PER_4C_NEWSTRUCTURE,34,0.9998161079182616
functional_ridge,5C_67PER_4C_NEWSTRUCTURE,35,0.9998266451217932
functional_ridge,5C_67PER_4C_NEWSTRUCTURE,36,0.9998352823545245
functional_ridge,5C_67PER_4C_NEWSTRUCTURE,37,0.9998420881253657
functional_ridge,5C_67PER_4C_NEWSTRUCTURE,38,0.9998471309432275
functional_ridge,5C_67PER_4C_NEWSTRUCTURE,39,0.9998504793170201
functional_ridge,5C_67PER_4C_NEWSTRUCTURE,40,0.999852201755654
functional_ridge,5C_67PER_4C_NEWSTRUCTURE,41,0.9998523667680397
functional_ridge,5C_67PER_4C_NEWSTRUCTURE,42,0.9998510428630876
functional_ridge,5C_67PER_4C_NEWSTRUCTURE,43,0.9998482985497079
functional_ridge,5C_67PER_4C_NEWSTRUCTURE,44,0.9998442023368111
functional_ridge,5C_67PER_4C_NEWSTRUCTURE,45,0.9998388227333079
functional_ridge,5C_67PER_4C_NEWSTRUCTURE,46,0.9998322282481084
functional_ridge,5C_67PER_4C_NEWSTRUCTURE,47,0.9998244873901232
functional_ridge,5C_67PER_4C_NEWSTRUCTURE,48,0.9998156686682627
functional_ridge,5C_67PER_4C_NEWSTRUCTURE,49,0.9998058405914372
functional_ridge,5C_67PER_4C_NEWSTRUCTURE,50,0.9997950716685572
functional_ridge,5C_67PER_4C_NEWSTRUCTURE,51,0.9997834226332898
functional_ridge,5C_67PER_4C_NEWSTRUCTURE,52,0.9997709231183283
functional_ridge,5C_67PER_4C_NEWSTRUCTURE,53,0.9997575949811225
functional_ridge,5C_67PER_4C_NEWSTRUCTURE,54,0.9997434600791227
functional_ridge,5C_67PER_4C_NEWSTRUCTURE,55,0.9997285402697786
functional_ridge,5C_67PER_4C_NEWSTRUCTURE,56,0.9997128574105402
functional_ridge,5C_67PER_4C_NEWSTRUCTURE,57,0.9996964333588577
functional_ridge,5C_67PER_4C_NEWSTRUCTURE,58,0.9996792899721808
functional_ridge,5C_67PER_4C_NEWSTRUCTURE,59,0.9996614491079595
functional_ridge,5C_67PER_4C_NEWSTRUCTURE,60,0.9996429326236439
functional_ridge,5C_67PER_4C_NEWSTRUCTURE,61,0.9996237623766838
functional_ridge,5C_67PER_4C_NEWSTRUCTURE,62,0.9996039602245294
functional_ridge,5C_67PER_4C_NEWSTRUCTURE,63,0.9995835480246303
functional_ridge,5C_67PER_4C_NEWSTRUCTURE,64,0.9995625476344369
functional_ridge,5C_67PER_4C_NEWSTRUCTURE,65,0.9995409809113986
functional_ridge,5C_67PER_4C_NEWSTRUCTURE,66,0.9995188697129661
functional_ridge,5C_67PER_4C_NEWSTRUCTURE,67,0.9994962358965889
functional_ridge,5C_67PER_4C_NEWSTRUCTURE,68,0.9994731013197169
functional_ridge,5C_67PER_4C_NEWSTRUCTURE,69,0.9994494878398003
functional_ridge,5C_67PER_4C_NEWSTRUCTURE,70,0.9994254173142889
functional_ridge,5C_67PER_4C_NEWSTRUCTURE,71,0.9994009116006328
functional_ridge,5C_67PER_4C_NEWSTRUCTURE,72,0.9993759925562817
functional_ridge,5C_67PER_4C_NEWSTRUCTURE,73,0.999350682038686
functional_ridge,5C_67PER_4C_NEWSTRUCTURE,74,0.9993250019052954
functional_ridge,5C_67PER_4C_NEWSTRUCTURE,75,0.9992989740135599
functional_ridge,5C_67PER_4C_NEWSTRUCTURE,76,0.9992726202209294
functional_ridge,5C_67PER_4C_NEWSTRUCTURE,77,0.9992459623848541
functional_ridge,5C_67PER_4C_NEWSTRUCTURE,78,0.9992190223627836
functional_ridge,5C_67PER_4C_NEWSTRUCTURE,79,0.9991918220121682
functional_ridge,5C_67PER_4C_NEWSTRUCTURE,80,0.9991643831904576
functional_ridge,5C_67PER_4C_NEWSTRUCTURE,81,0.999136727755102
functional_ridge,5C_67PER_4C_NEWSTRUCTURE,82,0.9991088775635513
functional_ridge,5C_67PER_4C_NEWSTRUCTURE,83,0.9990808544732553
functional_ridge,5C_67PER_4C_NEWSTRUCTURE,84,0.9990526803416641
functional_ridge,5C_67PER_4C_NEWSTRUCTURE,85,0.9990243770262277
functional_ridge,5C_67PER_4C_NEWSTRUCTURE,86,0.998995966384396
functional_ridge,5C_67PER_4C_NEWSTRUCTURE,87,0.998967470273619
functional_ridge,5C_67PER_4C_NEWSTRUCTURE,88,0.9989389105513465
functional_ridge,5C_67PER_4C_NEWSTRUCTURE,89,0.9989103090750289
functional_ridge,5C_67PER_4C_NEWSTRUCTURE,90,0.9988816877021157
functional_ridge,5C_67PER_4C_NEWSTRUCTURE,91,0.9988530682900572
functional_ridge,5C_67PER_4C_NEWSTRUCTURE,92,0.9988244726963031
functional_ridge,5C_67PER_4C_NEWSTRUCTURE,93,0.9987959227783035
functional_ridge,5C_67PER_4C_NEWSTRUCTURE,94,0.9987674403935083
functional_ridge,5C_67PER_4C_NEWSTRUCTURE,95,0.9987390473993676
functional_ridge,5C_67PER_4C_NEWSTRUCTURE,96,0.9987107656533312
functional_ridge,5C_67PER_4C_NEWSTRUCTURE,97,0.9986826170128492
functional_ridge,5C_67PER_4C_NEWSTRUCTURE,98,0.9986546233353715
functional_ridge,5C_67PER_4C_NEWSTRUCTURE,99,0.998626806478348
functional_ridge,5C_67PER_4C_NEWSTRUCTURE,100,0.9985991882992288
functional_ridge,5C_67PER_4C_NEWSTRUCTURE,101,0.9985717851981892
functional_ridge,5C_67PER_4C_NEWSTRUCTURE,102,0.9985445917463059
functional_ridge,5C_67PER_4C_NEWSTRUCTURE,103,0.9985175970573812
functional_ridge,5C_67PER_4C_NEWSTRUCTURE,104,0.9984907902452173
functional_ridge,5C_67PER_4C_NEWSTRUCTURE,105,0.9984641604236163
functional_ridge,5C_67PER_4C_NEWSTRUCTURE,106,0.9984376967063803
functional_ridge,5C_67PER_4C_NEWSTRUCTURE,107,0.9984113882073117
functional_ridge,5C_67PER_4C_NEWSTRUCTURE,108,0.9983852240402126
functional_ridge,5C_67PER_4C_NEWSTRUCTURE,109,0.9983591933188851
functional_ridge,5C_67PER_4C_NEWSTRUCTURE,110,0.9983332851571315
functional_ridge,5C_67PER_4C_NEWSTRUCTURE,111,0.998307488668754
functional_ridge,5C_67PER_4C_NEWSTRUCTURE,112,0.9982817929675544
functional_ridge,5C_67PER_4C_NEWSTRUCTURE,113,0.9982561871673354
functional_ridge,5C_67PER_4C_NEWSTRUCTURE,114,0.9982306603818989
functional_ridge,5C_67PER_4C_NEWSTRUCTURE,115,0.9982052017250472
functional_ridge,5C_67PER_4C_NEWSTRUCTURE,116,0.9981798003105825
functional_ridge,5C_67PER_4C_NEWSTRUCTURE,117,0.9981544452523067
functional_ridge,5C_67PER_4C_NEWSTRUCTURE,118,0.9981291256640223
functional_ridge,5C_67PER_4C_NEWSTRUCTURE,119,0.9981038306595313
functional_ridge,5C_67PER_4C_NEWSTRUCTURE,120,0.9980785493526362
functional_ridge,5C_67PER_4C_NEWSTRUCTURE,121,0.9980532708571386
functional_ridge,5C_67PER_4C_NEWSTRUCTURE,122,0.9980279842868413
functional_ridge,5C_67PER_4C_NEWSTRUCTURE,123,0.998002678755546
functional_ridge,5C_67PER_4C_NEWSTRUCTURE,124,0.9979773433770552
functional_ridge,5C_67PER_4C_NEWSTRUCTURE,125,0.9979519672651708
functional_ridge,5C_67PER_4C_NEWSTRUCTURE,126,0.9979265395336955
functional_ridge,5C_67PER_4C_NEWSTRUCTURE,127,0.9979010492964306
functional_ridge,5C_67PER_4C_NEWSTRUCTURE,128,0.9978754856671791
functional_ridge,5C_67PER_4C_NEWSTRUCTURE,129,0.9978498377597429
functional_ridge,5C_67PER_4C_NEWSTRUCTURE,130,0.9978240946879242
functional_ridge,5C_67PER_4C_NEWSTRUCTURE,131,0.997798245565525
functional_ridge,5C_67PER_4C_NEWSTRUCTURE,132,0.9977722795063476
functional_ridge,5C_67PER_4C_NEWSTRUCTURE,133,0.9977461856241945
functional_ridge,5C_67PER_4C_NEWSTRUCTURE,134,0.9977199530328674
functional_ridge,5C_67PER_4C_NEWSTRUCTURE,135,0.9976935708461687
functional_ridge,5C_67PER_4C_NEWSTRUCTURE,136,0.9976670281779006
functional_ridge,5C_67PER_4C_NEWSTRUCTURE,137,0.9976403141418652
functional_ridge,5C_67PER_4C_NEWSTRUCTURE,138,0.9976134178518645
functional_ridge,5C_67PER_4C_NEWSTRUCTURE,139,0.9975863284217011
functional_ridge,5C_67PER_4C_NEWSTRUCTURE,140,0.9975590349651773
functional_ridge,5C_67PER_4C_NEWSTRUCTURE,141,0.9975315265960945
functional_ridge,5C_67PER_4C_NEWSTRUCTURE,142,0.9975037924282554
functional_ridge,5C_67PER_4C_NEWSTRUCTURE,143,0.9974758215754622
functional_ridge,5C_67PER_4C_NEWSTRUCTURE,144,0.997447603151517
functional_ridge,5C_67PER_4C_NEWSTRUCTURE,145,0.9974191262702221
functional_ridge,5C_67PER_4C_NEWSTRUCTURE,146,0.9973903800453795
functional_ridge,5C_67PER_4C_NEWSTRUCTURE,147,0.9973613535907916
functional_ridge,5C_67PER_4C_NEWSTRUCTURE,148,0.9973320360202603
functional_ridge,5C_67PER_4C_NEWSTRUCTURE,149,0.9973024164475878
functional_ridge,5C_67PER_4C_NEWSTRUCTURE,150,0.9972724839865764
functional_ridge,5C_67PER_4C_NEWSTRUCTURE,151,0.9972422293519173
functional_ridge,5C_67PER_4C_NEWSTRUCTURE,152,0.9972116496618569
functional_ridge,5C_67PER_4C_NEWSTRUCTURE,153,0.9971807436355304
functional_ridge,5C_67PER_4C_NEWSTRUCTURE,154,0.9971495099920734
functional_ridge,5C_67PER_4C_NEWSTRUCTURE,155,0.9971179474506212
functional_ridge,5C_67PER_4C_NEWSTRUCTURE,156,0.997086054730309
functional_ridge,5C_67PER_4C_NEWSTRUCTURE,157,0.9970538305502725
functional_ridge,5C_67PER_4C_NEWSTRUCTURE,158,0.9970212736296469
functional_ridge,5C_67PER_4C_NEWSTRUCTURE,159,0.9969883826875678
functional_ridge,5C_67PER_4C_NEWSTRUCTURE,160,0.99695515644317
functional_ridge,5C_67PER_4C_NEWSTRUCTURE,161,0.9969215936155896
functional_ridge,5C_67PER_4C_NEWSTRUCTURE,162,0.9968876929239616
functional_ridge,5C_67PER_4C_NEWSTRUCTURE,163,0.9968534530874215
functional_ridge,5C_67PER_4C_NEWSTRUCTURE,164,0.9968188728251045
functional_ridge,5C_67PER_4C_NEWSTRUCTURE,165,0.9967839508561461
functional_ridge,5C_67PER_4C_NEWSTRUCTURE,166,0.9967486858996816
functional_ridge,5C_67PER_4C_NEWSTRUCTURE,167,0.9967130766748467
functional_ridge,5C_67PER_4C_NEWSTRUCTURE,168,0.9966771219007762
functional_ridge,5C_67PER_4C_NEWSTRUCTURE,169,0.996640820296606
functional_ridge,5C_67PER_4C_NEWSTRUCTURE,170,0.9966041705814711
functional_ridge,5C_67PER_4C_NEWSTRUCTURE,171,0.9965671714745072
functional_ridge,5C_67PER_4C_NEWSTRUCTURE,172,0.9965298216948496
functional_ridge,5C_67PER_4C_NEWSTRUCTURE,173,0.9964921199616336
functional_ridge,5C_67PER_4C_NEWSTRUCTURE,174,0.9964540649939947
functional_ridge,5C_67PER_4C_NEWSTRUCTURE,175,0.9964156555110679
functional_ridge,5C_67PER_4C_NEWSTRUCTURE,176,0.9963768902319892
functional_ridge,5C_67PER_4C_NEWSTRUCTURE,177,0.9963377678758935
functional_ridge,5C_67PER_4C_NEWSTRUCTURE,178,0.996298287161916
functional_ridge,5C_67PER_4C_NEWSTRUCTURE,179,0.9962584468091928
functional_ridge,5C_67PER_4C_NEWSTRUCTURE,180,0.9962182455368589
functional_ridge,5C_67PER_4C_NEWSTRUCTURE,181,0.9961776820640496
functional_ridge,5C_67PER_4C_NEWSTRUCTURE,182,0.9961367551099003
functional_ridge,5C_67PER_4C_NEWSTRUCTURE,183,0.9960954633935463
functional_ridge,5C_67PER_4C_NEWSTRUCTURE,184,0.9960538056341233
functional_ridge,5C_67PER_4C_NEWSTRUCTURE,185,0.9960117805507663
functional_ridge,5C_67PER_4C_NEWSTRUCTURE,186,0.9959693868626109
functional_ridge,5C_67PER_4C_NEWSTRUCTURE,187,0.9959266232887926
functional_ridge,5C_67PER_4C_NEWSTRUCTURE,188,0.9958834885484465
functional_ridge,5C_67PER_4C_NEWSTRUCTURE,189,0.995839981360708
functional_ridge,5C_67PER_4C_NEWSTRUCTURE,190,0.9957961004447127
functional_ridge,5C_67PER_4C_NEWSTRUCTURE,191,0.9957518445195959
functional_ridge,5C_67PER_4C_NEWSTRUCTURE,192,0.9957072123044928
functional_ridge,5C_67PER_4C_NEWSTRUCTURE,193,0.995662202518539
functional_ridge,5C_67PER_4C_NEWSTRUCTURE,194,0.9956168138808698
functional_ridge,5C_67PER_4C_NEWSTRUCTURE,195,0.9955710451106204
functional_ridge,5C_67PER_4C_NEWSTRUCTURE,196,0.9955248949269266
functional_ridge,5C_67PER_4C_NEWSTRUCTURE,197,0.9954783620489233
functional_ridge,5C_67PER_4C_NEWSTRUCTURE,198,0.9954314451957463
functional_ridge,5C_67PER_4C_NEWSTRUCTURE,199,0.9953841430865306
functional_ridge,5C_67PER_4C_NEWSTRUCTURE,200,0.9953364544404122
functional_ridge,5_3C_54PER_4C_NEWSTRUCTURE,1,0.9978241324475101
functional_ridge,5_3C_54PER_4C_NEWSTRUCTURE,2,0.9979333543433956
functional_ridge,5_3C_54PER_4C_NEWSTRUCTURE,3,0.9980384719070883
functional_ridge,5_3C_54PER_4C_NEWSTRUCTURE,4,0.99813955251117
functional_ridge,5_3C_54PER_4C_NEWSTRUCTURE,5,0.9982366635282236
functional_ridge,5_3C_54PER_4C_NEWSTRUCTURE,6,0.9983298723308307
functional_ridge,5_3C_54PER_4C_NEWSTRUCTURE,7,0.9984192462915737
functional_ridge,5_3C_54PER_4C_NEWSTRUCTURE,8,0.998504852783035
functional_ridge,5_3C_54PER_4C_NEWSTRUCTURE,9,0.9985867591777968
functional_ridge,5_3C_54PER_4C_NEWSTRUCTURE,10,0.9986650328484411
functional_ridge,5_3C_54PER_4C_NEWSTRUCTURE,11,0.9987397411675505
functional_ridge,5_3C_54PER_4C_NEWSTRUCTURE,12,0.9988109515077068
functional_ridge,5_3C_54PER_4C_NEWSTRUCTURE,13,0.9988787312414925
functional_ridge,5_3C_54PER_4C_NEWSTRUCTURE,14,0.9989431477414898
functional_ridge,5_3C_54PER_4C_NEWSTRUCTURE,15,0.9990042683802808
functional_ridge,5_3C_54PER_4C_NEWSTRUCTURE,16,0.9990621605304478
functional_ridge,5_3C_54PER_4C_NEWSTRUCTURE,17,0.9991168915645731
functional_ridge,5_3C_54PER_4C_NEWSTRUCTURE,18,0.9991685288552389
functional_ridge,5_3C_54PER_4C_NEWSTRUCTURE,19,0.9992171397750272
functional_ridge,5_3C_54PER_4C_NEWSTRUCTURE,20,0.9992627916965208
functional_ridge,5_3C_54PER_4C_NEWSTRUCTURE,21,0.9993055519923012
functional_ridge,5_3C_54PER_4C_NEWSTRUCTURE,22,0.9993454880349512
functional_ridge,5_3C_54PER_4C_NEWSTRUCTURE,23,0.9993826671970526
functional_ridge,5_3C_54PER_4C_NEWSTRUCTURE,24,0.9994171568511879
functional_ridge,5_3C_54PER_4C_NEWSTRUCTURE,25,0.9994490243699393
functional_ridge,5_3C_54PER_4C_NEWSTRUCTURE,26,0.999478337125889
functional_ridge,5_3C_54PER_4C_NEWSTRUCTURE,27,0.9995051624916191
functional_ridge,5_3C_54PER_4C_NEWSTRUCTURE,28,0.9995295678397121
functional_ridge,5_3C_54PER_4C_NEWSTRUCTURE,29,0.99955162054275
functional_ridge,5_3C_54PER_4C_NEWSTRUCTURE,30,0.9995713879733151
functional_ridge,5_3C_54PER_4C_NEWSTRUCTURE,31,0.9995889375039896
functional_ridge,5_3C_54PER_4C_NEWSTRUCTURE,32,0.9996043365073557
functional_ridge,5_3C_54PER_4C_NEWSTRUCTURE,33,0.9996176523559959
functional_ridge,5_3C_54PER_4C_NEWSTRUCTURE,34,0.999628952422492
functional_ridge,5_3C_54PER_4C_NEWSTRUCTURE,35,0.9996383040794264
functional_ridge,5_3C_54PER_4C_NEWSTRUCTURE,36,0.9996457746993814
functional_ridge,5_3C_54PER_4C_NEWSTRUCTURE,37,0.9996514316549392
functional_ridge,5_3C_54PER_4C_NEWSTRUCTURE,38,0.9996553423186821
functional_ridge,5_3C_54PER_4C_NEWSTRUCTURE,39,0.9996575740631921
functional_ridge,5_3C_54PER_4C_NEWSTRUCTURE,40,0.9996581942610517
functional_ridge,5_3C_54PER_4C_NEWSTRUCTURE,41,0.9996572702848429
functional_ridge,5_3C_54PER_4C_NEWSTRUCTURE,42,0.9996548695071481
functional_ridge,5_3C_54PER_4C_NEWSTRUCTURE,43,0.9996510593005494
functional_ridge,5_3C_54PER_4C_NEWSTRUCTURE,44,0.999645907037629
functional_ridge,5_3C_54PER_4C_NEWSTRUCTURE,45,0.9996394800909694
functional_ridge,5_3C_54PER_4C_NEWSTRUCTURE,46,0.9996318458331525
functional_ridge,5_3C_54PER_4C_NEWSTRUCTURE,47,0.9996230716367607
functional_ridge,5_3C_54PER_4C_NEWSTRUCTURE,48,0.9996132248743761
functional_ridge,5_3C_54PER_4C_NEWSTRUCTURE,49,0.9996023729185811
functional_ridge,5_3C_54PER_4C_NEWSTRUCTURE,50,0.9995905831419578
functional_ridge,5_3C_54PER_4C_NEWSTRUCTURE,51,0.9995779154004357
functional_ridge,5_3C_54PER_4C_NEWSTRUCTURE,52,0.9995643994833331
functional_ridge,5_3C_54PER_4C_NEWSTRUCTURE,53,0.9995500576633155
functional_ridge,5_3C_54PER_4C_NEWSTRUCTURE,54,0.9995349122130484
functional_ridge,5_3C_54PER_4C_NEWSTRUCTURE,55,0.9995189854051972
functional_ridge,5_3C_54PER_4C_NEWSTRUCTURE,56,0.9995022995124275
functional_ridge,5_3C_54PER_4C_NEWSTRUCTURE,57,0.999484876807405
functional_ridge,5_3C_54PER_4C_NEWSTRUCTURE,58,0.9994667395627951
functional_ridge,5_3C_54PER_4C_NEWSTRUCTURE,59,0.9994479100512629
functional_ridge,5_3C_54PER_4C_NEWSTRUCTURE,60,0.9994284105454745
functional_ridge,5_3C_54PER_4C_NEWSTRUCTURE,61,0.9994082633180951
functional_ridge,5_3C_54PER_4C_NEWSTRUCTURE,62,0.9993874906417903
functional_ridge,5_3C_54PER_4C_NEWSTRUCTURE,63,0.9993661147892257
functional_ridge,5_3C_54PER_4C_NEWSTRUCTURE,64,0.9993441580330665
functional_ridge,5_3C_54PER_4C_NEWSTRUCTURE,65,0.9993216426459786
functional_ridge,5_3C_54PER_4C_NEWSTRUCTURE,66,0.9992985909006272
functional_ridge,5_3C_54PER_4C_NEWSTRUCTURE,67,0.999275025069678
functional_ridge,5_3C_54PER_4C_NEWSTRUCTURE,68,0.9992509674257964
functional_ridge,5_3C_54PER_4C_NEWSTRUCTURE,69,0.999226440241648
functional_ridge,5_3C_54PER_4C_NEWSTRUCTURE,70,0.9992014657898982
functional_ridge,5_3C_54PER_4C_NEWSTRUCTURE,71,0.9991760663432127
functional_ridge,5_3C_54PER_4C_NEWSTRUCTURE,72,0.9991502641742567
functional_ridge,5_3C_54PER_4C_NEWSTRUCTURE,73,0.9991240815556959
functional_ridge,5_3C_54PER_4C_NEWSTRUCTURE,74,0.9990975407601959
functional_ridge,5_3C_54PER_4C_NEWSTRUCTURE,75,0.999070664060422
functional_ridge,5_3C_54PER_4C_NEWSTRUCTURE,76,0.99904347372904
functional_ridge,5_3C_54PER_4C_NEWSTRUCTURE,77,0.9990159920387152
functional_ridge,5_3C_54PER_4C_NEWSTRUCTURE,78,0.998988241262113
functional_ridge,5_3C_54PER_4C_NEWSTRUCTURE,79,0.9989602436718991
functional_ridge,5_3C_54PER_4C_NEWSTRUCTURE,80,0.998932021540739
functional_ridge,5_3C_54PER_4C_NEWSTRUCTURE,81,0.9989035971412982
functional_ridge,5_3C_54PER_4C_NEWSTRUCTURE,82,0.9988749927462421
functional_ridge,5_3C_54PER_4C_NEWSTRUCTURE,83,0.9988462306282364
functional_ridge,5_3C_54PER_4C_NEWSTRUCTURE,84,0.9988173330599464
functional_ridge,5_3C_54PER_4C_NEWSTRUCTURE,85,0.9987883223140378
functional_ridge,5_3C_54PER_4C_NEWSTRUCTURE,86,0.9987592206631758
functional_ridge,5_3C_54PER_4C_NEWSTRUCTURE,87,0.9987300503800265
functional_ridge,5_3C_54PER_4C_NEWSTRUCTURE,88,0.9987008337372547
functional_ridge,5_3C_54PER_4C_NEWSTRUCTURE,89,0.9986715930075265
functional_ridge,5_3C_54PER_4C_NEWSTRUCTURE,90,0.9986423504635071
functional_ridge,5_3C_54PER_4C_NEWSTRUCTURE,91,0.9986131283778621
functional_ridge,5_3C_54PER_4C_NEWSTRUCTURE,92,0.9985839490232569
functional_ridge,5_3C_54PER_4C_NEWSTRUCTURE,93,0.9985548346723572
functional_ridge,5_3C_54PER_4C_NEWSTRUCTURE,94,0.9985258075978282
functional_ridge,5_3C_54PER_4C_NEWSTRUCTURE,95,0.9984968900723358
functional_ridge,5_3C_54PER_4C_NEWSTRUCTURE,96,0.9984681043685453
functional_ridge,5_3C_54PER_4C_NEWSTRUCTURE,97,0.9984394727591223
functional_ridge,5_3C_54PER_4C_NEWSTRUCTURE,98,0.9984110175167321
functional_ridge,5_3C_54PER_4C_NEWSTRUCTURE,99,0.9983827609140403
functional_ridge,5_3C_54PER_4C_NEWSTRUCTURE,100,0.9983547252237126
functional_ridge,5_3C_54PER_4C_NEWSTRUCTURE,101,0.9983269271925966
functional_ridge,5_3C_54PER_4C_NEWSTRUCTURE,102,0.9982993614642683
functional_ridge,5_3C_54PER_4C_NEWSTRUCTURE,103,0.9982720171564864
functional_ridge,5_3C_54PER_4C_NEWSTRUCTURE,104,0.9982448833870092
functional_ridge,5_3C_54PER_4C_NEWSTRUCTURE,105,0.998217949273595
functional_ridge,5_3C_54PER_4C_NEWSTRUCTURE,106,0.9981912039340024
functional_ridge,5_3C_54PER_4C_NEWSTRUCTURE,107,0.9981646364859895
functional_ridge,5_3C_54PER_4C_NEWSTRUCTURE,108,0.9981382360473151
functional_ridge,5_3C_54PER_4C_NEWSTRUCTURE,109,0.9981119917357374
functional_ridge,5_3C_54PER_4C_NEWSTRUCTURE,110,0.9980858926690147
functional_ridge,5_3C_54PER_4C_NEWSTRUCTURE,111,0.9980599279649055
functional_ridge,5_3C_54PER_4C_NEWSTRUCTURE,112,0.9980340867411682
functional_ridge,5_3C_54PER_4C_NEWSTRUCTURE,113,0.9980083581155613
functional_ridge,5_3C_54PER_4C_NEWSTRUCTURE,114,0.9979827312058431
functional_ridge,5_3C_54PER_4C_NEWSTRUCTURE,115,0.9979571951297721
functional_ridge,5_3C_54PER_4C_NEWSTRUCTURE,116,0.9979317390051063
functional_ridge,5_3C_54PER_4C_NEWSTRUCTURE,117,0.9979063519496049
functional_ridge,5_3C_54PER_4C_NEWSTRUCTURE,118,0.9978810230810254
functional_ridge,5_3C_54PER_4C_NEWSTRUCTURE,119,0.9978557415171271
functional_ridge,5_3C_54PER_4C_NEWSTRUCTURE,120,0.9978304963756675
functional_ridge,5_3C_54PER_4C_NEWSTRUCTURE,121,0.9978052767744056
functional_ridge,5_3C_54PER_4C_NEWSTRUCTURE,122,0.9977800718310996
functional_ridge,5_3C_54PER_4C_NEWSTRUCTURE,123,0.9977548706635081
functional_ridge,5_3C_54PER_4C_NEWSTRUCTURE,124,0.9977296623893893
functional_ridge,5_3C_54PER_4C_NEWSTRUCTURE,125,0.9977044361265015
functional_ridge,5_3C_54PER_4C_NEWSTRUCTURE,126,0.9976791809926034
functional_ridge,5_3C_54PER_4C_NEWSTRUCTURE,127,0.9976538861054531
functional_ridge,5_3C_54PER_4C_NEWSTRUCTURE,128,0.9976285405828094
functional_ridge,5_3C_54PER_4C_NEWSTRUCTURE,129,0.9976031335424304
functional_ridge,5_3C_54PER_4C_NEWSTRUCTURE,130,0.9975776541020744
functional_ridge,5_3C_54PER_4C_NEWSTRUCTURE,131,0.9975520913795
functional_ridge,5_3C_54PER_4C_NEWSTRUCTURE,132,0.9975264344924657
functional_ridge,5_3C_54PER_4C_NEWSTRUCTURE,133,0.9975006725587298
functional_ridge,5_3C_54PER_4C_NEWSTRUCTURE,134,0.9974747946960506
functional_ridge,5_3C_54PER_4C_NEWSTRUCTURE,135,0.9974487900221866
functional_ridge,5_3C_54PER_4C_NEWSTRUCTURE,136,0.9974226476548961
functional_ridge,5_3C_54PER_4C_NEWSTRUCTURE,137,0.9973963567119376
functional_ridge,5_3C_54PER_4C_NEWSTRUCTURE,138,0.9973699063110696
functional_ridge,5_3C_54PER_4C_NEWSTRUCTURE,139,0.9973432855700505
functional_ridge,5_3C_54PER_4C_NEWSTRUCTURE,140,0.9973164836066384
functional_ridge,5_3C_54PER_4C_NEWSTRUCTURE,141,0.997289489538592
functional_ridge,5_3C_54PER_4C_NEWSTRUCTURE,142,0.9972622924836696
functional_ridge,5_3C_54PER_4C_NEWSTRUCTURE,143,0.9972348815596296
functional_ridge,5_3C_54PER_4C_NEWSTRUCTURE,144,0.9972072458842303
functional_ridge,5_3C_54PER_4C_NEWSTRUCTURE,145,0.9971793745752303
functional_ridge,5_3C_54PER_4C_NEWSTRUCTURE,146,0.997151256750388
functional_ridge,5_3C_54PER_4C_NEWSTRUCTURE,147,0.9971228815274616
functional_ridge,5_3C_54PER_4C_NEWSTRUCTURE,148,0.9970942380242097
functional_ridge,5_3C_54PER_4C_NEWSTRUCTURE,149,0.9970653153583906
functional_ridge,5_3C_54PER_4C_NEWSTRUCTURE,150,0.9970361026477627
functional_ridge,5_3C_54PER_4C_NEWSTRUCTURE,151,0.9970065909260356
functional_ridge,5_3C_54PER_4C_NEWSTRUCTURE,152,0.9969767788907237
functional_ridge,5_3C_54PER_4C_NEWSTRUCTURE,153,0.9969466671552919
functional_ridge,5_3C_54PER_4C_NEWSTRUCTURE,154,0.996916256333206
functional_ridge,5_3C_54PER_4C_NEWSTRUCTURE,155,0.9968855470379315
functional_ridge,5_3C_54PER_4C_NEWSTRUCTURE,156,0.9968545398829335
functional_ridge,5_3C_54PER_4C_NEWSTRUCTURE,157,0.9968232354816773
functional_ridge,5_3C_54PER_4C_NEWSTRUCTURE,158,0.9967916344476283
functional_ridge,5_3C_54PER_4C_NEWSTRUCTURE,159,0.9967597373942522
functional_ridge,5_3C_54PER_4C_NEWSTRUCTURE,160,0.9967275449350141
functional_ridge,5_3C_54PER_4C_NEWSTRUCTURE,161,0.9966950576833796
functional_ridge,5_3C_54PER_4C_NEWSTRUCTURE,162,0.9966622762528139
functional_ridge,5_3C_54PER_4C_NEWSTRUCTURE,163,0.9966292012567828
functional_ridge,5_3C_54PER_4C_NEWSTRUCTURE,164,0.9965958333087509
functional_ridge,5_3C_54PER_4C_NEWSTRUCTURE,165,0.9965621730221841
functional_ridge,5_3C_54PER_4C_NEWSTRUCTURE,166,0.9965282210105479
functional_ridge,5_3C_54PER_4C_NEWSTRUCTURE,167,0.9964939778873072
functional_ridge,5_3C_54PER_4C_NEWSTRUCTURE,168,0.996459444265928
functional_ridge,5_3C_54PER_4C_NEWSTRUCTURE,169,0.9964246207598753
functional_ridge,5_3C_54PER_4C_NEWSTRUCTURE,170,0.9963895079826145
functional_ridge,5_3C_54PER_4C_NEWSTRUCTURE,171,0.9963541065476109
functional_ridge,5_3C_54PER_4C_NEWSTRUCTURE,172,0.9963184170683302
functional_ridge,5_3C_54PER_4C_NEWSTRUCTURE,173,0.9962824401582376
functional_ridge,5_3C_54PER_4C_NEWSTRUCTURE,174,0.9962461764307985
functional_ridge,5_3C_54PER_4C_NEWSTRUCTURE,175,0.9962096264994782
functional_ridge,5_3C_54PER_4C_NEWSTRUCTURE,176,0.9961727909777421
functional_ridge,5_3C_54PER_4C_NEWSTRUCTURE,177,0.9961356704790558
functional_ridge,5_3C_54PER_4C_NEWSTRUCTURE,178,0.9960982656168847
functional_ridge,5_3C_54PER_4C_NEWSTRUCTURE,179,0.9960605770046937
functional_ridge,5_3C_54PER_4C_NEWSTRUCTURE,180,0.9960226052559485
functional_ridge,5_3C_54PER_4C_NEWSTRUCTURE,181,0.9959843509841148
functional_ridge,5_3C_54PER_4C_NEWSTRUCTURE,182,0.9959458148026574
functional_ridge,5_3C_54PER_4C_NEWSTRUCTURE,183,0.9959069973250423
functional_ridge,5_3C_54PER_4C_NEWSTRUCTURE,184,0.9958678991647343
functional_ridge,5_3C_54PER_4C_NEWSTRUCTURE,185,0.995828520935199
functional_ridge,5_3C_54PER_4C_NEWSTRUCTURE,186,0.9957888632499018
functional_ridge,5_3C_54PER_4C_NEWSTRUCTURE,187,0.9957489267223081
functional_ridge,5_3C_54PER_4C_NEWSTRUCTURE,188,0.9957087119658836
functional_ridge,5_3C_54PER_4C_NEWSTRUCTURE,189,0.9956682195940929
functional_ridge,5_3C_54PER_4C_NEWSTRUCTURE,190,0.9956274502204023
functional_ridge,5_3C_54PER_4C_NEWSTRUCTURE,191,0.9955864044582764
functional_ridge,5_3C_54PER_4C_NEWSTRUCTURE,192,0.9955450829211813
functional_ridge,5_3C_54PER_4C_NEWSTRUCTURE,193,0.9955034862225817
functional_ridge,5_3C_54PER_4C_NEWSTRUCTURE,194,0.9954616149759435
functional_ridge,5_3C_54PER_4C_NEWSTRUCTURE,195,0.9954194697947316
functional_ridge,5_3C_54PER_4C_NEWSTRUCTURE,196,0.9953770512924119
functional_ridge,5_3C_54PER_4C_NEWSTRUCTURE,197,0.9953343600824495
functional_ridge,5_3C_54PER_4C_NEWSTRUCTURE,198,0.9952913967783099
functional_ridge,5_3C_54PER_4C_NEWSTRUCTURE,199,0.9952481619934583
functional_ridge,5_3C_54PER_4C_NEWSTRUCTURE,200,0.9952046563413605
functional_ridge,5_6C_19PER_4_6C_NEWSTRUCTURE,1,0.9982696998719041
functional_ridge,5_6C_19PER_4_6C_NEWSTRUCTURE,2,0.9983706423813862
functional_ridge,5_6C_19PER_4_6C_NEWSTRUCTURE,3,0.9984673612211703
functional_ridge,5_6C_19PER_4_6C_NEWSTRUCTURE,4,0.9985599280108685
functional_ridge,5_6C_19PER_4_6C_NEWSTRUCTURE,5,0.9986484143700927
functional_ridge,5_6C_19PER_4_6C_NEWSTRUCTURE,6,0.998732891918455
functional_ridge,5_6C_19PER_4_6C_NEWSTRUCTURE,7,0.9988134322755676
functional_ridge,5_6C_19PER_4_6C_NEWSTRUCTURE,8,0.9988901070610426
functional_ridge,5_6C_19PER_4_6C_NEWSTRUCTURE,9,0.998962987894492
functional_ridge,5_6C_19PER_4_6C_NEWSTRUCTURE,10,0.999032146395528
functional_ridge,5_6C_19PER_4_6C_NEWSTRUCTURE,11,0.9990976541837624
functional_ridge,5_6C_19PER_4_6C_NEWSTRUCTURE,12,0.9991595828788075
functional_ridge,5_6C_19PER_4_6C_NEWSTRUCTURE,13,0.9992180041002754
functional_ridge,5_6C_19PER_4_6C_NEWSTRUCTURE,14,0.9992729894677781
functional_ridge,5_6C_19PER_4_6C_NEWSTRUCTURE,15,0.9993246106009277
functional_ridge,5_6C_19PER_4_6C_NEWSTRUCTURE,16,0.9993729391193363
functional_ridge,5_6C_19PER_4_6C_NEWSTRUCTURE,17,0.999418046642616
functional_ridge,5_6C_19PER_4_6C_NEWSTRUCTURE,18,0.9994600047903788
functional_ridge,5_6C_19PER_4_6C_NEWSTRUCTURE,19,0.9994988851822368
functional_ridge,5_6C_19PER_4_6C_NEWSTRUCTURE,20,0.9995347594378022
functional_ridge,5_6C_19PER_4_6C_NEWSTRUCTURE,21,0.999567699176687
functional_ridge,5_6C_19PER_4_6C_NEWSTRUCTURE,22,0.9995977760185033
functional_ridge,5_6C_19PER_4_6C_NEWSTRUCTURE,23,0.9996250615828631
functional_ridge,5_6C_19PER_4_6C_NEWSTRUCTURE,24,0.9996496274893786
functional_ridge,5_6C_19PER_4_6C_NEWSTRUCTURE,25,0.9996715453576619
functional_ridge,5_6C_19PER_4_6C_NEWSTRUCTURE,26,0.9996908868073249
functional_ridge,5_6C_19PER_4_6C_NEWSTRUCTURE,27,0.9997077234579798
functional_ridge,5_6C_19PER_4_6C_NEWSTRUCTURE,28,0.9997221269292387
functional_ridge,5_6C_19PER_4_6C_NEWSTRUCTURE,29,0.9997341688407135
functional_ridge,5_6C_19PER_4_6C_NEWSTRUCTURE,30,0.9997439208120166
functional_ridge,5_6C_19PER_4_6C_NEWSTRUCTURE,31,0.9997514544627599
functional_ridge,5_6C_19PER_4_6C_NEWSTRUCTURE,32,0.9997568414125556
functional_ridge,5_6C_19PER_4_6C_NEWSTRUCTURE,33,0.9997601532810155
functional_ridge,5_6C_19PER_4_6C_NEWSTRUCTURE,34,0.9997614616877519
functional_ridge,5_6C_19PER_4_6C_NEWSTRUCTURE,35,0.9997608382523769
functional_ridge,5_6C_19PER_4_6C_NEWSTRUCTURE,36,0.9997583545945025
functional_ridge,5_6C_19PER_4_6C_NEWSTRUCTURE,37,0.9997540823337409
functional_ridge,5_6C_19PER_4_6C_NEWSTRUCTURE,38,0.999748093089704
functional_ridge,5_6C_19PER_4_6C_NEWSTRUCTURE,39,0.999740458482004
functional_ridge,5_6C_19PER_4_6C_NEWSTRUCTURE,40,0.999731250130253
functional_ridge,5_6C_19PER_4_6C_NEWSTRUCTURE,41,0.9997205396540629
functional_ridge,5_6C_19PER_4_6C_NEWSTRUCTURE,42,0.9997083986730461
functional_ridge,5_6C_19PER_4_6C_NEWSTRUCTURE,43,0.9996948988068143
functional_ridge,5_6C_19PER_4_6C_NEWSTRUCTURE,44,0.9996801116749799
functional_ridge,5_6C_19PER_4_6C_NEWSTRUCTURE,45,0.9996641088971548
functional_ridge,5_6C_19PER_4_6C_NEWSTRUCTURE,46,0.9996469620929513
functional_ridge,5_6C_19PER_4_6C_NEWSTRUCTURE,47,0.9996287428819812
functional_ridge,5_6C_19PER_4_6C_NEWSTRUCTURE,48,0.9996095228838567
functional_ridge,5_6C_19PER_4_6C_NEWSTRUCTURE,49,0.99958937371819
functional_ridge,5_6C_19PER_4_6C_NEWSTRUCTURE,50,0.9995683670045931
functional_ridge,5_6C_19PER_4_6C_NEWSTRUCTURE,51,0.9995465660194005
functional_ridge,5_6C_19PER_4_6C_NEWSTRUCTURE,52,0.9995240006658376
functional_ridge,5_6C_19PER_4_6C_NEWSTRUCTURE,53,0.9995006925038521
functional_ridge,5_6C_19PER_4_6C_NEWSTRUCTURE,54,0.9994766630933917
functional_ridge,5_6C_19PER_4_6C_NEWSTRUCTURE,55,0.999451933994404
functional_ridge,5_6C_19PER_4_6C_NEWSTRUCTURE,56,0.9994265267668371
functional_ridge,5_6C_19PER_4_6C_NEWSTRUCTURE,57,0.9994004629706384
functional_ridge,5_6C_19PER_4_6C_NEWSTRUCTURE,58,0.999373764165756
functional_ridge,5_6C_19PER_4_6C_NEWSTRUCTURE,59,0.9993464519121372
functional_ridge,5_6C_19PER_4_6C_NEWSTRUCTURE,60,0.9993185477697303
functional_ridge,5_6C_19PER_4_6C_NEWSTRUCTURE,61,0.9992900732984825
functional_ridge,5_6C_19PER_4_6C_NEWSTRUCTURE,62,0.9992610500583419
functional_ridge,5_6C_19PER_4_6C_NEWSTRUCTURE,63,0.9992314996092562
functional_ridge,5_6C_19PER_4_6C_NEWSTRUCTURE,64,0.9992014435111731
functional_ridge,5_6C_19PER_4_6C_NEWSTRUCTURE,65,0.9991709033240402
functional_ridge,5_6C_19PER_4_6C_NEWSTRUCTURE,66,0.9991399006078057
functional_ridge,5_6C_19PER_4_6C_NEWSTRUCTURE,67,0.9991084569224168
functional_ridge,5_6C_19PER_4_6C_NEWSTRUCTURE,68,0.9990765938278215
functional_ridge,5_6C_19PER_4_6C_NEWSTRUCTURE,69,0.9990443328839678
functional_ridge,5_6C_19PER_4_6C_NEWSTRUCTURE,70,0.9990116956508029
functional_ridge,5_6C_19PER_4_6C_NEWSTRUCTURE,71,0.9989787036882751
functional_ridge,5_6C_19PER_4_6C_NEWSTRUCTURE,72,0.9989453785563318
functional_ridge,5_6C_19PER_4_6C_NEWSTRUCTURE,73,0.9989117418149208
functional_ridge,5_6C_19PER_4_6C_NEWSTRUCTURE,74,0.9988778150239901
functional_ridge,5_6C_19PER_4_6C_NEWSTRUCTURE,75,0.9988436197434871
functional_ridge,5_6C_19PER_4_6C_NEWSTRUCTURE,76,0.9988091775333596
functional_ridge,5_6C_19PER_4_6C_NEWSTRUCTURE,77,0.9987745099535557
functional_ridge,5_6C_19PER_4_6C_NEWSTRUCTURE,78,0.9987396385640228
functional_ridge,5_6C_19PER_4_6C_NEWSTRUCTURE,79,0.9987045849247087
functional_ridge,5_6C_19PER_4_6C_NEWSTRUCTURE,80,0.9986693705955613
functional_ridge,5_6C_19PER_4_6C_NEWSTRUCTURE,81,0.9986340171365281
functional_ridge,5_6C_19PER_4_6C_NEWSTRUCTURE,82,0.9985985461075572
functional_ridge,5_6C_19PER_4_6C_NEWSTRUCTURE,83,0.998562979068596
functional_ridge,5_6C_19PER_4_6C_NEWSTRUCTURE,84,0.9985273375795926
functional_ridge,5_6C_19PER_4_6C_NEWSTRUCTURE,85,0.9984916432004942
functional_ridge,5_6C_19PER_4_6C_NEWSTRUCTURE,86,0.9984559174912492
functional_ridge,5_6C_19PER_4_6C_NEWSTRUCTURE,87,0.998420182011805
functional_ridge,5_6C_19PER_4_6C_NEWSTRUCTURE,88,0.9983844583221095
functional_ridge,5_6C_19PER_4_6C_NEWSTRUCTURE,89,0.9983487679821101
functional_ridge,5_6C_19PER_4_6C_NEWSTRUCTURE,90,0.9983131325517549
functional_ridge,5_6C_19PER_4_6C_NEWSTRUCTURE,91,0.9982775735909918
functional_ridge,5_6C_19PER_4_6C_NEWSTRUCTURE,92,0.998242112659768
functional_ridge,5_6C_19PER_4_6C_NEWSTRUCTURE,93,0.9982067713180316
functional_ridge,5_6C_19PER_4_6C_NEWSTRUCTURE,94,0.9981715711257304
functional_ridge,5_6C_19PER_4_6C_NEWSTRUCTURE,95,0.998136533642812
functional_ridge,5_6C_19PER_4_6C_NEWSTRUCTURE,96,0.9981016804292243
functional_ridge,5_6C_19PER_4_6C_NEWSTRUCTURE,97,0.9980670330449147
functional_ridge,5_6C_19PER_4_6C_NEWSTRUCTURE,98,0.9980326130498315
functional_ridge,5_6C_19PER_4_6C_NEWSTRUCTURE,99,0.997998442003922
functional_ridge,5_6C_19PER_4_6C_NEWSTRUCTURE,100,0.9979645414671341
functional_ridge,5_6C_19PER_4_6C_NEWSTRUCTURE,101,0.9979309272091449
functional_ridge,5_6C_19PER_4_6C_NEWSTRUCTURE,102,0.9978975918385494
functional_ridge,5_6C_19PER_4_6C_NEWSTRUCTURE,103,0.9978645221736716
functional_ridge,5_6C_19PER_4_6C_NEWSTRUCTURE,104,0.9978317050328358
functional_ridge,5_6C_19PER_4_6C_NEWSTRUCTURE,105,0.9977991272343661
functional_ridge,5_6C_19PER_4_6C_NEWSTRUCTURE,106,0.9977667755965868
functional_ridge,5_6C_19PER_4_6C_NEWSTRUCTURE,107,0.997734636937822
functional_ridge,5_6C_19PER_4_6C_NEWSTRUCTURE,108,0.997702698076396
functional_ridge,5_6C_19PER_4_6C_NEWSTRUCTURE,109,0.9976709458306331
functional_ridge,5_6C_19PER_4_6C_NEWSTRUCTURE,110,0.9976393670188572
functional_ridge,5_6C_19PER_4_6C_NEWSTRUCTURE,111,0.9976079484593927
functional_ridge,5_6C_19PER_4_6C_NEWSTRUCTURE,112,0.997576676970564
functional_ridge,5_6C_19PER_4_6C_NEWSTRUCTURE,113,0.9975455393706948
functional_ridge,5_6C_19PER_4_6C_NEWSTRUCTURE,114,0.9975145224781096
functional_ridge,5_6C_19PER_4_6C_NEWSTRUCTURE,115,0.9974836131111328
functional_ridge,5_6C_19PER_4_6C_NEWSTRUCTURE,116,0.9974527980880882
functional_ridge,5_6C_19PER_4_6C_NEWSTRUCTURE,117,0.9974220642273002
functional_ridge,5_6C_19PER_4_6C_NEWSTRUCTURE,118,0.9973913983470931
functional_ridge,5_6C_19PER_4_6C_NEWSTRUCTURE,119,0.9973607872657908
functional_ridge,5_6C_19PER_4_6C_NEWSTRUCTURE,120,0.9973302178017178
functional_ridge,5_6C_19PER_4_6C_NEWSTRUCTURE,121,0.9972996767731984
functional_ridge,5_6C_19PER_4_6C_NEWSTRUCTURE,122,0.9972691509985564
functional_ridge,5_6C_19PER_4_6C_NEWSTRUCTURE,123,0.9972386272961161
functional_ridge,5_6C_19PER_4_6C_NEWSTRUCTURE,124,0.9972080924842021
functional_ridge,5_6C_19PER_4_6C_NEWSTRUCTURE,125,0.9971775333811381
functional_ridge,5_6C_19PER_4_6C_NEWSTRUCTURE,126,0.9971469368052487
functional_ridge,5_6C_19PER_4_6C_NEWSTRUCTURE,127,0.9971162895748577
functional_ridge,5_6C_19PER_4_6C_NEWSTRUCTURE,128,0.9970855785082896
functional_ridge,5_6C_19PER_4_6C_NEWSTRUCTURE,129,0.9970547904238685
functional_ridge,5_6C_19PER_4_6C_NEWSTRUCTURE,130,0.9970239121399185
functional_ridge,5_6C_19PER_4_6C_NEWSTRUCTURE,131,0.996992930474764
functional_ridge,5_6C_19PER_4_6C_NEWSTRUCTURE,132,0.9969618322467294
functional_ridge,5_6C_19PER_4_6C_NEWSTRUCTURE,133,0.9969306042741383
functional_ridge,5_6C_19PER_4_6C_NEWSTRUCTURE,134,0.9968992333753154
functional_ridge,5_6C_19PER_4_6C_NEWSTRUCTURE,135,0.9968677063685847
functional_ridge,5_6C_19PER_4_6C_NEWSTRUCTURE,136,0.9968360100722703
functional_ridge,5_6C_19PER_4_6C_NEWSTRUCTURE,137,0.9968041313046967
functional_ridge,5_6C_19PER_4_6C_NEWSTRUCTURE,138,0.9967720568841879
functional_ridge,5_6C_19PER_4_6C_NEWSTRUCTURE,139,0.9967397736290681
functional_ridge,5_6C_19PER_4_6C_NEWSTRUCTURE,140,0.9967072683576615
functional_ridge,5_6C_19PER_4_6C_NEWSTRUCTURE,141,0.9966745278882925
functional_ridge,5_6C_19PER_4_6C_NEWSTRUCTURE,142,0.9966415390392851
functional_ridge,5_6C_19PER_4_6C_NEWSTRUCTURE,143,0.9966082886289634
functional_ridge,5_6C_19PER_4_6C_NEWSTRUCTURE,144,0.9965747634756519
functional_ridge,5_6C_19PER_4_6C_NEWSTRUCTURE,145,0.9965409503976747
functional_ridge,5_6C_19PER_4_6C_NEWSTRUCTURE,146,0.9965068362133559
functional_ridge,5_6C_19PER_4_6C_NEWSTRUCTURE,147,0.9964724077410198
functional_ridge,5_6C_19PER_4_6C_NEWSTRUCTURE,148,0.9964376517989906
functional_ridge,5_6C_19PER_4_6C_NEWSTRUCTURE,149,0.9964025552055923
functional_ridge,5_6C_19PER_4_6C_NEWSTRUCTURE,150,0.9963671047791492
functional_ridge,5_6C_19PER_4_6C_NEWSTRUCTURE,151,0.9963312894609894
functional_ridge,5_6C_19PER_4_6C_NEWSTRUCTURE,152,0.996295106684455
functional_ridge,5_6C_19PER_4_6C_NEWSTRUCTURE,153,0.9962585560058919
functional_ridge,5_6C_19PER_4_6C_NEWSTRUCTURE,154,0.9962216369816462
functional_ridge,5_6C_19PER_4_6C_NEWSTRUCTURE,155,0.996184349168064
functional_ridge,5_6C_19PER_4_6C_NEWSTRUCTURE,156,0.996146692121491
functional_ridge,5_6C_19PER_4_6C_NEWSTRUCTURE,157,0.9961086653982731
functional_ridge,5_6C_19PER_4_6C_NEWSTRUCTURE,158,0.9960702685547568
functional_ridge,5_6C_19PER_4_6C_NEWSTRUCTURE,159,0.9960315011472872
functional_ridge,5_6C_19PER_4_6C_NEWSTRUCTURE,160,0.9959923627322111
functional_ridge,5_6C_19PER_4_6C_NEWSTRUCTURE,161,0.9959528528658741
functional_ridge,5_6C_19PER_4_6C_NEWSTRUCTURE,162,0.9959129711046221
functional_ridge,5_6C_19PER_4_6C_NEWSTRUCTURE,163,0.9958727170048012
functional_ridge,5_6C_19PER_4_6C_NEWSTRUCTURE,164,0.9958320901227572
functional_ridge,5_6C_19PER_4_6C_NEWSTRUCTURE,165,0.9957910900148363
functional_ridge,5_6C_19PER_4_6C_NEWSTRUCTURE,166,0.9957497162373844
functional_ridge,5_6C_19PER_4_6C_NEWSTRUCTURE,167,0.9957079683467474
functional_ridge,5_6C_19PER_4_6C_NEWSTRUCTURE,168,0.9956658458992712
functional_ridge,5_6C_19PER_4_6C_NEWSTRUCTURE,169,0.995623348451302
functional_ridge,5_6C_19PER_4_6C_NEWSTRUCTURE,170,0.9955804755591854
functional_ridge,5_6C_19PER_4_6C_NEWSTRUCTURE,171,0.9955372267792678
functional_ridge,5_6C_19PER_4_6C_NEWSTRUCTURE,172,0.9954936016678947
functional_ridge,5_6C_19PER_4_6C_NEWSTRUCTURE,173,0.9954495997814126
functional_ridge,5_6C_19PER_4_6C_NEWSTRUCTURE,174,0.995405220676167
functional_ridge,5_6C_19PER_4_6C_NEWSTRUCTURE,175,0.9953604639085039
functional_ridge,5_6C_19PER_4_6C_NEWSTRUCTURE,176,0.9953153290347697
functional_ridge,5_6C_19PER_4_6C_NEWSTRUCTURE,177,0.99526981561131
functional_ridge,5_6C_19PER_4_6C_NEWSTRUCTURE,178,0.9952239231944706
functional_ridge,5_6C_19PER_4_6C_NEWSTRUCTURE,179,0.995177651340598
functional_ridge,5_6C_19PER_4_6C_NEWSTRUCTURE,180,0.9951309996060377
functional_ridge,5_6C_19PER_4_6C_NEWSTRUCTURE,181,0.9950839675471359
functional_ridge,5_6C_19PER_4_6C_NEWSTRUCTURE,182,0.9950365547202384
functional_ridge,5_6C_19PER_4_6C_NEWSTRUCTURE,183,0.9949887606816915
functional_ridge,5_6C_19PER_4_6C_NEWSTRUCTURE,184,0.9949405849878408
functional_ridge,5_6C_19PER_4_6C_NEWSTRUCTURE,185,0.9948920271950322
functional_ridge,5_6C_19PER_4_6C_NEWSTRUCTURE,186,0.9948430868596122
functional_ridge,5_6C_19PER_4_6C_NEWSTRUCTURE,187,0.9947937635379263
functional_ridge,5_6C_19PER_4_6C_NEWSTRUCTURE,188,0.9947440567863204
functional_ridge,5_6C_19PER_4_6C_NEWSTRUCTURE,189,0.9946939661611408
functional_ridge,5_6C_19PER_4_6C_NEWSTRUCTURE,190,0.9946434912187334
functional_ridge,5_6C_19PER_4_6C_NEWSTRUCTURE,191,0.9945926315154441
functional_ridge,5_6C_19PER_4_6C_NEWSTRUCTURE,192,0.9945413866076187
functional_ridge,5_6C_19PER_4_6C_NEWSTRUCTURE,193,0.9944897560516034
functional_ridge,5_6C_19PER_4_6C_NEWSTRUCTURE,194,0.9944377394037441
functional_ridge,5_6C_19PER_4_6C_NEWSTRUCTURE,195,0.9943853362203867
functional_ridge,5_6C_19PER_4_6C_NEWSTRUCTURE,196,0.9943325460578771
functional_ridge,5_6C_19PER_4_6C_NEWSTRUCTURE,197,0.9942793684725617
functional_ridge,5_6C_19PER_4_6C_NEWSTRUCTURE,198,0.9942258030207859
functional_ridge,5_6C_19PER_4_6C_NEWSTRUCTURE,199,0.994171849258896
functional_ridge,5_6C_19PER_4_6C_NEWSTRUCTURE,200,0.9941175067432377
functional_ridge,5_6C_36PER_4_3C_NEWSTRUCTURE,1,0.9980972769774904
functional_ridge,5_6C_36PER_4_3C_NEWSTRUCTURE,2,0.9982045464382672
functional_ridge,5_6C_36PER_4_3C_NEWSTRUCTURE,3,0.998307547473937
functional_ridge,5_6C_36PER_4_3C_NEWSTRUCTURE,4,0.9984063518519172
functional_ridge,5_6C_36PER_4_3C_NEWSTRUCTURE,5,0.9985010313396248
functional_ridge,5_6C_36PER_4_3C_NEWSTRUCTURE,6,0.9985916577044769
functional_ridge,5_6C_36PER_4_3C_NEWSTRUCTURE,7,0.9986783027138908
functional_ridge,5_6C_36PER_4_3C_NEWSTRUCTURE,8,0.9987610381352834
functional_ridge,5_6C_36PER_4_3C_NEWSTRUCTURE,9,0.9988399357360722
functional_ridge,5_6C_36PER_4_3C_NEWSTRUCTURE,10,0.9989150672836743
functional_ridge,5_6C_36PER_4_3C_NEWSTRUCTURE,11,0.9989865045455066
functional_ridge,5_6C_36PER_4_3C_NEWSTRUCTURE,12,0.9990543192889864
functional_ridge,5_6C_36PER_4_3C_NEWSTRUCTURE,13,0.9991185832815308
functional_ridge,5_6C_36PER_4_3C_NEWSTRUCTURE,14,0.999179368290557
functional_ridge,5_6C_36PER_4_3C_NEWSTRUCTURE,15,0.9992367460834821
functional_ridge,5_6C_36PER_4_3C_NEWSTRUCTURE,16,0.9992907884277235
functional_ridge,5_6C_36PER_4_3C_NEWSTRUCTURE,17,0.9993415670906978
functional_ridge,5_6C_36PER_4_3C_NEWSTRUCTURE,18,0.9993891538398226
functional_ridge,5_6C_36PER_4_3C_NEWSTRUCTURE,19,0.999433620442515
functional_ridge,5_6C_36PER_4_3C_NEWSTRUCTURE,20,0.999475038666192
functional_ridge,5_6C_36PER_4_3C_NEWSTRUCTURE,21,0.999513480278271
functional_ridge,5_6C_36PER_4_3C_NEWSTRUCTURE,22,0.9995490170461689
functional_ridge,5_6C_36PER_4_3C_NEWSTRUCTURE,23,0.9995817207373028
functional_ridge,5_6C_36PER_4_3C_NEWSTRUCTURE,24,0.9996116631190901
functional_ridge,5_6C_36PER_4_3C_NEWSTRUCTURE,25,0.9996389159589478
functional_ridge,5_6C_36PER_4_3C_NEWSTRUCTURE,26,0.9996635510242932
functional_ridge,5_6C_36PER_4_3C_NEWSTRUCTURE,27,0.9996856400825432
functional_ridge,5_6C_36PER_4_3C_NEWSTRUCTURE,28,0.9997052549011151
functional_ridge,5_6C_36PER_4_3C_NEWSTRUCTURE,29,0.9997224672474261
functional_ridge,5_6C_36PER_4_3C_NEWSTRUCTURE,30,0.9997373488888931
functional_ridge,5_6C_36PER_4_3C_NEWSTRUCTURE,31,0.9997499715929334
functional_ridge,5_6C_36PER_4_3C_NEWSTRUCTURE,32,0.9997604071269645
functional_ridge,5_6C_36PER_4_3C_NEWSTRUCTURE,33,0.9997687272584029
functional_ridge,5_6C_36PER_4_3C_NEWSTRUCTURE,34,0.9997750037546663
functional_ridge,5_6C_36PER_4_3C_NEWSTRUCTURE,35,0.9997793083831716
functional_ridge,5_6C_36PER_4_3C_NEWSTRUCTURE,36,0.999781712911336
functional_ridge,5_6C_36PER_4_3C_NEWSTRUCTURE,37,0.9997822891065765
functional_ridge,5_6C_36PER_4_3C_NEWSTRUCTURE,38,0.9997811087363104
functional_ridge,5_6C_36PER_4_3C_NEWSTRUCTURE,39,0.999778243567955
functional_ridge,5_6C_36PER_4_3C_NEWSTRUCTURE,40,0.9997737653689271
functional_ridge,5_6C_36PER_4_3C_NEWSTRUCTURE,41,0.9997677459066441
functional_ridge,5_6C_36PER_4_3C_NEWSTRUCTURE,42,0.999760256948523
functional_ridge,5_6C_36PER_4_3C_NEWSTRUCTURE,43,0.9997513702619812
functional_ridge,5_6C_36PER_4_3C_NEWSTRUCTURE,44,0.9997411576144356
functional_ridge,5_6C_36PER_4_3C_NEWSTRUCTURE,45,0.9997296907733033
functional_ridge,5_6C_36PER_4_3C_NEWSTRUCTURE,46,0.9997170415060017
functional_ridge,5_6C_36PER_4_3C_NEWSTRUCTURE,47,0.9997032815799478
functional_ridge,5_6C_36PER_4_3C_NEWSTRUCTURE,48,0.9996884827625588
functional_ridge,5_6C_36PER_4_3C_NEWSTRUCTURE,49,0.9996727168212519
functional_ridge,5_6C_36PER_4_3C_NEWSTRUCTURE,50,0.999656055523444
functional_ridge,5_6C_36PER_4_3C_NEWSTRUCTURE,51,0.999638562411156
functional_ridge,5_6C_36PER_4_3C_NEWSTRUCTURE,52,0.999620268124822
functional_ridge,5_6C_36PER_4_3C_NEWSTRUCTURE,53,0.9996011950794796
functional_ridge,5_6C_36PER_4_3C_NEWSTRUCTURE,54,0.9995813656901669
functional_ridge,5_6C_36PER_4_3C_NEWSTRUCTURE,55,0.999560802371921
functional_ridge,5_6C_36PER_4_3C_NEWSTRUCTURE,56,0.9995395275397803
functional_ridge,5_6C_36PER_4_3C_NEWSTRUCTURE,57,0.999517563608782
functional_ridge,5_6C_36PER_4_3C_NEWSTRUCTURE,58,0.999494932993964
functional_ridge,5_6C_36PER_4_3C_NEWSTRUCTURE,59,0.999471658110364
functional_ridge,5_6C_36PER_4_3C_NEWSTRUCTURE,60,0.9994477613730196
functional_ridge,5_6C_36PER_4_3C_NEWSTRUCTURE,61,0.9994232651969686
functional_ridge,5_6C_36PER_4_3C_NEWSTRUCTURE,62,0.9993981919972487
functional_ridge,5_6C_36PER_4_3C_NEWSTRUCTURE,63,0.9993725641888976
functional_ridge,5_6C_36PER_4_3C_NEWSTRUCTURE,64,0.9993464041869531
functional_ridge,5_6C_36PER_4_3C_NEWSTRUCTURE,65,0.9993197344064527
functional_ridge,5_6C_36PER_4_3C_NEWSTRUCTURE,66,0.999292577262434
functional_ridge,5_6C_36PER_4_3C_NEWSTRUCTURE,67,0.9992649551699351
functional_ridge,5_6C_36PER_4_3C_NEWSTRUCTURE,68,0.9992368905439936
functional_ridge,5_6C_36PER_4_3C_NEWSTRUCTURE,69,0.9992084057996471
functional_ridge,5_6C_36PER_4_3C_NEWSTRUCTURE,70,0.9991795233519333
functional_ridge,5_6C_36PER_4_3C_NEWSTRUCTURE,71,0.9991502656158898
functional_ridge,5_6C_36PER_4_3C_NEWSTRUCTURE,72,0.9991206550065546
functional_ridge,5_6C_36PER_4_3C_NEWSTRUCTURE,73,0.9990907139389652
functional_ridge,5_6C_36PER_4_3C_NEWSTRUCTURE,74,0.9990604648281594
functional_ridge,5_6C_36PER_4_3C_NEWSTRUCTURE,75,0.9990299300891746
functional_ridge,5_6C_36PER_4_3C_NEWSTRUCTURE,76,0.998999132137049
functional_ridge,5_6C_36PER_4_3C_NEWSTRUCTURE,77,0.99896809338682
functional_ridge,5_6C_36PER_4_3C_NEWSTRUCTURE,78,0.9989368362535254
functional_ridge,5_6C_36PER_4_3C_NEWSTRUCTURE,79,0.9989053831522029
functional_ridge,5_6C_36PER_4_3C_NEWSTRUCTURE,80,0.99887375649789
functional_ridge,5_6C_36PER_4_3C_NEWSTRUCTURE,81,0.9988419787056247
functional_ridge,5_6C_36PER_4_3C_NEWSTRUCTURE,82,0.9988100721904447
functional_ridge,5_6C_36PER_4_3C_NEWSTRUCTURE,83,0.9987780593673874
functional_ridge,5_6C_36PER_4_3C_NEWSTRUCTURE,84,0.998745962651491
functional_ridge,5_6C_36PER_4_3C_NEWSTRUCTURE,85,0.9987138044577926
functional_ridge,5_6C_36PER_4_3C_NEWSTRUCTURE,86,0.9986816072013304
functional_ridge,5_6C_36PER_4_3C_NEWSTRUCTURE,87,0.9986493932971418
functional_ridge,5_6C_36PER_4_3C_NEWSTRUCTURE,88,0.9986171851602644
functional_ridge,5_6C_36PER_4_3C_NEWSTRUCTURE,89,0.9985850052057366
functional_ridge,5_6C_36PER_4_3C_NEWSTRUCTURE,90,0.9985528758485953
functional_ridge,5_6C_36PER_4_3C_NEWSTRUCTURE,91,0.9985208195038787
functional_ridge,5_6C_36PER_4_3C_NEWSTRUCTURE,92,0.9984888585866243
functional_ridge,5_6C_36PER_4_3C_NEWSTRUCTURE,93,0.9984570155118698
functional_ridge,5_6C_36PER_4_3C_NEWSTRUCTURE,94,0.9984253126946531
functional_ridge,5_6C_36PER_4_3C_NEWSTRUCTURE,95,0.9983937725500116
functional_ridge,5_6C_36PER_4_3C_NEWSTRUCTURE,96,0.9983624174929832
functional_ridge,5_6C_36PER_4_3C_NEWSTRUCTURE,97,0.9983312699386057
functional_ridge,5_6C_36PER_4_3C_NEWSTRUCTURE,98,0.9983003523019164
functional_ridge,5_6C_36PER_4_3C_NEWSTRUCTURE,99,0.9982696869979535
functional_ridge,5_6C_36PER_4_3C_NEWSTRUCTURE,100,0.9982392964417544
functional_ridge,5_6C_36PER_4_3C_NEWSTRUCTURE,101,0.9982091970705482
functional_ridge,5_6C_36PER_4_3C_NEWSTRUCTURE,102,0.9981793814103287
functional_ridge,5_6C_36PER_4_3C_NEWSTRUCTURE,103,0.9981498360092813
functional_ridge,5_6C_36PER_4_3C_NEWSTRUCTURE,104,0.9981205474155911
functional_ridge,5_6C_36PER_4_3C_NEWSTRUCTURE,105,0.9980915021774434
functional_ridge,5_6C_36PER_4_3C_NEWSTRUCTURE,106,0.9980626868430236
functional_ridge,5_6C_36PER_4_3C_NEWSTRUCTURE,107,0.9980340879605165
functional_ridge,5_6C_36PER_4_3C_NEWSTRUCTURE,108,0.9980056920781075
functional_ridge,5_6C_36PER_4_3C_NEWSTRUCTURE,109,0.997977485743982
functional_ridge,5_6C_36PER_4_3C_NEWSTRUCTURE,110,0.997949455506325
functional_ridge,5_6C_36PER_4_3C_NEWSTRUCTURE,111,0.9979215879133219
functional_ridge,5_6C_36PER_4_3C_NEWSTRUCTURE,112,0.9978938695131577
functional_ridge,5_6C_36PER_4_3C_NEWSTRUCTURE,113,0.9978662868540178
functional_ridge,5_6C_36PER_4_3C_NEWSTRUCTURE,114,0.9978388264840874
functional_ridge,5_6C_36PER_4_3C_NEWSTRUCTURE,115,0.9978114749515518
functional_ridge,5_6C_36PER_4_3C_NEWSTRUCTURE,116,0.9977842188045958
functional_ridge,5_6C_36PER_4_3C_NEWSTRUCTURE,117,0.997757044591405
functional_ridge,5_6C_36PER_4_3C_NEWSTRUCTURE,118,0.9977299388601648
functional_ridge,5_6C_36PER_4_3C_NEWSTRUCTURE,119,0.9977028881590602
functional_ridge,5_6C_36PER_4_3C_NEWSTRUCTURE,120,0.9976758790362761
functional_ridge,5_6C_36PER_4_3C_NEWSTRUCTURE,121,0.997648898039998
functional_ridge,5_6C_36PER_4_3C_NEWSTRUCTURE,122,0.9976219317184114
functional_ridge,5_6C_36PER_4_3C_NEWSTRUCTURE,123,0.9975949666197013
functional_ridge,5_6C_36PER_4_3C_NEWSTRUCTURE,124,0.9975679892920526
functional_ridge,5_6C_36PER_4_3C_NEWSTRUCTURE,125,0.9975409862836511
functional_ridge,5_6C_36PER_4_3C_NEWSTRUCTURE,126,0.9975139441426816
functional_ridge,5_6C_36PER_4_3C_NEWSTRUCTURE,127,0.9974868494173293
functional_ridge,5_6C_36PER_4_3C_NEWSTRUCTURE,128,0.9974596886557797
functional_ridge,5_6C_36PER_4_3C_NEWSTRUCTURE,129,0.997432448406218
functional_ridge,5_6C_36PER_4_3C_NEWSTRUCTURE,130,0.9974051152168292
functional_ridge,5_6C_36PER_4_3C_NEWSTRUCTURE,131,0.9973776756357986
functional_ridge,5_6C_36PER_4_3C_NEWSTRUCTURE,132,0.9973501162113116
functional_ridge,5_6C_36PER_4_3C_NEWSTRUCTURE,133,0.9973224234915532
functional_ridge,5_6C_36PER_4_3C_NEWSTRUCTURE,134,0.9972945840247085
functional_ridge,5_6C_36PER_4_3C_NEWSTRUCTURE,135,0.9972665843589632
functional_ridge,5_6C_36PER_4_3C_NEWSTRUCTURE,136,0.9972384110425022
functional_ridge,5_6C_36PER_4_3C_NEWSTRUCTURE,137,0.9972100506235108
functional_ridge,5_6C_36PER_4_3C_NEWSTRUCTURE,138,0.9971814896501738
functional_ridge,5_6C_36PER_4_3C_NEWSTRUCTURE,139,0.9971527146706772
functional_ridge,5_6C_36PER_4_3C_NEWSTRUCTURE,140,0.997123712233206
functional_ridge,5_6C_36PER_4_3C_NEWSTRUCTURE,141,0.9970944688859448
functional_ridge,5_6C_36PER_4_3C_NEWSTRUCTURE,142,0.9970649711770795
functional_ridge,5_6C_36PER_4_3C_NEWSTRUCTURE,143,0.997035205654795
functional_ridge,5_6C_36PER_4_3C_NEWSTRUCTURE,144,0.9970051588672767
functional_ridge,5_6C_36PER_4_3C_NEWSTRUCTURE,145,0.9969748173627098
functional_ridge,5_6C_36PER_4_3C_NEWSTRUCTURE,146,0.9969441676892793
functional_ridge,5_6C_36PER_4_3C_NEWSTRUCTURE,147,0.9969131963951706
functional_ridge,5_6C_36PER_4_3C_NEWSTRUCTURE,148,0.996881890028569
functional_ridge,5_6C_36PER_4_3C_NEWSTRUCTURE,149,0.9968502351376595
functional_ridge,5_6C_36PER_4_3C_NEWSTRUCTURE,150,0.9968182182706276
functional_ridge,5_6C_36PER_4_3C_NEWSTRUCTURE,151,0.9967858281785151
functional_ridge,5_6C_36PER_4_3C_NEWSTRUCTURE,152,0.9967530624237926
functional_ridge,5_6C_36PER_4_3C_NEWSTRUCTURE,153,0.9967199207717866
functional_ridge,5_6C_36PER_4_3C_NEWSTRUCTURE,154,0.9966864029878247
functional_ridge,5_6C_36PER_4_3C_NEWSTRUCTURE,155,0.9966525088372338
functional_ridge,5_6C_36PER_4_3C_NEWSTRUCTURE,156,0.996618238085341
functional_ridge,5_6C_36PER_4_3C_NEWSTRUCTURE,157,0.996583590497473
functional_ridge,5_6C_36PER_4_3C_NEWSTRUCTURE,158,0.9965485658389575
functional_ridge,5_6C_36PER_4_3C_NEWSTRUCTURE,159,0.9965131638751211
functional_ridge,5_6C_36PER_4_3C_NEWSTRUCTURE,160,0.9964773843712911
functional_ridge,5_6C_36PER_4_3C_NEWSTRUCTURE,161,0.9964412270927946
functional_ridge,5_6C_36PER_4_3C_NEWSTRUCTURE,162,0.9964046918049584
functional_ridge,5_6C_36PER_4_3C_NEWSTRUCTURE,163,0.9963677782731097
functional_ridge,5_6C_36PER_4_3C_NEWSTRUCTURE,164,0.9963304862625759
functional_ridge,5_6C_36PER_4_3C_NEWSTRUCTURE,165,0.9962928155386835
functional_ridge,5_6C_36PER_4_3C_NEWSTRUCTURE,166,0.9962547658667601
functional_ridge,5_6C_36PER_4_3C_NEWSTRUCTURE,167,0.9962163370121323
functional_ridge,5_6C_36PER_4_3C_NEWSTRUCTURE,168,0.9961775287401277
functional_ridge,5_6C_36PER_4_3C_NEWSTRUCTURE,169,0.9961383408160729
functional_ridge,5_6C_36PER_4_3C_NEWSTRUCTURE,170,0.9960987730052954
functional_ridge,5_6C_36PER_4_3C_NEWSTRUCTURE,171,0.9960588250731218
functional_ridge,5_6C_36PER_4_3C_NEWSTRUCTURE,172,0.9960184967848797
functional_ridge,5_6C_36PER_4_3C_NEWSTRUCTURE,173,0.9959777879058958
functional_ridge,5_6C_36PER_4_3C_NEWSTRUCTURE,174,0.995936698201497
functional_ridge,5_6C_36PER_4_3C_NEWSTRUCTURE,175,0.995895227437011
functional_ridge,5_6C_36PER_4_3C_NEWSTRUCTURE,176,0.9958533753777644
functional_ridge,5_6C_36PER_4_3C_NEWSTRUCTURE,177,0.9958111417890843
functional_ridge,5_6C_36PER_4_3C_NEWSTRUCTURE,178,0.9957685264362979
functional_ridge,5_6C_36PER_4_3C_NEWSTRUCTURE,179,0.9957255290847321
functional_ridge,5_6C_36PER_4_3C_NEWSTRUCTURE,180,0.9956821494997143
functional_ridge,5_6C_36PER_4_3C_NEWSTRUCTURE,181,0.9956383874465715
functional_ridge,5_6C_36PER_4_3C_NEWSTRUCTURE,182,0.9955942426906306
functional_ridge,5_6C_36PER_4_3C_NEWSTRUCTURE,183,0.9955497149972186
functional_ridge,5_6C_36PER_4_3C_NEWSTRUCTURE,184,0.9955048041316626
functional_ridge,5_6C_36PER_4_3C_NEWSTRUCTURE,185,0.99545950985929
functional_ridge,5_6C_36PER_4_3C_NEWSTRUCTURE,186,0.9954138319454277
functional_ridge,5_6C_36PER_4_3C_NEWSTRUCTURE,187,0.9953677701554027
functional_ridge,5_6C_36PER_4_3C_NEWSTRUCTURE,188,0.9953213242545419
functional_ridge,5_6C_36PER_4_3C_NEWSTRUCTURE,189,0.9952744940081728
functional_ridge,5_6C_36PER_4_3C_NEWSTRUCTURE,190,0.9952272791816221
functional_ridge,5_6C_36PER_4_3C_NEWSTRUCTURE,191,0.9951796795402171
functional_ridge,5_6C_36PER_4_3C_NEWSTRUCTURE,192,0.9951316948492849
functional_ridge,5_6C_36PER_4_3C_NEWSTRUCTURE,193,0.9950833248741523
functional_ridge,5_6C_36PER_4_3C_NEWSTRUCTURE,194,0.9950345693801466
functional_ridge,5_6C_36PER_4_3C_NEWSTRUCTURE,195,0.9949854281325948
functional_ridge,5_6C_36PER_4_3C_NEWSTRUCTURE,196,0.9949359008968242
functional_ridge,5_6C_36PER_4_3C_NEWSTRUCTURE,197,0.9948859874381614
functional_ridge,5_6C_36PER_4_3C_NEWSTRUCTURE,198,0.994835687521934
functional_ridge,5_6C_36PER_4_3C_NEWSTRUCTURE,199,0.9947850009134687
functional_ridge,5_6C_36PER_4_3C_NEWSTRUCTURE,200,0.9947339273780925
functional_ridge,3_7C_31PER_5_9C_NEWSTRUCTURE,1,1.0003579405626652
functional_ridge,3_7C_31PER_5_9C_NEWSTRUCTURE,2,1.0002437357864153
functional_ridge,3_7C_31PER_5_9C_NEWSTRUCTURE,3,1.0001272964593988
functional_ridge,3_7C_31PER_5_9C_NEWSTRUCTURE,4,1.0000086591012922
functional_ridge,3_7C_31PER_5_9C_NEWSTRUCTURE,5,0.9998878602317725
functional_ridge,3_7C_31PER_5_9C_NEWSTRUCTURE,6,0.9997649363705163
functional_ridge,3_7C_31PER_5_9C_NEWSTRUCTURE,7,0.9996399240372008
functional_ridge,3_7C_31PER_5_9C_NEWSTRUCTURE,8,0.9995128597515027
functional_ridge,3_7C_31PER_5_9C_NEWSTRUCTURE,9,0.9993837800330987
functional_ridge,3_7C_31PER_5_9C_NEWSTRUCTURE,10,0.999252721401666
functional_ridge,3_7C_31PER_5_9C_NEWSTRUCTURE,11,0.9991197203768811
functional_ridge,3_7C_31PER_5_9C_NEWSTRUCTURE,12,0.9989848134784213
functional_ridge,3_7C_31PER_5_9C_NEWSTRUCTURE,13,0.9988480372259629
functional_ridge,3_7C_31PER_5_9C_NEWSTRUCTURE,14,0.9987094281391833
functional_ridge,3_7C_31PER_5_9C_NEWSTRUCTURE,15,0.9985690227377589
functional_ridge,3_7C_31PER_5_9C_NEWSTRUCTURE,16,0.9984268575413668
functional_ridge,3_7C_31PER_5_9C_NEWSTRUCTURE,17,0.9982829690696841
functional_ridge,3_7C_31PER_5_9C_NEWSTRUCTURE,18,0.9981373938423871
functional_ridge,3_7C_31PER_5_9C_NEWSTRUCTURE,19,0.9979901683791531
functional_ridge,3_7C_31PER_5_9C_NEWSTRUCTURE,20,0.9978413291996585
functional_ridge,3_7C_31PER_5_9C_NEWSTRUCTURE,21,0.9976909128235808
functional_ridge,3_7C_31PER_5_9C_NEWSTRUCTURE,22,0.9975389557705964
functional_ridge,3_7C_31PER_5_9C_NEWSTRUCTURE,23,0.9973854945603822
functional_ridge,3_7C_31PER_5_9C_NEWSTRUCTURE,24,0.9972305657126151
functional_ridge,3_7C_31PER_5_9C_NEWSTRUCTURE,25,0.9970742057469721
functional_ridge,3_7C_31PER_5_9C_NEWSTRUCTURE,26,0.9969164511831299
functional_ridge,3_7C_31PER_5_9C_NEWSTRUCTURE,27,0.9967573385407654
functional_ridge,3_7C_31PER_5_9C_NEWSTRUCTURE,28,0.9965969043395555
functional_ridge,3_7C_31PER_5_9C_NEWSTRUCTURE,29,0.996435185099177
functional_ridge,3_7C_31PER_5_9C_NEWSTRUCTURE,30,0.9962722173393067
functional_ridge,3_7C_31PER_5_9C_NEWSTRUCTURE,31,0.9961080375796216
functional_ridge,3_7C_31PER_5_9C_NEWSTRUCTURE,32,0.9959426823397985
functional_ridge,3_7C_31PER_5_9C_NEWSTRUCTURE,33,0.9957761881395142
functional_ridge,3_7C_31PER_5_9C_NEWSTRUCTURE,34,0.9956085914984456
functional_ridge,3_7C_31PER_5_9C_NEWSTRUCTURE,35,0.9954399289362696
functional_ridge,3_7C_31PER_5_9C_NEWSTRUCTURE,36,0.9952702369726631
functional_ridge,3_7C_31PER_5_9C_NEWSTRUCTURE,37,0.9950995521273027
functional_ridge,3_7C_31PER_5_9C_NEWSTRUCTURE,38,0.9949279109198657
functional_ridge,3_7C_31PER_5_9C_NEWSTRUCTURE,39,0.9947553498700284
functional_ridge,3_7C_31PER_5_9C_NEWSTRUCTURE,40,0.9945819054974682
functional_ridge,3_7C_31PER_5_9C_NEWSTRUCTURE,41,0.9944076143218615
functional_ridge,3_7C_31PER_5_9C_NEWSTRUCTURE,42,0.9942325128628855
functional_ridge,3_7C_31PER_5_9C_NEWSTRUCTURE,43,0.9940566376402169
functional_ridge,3_7C_31PER_5_9C_NEWSTRUCTURE,44,0.9938800251735326
functional_ridge,3_7C_31PER_5_9C_NEWSTRUCTURE,45,0.9937027119825094
functional_ridge,3_7C_31PER_5_9C_NEWSTRUCTURE,46,0.9935247345868241
functional_ridge,3_7C_31PER_5_9C_NEWSTRUCTURE,47,0.9933461295061539
functional_ridge,3_7C_31PER_5_9C_NEWSTRUCTURE,48,0.9931669332601752
functional_ridge,3_7C_31PER_5_9C_NEWSTRUCTURE,49,0.9929871823685652
functional_ridge,3_7C_31PER_5_9C_NEWSTRUCTURE,50,0.9928069133510006
functional_ridge,3_7C_31PER_5_9C_NEWSTRUCTURE,51,0.9926261586523228
functional_ridge,3_7C_31PER_5_9C_NEWSTRUCTURE,52,0.9924449344180323
functional_ridge,3_7C_31PER_5_9C_NEWSTRUCTURE,53,0.9922632527187935
functional_ridge,3_7C_31PER_5_9C_NEWSTRUCTURE,54,0.9920811256252715
functional_ridge,3_7C_31PER_5_9C_NEWSTRUCTURE,55,0.9918985652081309
functional_ridge,3_7C_31PER_5_9C_NEWSTRUCTURE,56,0.9917155835380363
functional_ridge,3_7C_31PER_5_9C_NEWSTRUCTURE,57,0.9915321926856532
functional_ridge,3_7C_31PER_5_9C_NEWSTRUCTURE,58,0.9913484047216456
functional_ridge,3_7C_31PER_5_9C_NEWSTRUCTURE,59,0.9911642317166788
functional_ridge,3_7C_31PER_5_9C_NEWSTRUCTURE,60,0.9909796857414171
functional_ridge,3_7C_31PER_5_9C_NEWSTRUCTURE,61,0.990794778866526
functional_ridge,3_7C_31PER_5_9C_NEWSTRUCTURE,62,0.9906095231626695
functional_ridge,3_7C_31PER_5_9C_NEWSTRUCTURE,63,0.990423930700513
functional_ridge,3_7C_31PER_5_9C_NEWSTRUCTURE,64,0.990238013550721
functional_ridge,3_7C_31PER_5_9C_NEWSTRUCTURE,65,0.9900517837839585
functional_ridge,3_7C_31PER_5_9C_NEWSTRUCTURE,66,0.9898652534708899
functional_ridge,3_7C_31PER_5_9C_NEWSTRUCTURE,67,0.9896784346821805
functional_ridge,3_7C_31PER_5_9C_NEWSTRUCTURE,68,0.9894913394884947
functional_ridge,3_7C_31PER_5_9C_NEWSTRUCTURE,69,0.9893039799604976
functional_ridge,3_7C_31PER_5_9C_NEWSTRUCTURE,70,0.9891163681688535
functional_ridge,3_7C_31PER_5_9C_NEWSTRUCTURE,71,0.9889285161842276
functional_ridge,3_7C_31PER_5_9C_NEWSTRUCTURE,72,0.9887404360772848
functional_ridge,3_7C_31PER_5_9C_NEWSTRUCTURE,73,0.9885521399186895
functional_ridge,3_7C_31PER_5_9C_NEWSTRUCTURE,74,0.9883636397791067
functional_ridge,3_7C_31PER_5_9C_NEWSTRUCTURE,75,0.9881749477292012
functional_ridge,3_7C_31PER_5_9C_NEWSTRUCTURE,76,0.9879860758396378
functional_ridge,3_7C_31PER_5_9C_NEWSTRUCTURE,77,0.9877970361810813
functional_ridge,3_7C_31PER_5_9C_NEWSTRUCTURE,78,0.9876078408241962
functional_ridge,3_7C_31PER_5_9C_NEWSTRUCTURE,79,0.9874185018396479
functional_ridge,3_7C_31PER_5_9C_NEWSTRUCTURE,80,0.9872290312981005
functional_ridge,3_7C_31PER_5_9C_NEWSTRUCTURE,81,0.9870394412702191
functional_ridge,3_7C_31PER_5_9C_NEWSTRUCTURE,82,0.9868497438266687
functional_ridge,3_7C_31PER_5_9C_NEWSTRUCTURE,83,0.9866599510381138
functional_ridge,3_7C_31PER_5_9C_NEWSTRUCTURE,84,0.9864700749752194
functional_ridge,3_7C_31PER_5_9C_NEWSTRUCTURE,85,0.9862801277086501
functional_ridge,3_7C_31PER_5_9C_NEWSTRUCTURE,86,0.9860901213090708
functional_ridge,3_7C_31PER_5_9C_NEWSTRUCTURE,87,0.9859000678471461
functional_ridge,3_7C_31PER_5_9C_NEWSTRUCTURE,88,0.9857099793935412
functional_ridge,3_7C_31PER_5_9C_NEWSTRUCTURE,89,0.9855198680189204
functional_ridge,3_7C_31PER_5_9C_NEWSTRUCTURE,90,0.9853297457939489
functional_ridge,3_7C_31PER_5_9C_NEWSTRUCTURE,91,0.9851396247892913
functional_ridge,3_7C_31PER_5_9C_NEWSTRUCTURE,92,0.9849495170756124
functional_ridge,3_7C_31PER_5_9C_NEWSTRUCTURE,93,0.9847594347235771
functional_ridge,3_7C_31PER_5_9C_NEWSTRUCTURE,94,0.9845693898038498
functional_ridge,3_7C_31PER_5_9C_NEWSTRUCTURE,95,0.9843793943870959
functional_ridge,3_7C_31PER_5_9C_NEWSTRUCTURE,96,0.9841894605439798
functional_ridge,3_7C_31PER_5_9C_NEWSTRUCTURE,97,0.9839996003451663
functional_ridge,3_7C_31PER_5_9C_NEWSTRUCTURE,98,0.9838098258613203
functional_ridge,3_7C_31PER_5_9C_NEWSTRUCTURE,99,0.9836201491631066
functional_ridge,3_7C_31PER_5_9C_NEWSTRUCTURE,100,0.98343058232119
functional_ridge,3_7C_31PER_5_9C_NEWSTRUCTURE,101,0.9832411336846643
functional_ridge,3_7C_31PER_5_9C_NEWSTRUCTURE,102,0.9830517967163414
functional_ridge,3_7C_31PER_5_9C_NEWSTRUCTURE,103,0.9828625611574616
functional_ridge,3_7C_31PER_5_9C_NEWSTRUCTURE,104,0.9826734167492659
functional_ridge,3_7C_31PER_5_9C_NEWSTRUCTURE,105,0.9824843532329949
functional_ridge,3_7C_31PER_5_9C_NEWSTRUCTURE,106,0.9822953603498894
functional_ridge,3_7C_31PER_5_9C_NEWSTRUCTURE,107,0.98210642784119
functional_ridge,3_7C_31PER_5_9C_NEWSTRUCTURE,108,0.9819175454481375
functional_ridge,3_7C_31PER_5_9C_NEWSTRUCTURE,109,0.9817287029119726
functional_ridge,3_7C_31PER_5_9C_NEWSTRUCTURE,110,0.981539889973936
functional_ridge,3_7C_31PER_5_9C_NEWSTRUCTURE,111,0.9813510963752685
functional_ridge,3_7C_31PER_5_9C_NEWSTRUCTURE,112,0.9811623118572108
functional_ridge,3_7C_31PER_5_9C_NEWSTRUCTURE,113,0.9809735261610036
functional_ridge,3_7C_31PER_5_9C_NEWSTRUCTURE,114,0.9807847290278877
functional_ridge,3_7C_31PER_5_9C_NEWSTRUCTURE,115,0.9805959101991035
functional_ridge,3_7C_31PER_5_9C_NEWSTRUCTURE,116,0.9804070594158922
functional_ridge,3_7C_31PER_5_9C_NEWSTRUCTURE,117,0.9802181664194942
functional_ridge,3_7C_31PER_5_9C_NEWSTRUCTURE,118,0.9800292209511503
functional_ridge,3_7C_31PER_5_9C_NEWSTRUCTURE,119,0.9798402127521012
functional_ridge,3_7C_31PER_5_9C_NEWSTRUCTURE,120,0.9796511315635876
functional_ridge,3_7C_31PER_5_9C_NEWSTRUCTURE,121,0.9794619671268504
functional_ridge,3_7C_31PER_5_9C_NEWSTRUCTURE,122,0.9792727091831303
functional_ridge,3_7C_31PER_5_9C_NEWSTRUCTURE,123,0.9790833474736678
functional_ridge,3_7C_31PER_5_9C_NEWSTRUCTURE,124,0.9788938717397037
functional_ridge,3_7C_31PER_5_9C_NEWSTRUCTURE,125,0.9787042717224786
functional_ridge,3_7C_31PER_5_9C_NEWSTRUCTURE,126,0.9785145371632337
functional_ridge,3_7C_31PER_5_9C_NEWSTRUCTURE,127,0.9783246578032092
functional_ridge,3_7C_31PER_5_9C_NEWSTRUCTURE,128,0.9781346233836461
functional_ridge,3_7C_31PER_5_9C_NEWSTRUCTURE,129,0.977944423645785
functional_ridge,3_7C_31PER_5_9C_NEWSTRUCTURE,130,0.9777540483308668
functional_ridge,3_7C_31PER_5_9C_NEWSTRUCTURE,131,0.977563487180132
functional_ridge,3_7C_31PER_5_9C_NEWSTRUCTURE,132,0.9773727299348215
functional_ridge,3_7C_31PER_5_9C_NEWSTRUCTURE,133,0.9771817663361757
functional_ridge,3_7C_31PER_5_9C_NEWSTRUCTURE,134,0.9769905861254358
functional_ridge,3_7C_31PER_5_9C_NEWSTRUCTURE,135,0.9767991790438423
functional_ridge,3_7C_31PER_5_9C_NEWSTRUCTURE,136,0.9766075348326356
functional_ridge,3_7C_31PER_5_9C_NEWSTRUCTURE,137,0.9764156432330571
functional_ridge,3_7C_31PER_5_9C_NEWSTRUCTURE,138,0.976223493986347
functional_ridge,3_7C_31PER_5_9C_NEWSTRUCTURE,139,0.9760310768337461
functional_ridge,3_7C_31PER_5_9C_NEWSTRUCTURE,140,0.9758383815164954
functional_ridge,3_7C_31PER_5_9C_NEWSTRUCTURE,141,0.9756453977758351
functional_ridge,3_7C_31PER_5_9C_NEWSTRUCTURE,142,0.9754521153530065
functional_ridge,3_7C_31PER_5_9C_NEWSTRUCTURE,143,0.97525852398925
functional_ridge,3_7C_31PER_5_9C_NEWSTRUCTURE,144,0.9750646134258063
functional_ridge,3_7C_31PER_5_9C_NEWSTRUCTURE,145,0.9748703734039164
functional_ridge,3_7C_31PER_5_9C_NEWSTRUCTURE,146,0.9746757936648206
functional_ridge,3_7C_31PER_5_9C_NEWSTRUCTURE,147,0.97448086394976
functional_ridge,3_7C_31PER_5_9C_NEWSTRUCTURE,148,0.9742855739999751
functional_ridge,3_7C_31PER_5_9C_NEWSTRUCTURE,149,0.9740899135567066
functional_ridge,3_7C_31PER_5_9C_NEWSTRUCTURE,150,0.9738938723611954
functional_ridge,3_7C_31PER_5_9C_NEWSTRUCTURE,151,0.9736974417627094
functional_ridge,3_7C_31PER_5_9C_NEWSTRUCTURE,152,0.973500619542626
functional_ridge,3_7C_31PER_5_9C_NEWSTRUCTURE,153,0.9733034050903494
functional_ridge,3_7C_31PER_5_9C_NEWSTRUCTURE,154,0.9731057977952846
functional_ridge,3_7C_31PER_5_9C_NEWSTRUCTURE,155,0.9729077970468358
functional_ridge,3_7C_31PER_5_9C_NEWSTRUCTURE,156,0.9727094022344077
functional_ridge,3_7C_31PER_5_9C_NEWSTRUCTURE,157,0.9725106127474046
functional_ridge,3_7C_31PER_5_9C_NEWSTRUCTURE,158,0.9723114279752313
functional_ridge,3_7C_31PER_5_9C_NEWSTRUCTURE,159,0.9721118473072924
functional_ridge,3_7C_31PER_5_9C_NEWSTRUCTURE,160,0.9719118701329922
functional_ridge,3_7C_31PER_5_9C_NEWSTRUCTURE,161,0.9717114958417353
functional_ridge,3_7C_31PER_5_9C_NEWSTRUCTURE,162,0.9715107238229262
functional_ridge,3_7C_31PER_5_9C_NEWSTRUCTURE,163,0.9713095534659697
functional_ridge,3_7C_31PER_5_9C_NEWSTRUCTURE,164,0.9711079841602701
functional_ridge,3_7C_31PER_5_9C_NEWSTRUCTURE,165,0.970906015295232
functional_ridge,3_7C_31PER_5_9C_NEWSTRUCTURE,166,0.97070364626026
functional_ridge,3_7C_31PER_5_9C_NEWSTRUCTURE,167,0.9705008764447586
functional_ridge,3_7C_31PER_5_9C_NEWSTRUCTURE,168,0.9702977052381322
functional_ridge,3_7C_31PER_5_9C_NEWSTRUCTURE,169,0.9700941320297856
functional_ridge,3_7C_31PER_5_9C_NEWSTRUCTURE,170,0.969890156209123
functional_ridge,3_7C_31PER_5_9C_NEWSTRUCTURE,171,0.9696857771655494
functional_ridge,3_7C_31PER_5_9C_NEWSTRUCTURE,172,0.9694809942884689
functional_ridge,3_7C_31PER_5_9C_NEWSTRUCTURE,173,0.9692758069672862
functional_ridge,3_7C_31PER_5_9C_NEWSTRUCTURE,174,0.969070214591406
functional_ridge,3_7C_31PER_5_9C_NEWSTRUCTURE,175,0.9688642165502326
functional_ridge,3_7C_31PER_5_9C_NEWSTRUCTURE,176,0.9686578122331708
functional_ridge,3_7C_31PER_5_9C_NEWSTRUCTURE,177,0.9684510010296248
functional_ridge,3_7C_31PER_5_9C_NEWSTRUCTURE,178,0.9682437823289995
functional_ridge,3_7C_31PER_5_9C_NEWSTRUCTURE,179,0.9680361555206992
functional_ridge,3_7C_31PER_5_9C_NEWSTRUCTURE,180,0.9678281199941285
functional_ridge,3_7C_31PER_5_9C_NEWSTRUCTURE,181,0.9676196751386921
functional_ridge,3_7C_31PER_5_9C_NEWSTRUCTURE,182,0.9674108203437942
functional_ridge,3_7C_31PER_5_9C_NEWSTRUCTURE,183,0.9672015549988396
functional_ridge,3_7C_31PER_5_9C_NEWSTRUCTURE,184,0.9669918784932328
functional_ridge,3_7C_31PER_5_9C_NEWSTRUCTURE,185,0.9667817902163784
functional_ridge,3_7C_31PER_5_9C_NEWSTRUCTURE,186,0.9665712895576806
functional_ridge,3_7C_31PER_5_9C_NEWSTRUCTURE,187,0.9663603759065444
functional_ridge,3_7C_31PER_5_9C_NEWSTRUCTURE,188,0.966149048652374
functional_ridge,3_7C_31PER_5_9C_NEWSTRUCTURE,189,0.9659373071845743
functional_ridge,3_7C_31PER_5_9C_NEWSTRUCTURE,190,0.9657251508925494
functional_ridge,3_7C_31PER_5_9C_NEWSTRUCTURE,191,0.9655125791657042
functional_ridge,3_7C_31PER_5_9C_NEWSTRUCTURE,192,0.965299591393443
functional_ridge,3_7C_31PER_5_9C_NEWSTRUCTURE,193,0.9650861869651705
functional_ridge,3_7C_31PER_5_9C_NEWSTRUCTURE,194,0.9648723652702911
functional_ridge,3_7C_31PER_5_9C_NEWSTRUCTURE,195,0.9646581256982095
functional_ridge,3_7C_31PER_5_9C_NEWSTRUCTURE,196,0.9644434676383302
functional_ridge,3_7C_31PER_5_9C_NEWSTRUCTURE,197,0.9642283904800576
functional_ridge,3_7C_31PER_5_9C_NEWSTRUCTURE,198,0.9640128936127965
functional_ridge,3_7C_31PER_5_9C_NEWSTRUCTURE,199,0.9637969764259511
functional_ridge,3_7C_31PER_5_9C_NEWSTRUCTURE,200,0.9635806383089262
functional_ridge,4_8C_80PER_4_8C_NEWSTRUCTURE,1,0.990526468940211
functional_ridge,4_8C_80PER_4_8C_NEWSTRUCTURE,2,0.9906294382749801
functional_ridge,4_8C_80PER_4_8C_NEWSTRUCTURE,3,0.9907287260015353
functional_ridge,4_8C_80PER_4_8C_NEWSTRUCTURE,4,0.9908243895859555
functional_ridge,4_8C_80PER_4_8C_NEWSTRUCTURE,5,0.9909164864943203
functional_ridge,4_8C_80PER_4_8C_NEWSTRUCTURE,6,0.9910050741927087
functional_ridge,4_8C_80PER_4_8C_NEWSTRUCTURE,7,0.9910902101472
functional_ridge,4_8C_80PER_4_8C_NEWSTRUCTURE,8,0.9911719518238735
functional_ridge,4_8C_80PER_4_8C_NEWSTRUCTURE,9,0.9912503566888082
functional_ridge,4_8C_80PER_4_8C_NEWSTRUCTURE,10,0.9913254822080837
functional_ridge,4_8C_80PER_4_8C_NEWSTRUCTURE,11,0.9913973858477789
functional_ridge,4_8C_80PER_4_8C_NEWSTRUCTURE,12,0.9914661250739732
functional_ridge,4_8C_80PER_4_8C_NEWSTRUCTURE,13,0.9915317573527458
functional_ridge,4_8C_80PER_4_8C_NEWSTRUCTURE,14,0.991594340150176
functional_ridge,4_8C_80PER_4_8C_NEWSTRUCTURE,15,0.9916539309323429
functional_ridge,4_8C_80PER_4_8C_NEWSTRUCTURE,16,0.9917105871653258
functional_ridge,4_8C_80PER_4_8C_NEWSTRUCTURE,17,0.9917643663152039
functional_ridge,4_8C_80PER_4_8C_NEWSTRUCTURE,18,0.9918153258480567
functional_ridge,4_8C_80PER_4_8C_NEWSTRUCTURE,19,0.9918635232299631
functional_ridge,4_8C_80PER_4_8C_NEWSTRUCTURE,20,0.9919090159270023
functional_ridge,4_8C_80PER_4_8C_NEWSTRUCTURE,21,0.9919518614052537
functional_ridge,4_8C_80PER_4_8C_NEWSTRUCTURE,22,0.9919921171307966
functional_ridge,4_8C_80PER_4_8C_NEWSTRUCTURE,23,0.9920298405697102
functional_ridge,4_8C_80PER_4_8C_NEWSTRUCTURE,24,0.9920650891880736
functional_ridge,4_8C_80PER_4_8C_NEWSTRUCTURE,25,0.9920979204519662
functional_ridge,4_8C_80PER_4_8C_NEWSTRUCTURE,26,0.992128391827467
functional_ridge,4_8C_80PER_4_8C_NEWSTRUCTURE,27,0.9921565607806555
functional_ridge,4_8C_80PER_4_8C_NEWSTRUCTURE,28,0.9921824847776106
functional_ridge,4_8C_80PER_4_8C_NEWSTRUCTURE,29,0.9922062212844119
functional_ridge,4_8C_80PER_4_8C_NEWSTRUCTURE,30,0.9922278277671387
functional_ridge,4_8C_80PER_4_8C_NEWSTRUCTURE,31,0.9922473616918698
functional_ridge,4_8C_80PER_4_8C_NEWSTRUCTURE,32,0.9922648805246845
functional_ridge,4_8C_80PER_4_8C_NEWSTRUCTURE,33,0.9922804417316625
functional_ridge,4_8C_80PER_4_8C_NEWSTRUCTURE,34,0.9922941027788825
functional_ridge,4_8C_80PER_4_8C_NEWSTRUCTURE,35,0.9923059211324241
functional_ridge,4_8C_80PER_4_8C_NEWSTRUCTURE,36,0.9923159542583663
functional_ridge,4_8C_80PER_4_8C_NEWSTRUCTURE,37,0.9923242596227885
functional_ridge,4_8C_80PER_4_8C_NEWSTRUCTURE,38,0.9923308946917697
functional_ridge,4_8C_80PER_4_8C_NEWSTRUCTURE,39,0.9923359169313895
functional_ridge,4_8C_80PER_4_8C_NEWSTRUCTURE,40,0.9923393838077268
functional_ridge,4_8C_80PER_4_8C_NEWSTRUCTURE,41,0.992341352786861
functional_ridge,4_8C_80PER_4_8C_NEWSTRUCTURE,42,0.9923418813348712
functional_ridge,4_8C_80PER_4_8C_NEWSTRUCTURE,43,0.9923410269178368
functional_ridge,4_8C_80PER_4_8C_NEWSTRUCTURE,44,0.9923388470018369
functional_ridge,4_8C_80PER_4_8C_NEWSTRUCTURE,45,0.992335399052951
functional_ridge,4_8C_80PER_4_8C_NEWSTRUCTURE,46,0.9923307405372579
functional_ridge,4_8C_80PER_4_8C_NEWSTRUCTURE,47,0.9923249289208371
functional_ridge,4_8C_80PER_4_8C_NEWSTRUCTURE,48,0.9923180216697679
functional_ridge,4_8C_80PER_4_8C_NEWSTRUCTURE,49,0.9923100762501295
functional_ridge,4_8C_80PER_4_8C_NEWSTRUCTURE,50,0.9923011501280008
functional_ridge,4_8C_80PER_4_8C_NEWSTRUCTURE,51,0.9922912954435484
functional_ridge,4_8C_80PER_4_8C_NEWSTRUCTURE,52,0.9922805430332862
functional_ridge,4_8C_80PER_4_8C_NEWSTRUCTURE,53,0.9922689184078152
functional_ridge,4_8C_80PER_4_8C_NEWSTRUCTURE,54,0.9922564470777364
functional_ridge,4_8C_80PER_4_8C_NEWSTRUCTURE,55,0.9922431545536508
functional_ridge,4_8C_80PER_4_8C_NEWSTRUCTURE,56,0.9922290663461594
functional_ridge,4_8C_80PER_4_8C_NEWSTRUCTURE,57,0.9922142079658631
functional_ridge,4_8C_80PER_4_8C_NEWSTRUCTURE,58,0.992198604923363
functional_ridge,4_8C_80PER_4_8C_NEWSTRUCTURE,59,0.99218228272926
functional_ridge,4_8C_80PER_4_8C_NEWSTRUCTURE,60,0.9921652668941552
functional_ridge,4_8C_80PER_4_8C_NEWSTRUCTURE,61,0.9921475829286497
functional_ridge,4_8C_80PER_4_8C_NEWSTRUCTURE,62,0.9921292563433443
functional_ridge,4_8C_80PER_4_8C_NEWSTRUCTURE,63,0.9921103126488399
functional_ridge,4_8C_80PER_4_8C_NEWSTRUCTURE,64,0.9920907773557378
functional_ridge,4_8C_80PER_4_8C_NEWSTRUCTURE,65,0.9920706759746387
functional_ridge,4_8C_80PER_4_8C_NEWSTRUCTURE,66,0.9920500340161439
functional_ridge,4_8C_80PER_4_8C_NEWSTRUCTURE,67,0.9920288769908542
functional_ridge,4_8C_80PER_4_8C_NEWSTRUCTURE,68,0.9920072304093706
functional_ridge,4_8C_80PER_4_8C_NEWSTRUCTURE,69,0.9919851197822942
functional_ridge,4_8C_80PER_4_8C_NEWSTRUCTURE,70,0.9919625706202259
functional_ridge,4_8C_80PER_4_8C_NEWSTRUCTURE,71,0.9919396084337666
functional_ridge,4_8C_80PER_4_8C_NEWSTRUCTURE,72,0.9919162587335176
functional_ridge,4_8C_80PER_4_8C_NEWSTRUCTURE,73,0.9918925470300796
functional_ridge,4_8C_80PER_4_8C_NEWSTRUCTURE,74,0.9918684988340538
functional_ridge,4_8C_80PER_4_8C_NEWSTRUCTURE,75,0.991844139656041
functional_ridge,4_8C_80PER_4_8C_NEWSTRUCTURE,76,0.9918194950066422
functional_ridge,4_8C_80PER_4_8C_NEWSTRUCTURE,77,0.9917945903964588
functional_ridge,4_8C_80PER_4_8C_NEWSTRUCTURE,78,0.9917694513360913
functional_ridge,4_8C_80PER_4_8C_NEWSTRUCTURE,79,0.9917441033361409
functional_ridge,4_8C_80PER_4_8C_NEWSTRUCTURE,80,0.9917185719072087
functional_ridge,4_8C_80PER_4_8C_NEWSTRUCTURE,81,0.9916928825598955
functional_ridge,4_8C_80PER_4_8C_NEWSTRUCTURE,82,0.9916670608048024
functional_ridge,4_8C_80PER_4_8C_NEWSTRUCTURE,83,0.9916411321525304
functional_ridge,4_8C_80PER_4_8C_NEWSTRUCTURE,84,0.9916151221136804
functional_ridge,4_8C_80PER_4_8C_NEWSTRUCTURE,85,0.9915890561988535
functional_ridge,4_8C_80PER_4_8C_NEWSTRUCTURE,86,0.9915629599186507
functional_ridge,4_8C_80PER_4_8C_NEWSTRUCTURE,87,0.9915368587836729
functional_ridge,4_8C_80PER_4_8C_NEWSTRUCTURE,88,0.9915107783045212
functional_ridge,4_8C_80PER_4_8C_NEWSTRUCTURE,89,0.9914847439917964
functional_ridge,4_8C_80PER_4_8C_NEWSTRUCTURE,90,0.9914587813561
functional_ridge,4_8C_80PER_4_8C_NEWSTRUCTURE,91,0.9914329159080324
functional_ridge,4_8C_80PER_4_8C_NEWSTRUCTURE,92,0.9914071731581948
functional_ridge,4_8C_80PER_4_8C_NEWSTRUCTURE,93,0.9913815786171885
functional_ridge,4_8C_80PER_4_8C_NEWSTRUCTURE,94,0.9913561577956139
functional_ridge,4_8C_80PER_4_8C_NEWSTRUCTURE,95,0.9913309362040725
functional_ridge,4_8C_80PER_4_8C_NEWSTRUCTURE,96,0.9913059393531652
functional_ridge,4_8C_80PER_4_8C_NEWSTRUCTURE,97,0.9912811927534927
functional_ridge,4_8C_80PER_4_8C_NEWSTRUCTURE,98,0.9912567219156563
functional_ridge,4_8C_80PER_4_8C_NEWSTRUCTURE,99,0.9912325523502571
functional_ridge,4_8C_80PER_4_8C_NEWSTRUCTURE,100,0.9912087095678956
functional_ridge,4_8C_80PER_4_8C_NEWSTRUCTURE,101,0.9911852124547069
functional_ridge,4_8C_80PER_4_8C_NEWSTRUCTURE,102,0.9911620533989595
functional_ridge,4_8C_80PER_4_8C_NEWSTRUCTURE,103,0.9911392181644556
functional_ridge,4_8C_80PER_4_8C_NEWSTRUCTURE,104,0.9911166925149977
functional_ridge,4_8C_80PER_4_8C_NEWSTRUCTURE,105,0.991094462214388
functional_ridge,4_8C_80PER_4_8C_NEWSTRUCTURE,106,0.9910725130264288
functional_ridge,4_8C_80PER_4_8C_NEWSTRUCTURE,107,0.9910508307149223
functional_ridge,4_8C_80PER_4_8C_NEWSTRUCTURE,108,0.9910294010436711
functional_ridge,4_8C_80PER_4_8C_NEWSTRUCTURE,109,0.9910082097764773
functional_ridge,4_8C_80PER_4_8C_NEWSTRUCTURE,110,0.9909872426771431
functional_ridge,4_8C_80PER_4_8C_NEWSTRUCTURE,111,0.9909664855094711
functional_ridge,4_8C_80PER_4_8C_NEWSTRUCTURE,112,0.9909459240372633
functional_ridge,4_8C_80PER_4_8C_NEWSTRUCTURE,113,0.9909255440243223
functional_ridge,4_8C_80PER_4_8C_NEWSTRUCTURE,114,0.9909053312344502
functional_ridge,4_8C_80PER_4_8C_NEWSTRUCTURE,115,0.9908852714314492
functional_ridge,4_8C_80PER_4_8C_NEWSTRUCTURE,116,0.9908653503791219
functional_ridge,4_8C_80PER_4_8C_NEWSTRUCTURE,117,0.9908455538412704
functional_ridge,4_8C_80PER_4_8C_NEWSTRUCTURE,118,0.990825867581697
functional_ridge,4_8C_80PER_4_8C_NEWSTRUCTURE,119,0.990806277364204
functional_ridge,4_8C_80PER_4_8C_NEWSTRUCTURE,120,0.9907867689525939
functional_ridge,4_8C_80PER_4_8C_NEWSTRUCTURE,121,0.9907673281106688
functional_ridge,4_8C_80PER_4_8C_NEWSTRUCTURE,122,0.990747940602231
functional_ridge,4_8C_80PER_4_8C_NEWSTRUCTURE,123,0.9907285921910829
functional_ridge,4_8C_80PER_4_8C_NEWSTRUCTURE,124,0.9907092686410267
functional_ridge,4_8C_80PER_4_8C_NEWSTRUCTURE,125,0.990689955715865
functional_ridge,4_8C_80PER_4_8C_NEWSTRUCTURE,126,0.9906706391793997
functional_ridge,4_8C_80PER_4_8C_NEWSTRUCTURE,127,0.9906513047954333
functional_ridge,4_8C_80PER_4_8C_NEWSTRUCTURE,128,0.9906319383277681
functional_ridge,4_8C_80PER_4_8C_NEWSTRUCTURE,129,0.9906125255402063
functional_ridge,4_8C_80PER_4_8C_NEWSTRUCTURE,130,0.9905930521965504
functional_ridge,4_8C_80PER_4_8C_NEWSTRUCTURE,131,0.9905735040606024
functional_ridge,4_8C_80PER_4_8C_NEWSTRUCTURE,132,0.990553866896165
functional_ridge,4_8C_80PER_4_8C_NEWSTRUCTURE,133,0.9905341264670401
functional_ridge,4_8C_80PER_4_8C_NEWSTRUCTURE,134,0.9905142685370303
functional_ridge,4_8C_80PER_4_8C_NEWSTRUCTURE,135,0.9904942788699379
functional_ridge,4_8C_80PER_4_8C_NEWSTRUCTURE,136,0.990474143229565
functional_ridge,4_8C_80PER_4_8C_NEWSTRUCTURE,137,0.9904538473797138
functional_ridge,4_8C_80PER_4_8C_NEWSTRUCTURE,138,0.990433377084187
functional_ridge,4_8C_80PER_4_8C_NEWSTRUCTURE,139,0.9904127181067867
functional_ridge,4_8C_80PER_4_8C_NEWSTRUCTURE,140,0.9903918562113151
functional_ridge,4_8C_80PER_4_8C_NEWSTRUCTURE,141,0.9903707771615748
functional_ridge,4_8C_80PER_4_8C_NEWSTRUCTURE,142,0.9903494667213677
functional_ridge,4_8C_80PER_4_8C_NEWSTRUCTURE,143,0.9903279106544964
functional_ridge,4_8C_80PER_4_8C_NEWSTRUCTURE,144,0.9903060947247632
functional_ridge,4_8C_80PER_4_8C_NEWSTRUCTURE,145,0.9902840046959702
functional_ridge,4_8C_80PER_4_8C_NEWSTRUCTURE,146,0.9902616263319199
functional_ridge,4_8C_80PER_4_8C_NEWSTRUCTURE,147,0.9902389453964145
functional_ridge,4_8C_80PER_4_8C_NEWSTRUCTURE,148,0.9902159476532564
functional_ridge,4_8C_80PER_4_8C_NEWSTRUCTURE,149,0.9901926188662477
functional_ridge,4_8C_80PER_4_8C_NEWSTRUCTURE,150,0.9901689447991908
functional_ridge,4_8C_80PER_4_8C_NEWSTRUCTURE,151,0.9901449127520057
functional_ridge,4_8C_80PER_4_8C_NEWSTRUCTURE,152,0.9901205161690817
functional_ridge,4_8C_80PER_4_8C_NEWSTRUCTURE,153,0.9900957500309261
functional_ridge,4_8C_80PER_4_8C_NEWSTRUCTURE,154,0.9900706093180456
functional_ridge,4_8C_80PER_4_8C_NEWSTRUCTURE,155,0.9900450890109478
functional_ridge,4_8C_80PER_4_8C_NEWSTRUCTURE,156,0.9900191840901394
functional_ridge,4_8C_80PER_4_8C_NEWSTRUCTURE,157,0.9899928895361279
functional_ridge,4_8C_80PER_4_8C_NEWSTRUCTURE,158,0.9899662003294198
functional_ridge,4_8C_80PER_4_8C_NEWSTRUCTURE,159,0.9899391114505227
functional_ridge,4_8C_80PER_4_8C_NEWSTRUCTURE,160,0.9899116178799435
functional_ridge,4_8C_80PER_4_8C_NEWSTRUCTURE,161,0.9898837145981892
functional_ridge,4_8C_80PER_4_8C_NEWSTRUCTURE,162,0.9898553965857669
functional_ridge,4_8C_80PER_4_8C_NEWSTRUCTURE,163,0.9898266588231838
functional_ridge,4_8C_80PER_4_8C_NEWSTRUCTURE,164,0.9897974962909468
functional_ridge,4_8C_80PER_4_8C_NEWSTRUCTURE,165,0.9897679039695633
functional_ridge,4_8C_80PER_4_8C_NEWSTRUCTURE,166,0.9897378768395401
functional_ridge,4_8C_80PER_4_8C_NEWSTRUCTURE,167,0.9897074098813843
functional_ridge,4_8C_80PER_4_8C_NEWSTRUCTURE,168,0.989676498075603
functional_ridge,4_8C_80PER_4_8C_NEWSTRUCTURE,169,0.9896451364027034
functional_ridge,4_8C_80PER_4_8C_NEWSTRUCTURE,170,0.9896133198431926
functional_ridge,4_8C_80PER_4_8C_NEWSTRUCTURE,171,0.9895810433775775
functional_ridge,4_8C_80PER_4_8C_NEWSTRUCTURE,172,0.9895483019863653
functional_ridge,4_8C_80PER_4_8C_NEWSTRUCTURE,173,0.9895150906500632
functional_ridge,4_8C_80PER_4_8C_NEWSTRUCTURE,174,0.9894814043491779
functional_ridge,4_8C_80PER_4_8C_NEWSTRUCTURE,175,0.9894472380642169
functional_ridge,4_8C_80PER_4_8C_NEWSTRUCTURE,176,0.9894125867756869
functional_ridge,4_8C_80PER_4_8C_NEWSTRUCTURE,177,0.9893774454640953
functional_ridge,4_8C_80PER_4_8C_NEWSTRUCTURE,178,0.9893418091099491
functional_ridge,4_8C_80PER_4_8C_NEWSTRUCTURE,179,0.9893056726937554
functional_ridge,4_8C_80PER_4_8C_NEWSTRUCTURE,180,0.9892690311960213
functional_ridge,4_8C_80PER_4_8C_NEWSTRUCTURE,181,0.9892318795972537
functional_ridge,4_8C_80PER_4_8C_NEWSTRUCTURE,182,0.9891942128779599
functional_ridge,4_8C_80PER_4_8C_NEWSTRUCTURE,183,0.9891560260186467
functional_ridge,4_8C_80PER_4_8C_NEWSTRUCTURE,184,0.9891173139998215
functional_ridge,4_8C_80PER_4_8C_NEWSTRUCTURE,185,0.9890780718019915
functional_ridge,4_8C_80PER_4_8C_NEWSTRUCTURE,186,0.9890382944056632
functional_ridge,4_8C_80PER_4_8C_NEWSTRUCTURE,187,0.9889979767913443
functional_ridge,4_8C_80PER_4_8C_NEWSTRUCTURE,188,0.9889571139395413
functional_ridge,4_8C_80PER_4_8C_NEWSTRUCTURE,189,0.9889157008307617
functional_ridge,4_8C_80PER_4_8C_NEWSTRUCTURE,190,0.9888737324455126
functional_ridge,4_8C_80PER_4_8C_NEWSTRUCTURE,191,0.9888312037643009
functional_ridge,4_8C_80PER_4_8C_NEWSTRUCTURE,192,0.9887881097676335
functional_ridge,4_8C_80PER_4_8C_NEWSTRUCTURE,193,0.988744445436018
functional_ridge,4_8C_80PER_4_8C_NEWSTRUCTURE,194,0.988700205749961
functional_ridge,4_8C_80PER_4_8C_NEWSTRUCTURE,195,0.98865538568997
functional_ridge,4_8C_80PER_4_8C_NEWSTRUCTURE,196,0.9886099802365519
functional_ridge,4_8C_80PER_4_8C_NEWSTRUCTURE,197,0.9885639843702135
functional_ridge,4_8C_80PER_4_8C_NEWSTRUCTURE,198,0.9885173930714624
functional_ridge,4_8C_80PER_4_8C_NEWSTRUCTURE,199,0.9884702013208053
functional_ridge,4_8C_80PER_4_8C_NEWSTRUCTURE,200,0.9884224040987495
